location,scenario,year,cum_med,cum_lb,cum_ub
bangladesh,No vaccination,2024,0.0000,0.0000,0.0000
bangladesh,No vaccination,2025,0.0000,0.0000,0.0000
bangladesh,No vaccination,2026,0.0000,0.0000,0.0000
bangladesh,No vaccination,2027,0.0000,0.0000,0.0000
bangladesh,No vaccination,2028,0.0000,0.0000,0.0000
bangladesh,No vaccination,2029,0.0000,0.0000,0.0000
bangladesh,No vaccination,2030,0.0000,0.0000,0.0000
bangladesh,No vaccination,2031,0.0000,0.0000,0.0000
bangladesh,No vaccination,2032,0.0000,0.0000,51.1125
bangladesh,No vaccination,2033,0.0000,0.0000,102.2250
bangladesh,No vaccination,2034,0.0000,0.0000,153.3374
bangladesh,No vaccination,2035,0.0000,0.0000,204.4499
bangladesh,No vaccination,2036,0.0000,0.0000,316.8974
bangladesh,No vaccination,2037,51.1125,0.0000,475.3460
bangladesh,No vaccination,2038,127.7812,0.0000,628.6835
bangladesh,No vaccination,2039,230.0061,0.0000,833.1334
bangladesh,No vaccination,2040,357.7873,51.1125,1139.8082
bangladesh,No vaccination,2041,613.3497,153.3374,1599.8205
bangladesh,No vaccination,2042,792.2434,250.4511,1962.7191
bangladesh,No vaccination,2043,1201.1432,398.6773,2484.0664
bangladesh,No vaccination,2044,1610.0430,654.2397,3204.7523
bangladesh,No vaccination,2045,2146.7240,1063.1395,3935.6607
bangladesh,No vaccination,2046,2887.8549,1569.1530,4855.6853
bangladesh,No vaccination,2047,3756.7670,2080.2778,5949.4923
bangladesh,No vaccination,2048,4625.6792,2729.4062,7283.5281
bangladesh,No vaccination,2049,5699.0412,3291.6435,8622.6750
bangladesh,No vaccination,2050,7079.0781,4206.5568,10564.9493
bangladesh,No vaccination,2051,8663.5650,5331.0313,12471.4449
bangladesh,No vaccination,2052,10631.3956,6838.8495,14771.5066
bangladesh,No vaccination,2053,12599.2261,8510.2276,17342.4645
bangladesh,No vaccination,2054,14950.4003,10483.1693,20720.9996
bangladesh,No vaccination,2055,17710.4744,12578.7811,23956.4198
bangladesh,No vaccination,2056,20751.6672,15170.1840,27610.9623
bangladesh,No vaccination,2057,23946.1971,17925.1468,31536.4009
bangladesh,No vaccination,2058,27754.0772,21083.8983,35901.4064
bangladesh,No vaccination,2059,31996.4133,24605.5484,40864.4278
bangladesh,No vaccination,2060,36494.3114,28224.3121,46031.8991
bangladesh,No vaccination,2061,41580.0027,32195.7519,52063.1703
bangladesh,No vaccination,2062,46640.1378,36586.3140,58150.6652
bangladesh,No vaccination,2063,52185.8410,41539.1131,64698.1720
bangladesh,No vaccination,2064,57910.4376,46645.2494,71680.1350
bangladesh,No vaccination,2065,63737.2591,51552.0470,79142.5542
bangladesh,No vaccination,2066,69742.9742,56898.4116,86507.8598
bangladesh,No vaccination,2067,76413.1509,62444.1148,93873.1655
bangladesh,No vaccination,2068,82699.9843,68495.8310,100839.7942
bangladesh,No vaccination,2069,89063.4863,74082.4241,108015.9839
bangladesh,No vaccination,2070,95478.1008,79955.2468,115534.6271
bangladesh,No vaccination,2071,101994.9404,85516.2837,122889.7105
bangladesh,No vaccination,2072,108486.2234,91486.2200,130071.0113
bangladesh,No vaccination,2073,114721.9444,96750.8049,137589.6543
bangladesh,No vaccination,2074,120906.5529,102163.6155,144760.7326
bangladesh,No vaccination,2075,127014.4928,107612.2051,151660.9151
bangladesh,No vaccination,2076,133122.4327,112815.4548,158469.0953
bangladesh,No vaccination,2077,138923.6980,118049.3722,165108.6045
bangladesh,No vaccination,2078,144648.2947,123206.6206,171502.7739
bangladesh,No vaccination,2079,149785.0984,127704.5189,177442.0430
bangladesh,No vaccination,2080,154768.5649,132325.0869,183478.4255
bangladesh,No vaccination,2081,159470.9130,136250.5256,188865.6802
bangladesh,No vaccination,2082,164071.0360,140324.1902,194288.7136
bangladesh,No vaccination,2083,168798.9400,144300.7413,199302.8473
bangladesh,No vaccination,2084,173092.3884,147817.2800,204638.9895
bangladesh,No vaccination,2085,177309.1680,151691.6063,209504.8970
bangladesh,No vaccination,2086,181117.0479,154804.3566,213982.3503
bangladesh,No vaccination,2087,184643.8093,157881.3280,218490.4709
bangladesh,No vaccination,2088,188196.1267,160999.1895,222375.0193
bangladesh,No vaccination,2089,191313.9882,163600.8149,225968.2267
bangladesh,No vaccination,2090,194329.6248,166054.2141,229551.2117
bangladesh,No vaccination,2091,197089.6989,168405.3883,232924.6355
bangladesh,No vaccination,2092,199824.2167,170603.2250,235965.8283
bangladesh,No vaccination,2093,202277.6159,172688.6143,238884.3511
bangladesh,No vaccination,2094,204552.1213,174421.3274,241603.5352
bangladesh,No vaccination,2095,206724.4018,176148.9292,244179.6043
bangladesh,No vaccination,2096,208615.5636,177477.8537,246592.1135
bangladesh,No vaccination,2097,210276.7192,178755.6656,248943.2877
bangladesh,No vaccination,2098,211886.7623,179977.2539,250844.6720
bangladesh,No vaccination,2099,213394.5805,181081.2834,252694.9438
bangladesh,No vaccination,2100,214519.0550,181991.0855,254258.9857
bangladesh,No vaccination,2101,215617.9733,182952.0001,255690.1351
bangladesh,No vaccination,2102,216640.2228,183657.3522,257085.5058
bangladesh,No vaccination,2103,217662.4724,184367.8157,258271.3153
bangladesh,No vaccination,2104,218378.0471,184981.1654,259242.4524
bangladesh,No vaccination,2105,219093.6217,185492.2901,260172.6995
bangladesh,No vaccination,2106,219579.1902,185747.8525,261000.7216
bangladesh,No vaccination,2107,219988.0901,186044.3049,261716.2963
bangladesh,No vaccination,2108,220345.8774,186345.8685,262329.6460
bangladesh,No vaccination,2109,220678.1085,186499.2059,262743.6570
bangladesh,No vaccination,2110,220882.5584,186596.3196,263101.4444
bangladesh,No vaccination,2111,220984.7834,186647.4321,263357.0068
bangladesh,No vaccination,2112,221087.0083,186698.5446,263561.4567
bangladesh,No vaccination,2113,221138.1208,186698.5446,263714.7941
bangladesh,No vaccination,2114,221138.1208,186698.5446,263817.0190
bangladesh,No vaccination,2115,221138.1208,186698.5446,263868.1315
bangladesh,No vaccination,2116,221138.1208,186698.5446,263868.1315
bangladesh,No vaccination,2117,221138.1208,186698.5446,263868.1315
bangladesh,No vaccination,2118,221138.1208,186698.5446,263868.1315
bangladesh,No vaccination,2119,221138.1208,186698.5446,263868.1315
bangladesh,No vaccination,2120,221138.1208,186698.5446,263868.1315
bangladesh,No vaccination,2121,221138.1208,186698.5446,263868.1315
bangladesh,No vaccination,2122,221138.1208,186698.5446,263868.1315
bangladesh,No vaccination,2123,221138.1208,186698.5446,263868.1315
bangladesh,No vaccination,2124,221138.1208,186698.5446,263868.1315
bangladesh,No vaccination,2125,221138.1208,186698.5446,263868.1315
bangladesh,Single dose shipments,2024,0.0000,0.0000,0.0000
bangladesh,Single dose shipments,2025,0.0000,0.0000,0.0000
bangladesh,Single dose shipments,2026,0.0000,0.0000,0.0000
bangladesh,Single dose shipments,2027,0.0000,0.0000,0.0000
bangladesh,Single dose shipments,2028,0.0000,0.0000,0.0000
bangladesh,Single dose shipments,2029,0.0000,0.0000,0.0000
bangladesh,Single dose shipments,2030,0.0000,0.0000,0.0000
bangladesh,Single dose shipments,2031,0.0000,0.0000,0.0000
bangladesh,Single dose shipments,2032,0.0000,0.0000,0.0000
bangladesh,Single dose shipments,2033,0.0000,0.0000,5.1112
bangladesh,Single dose shipments,2034,0.0000,0.0000,56.2237
bangladesh,Single dose shipments,2035,25.5562,0.0000,107.3362
bangladesh,Single dose shipments,2036,76.6687,0.0000,209.5612
bangladesh,Single dose shipments,2037,76.6687,0.0000,311.7861
bangladesh,Single dose shipments,2038,127.7812,0.0000,465.1235
bangladesh,Single dose shipments,2039,230.0061,0.0000,618.4610
bangladesh,Single dose shipments,2040,332.2311,0.0000,822.9109
bangladesh,Single dose shipments,2041,434.4560,51.1125,981.3595
bangladesh,Single dose shipments,2042,638.9060,148.2262,1288.0344
bangladesh,Single dose shipments,2043,894.4683,250.4511,1650.9330
bangladesh,Single dose shipments,2044,1175.5870,449.7898,2110.9453
bangladesh,Single dose shipments,2045,1482.2618,654.2397,2570.9576
bangladesh,Single dose shipments,2046,1942.2741,853.5784,3184.3073
bangladesh,Single dose shipments,2047,2351.1739,1155.1420,3751.6558
bangladesh,Single dose shipments,2048,2913.4112,1558.9305,4477.4530
bangladesh,Single dose shipments,2049,3526.7609,2059.8328,5453.7013
bangladesh,Single dose shipments,2050,4242.3356,2458.5101,6481.0621
bangladesh,Single dose shipments,2051,5162.3602,3071.8598,7717.9841
bangladesh,Single dose shipments,2052,6184.6097,3879.4370,8995.7961
bangladesh,Single dose shipments,2053,7360.1967,4538.7879,10488.2805
bangladesh,Single dose shipments,2054,8714.6774,5443.4788,12072.7674
bangladesh,Single dose shipments,2055,10120.2706,6557.7308,13825.9255
bangladesh,Single dose shipments,2056,11653.6450,7625.9816,15941.9822
bangladesh,Single dose shipments,2057,13187.0194,9006.0185,18252.2664
bangladesh,Single dose shipments,2058,15001.5125,10483.1692,20460.3257
bangladesh,Single dose shipments,2059,17199.3492,12067.6561,23169.2873
bangladesh,Single dose shipments,2060,19294.9610,13698.1442,26087.8100
bangladesh,Single dose shipments,2061,21850.5851,15435.9685,29072.7790
bangladesh,Single dose shipments,2062,24457.3218,17219.7941,32088.4155
bangladesh,Single dose shipments,2063,27166.2834,19233.6259,35405.6157
bangladesh,Single dose shipments,2064,29696.3513,21313.9039,38395.6960
bangladesh,Single dose shipments,2065,32507.5379,23496.4069,42132.0186
bangladesh,Single dose shipments,2066,35446.5057,25990.6960,45505.4424
bangladesh,Single dose shipments,2067,38308.8047,28362.3152,49195.7637
bangladesh,Single dose shipments,2068,41503.3350,30498.8170,52804.3051
bangladesh,Single dose shipments,2069,44442.3028,32834.6574,56453.7362
bangladesh,Single dose shipments,2070,47509.0517,35216.4991,59980.4976
bangladesh,Single dose shipments,2071,50601.3569,37664.7870,63558.3715
bangladesh,Single dose shipments,2072,53412.5435,40164.1874,66967.5741
bangladesh,Single dose shipments,2073,56121.5051,42443.8042,70622.1167
bangladesh,Single dose shipments,2074,58881.5792,44892.0921,73995.5406
bangladesh,Single dose shipments,2075,61590.5408,46824.1439,77435.4107
bangladesh,Single dose shipments,2076,64222.8337,48756.1957,80762.8335
bangladesh,Single dose shipments,2077,66804.0141,50672.9137,83998.2537
bangladesh,Single dose shipments,2078,69308.5257,52599.8543,87300.1201
bangladesh,Single dose shipments,2079,71864.1499,54388.7911,90438.4266
bangladesh,Single dose shipments,2080,74189.7678,56121.5042,93413.1732
bangladesh,Single dose shipments,2081,76438.7170,57900.2185,96479.9222
bangladesh,Single dose shipments,2082,78508.7725,59316.0342,99199.1063
bangladesh,Single dose shipments,2083,80553.2718,60793.1849,101882.5117
bangladesh,Single dose shipments,2084,82418.8774,62260.1130,104310.3546
bangladesh,Single dose shipments,2085,84488.9329,63839.4887,106830.2000
bangladesh,Single dose shipments,2086,86405.6509,65209.3031,109145.5955
bangladesh,Single dose shipments,2087,88015.6941,66180.4402,111113.4260
bangladesh,Single dose shipments,2088,89497.9560,67448.0296,112958.5866
bangladesh,Single dose shipments,2089,90980.2179,68659.3953,114916.1946
bangladesh,Single dose shipments,2090,92513.5923,69783.8699,116873.8026
bangladesh,Single dose shipments,2091,93868.0730,70647.6707,118524.7358
bangladesh,Single dose shipments,2092,95043.6600,71511.4716,120318.7838
bangladesh,Single dose shipments,2093,96091.4658,72370.1612,121755.0445
bangladesh,Single dose shipments,2094,97011.4904,73075.5134,123237.3064
bangladesh,Single dose shipments,2095,97880.4025,73785.9768,124423.1159
bangladesh,Single dose shipments,2096,98825.9833,74394.2153,125716.2616
bangladesh,Single dose shipments,2097,99669.3392,74900.2288,126799.8462
bangladesh,Single dose shipments,2098,100308.2451,75360.2411,127883.4307
bangladesh,Single dose shipments,2099,100998.2636,75758.9184,128808.5666
bangladesh,Single dose shipments,2100,101560.5008,76162.7069,129835.9274
bangladesh,Single dose shipments,2101,102122.7380,76515.3830,130602.6146
bangladesh,Single dose shipments,2102,102582.7503,76862.9479,131215.9643
bangladesh,Single dose shipments,2103,102991.6502,77164.5115,131829.3140
bangladesh,Single dose shipments,2104,103323.8813,77414.9626,132340.4388
bangladesh,Single dose shipments,2105,103553.8874,77568.3001,132749.3386
bangladesh,Single dose shipments,2106,103860.5623,77670.5250,133260.4633
bangladesh,Single dose shipments,2107,104116.1246,77721.6375,133567.1382
bangladesh,Single dose shipments,2108,104320.5745,77772.7500,133832.9231
bangladesh,Single dose shipments,2109,104422.7995,77818.7512,133991.3718
bangladesh,Single dose shipments,2110,104473.9120,77818.7512,134195.8217
bangladesh,Single dose shipments,2111,104525.0244,77818.7512,134303.1579
bangladesh,Single dose shipments,2112,104576.1369,77818.7512,134405.3828
bangladesh,Single dose shipments,2113,104576.1369,77818.7512,134461.6065
bangladesh,Single dose shipments,2114,104576.1369,77818.7512,134512.7190
bangladesh,Single dose shipments,2115,104576.1369,77818.7512,134517.8303
bangladesh,Single dose shipments,2116,104576.1369,77818.7512,134517.8303
bangladesh,Single dose shipments,2117,104576.1369,77818.7512,134517.8303
bangladesh,Single dose shipments,2118,104576.1369,77818.7512,134517.8303
bangladesh,Single dose shipments,2119,104576.1369,77818.7512,134517.8303
bangladesh,Single dose shipments,2120,104576.1369,77818.7512,134517.8303
bangladesh,Single dose shipments,2121,104576.1369,77818.7512,134517.8303
bangladesh,Single dose shipments,2122,104576.1369,77818.7512,134517.8303
bangladesh,Single dose shipments,2123,104576.1369,77818.7512,134517.8303
bangladesh,Single dose shipments,2124,104576.1369,77818.7512,134517.8303
bangladesh,Single dose shipments,2125,104576.1369,77818.7512,134517.8303
bangladesh,Single dose actual,2024,0.0000,0.0000,0.0000
bangladesh,Single dose actual,2025,0.0000,0.0000,0.0000
bangladesh,Single dose actual,2026,0.0000,0.0000,0.0000
bangladesh,Single dose actual,2027,0.0000,0.0000,0.0000
bangladesh,Single dose actual,2028,0.0000,0.0000,0.0000
bangladesh,Single dose actual,2029,0.0000,0.0000,0.0000
bangladesh,Single dose actual,2030,0.0000,0.0000,0.0000
bangladesh,Single dose actual,2031,0.0000,0.0000,0.0000
bangladesh,Single dose actual,2032,0.0000,0.0000,51.1125
bangladesh,Single dose actual,2033,0.0000,0.0000,56.2237
bangladesh,Single dose actual,2034,0.0000,0.0000,112.4474
bangladesh,Single dose actual,2035,0.0000,0.0000,163.5599
bangladesh,Single dose actual,2036,25.5562,0.0000,265.7849
bangladesh,Single dose actual,2037,25.5562,0.0000,368.0098
bangladesh,Single dose actual,2038,76.6687,0.0000,470.2348
bangladesh,Single dose actual,2039,127.7812,0.0000,577.5710
bangladesh,Single dose actual,2040,230.0061,51.1125,792.2434
bangladesh,Single dose actual,2041,332.2311,51.1125,1001.8045
bangladesh,Single dose actual,2042,485.5685,102.2250,1262.4782
bangladesh,Single dose actual,2043,638.9060,199.3387,1620.2655
bangladesh,Single dose actual,2044,843.3559,296.4524,1983.1641
bangladesh,Single dose actual,2045,1150.0307,444.6785,2458.5101
bangladesh,Single dose actual,2046,1558.9305,598.0160,3025.8586
bangladesh,Single dose actual,2047,2095.6115,904.6908,3741.4333
bangladesh,Single dose actual,2048,2657.8488,1262.4782,4411.0067
bangladesh,Single dose actual,2049,3271.1985,1671.3780,5233.9176
bangladesh,Single dose actual,2050,3986.7732,2126.2790,6261.2784
bangladesh,Single dose actual,2051,4957.9103,2836.7424,7498.2004
bangladesh,Single dose actual,2052,5852.3786,3501.2046,8781.1236
bangladesh,Single dose actual,2053,7130.1906,4457.0079,10263.3856
bangladesh,Single dose actual,2054,8408.0025,5428.1450,11858.0949
bangladesh,Single dose actual,2055,9966.9332,6598.6208,14117.2666
bangladesh,Single dose actual,2056,11832.5388,7876.4328,16417.3284
bangladesh,Single dose actual,2057,13723.7006,9200.2460,19075.1775
bangladesh,Single dose actual,2058,15998.2060,10866.5129,21743.2491
bangladesh,Single dose actual,2059,18068.2615,12399.8873,24063.7558
bangladesh,Single dose actual,2060,20598.3295,14219.4916,26987.3899
bangladesh,Single dose actual,2061,23153.9536,16100.4309,29865.0227
bangladesh,Single dose actual,2062,25735.1340,18242.0439,33039.1079
bangladesh,Single dose actual,2063,28571.8768,20567.6619,36366.5306
bangladesh,Single dose actual,2064,31408.6196,22867.7236,39520.1709
bangladesh,Single dose actual,2065,34322.0312,25218.8978,42857.8160
bangladesh,Single dose actual,2066,37593.2301,27503.6257,46609.4721
bangladesh,Single dose actual,2067,40532.1979,30003.0261,50550.2445
bangladesh,Single dose actual,2068,43598.9469,32400.2016,54240.5659
bangladesh,Single dose actual,2069,46665.6960,35104.0519,57981.9994
bangladesh,Single dose actual,2070,50141.3447,37603.4523,61820.5469
bangladesh,Single dose actual,2071,53284.7625,39883.0690,65715.3181
bangladesh,Single dose actual,2072,56351.5115,42658.4769,69231.8569
bangladesh,Single dose actual,2073,59622.7105,44902.3148,73044.8482
bangladesh,Single dose actual,2074,62689.4594,47406.8265,76571.6095
bangladesh,Single dose actual,2075,65372.8647,49533.1058,79812.1410
bangladesh,Single dose actual,2076,68337.3888,52088.7299,83706.9122
bangladesh,Single dose actual,2077,71148.5754,54117.8954,86737.8825
bangladesh,Single dose actual,2078,73780.8682,56198.1734,89809.7428
bangladesh,Single dose actual,2079,76566.4986,57981.9990,92994.0505
bangladesh,Single dose actual,2080,78994.3415,59919.1621,96326.5845
bangladesh,Single dose actual,2081,81319.9595,61708.0989,99331.9985
bangladesh,Single dose actual,2082,83466.6837,63328.3645,102245.4100
bangladesh,Single dose actual,2083,85715.6329,65204.1926,104862.3692
bangladesh,Single dose actual,2084,87913.4697,66727.3445,107484.4395
bangladesh,Single dose actual,2085,90085.7502,68301.6089,110004.2849
bangladesh,Single dose actual,2086,92028.0244,69518.0859,112626.3553
bangladesh,Single dose actual,2087,93765.8488,70836.7878,114675.9658
bangladesh,Single dose actual,2088,95452.5606,71910.1498,116822.6900
bangladesh,Single dose actual,2089,97088.1600,73269.7418,118764.9643
bangladesh,Single dose actual,2090,98544.8657,74271.5464,120620.3474
bangladesh,Single dose actual,2091,99950.4589,75396.0209,122312.1705
bangladesh,Single dose actual,2092,101228.2708,76259.8218,123799.5437
bangladesh,Single dose actual,2093,102352.7454,77026.5089,125338.0293
bangladesh,Single dose actual,2094,103502.7761,77874.9761,126733.4000
bangladesh,Single dose actual,2095,104422.8007,78529.2158,127914.0983
bangladesh,Single dose actual,2096,105317.2691,79091.4530,129345.2477
bangladesh,Single dose actual,2097,106211.7374,79602.5778,130638.3934
bangladesh,Single dose actual,2098,107080.6495,80052.3676,131660.6429
bangladesh,Single dose actual,2099,107796.2242,80609.4935,132534.6663
bangladesh,Single dose actual,2100,108307.3490,80967.2809,133311.5760
bangladesh,Single dose actual,2101,108869.5862,81325.0682,134032.2619
bangladesh,Single dose actual,2102,109406.2672,81677.7443,134758.0591
bangladesh,Single dose actual,2103,109942.9482,81979.3079,135427.6325
bangladesh,Single dose actual,2104,110351.8480,82234.8703,135948.9798
bangladesh,Single dose actual,2105,110658.5229,82383.0965,136511.2170
bangladesh,Single dose actual,2106,110965.1978,82531.3227,136920.1168
bangladesh,Single dose actual,2107,111220.7601,82628.4364,137283.0154
bangladesh,Single dose actual,2108,111374.0976,82725.5501,137543.6891
bangladesh,Single dose actual,2109,111501.8788,82776.6626,137748.1390
bangladesh,Single dose actual,2110,111578.5475,82776.6626,137952.5889
bangladesh,Single dose actual,2111,111629.6600,82776.6626,138059.9251
bangladesh,Single dose actual,2112,111680.7724,82776.6626,138213.2625
bangladesh,Single dose actual,2113,111680.7724,82776.6626,138264.3750
bangladesh,Single dose actual,2114,111680.7724,82776.6626,138315.4875
bangladesh,Single dose actual,2115,111680.7724,82776.6626,138315.4875
bangladesh,Single dose actual,2116,111680.7724,82776.6626,138315.4875
bangladesh,Single dose actual,2117,111680.7724,82776.6626,138315.4875
bangladesh,Single dose actual,2118,111680.7724,82776.6626,138315.4875
bangladesh,Single dose actual,2119,111680.7724,82776.6626,138315.4875
bangladesh,Single dose actual,2120,111680.7724,82776.6626,138315.4875
bangladesh,Single dose actual,2121,111680.7724,82776.6626,138315.4875
bangladesh,Single dose actual,2122,111680.7724,82776.6626,138315.4875
bangladesh,Single dose actual,2123,111680.7724,82776.6626,138315.4875
bangladesh,Single dose actual,2124,111680.7724,82776.6626,138315.4875
bangladesh,Single dose actual,2125,111680.7724,82776.6626,138315.4875
bangladesh,Double dose,2024,0.0000,0.0000,0.0000
bangladesh,Double dose,2025,0.0000,0.0000,0.0000
bangladesh,Double dose,2026,0.0000,0.0000,0.0000
bangladesh,Double dose,2027,0.0000,0.0000,0.0000
bangladesh,Double dose,2028,0.0000,0.0000,0.0000
bangladesh,Double dose,2029,0.0000,0.0000,0.0000
bangladesh,Double dose,2030,0.0000,0.0000,0.0000
bangladesh,Double dose,2031,0.0000,0.0000,0.0000
bangladesh,Double dose,2032,0.0000,0.0000,5.1112
bangladesh,Double dose,2033,0.0000,0.0000,10.2225
bangladesh,Double dose,2034,0.0000,0.0000,66.4462
bangladesh,Double dose,2035,25.5562,0.0000,173.7824
bangladesh,Double dose,2036,51.1125,0.0000,276.0074
bangladesh,Double dose,2037,102.2250,0.0000,383.3436
bangladesh,Double dose,2038,153.3374,0.0000,536.6810
bangladesh,Double dose,2039,281.1186,51.1125,746.2422
bangladesh,Double dose,2040,434.4560,97.1137,1058.0283
bangladesh,Double dose,2041,613.3497,148.2262,1369.8144
bangladesh,Double dose,2042,817.7996,250.4511,1880.9391
bangladesh,Double dose,2043,1073.3620,403.7886,2289.8389
bangladesh,Double dose,2044,1482.2618,654.2397,2806.0750
bangladesh,Double dose,2045,1865.6054,858.6896,3480.7597
bangladesh,Double dose,2046,2376.7302,1160.2532,4206.5569
bangladesh,Double dose,2047,2990.0799,1610.0430,5080.5802
bangladesh,Double dose,2048,3833.4358,2064.9441,6164.1648
bangladesh,Double dose,2049,4779.0166,2760.0737,7447.0880
bangladesh,Double dose,2050,5801.2661,3669.8758,8786.2350
bangladesh,Double dose,2051,7079.0781,4538.7879,10575.1718
bangladesh,Double dose,2052,8561.3400,5612.1500,12476.5561
bangladesh,Double dose,2053,10222.4957,6833.7383,14480.1654
bangladesh,Double dose,2054,12266.9949,8418.2252,16948.8983
bangladesh,Double dose,2055,14337.0504,10130.4933,19606.7474
bangladesh,Double dose,2056,16637.1121,12164.7700,22535.4927
bangladesh,Double dose,2057,19192.7363,14357.4955,26072.4766
bangladesh,Double dose,2058,22157.2603,16856.8959,29803.6877
bangladesh,Double dose,2059,25479.5717,19662.9713,33805.7952
bangladesh,Double dose,2060,28776.3269,22566.1603,38186.1347
bangladesh,Double dose,2061,32763.1006,25970.2518,42980.4850
bangladesh,Double dose,2062,36800.9868,29037.0008,47943.5063
bangladesh,Double dose,2063,40915.5417,32763.1007,53172.3123
bangladesh,Double dose,2064,45515.6645,36576.0920,58963.3551
bangladesh,Double dose,2065,50396.9059,40751.9816,64815.7325
bangladesh,Double dose,2066,54843.6917,44631.4190,70545.4403
bangladesh,Double dose,2067,59776.0456,48889.0886,76479.5979
bangladesh,Double dose,2068,64503.9499,52932.0860,81958.8548
bangladesh,Double dose,2069,69615.1975,57317.5366,87811.2325
bangladesh,Double dose,2070,74496.4391,61340.0888,93193.3760
bangladesh,Double dose,2071,79454.3491,65561.9798,98790.1916
bangladesh,Double dose,2072,84258.9220,69645.8671,104162.1125
bangladesh,Double dose,2073,89012.3821,73612.1957,109477.8095
bangladesh,Double dose,2074,93765.8425,77803.4191,114553.2784
bangladesh,Double dose,2075,98187.0720,81575.5202,119684.9709
bangladesh,Double dose,2076,102608.3017,85388.5115,124929.1108
bangladesh,Double dose,2077,106876.1938,89160.6125,129764.3512
bangladesh,Double dose,2078,110914.0800,92666.9289,134773.3738
bangladesh,Double dose,2079,115207.5283,96275.4701,139424.6092
bangladesh,Double dose,2080,119092.0768,99485.3341,143983.8423
bangladesh,Double dose,2081,122695.5067,102679.8642,148430.6279
bangladesh,Double dose,2082,126273.3806,105593.2758,152376.5116
bangladesh,Double dose,2083,129646.8046,108506.6873,156399.0639
bangladesh,Double dose,2084,132815.7786,111225.8714,159823.6004
bangladesh,Double dose,2085,135729.1902,113669.0481,163345.2505
bangladesh,Double dose,2086,138744.8265,116066.2235,166667.5619
bangladesh,Double dose,2087,141556.0131,118304.9503,169862.0921
bangladesh,Double dose,2088,144418.3122,120538.5657,173261.0721
bangladesh,Double dose,2089,146820.5989,122634.1775,176378.9336
bangladesh,Double dose,2090,149146.2168,124418.0031,179154.3415
bangladesh,Double dose,2091,151190.7161,125695.8150,182016.6405
bangladesh,Double dose,2092,153005.2092,127121.8532,184383.1485
bangladesh,Double dose,2093,154973.0397,128839.2326,186693.4327
bangladesh,Double dose,2094,156659.7516,130214.1583,188896.3807
bangladesh,Double dose,2095,158218.6822,131236.4078,190695.5400
bangladesh,Double dose,2096,159803.1691,132463.1073,192591.8130
bangladesh,Double dose,2097,161106.5373,133480.2456,194590.3111
bangladesh,Double dose,2098,162333.2368,134395.1590,196241.2442
bangladesh,Double dose,2099,163406.5988,135192.5136,197488.3887
bangladesh,Double dose,2100,164352.1796,135805.8634,198566.8620
bangladesh,Double dose,2101,165297.7605,136414.1018,199849.7852
bangladesh,Double dose,2102,166064.4476,136925.2266,200928.2585
bangladesh,Double dose,2103,166728.9098,137380.1277,202011.8431
bangladesh,Double dose,2104,167393.3720,137875.9187,202834.7540
bangladesh,Double dose,2105,167853.3843,138131.4811,203499.2161
bangladesh,Double dose,2106,168287.8404,138387.0434,204117.6771
bangladesh,Double dose,2107,168722.2964,138591.4934,204679.9144
bangladesh,Double dose,2108,169003.4150,138785.7208,205139.9267
bangladesh,Double dose,2109,169233.4212,138933.9469,205502.8252
bangladesh,Double dose,2110,169386.7586,139031.0606,205758.3876
bangladesh,Double dose,2111,169488.9836,139077.0619,205962.8375
bangladesh,Double dose,2112,169591.2085,139077.0619,206116.1750
bangladesh,Double dose,2113,169591.2085,139077.0619,206167.2874
bangladesh,Double dose,2114,169591.2085,139077.0619,206223.5112
bangladesh,Double dose,2115,169591.2085,139077.0619,206228.6224
bangladesh,Double dose,2116,169591.2085,139077.0619,206228.6224
bangladesh,Double dose,2117,169591.2085,139077.0619,206228.6224
bangladesh,Double dose,2118,169591.2085,139077.0619,206228.6224
bangladesh,Double dose,2119,169591.2085,139077.0619,206228.6224
bangladesh,Double dose,2120,169591.2085,139077.0619,206228.6224
bangladesh,Double dose,2121,169591.2085,139077.0619,206228.6224
bangladesh,Double dose,2122,169591.2085,139077.0619,206228.6224
bangladesh,Double dose,2123,169591.2085,139077.0619,206228.6224
bangladesh,Double dose,2124,169591.2085,139077.0619,206228.6224
bangladesh,Double dose,2125,169591.2085,139077.0619,206228.6224
burkina faso,No vaccination,2024,0.0000,0.0000,0.0000
burkina faso,No vaccination,2025,0.0000,0.0000,0.0000
burkina faso,No vaccination,2026,0.0000,0.0000,0.0000
burkina faso,No vaccination,2027,0.0000,0.0000,0.0000
burkina faso,No vaccination,2028,0.0000,0.0000,4.7442
burkina faso,No vaccination,2029,0.0000,0.0000,9.4884
burkina faso,No vaccination,2030,0.0000,0.0000,14.2326
burkina faso,No vaccination,2031,0.0000,0.0000,23.7210
burkina faso,No vaccination,2032,7.1163,0.0000,33.2094
burkina faso,No vaccination,2033,14.2326,4.2698,48.3909
burkina faso,No vaccination,2034,28.4652,9.0140,72.5864
burkina faso,No vaccination,2035,52.1863,9.0140,111.0144
burkina faso,No vaccination,2036,87.7678,27.5164,168.4193
burkina faso,No vaccination,2037,128.0936,46.0188,231.0428
burkina faso,No vaccination,2038,182.6519,83.4980,307.4245
burkina faso,No vaccination,2039,249.0708,124.2982,402.7831
burkina faso,No vaccination,2040,334.4665,180.7542,522.3371
burkina faso,No vaccination,2041,434.0948,260.4569,660.3935
burkina faso,No vaccination,2042,562.1884,359.6108,841.6221
burkina faso,No vaccination,2043,704.5146,463.5089,1022.3764
burkina faso,No vaccination,2044,889.5386,589.2304,1279.0380
burkina faso,No vaccination,2045,1098.2837,726.8123,1549.9322
burkina faso,No vaccination,2046,1318.8892,882.8967,1846.9195
burkina faso,No vaccination,2047,1558.4716,1071.2417,2198.4652
burkina faso,No vaccination,2048,1845.4961,1297.5403,2583.6948
burkina faso,No vaccination,2049,2134.8927,1537.5972,2989.7989
burkina faso,No vaccination,2050,2481.2198,1812.2867,3411.0845
burkina faso,No vaccination,2051,2879.7332,2103.5810,3891.1983
burkina faso,No vaccination,2052,3290.1071,2420.9684,4393.1354
burkina faso,No vaccination,2053,3762.1558,2763.0257,4924.9609
burkina faso,No vaccination,2054,4238.9486,3133.5482,5514.1914
burkina faso,No vaccination,2055,4727.6019,3539.1779,6089.1892
burkina faso,No vaccination,2056,5242.3483,3967.1054,6678.4197
burkina faso,No vaccination,2057,5785.5600,4418.2795,7260.5338
burkina faso,No vaccination,2058,6333.5159,4874.6722,7902.4249
burkina faso,No vaccination,2059,6855.3787,5358.1069,8543.8416
burkina faso,No vaccination,2060,7441.2882,5858.6208,9160.5884
burkina faso,No vaccination,2061,8048.5466,6388.5487,9835.6889
burkina faso,No vaccination,2062,8660.5492,6890.4858,10524.5476
burkina faso,No vaccination,2063,9265.4355,7414.2462,11182.5690
burkina faso,No vaccination,2064,9872.6939,7917.1321,11880.4416
burkina faso,No vaccination,2065,10449.1150,8452.7530,12555.0677
burkina faso,No vaccination,2066,11054.0013,8969.8716,13259.5823
burkina faso,No vaccination,2067,11654.1434,9434.8038,13977.8550
burkina faso,No vaccination,2068,12209.2156,9922.5083,14637.2997
burkina faso,No vaccination,2069,12792.7530,10417.3291,15312.8746
burkina faso,No vaccination,2070,13352.5694,10881.7870,15987.9751
burkina faso,No vaccination,2071,13883.9206,11340.0773,16571.9869
burkina faso,No vaccination,2072,14391.5507,11751.4001,17201.5431
burkina faso,No vaccination,2073,14913.4135,12186.9183,17785.0805
burkina faso,No vaccination,2074,15385.4621,12569.3014,18331.6131
burkina faso,No vaccination,2075,15845.6501,12966.8659,18835.9223
burkina faso,No vaccination,2076,16289.2335,13316.9884,19364.4269
burkina faso,No vaccination,2077,16720.9563,13662.8411,19849.7593
burkina faso,No vaccination,2078,17107.6092,13980.7029,20313.2683
burkina faso,No vaccination,2079,17475.2852,14297.1415,20741.1958
burkina faso,No vaccination,2080,17812.1239,14590.8079,21146.8255
burkina faso,No vaccination,2081,18134.7300,14853.1625,21506.4363
burkina faso,No vaccination,2082,18440.7313,15065.2285,21870.7914
burkina faso,No vaccination,2083,18706.4068,15307.1830,22213.3231
burkina faso,No vaccination,2084,18974.4545,15500.2722,22522.1710
burkina faso,No vaccination,2085,19221.1532,15680.0776,22807.2978
burkina faso,No vaccination,2086,19441.7588,15836.1620,23053.9965
burkina faso,No vaccination,2087,19631.5270,15972.7951,23282.6672
burkina faso,No vaccination,2088,19797.5742,16105.1584,23496.6309
burkina faso,No vaccination,2089,19944.6446,16204.7868,23669.7944
burkina faso,No vaccination,2090,20067.9940,16294.4523,23831.5718
burkina faso,No vaccination,2091,20188.9712,16375.1038,23979.5911
burkina faso,No vaccination,2092,20290.9717,16445.7924,24108.6335
burkina faso,No vaccination,2093,20381.1116,16497.9787,24213.9548
burkina faso,No vaccination,2094,20452.2747,16545.4208,24309.3134
burkina faso,No vaccination,2095,20513.9493,16592.8628,24394.7091
burkina faso,No vaccination,2096,20568.5077,16621.3280,24471.5652
burkina faso,No vaccination,2097,20615.9498,16653.5886,24548.4214
burkina faso,No vaccination,2098,20653.9034,16672.5655,24606.7751
burkina faso,No vaccination,2099,20682.3686,16677.3097,24649.4729
burkina faso,No vaccination,2100,20710.8339,16694.8632,24692.1708
burkina faso,No vaccination,2101,20727.4386,16704.3517,24712.0965
burkina faso,No vaccination,2102,20741.6712,16709.0959,24735.8175
burkina faso,No vaccination,2103,20751.1596,16713.8401,24755.2687
burkina faso,No vaccination,2104,20760.6480,16718.1098,24769.5014
burkina faso,No vaccination,2105,20763.0201,16718.1098,24778.9898
burkina faso,No vaccination,2106,20763.0201,16718.1098,24783.7340
burkina faso,No vaccination,2107,20763.0201,16718.1098,24788.4782
burkina faso,No vaccination,2108,20763.0201,16718.1098,24793.2224
burkina faso,No vaccination,2109,20763.0201,16718.1098,24793.2224
burkina faso,No vaccination,2110,20763.0201,16718.1098,24797.9666
burkina faso,No vaccination,2111,20763.0201,16718.1098,24798.4410
burkina faso,No vaccination,2112,20763.0201,16718.1098,24798.4410
burkina faso,No vaccination,2113,20763.0201,16718.1098,24798.4410
burkina faso,No vaccination,2114,20763.0201,16718.1098,24798.4410
burkina faso,No vaccination,2115,20763.0201,16718.1098,24798.4410
burkina faso,No vaccination,2116,20763.0201,16718.1098,24798.4410
burkina faso,No vaccination,2117,20763.0201,16718.1098,24798.4410
burkina faso,No vaccination,2118,20763.0201,16718.1098,24798.4410
burkina faso,No vaccination,2119,20763.0201,16718.1098,24798.4410
burkina faso,No vaccination,2120,20763.0201,16718.1098,24798.4410
burkina faso,No vaccination,2121,20763.0201,16718.1098,24798.4410
burkina faso,No vaccination,2122,20763.0201,16718.1098,24798.4410
burkina faso,No vaccination,2123,20763.0201,16718.1098,24798.4410
burkina faso,No vaccination,2124,20763.0201,16718.1098,24798.4410
burkina faso,No vaccination,2125,20763.0201,16718.1098,24798.4410
burkina faso,Single dose shipments,2024,0.0000,0.0000,0.0000
burkina faso,Single dose shipments,2025,0.0000,0.0000,0.0000
burkina faso,Single dose shipments,2026,0.0000,0.0000,0.0000
burkina faso,Single dose shipments,2027,0.0000,0.0000,0.0000
burkina faso,Single dose shipments,2028,0.0000,0.0000,0.4744
burkina faso,Single dose shipments,2029,0.0000,0.0000,5.2186
burkina faso,Single dose shipments,2030,0.0000,0.0000,9.9628
burkina faso,Single dose shipments,2031,0.0000,0.0000,14.7070
burkina faso,Single dose shipments,2032,2.3721,0.0000,19.9257
burkina faso,Single dose shipments,2033,7.1163,0.0000,34.1583
burkina faso,Single dose shipments,2034,16.6047,4.7442,57.8793
burkina faso,Single dose shipments,2035,30.8373,9.4884,82.5492
burkina faso,Single dose shipments,2036,52.1863,23.2466,111.4888
burkina faso,Single dose shipments,2037,87.7678,41.7490,155.1355
burkina faso,Single dose shipments,2038,125.7215,60.7258,212.0660
burkina faso,Single dose shipments,2039,170.7914,88.7167,292.7175
burkina faso,Single dose shipments,2040,225.3498,125.7215,368.6248
burkina faso,Single dose shipments,2041,291.7687,172.6891,460.1880
burkina faso,Single dose shipments,2042,370.0481,220.1312,584.4862
burkina faso,Single dose shipments,2043,469.6764,291.2942,722.5426
burkina faso,Single dose shipments,2044,578.7931,371.4713,851.1105
burkina faso,Single dose shipments,2045,702.1425,470.1508,1014.7856
burkina faso,Single dose shipments,2046,839.7244,569.3047,1186.5259
burkina faso,Single dose shipments,2047,974.9343,672.7284,1376.7686
burkina faso,Single dose shipments,2048,1126.7489,786.1149,1581.7183
burkina faso,Single dose shipments,2049,1318.8892,923.6969,1804.6959
burkina faso,Single dose shipments,2050,1525.2622,1089.7441,2053.2924
burkina faso,Single dose shipments,2051,1734.0073,1259.5867,2317.0702
burkina faso,Single dose shipments,2052,1980.7060,1442.7130,2618.3273
burkina faso,Single dose shipments,2053,2229.7768,1608.2858,2917.2123
burkina faso,Single dose shipments,2054,2485.9639,1843.5984,3215.6229
burkina faso,Single dose shipments,2055,2796.7095,2087.9250,3548.6662
burkina faso,Single dose shipments,2056,3071.8734,2310.4283,3885.9793
burkina faso,Single dose shipments,2057,3363.6421,2537.2013,4216.6505
burkina faso,Single dose shipments,2058,3674.3877,2754.9604,4548.7450
burkina faso,Single dose shipments,2059,3970.9006,2975.0915,4938.2444
burkina faso,Single dose shipments,2060,4269.7856,3210.4042,5319.2042
burkina faso,Single dose shipments,2061,4613.7406,3479.4007,5690.2012
burkina faso,Single dose shipments,2062,4943.4629,3749.3460,6108.1658
burkina faso,Single dose shipments,2063,5258.9527,4003.1610,6508.5769
burkina faso,Single dose shipments,2064,5572.0703,4229.9340,6893.8065
burkina faso,Single dose shipments,2065,5885.1879,4471.8885,7293.2687
burkina faso,Single dose shipments,2066,6198.3056,4731.3966,7669.9588
burkina faso,Single dose shipments,2067,6518.5395,4985.6861,8038.1092
burkina faso,Single dose shipments,2068,6803.1919,5193.9567,8403.8876
burkina faso,Single dose shipments,2069,7087.8443,5416.9344,8770.6148
burkina faso,Single dose shipments,2070,7377.2409,5648.9261,9112.6721
burkina faso,Single dose shipments,2071,7638.1722,5852.4525,9445.2410
burkina faso,Single dose shipments,2072,7908.5920,6070.6860,9758.8330
burkina faso,Single dose shipments,2073,8186.1280,6302.2033,10081.9135
burkina faso,Single dose shipments,2074,8428.0825,6496.2413,10423.9708
burkina faso,Single dose shipments,2075,8653.4323,6661.8141,10728.5489
burkina faso,Single dose shipments,2076,8876.4100,6813.6287,10999.4431
burkina faso,Single dose shipments,2077,9089.8993,6964.9688,11273.1838
burkina faso,Single dose shipments,2078,9279.6675,7135.2858,11493.7894
burkina faso,Single dose shipments,2079,9459.9474,7262.9050,11726.7299
burkina faso,Single dose shipments,2080,9635.4830,7389.1008,11963.9402
burkina faso,Single dose shipments,2081,9811.0186,7513.8734,12154.1828
burkina faso,Single dose shipments,2082,9965.2053,7631.0553,12339.2069
burkina faso,Single dose shipments,2083,10112.2757,7746.8139,12510.9471
burkina faso,Single dose shipments,2084,10240.3692,7840.7492,12673.1990
burkina faso,Single dose shipments,2085,10351.8581,7940.3776,12828.8089
burkina faso,Single dose shipments,2086,10453.8585,8021.0291,12961.6467
burkina faso,Single dose shipments,2087,10553.4868,8077.0107,13103.9729
burkina faso,Single dose shipments,2088,10653.1151,8133.4667,13227.7966
burkina faso,Single dose shipments,2089,10733.7666,8189.4484,13323.6296
burkina faso,Single dose shipments,2090,10804.9297,8245.4300,13409.4997
burkina faso,Single dose shipments,2091,10861.8602,8292.3976,13495.8443
burkina faso,Single dose shipments,2092,10914.0465,8320.3884,13562.7376
burkina faso,Single dose shipments,2093,10961.4885,8352.1746,13630.5797
burkina faso,Single dose shipments,2094,10994.6980,8375.4212,13683.2404
burkina faso,Single dose shipments,2095,11025.5353,8393.9236,13735.9011
burkina faso,Single dose shipments,2096,11049.2563,8403.4121,13774.3292
burkina faso,Single dose shipments,2097,11072.9774,8412.9005,13812.2828
burkina faso,Single dose shipments,2098,11082.4658,8417.1702,13836.0038
burkina faso,Single dose shipments,2099,11091.9542,8421.9145,13869.2133
burkina faso,Single dose shipments,2100,11101.4426,8421.9145,13883.9203
burkina faso,Single dose shipments,2101,11106.1868,8421.9145,13898.1529
burkina faso,Single dose shipments,2102,11110.9310,8421.9145,13907.6414
burkina faso,Single dose shipments,2103,11115.6752,8421.9145,13917.1298
burkina faso,Single dose shipments,2104,11115.6752,8421.9145,13926.6182
burkina faso,Single dose shipments,2105,11115.6752,8421.9145,13931.3624
burkina faso,Single dose shipments,2106,11115.6752,8421.9145,13936.1066
burkina faso,Single dose shipments,2107,11115.6752,8421.9145,13940.8508
burkina faso,Single dose shipments,2108,11115.6752,8421.9145,13945.5950
burkina faso,Single dose shipments,2109,11115.6752,8421.9145,13945.5950
burkina faso,Single dose shipments,2110,11115.6752,8421.9145,13945.5950
burkina faso,Single dose shipments,2111,11115.6752,8421.9145,13945.5950
burkina faso,Single dose shipments,2112,11115.6752,8421.9145,13945.5950
burkina faso,Single dose shipments,2113,11115.6752,8421.9145,13945.5950
burkina faso,Single dose shipments,2114,11115.6752,8421.9145,13945.5950
burkina faso,Single dose shipments,2115,11115.6752,8421.9145,13945.5950
burkina faso,Single dose shipments,2116,11115.6752,8421.9145,13945.5950
burkina faso,Single dose shipments,2117,11115.6752,8421.9145,13945.5950
burkina faso,Single dose shipments,2118,11115.6752,8421.9145,13945.5950
burkina faso,Single dose shipments,2119,11115.6752,8421.9145,13945.5950
burkina faso,Single dose shipments,2120,11115.6752,8421.9145,13945.5950
burkina faso,Single dose shipments,2121,11115.6752,8421.9145,13945.5950
burkina faso,Single dose shipments,2122,11115.6752,8421.9145,13945.5950
burkina faso,Single dose shipments,2123,11115.6752,8421.9145,13945.5950
burkina faso,Single dose shipments,2124,11115.6752,8421.9145,13945.5950
burkina faso,Single dose shipments,2125,11115.6752,8421.9145,13945.5950
burkina faso,Single dose actual,2024,0.0000,0.0000,0.0000
burkina faso,Single dose actual,2025,0.0000,0.0000,0.0000
burkina faso,Single dose actual,2026,0.0000,0.0000,0.0000
burkina faso,Single dose actual,2027,0.0000,0.0000,4.7442
burkina faso,Single dose actual,2028,0.0000,0.0000,9.4884
burkina faso,Single dose actual,2029,0.0000,0.0000,14.2326
burkina faso,Single dose actual,2030,0.0000,0.0000,23.7210
burkina faso,Single dose actual,2031,0.0000,0.0000,33.2094
burkina faso,Single dose actual,2032,4.7442,0.0000,47.9165
burkina faso,Single dose actual,2033,14.2326,4.2698,62.1491
burkina faso,Single dose actual,2034,23.7210,4.2698,81.1259
burkina faso,Single dose actual,2035,42.6979,9.0140,114.8098
burkina faso,Single dose actual,2036,68.7910,18.0280,148.9681
burkina faso,Single dose actual,2037,97.2562,36.0560,186.9217
burkina faso,Single dose actual,2038,135.2099,59.7770,253.8150
burkina faso,Single dose actual,2039,189.7682,101.5260,339.2107
burkina faso,Single dose actual,2040,249.0708,134.7354,430.2995
burkina faso,Single dose actual,2041,322.6060,186.9217,527.0813
burkina faso,Single dose actual,2042,419.8622,248.1220,646.1609
burkina faso,Single dose actual,2043,524.2348,322.1316,774.7288
burkina faso,Single dose actual,2044,645.2120,416.5413,931.7621
burkina faso,Single dose actual,2045,785.1661,520.4394,1108.2465
burkina faso,Single dose actual,2046,951.2133,638.0957,1316.9916
burkina faso,Single dose actual,2047,1122.0047,770.4590,1530.9553
burkina faso,Single dose actual,2048,1316.5171,916.1062,1783.8215
burkina faso,Single dose actual,2049,1534.7506,1081.2045,2064.6785
burkina faso,Single dose actual,2050,1786.1935,1275.7170,2402.9404
burkina faso,Single dose actual,2051,2054.2412,1465.4852,2735.0349
burkina faso,Single dose actual,2052,2357.8704,1692.7327,3105.5575
burkina faso,Single dose actual,2053,2663.8717,1928.0453,3478.4521
burkina faso,Single dose actual,2054,2979.3615,2188.9766,3887.8772
burkina faso,Single dose actual,2055,3313.8280,2458.9220,4296.3534
burkina faso,Single dose actual,2056,3672.0157,2766.8210,4737.5646
burkina faso,Single dose actual,2057,4042.0638,3049.1013,5189.2131
burkina faso,Single dose actual,2058,4421.6004,3365.0654,5646.5547
burkina faso,Single dose actual,2059,4817.7416,3679.6063,6117.1800
burkina faso,Single dose actual,2060,5218.6271,4006.0077,6623.3869
burkina faso,Single dose actual,2061,5657.4663,4352.8092,7126.7473
burkina faso,Single dose actual,2062,6048.8634,4661.1827,7640.5449
burkina faso,Single dose actual,2063,6466.3536,4985.6864,8115.4399
burkina faso,Single dose actual,2064,6848.2623,5298.3296,8617.3770
burkina faso,Single dose actual,2065,7265.7525,5614.2938,9117.4165
burkina faso,Single dose actual,2066,7664.2659,5918.8718,9597.0558
burkina faso,Single dose actual,2067,8053.2909,6222.0266,10058.1927
burkina faso,Single dose actual,2068,8430.4553,6523.2838,10488.4923
burkina faso,Single dose actual,2069,8798.1314,6829.2851,10944.4106
burkina faso,Single dose actual,2070,9158.6911,7099.7048,11376.6079
burkina faso,Single dose actual,2071,9533.4834,7396.6922,11814.4982
burkina faso,Single dose actual,2072,9872.6942,7669.9585,12231.9884
burkina faso,Single dose actual,2073,10211.9050,7937.0573,12636.6693
burkina faso,Single dose actual,2074,10513.1621,8188.0258,13035.1827
burkina faso,Single dose actual,2075,10807.3029,8444.6873,13406.1796
burkina faso,Single dose actual,2076,11087.2111,8666.2418,13758.6742
burkina faso,Single dose actual,2077,11348.1424,8879.2566,14076.5360
burkina faso,Single dose actual,2078,11611.4458,9085.1551,14401.5142
burkina faso,Single dose actual,2079,11851.0283,9283.9374,14710.8365
burkina faso,Single dose actual,2080,12088.2386,9458.0497,14983.6283
burkina faso,Single dose actual,2081,12299.3557,9618.4039,15277.7691
burkina faso,Single dose actual,2082,12500.9845,9765.4743,15549.1377
burkina faso,Single dose actual,2083,12683.6364,9925.8284,15788.2457
burkina faso,Single dose actual,2084,12856.7999,10052.9731,15987.9768
burkina faso,Single dose actual,2085,13008.6145,10162.0899,16188.6567
burkina faso,Single dose actual,2086,13153.3128,10273.5787,16384.1180
burkina faso,Single dose actual,2087,13276.6621,10377.0024,16561.0769
burkina faso,Single dose actual,2088,13388.1510,10466.1935,16718.5845
burkina faso,Single dose actual,2089,13490.1514,10541.6263,16847.1525
burkina faso,Single dose actual,2090,13577.9192,10608.0452,16957.2181
burkina faso,Single dose actual,2091,13651.4544,10664.9757,17062.0650
burkina faso,Single dose actual,2092,13710.7570,10707.6735,17158.8468
burkina faso,Single dose actual,2093,13767.6875,10749.8970,17249.9356
burkina faso,Single dose actual,2094,13808.0132,10777.4134,17307.3405
burkina faso,Single dose actual,2095,13845.9669,10800.6600,17360.0011
burkina faso,Single dose actual,2096,13874.4321,10814.8926,17412.1874
burkina faso,Single dose actual,2097,13905.2694,10828.6508,17454.8853
burkina faso,Single dose actual,2098,13928.9905,10842.8834,17492.8389
burkina faso,Single dose actual,2099,13947.9673,10852.3718,17521.3041
burkina faso,Single dose actual,2100,13959.8278,10857.1160,17540.7554
burkina faso,Single dose actual,2101,13969.3162,10857.1160,17560.2066
burkina faso,Single dose actual,2102,13978.8046,10857.1160,17574.4393
burkina faso,Single dose actual,2103,13983.5488,10857.1160,17583.9277
burkina faso,Single dose actual,2104,13985.9209,10857.1160,17593.4161
burkina faso,Single dose actual,2105,13985.9209,10857.1160,17602.9045
burkina faso,Single dose actual,2106,13985.9209,10857.1160,17607.6487
burkina faso,Single dose actual,2107,13985.9209,10857.1160,17612.3929
burkina faso,Single dose actual,2108,13985.9209,10857.1160,17617.1371
burkina faso,Single dose actual,2109,13985.9209,10857.1160,17621.8813
burkina faso,Single dose actual,2110,13985.9209,10857.1160,17621.8813
burkina faso,Single dose actual,2111,13985.9209,10857.1160,17621.8813
burkina faso,Single dose actual,2112,13985.9209,10857.1160,17621.8813
burkina faso,Single dose actual,2113,13985.9209,10857.1160,17621.8813
burkina faso,Single dose actual,2114,13985.9209,10857.1160,17621.8813
burkina faso,Single dose actual,2115,13985.9209,10857.1160,17621.8813
burkina faso,Single dose actual,2116,13985.9209,10857.1160,17621.8813
burkina faso,Single dose actual,2117,13985.9209,10857.1160,17621.8813
burkina faso,Single dose actual,2118,13985.9209,10857.1160,17621.8813
burkina faso,Single dose actual,2119,13985.9209,10857.1160,17621.8813
burkina faso,Single dose actual,2120,13985.9209,10857.1160,17621.8813
burkina faso,Single dose actual,2121,13985.9209,10857.1160,17621.8813
burkina faso,Single dose actual,2122,13985.9209,10857.1160,17621.8813
burkina faso,Single dose actual,2123,13985.9209,10857.1160,17621.8813
burkina faso,Single dose actual,2124,13985.9209,10857.1160,17621.8813
burkina faso,Single dose actual,2125,13985.9209,10857.1160,17621.8813
burkina faso,Double dose,2024,0.0000,0.0000,0.0000
burkina faso,Double dose,2025,0.0000,0.0000,0.0000
burkina faso,Double dose,2026,0.0000,0.0000,0.0000
burkina faso,Double dose,2027,0.0000,0.0000,0.4744
burkina faso,Double dose,2028,0.0000,0.0000,5.2186
burkina faso,Double dose,2029,0.0000,0.0000,9.9628
burkina faso,Double dose,2030,0.0000,0.0000,14.7070
burkina faso,Double dose,2031,0.0000,0.0000,24.1955
burkina faso,Double dose,2032,4.7442,0.0000,38.4281
burkina faso,Double dose,2033,11.8605,0.0000,53.6095
burkina faso,Double dose,2034,21.3489,4.7442,77.3306
burkina faso,Double dose,2035,35.5815,14.2326,106.7446
burkina faso,Double dose,2036,61.6747,18.9768,139.9541
burkina faso,Double dose,2037,97.2562,32.7350,192.6148
burkina faso,Double dose,2038,144.6983,51.7118,255.2383
burkina faso,Double dose,2039,204.0009,84.9213,327.8246
burkina faso,Double dose,2040,270.4197,127.6191,422.7088
burkina faso,Double dose,2041,351.0712,174.1124,541.3139
burkina faso,Double dose,2042,453.0717,245.2754,666.5609
burkina faso,Double dose,2043,585.9094,343.9549,827.8639
burkina faso,Double dose,2044,728.2356,456.3926,1014.7856
burkina faso,Double dose,2045,894.2828,574.9978,1221.1586
burkina faso,Double dose,2046,1069.8184,676.9982,1446.0340
burkina faso,Double dose,2047,1266.7030,833.5570,1731.6352
burkina faso,Double dose,2048,1482.5644,990.1158,2035.2644
burkina faso,Double dose,2049,1726.8910,1179.8840,2340.7913
burkina faso,Double dose,2050,2021.0318,1430.8525,2698.0301
burkina faso,Double dose,2051,2315.1726,1674.7047,3042.9339
burkina faso,Double dose,2052,2640.1507,1953.6641,3456.6288
burkina faso,Double dose,2053,2984.1057,2240.2141,3857.5143
burkina faso,Double dose,2054,3332.8049,2539.0991,4279.7487
burkina faso,Double dose,2055,3728.9462,2865.5006,4736.1415
burkina faso,Double dose,2056,4158.2969,3181.9391,5279.8276
burkina faso,Double dose,2057,4540.2056,3537.2802,5743.3365
burkina faso,Double dose,2058,4950.5795,3905.9051,6266.6225
burkina faso,Double dose,2059,5401.2792,4223.2925,6834.0297
burkina faso,Double dose,2060,5868.5836,4606.6245,7410.9252
burkina faso,Double dose,2061,6319.2833,4988.5331,7956.5089
burkina faso,Double dose,2062,6779.4714,5386.5721,8507.3113
burkina faso,Double dose,2063,7244.4037,5768.9552,9092.2720
burkina faso,Double dose,2064,7716.4522,6170.3151,9665.8465
burkina faso,Double dose,2065,8162.4077,6528.0283,10215.2257
burkina faso,Double dose,2066,8605.9911,6897.6020,10783.1072
burkina faso,Double dose,2067,9051.9465,7261.0082,11338.6539
burkina faso,Double dose,2068,9471.8088,7599.7446,11867.1585
burkina faso,Double dose,2069,9882.1828,7976.4346,12413.6912
burkina faso,Double dose,2070,10278.3241,8311.8501,12921.7957
burkina faso,Double dose,2071,10686.3258,8657.2283,13473.0725
burkina faso,Double dose,2072,11070.6066,8968.9227,13952.7118
burkina faso,Double dose,2073,11450.1432,9256.8960,14414.7976
burkina faso,Double dose,2074,11832.0518,9579.5021,14856.4832
burkina faso,Double dose,2075,12173.6347,9868.4242,15274.9223
burkina faso,Double dose,2076,12505.7292,10138.8440,15692.4125
burkina faso,Double dose,2077,12818.8468,10426.3429,16081.9119
burkina faso,Double dose,2078,13108.2434,10648.8461,16447.2159
burkina faso,Double dose,2079,13378.6632,10856.1679,16790.6964
burkina faso,Double dose,2080,13656.1992,11068.2339,17147.4608
burkina faso,Double dose,2081,13907.6422,11266.0673,17438.2806
burkina faso,Double dose,2082,14140.1083,11449.6681,17742.8587
burkina faso,Double dose,2083,14370.2023,11605.7525,18010.4319
burkina faso,Double dose,2084,14567.0868,11738.5902,18268.0423
burkina faso,Double dose,2085,14740.2503,11880.4420,18497.1875
burkina faso,Double dose,2086,14906.2975,12008.0611,18711.1512
burkina faso,Double dose,2087,15053.3679,12126.1919,18878.1472
burkina faso,Double dose,2088,15200.4383,12225.8202,19054.1573
burkina faso,Double dose,2089,15323.7877,12323.5508,19220.2045
burkina faso,Double dose,2090,15428.1602,12406.5744,19358.2609
burkina faso,Double dose,2091,15534.9048,12472.9933,19500.5870
burkina faso,Double dose,2092,15625.0447,12529.9238,19605.4340
burkina faso,Double dose,2093,15698.5799,12591.1240,19710.2809
burkina faso,Double dose,2094,15760.2546,12633.8219,19781.4440
burkina faso,Double dose,2095,15800.5803,12657.5429,19838.3745
burkina faso,Double dose,2096,15843.2782,12681.2640,19914.7562
burkina faso,Double dose,2097,15876.4876,12704.5106,19962.6727
burkina faso,Double dose,2098,15904.9529,12718.7432,19997.3054
burkina faso,Double dose,2099,15923.9297,12732.5014,20030.5148
burkina faso,Double dose,2100,15942.9065,12741.9898,20059.4545
burkina faso,Double dose,2101,15952.3949,12741.9898,20078.9057
burkina faso,Double dose,2102,15961.8833,12746.2596,20097.8826
burkina faso,Double dose,2103,15966.6276,12746.2596,20116.8594
burkina faso,Double dose,2104,15968.9997,12746.2596,20131.5664
burkina faso,Double dose,2105,15973.7439,12746.2596,20136.3106
burkina faso,Double dose,2106,15973.7439,12746.2596,20141.0548
burkina faso,Double dose,2107,15973.7439,12746.2596,20145.7990
burkina faso,Double dose,2108,15973.7439,12746.2596,20150.5433
burkina faso,Double dose,2109,15973.7439,12746.2596,20150.5433
burkina faso,Double dose,2110,15973.7439,12746.2596,20151.0177
burkina faso,Double dose,2111,15973.7439,12746.2596,20151.0177
burkina faso,Double dose,2112,15973.7439,12746.2596,20151.0177
burkina faso,Double dose,2113,15973.7439,12746.2596,20151.0177
burkina faso,Double dose,2114,15973.7439,12746.2596,20151.0177
burkina faso,Double dose,2115,15973.7439,12746.2596,20151.0177
burkina faso,Double dose,2116,15973.7439,12746.2596,20151.0177
burkina faso,Double dose,2117,15973.7439,12746.2596,20151.0177
burkina faso,Double dose,2118,15973.7439,12746.2596,20151.0177
burkina faso,Double dose,2119,15973.7439,12746.2596,20151.0177
burkina faso,Double dose,2120,15973.7439,12746.2596,20151.0177
burkina faso,Double dose,2121,15973.7439,12746.2596,20151.0177
burkina faso,Double dose,2122,15973.7439,12746.2596,20151.0177
burkina faso,Double dose,2123,15973.7439,12746.2596,20151.0177
burkina faso,Double dose,2124,15973.7439,12746.2596,20151.0177
burkina faso,Double dose,2125,15973.7439,12746.2596,20151.0177
cambodia,No vaccination,2024,0.0000,0.0000,0.0000
cambodia,No vaccination,2025,0.0000,0.0000,0.0000
cambodia,No vaccination,2026,0.0000,0.0000,0.0000
cambodia,No vaccination,2027,0.0000,0.0000,0.0000
cambodia,No vaccination,2028,0.0000,0.0000,0.0000
cambodia,No vaccination,2029,0.0000,0.0000,0.0000
cambodia,No vaccination,2030,0.0000,0.0000,0.0000
cambodia,No vaccination,2031,0.0000,0.0000,0.0000
cambodia,No vaccination,2032,0.0000,0.0000,5.3905
cambodia,No vaccination,2033,0.0000,0.0000,10.7810
cambodia,No vaccination,2034,0.0000,0.0000,21.5621
cambodia,No vaccination,2035,5.3905,0.0000,32.8822
cambodia,No vaccination,2036,10.7810,0.0000,49.5928
cambodia,No vaccination,2037,21.5621,5.3905,65.7643
cambodia,No vaccination,2038,37.7336,10.7810,93.2560
cambodia,No vaccination,2039,59.2957,21.0230,141.7706
cambodia,No vaccination,2040,91.6388,37.1946,190.8243
cambodia,No vaccination,2041,134.7630,57.6785,250.6591
cambodia,No vaccination,2042,172.4966,79.2406,305.1033
cambodia,No vaccination,2043,226.4018,100.8027,391.8907
cambodia,No vaccination,2044,296.4785,142.8487,484.0685
cambodia,No vaccination,2045,371.9458,196.7539,587.5665
cambodia,No vaccination,2046,468.9751,250.1200,751.9773
cambodia,No vaccination,2047,584.8712,319.6577,892.1308
cambodia,No vaccination,2048,700.7674,399.9764,1043.6043
cambodia,No vaccination,2049,832.8351,507.7868,1217.1790
cambodia,No vaccination,2050,975.6838,609.1286,1389.6756
cambodia,No vaccination,2051,1126.6183,722.3294,1595.0543
cambodia,No vaccination,2052,1299.1149,840.9208,1838.1667
cambodia,No vaccination,2053,1482.3925,958.9732,2076.4276
cambodia,No vaccination,2054,1687.2322,1108.8296,2360.5079
cambodia,No vaccination,2055,1900.1577,1265.1546,2613.8623
cambodia,No vaccination,2056,2118.4736,1410.1596,2889.8568
cambodia,No vaccination,2057,2355.6564,1606.9135,3213.8269
cambodia,No vaccination,2058,2614.4013,1778.8710,3502.2197
cambodia,No vaccination,2059,2865.0604,1954.6019,3802.4715
cambodia,No vaccination,2060,3115.7195,2142.7310,4104.3405
cambodia,No vaccination,2061,3371.7691,2328.7039,4440.1698
cambodia,No vaccination,2062,3646.6856,2555.1056,4777.0772
cambodia,No vaccination,2063,3900.0399,2754.0157,5112.3674
cambodia,No vaccination,2064,4161.4800,2936.2153,5431.4861
cambodia,No vaccination,2065,4441.7870,3123.8053,5752.2220
cambodia,No vaccination,2066,4700.5319,3311.3953,6071.3406
cambodia,No vaccination,2067,4953.8862,3515.6960,6384.5297
cambodia,No vaccination,2068,5215.3263,3736.7072,6692.3283
cambodia,No vaccination,2069,5468.6807,3892.4932,7011.4470
cambodia,No vaccination,2070,5705.8635,4073.0755,7319.2456
cambodia,No vaccination,2071,5956.5226,4277.9152,7622.1927
cambodia,No vaccination,2072,6212.5722,4433.7012,7940.7723
cambodia,No vaccination,2073,6465.9266,4620.2131,8238.8680
cambodia,No vaccination,2074,6689.6331,4792.1707,8554.2133
cambodia,No vaccination,2075,6918.7301,4952.2691,8807.5677
cambodia,No vaccination,2076,7145.1319,5106.9769,9061.4611
cambodia,No vaccination,2077,7352.6668,5262.2239,9309.4249
cambodia,No vaccination,2078,7541.3349,5412.6193,9530.4362
cambodia,No vaccination,2079,7738.0889,5531.2107,9789.1810
cambodia,No vaccination,2080,7907.8902,5664.8956,9999.4112
cambodia,No vaccination,2081,8058.8247,5788.3384,10195.0870
cambodia,No vaccination,2082,8220.5402,5900.4612,10401.5439
cambodia,No vaccination,2083,8371.4747,6001.2639,10591.2901
cambodia,No vaccination,2084,8514.3235,6106.9181,10759.4743
cambodia,No vaccination,2085,8662.5627,6214.1894,10928.1975
cambodia,No vaccination,2086,8783.8494,6283.7271,11085.6007
cambodia,No vaccination,2087,8891.6598,6358.6553,11242.4647
cambodia,No vaccination,2088,9010.2512,6427.6539,11410.1098
cambodia,No vaccination,2089,9112.6710,6485.8715,11529.7794
cambodia,No vaccination,2090,9198.9193,6550.0187,11660.7689
cambodia,No vaccination,2091,9279.7771,6613.0877,11769.1184
cambodia,No vaccination,2092,9349.8538,6661.0633,11871.5382
cambodia,No vaccination,2093,9411.8448,6709.0389,11963.7161
cambodia,No vaccination,2094,9471.1405,6751.6240,12045.1129
cambodia,No vaccination,2095,9530.4362,6783.4281,12121.6583
cambodia,No vaccination,2096,9584.3413,6820.6227,12187.9616
cambodia,No vaccination,2097,9632.8560,6851.8877,12248.3354
cambodia,No vaccination,2098,9675.9801,6878.3012,12302.7797
cambodia,No vaccination,2099,9713.7138,6894.4728,12351.2943
cambodia,No vaccination,2100,9740.6664,6910.6443,12384.7155
cambodia,No vaccination,2101,9767.6190,6926.8159,12428.3787
cambodia,No vaccination,2102,9789.1810,6937.0579,12461.7999
cambodia,No vaccination,2103,9805.3526,6941.9093,12494.1431
cambodia,No vaccination,2104,9818.8289,6947.2998,12526.4862
cambodia,No vaccination,2105,9826.9147,6947.2998,12548.0482
cambodia,No vaccination,2106,9837.6957,6952.6904,12569.6103
cambodia,No vaccination,2107,9843.0862,6952.6904,12580.9304
cambodia,No vaccination,2108,9845.7815,6952.6904,12586.8600
cambodia,No vaccination,2109,9845.7815,6952.6904,12597.6410
cambodia,No vaccination,2110,9845.7815,6952.6904,12603.5706
cambodia,No vaccination,2111,9845.7815,6952.6904,12608.9611
cambodia,No vaccination,2112,9845.7815,6952.6904,12614.3516
cambodia,No vaccination,2113,9845.7815,6952.6904,12614.8907
cambodia,No vaccination,2114,9845.7815,6952.6904,12614.8907
cambodia,No vaccination,2115,9845.7815,6952.6904,12614.8907
cambodia,No vaccination,2116,9845.7815,6952.6904,12614.8907
cambodia,No vaccination,2117,9845.7815,6952.6904,12614.8907
cambodia,No vaccination,2118,9845.7815,6952.6904,12614.8907
cambodia,No vaccination,2119,9845.7815,6952.6904,12614.8907
cambodia,No vaccination,2120,9845.7815,6952.6904,12614.8907
cambodia,No vaccination,2121,9845.7815,6952.6904,12614.8907
cambodia,No vaccination,2122,9845.7815,6952.6904,12614.8907
cambodia,No vaccination,2123,9845.7815,6952.6904,12614.8907
cambodia,No vaccination,2124,9845.7815,6952.6904,12614.8907
cambodia,No vaccination,2125,9845.7815,6952.6904,12614.8907
cambodia,Single dose shipments,2024,0.0000,0.0000,0.0000
cambodia,Single dose shipments,2025,0.0000,0.0000,0.0000
cambodia,Single dose shipments,2026,0.0000,0.0000,0.0000
cambodia,Single dose shipments,2027,0.0000,0.0000,0.0000
cambodia,Single dose shipments,2028,0.0000,0.0000,0.0000
cambodia,Single dose shipments,2029,0.0000,0.0000,0.0000
cambodia,Single dose shipments,2030,0.0000,0.0000,0.0000
cambodia,Single dose shipments,2031,0.0000,0.0000,0.5391
cambodia,Single dose shipments,2032,0.0000,0.0000,5.9296
cambodia,Single dose shipments,2033,0.0000,0.0000,11.3201
cambodia,Single dose shipments,2034,2.6953,0.0000,22.1011
cambodia,Single dose shipments,2035,8.0858,0.0000,33.4212
cambodia,Single dose shipments,2036,18.8668,0.0000,60.3738
cambodia,Single dose shipments,2037,29.6479,4.8515,87.3264
cambodia,Single dose shipments,2038,43.1241,10.2420,114.8180
cambodia,Single dose shipments,2039,59.2957,15.0935,147.7002
cambodia,Single dose shipments,2040,78.1625,25.3354,185.9729
cambodia,Single dose shipments,2041,105.1151,40.9679,223.7065
cambodia,Single dose shipments,2042,140.1535,51.7490,278.1507
cambodia,Single dose shipments,2043,177.8871,78.7016,327.7435
cambodia,Single dose shipments,2044,231.7923,105.1151,403.7498
cambodia,Single dose shipments,2045,280.3069,131.5286,474.9047
cambodia,Single dose shipments,2046,344.9932,178.9652,561.1529
cambodia,Single dose shipments,2047,420.4604,237.7219,658.7213
cambodia,Single dose shipments,2048,509.4040,296.4785,783.2423
cambodia,Single dose shipments,2049,590.2617,359.5476,902.3727
cambodia,Single dose shipments,2050,679.2053,432.8586,1044.6824
cambodia,Single dose shipments,2051,787.0157,524.4974,1195.6169
cambodia,Single dose shipments,2052,902.9118,598.8866,1353.5591
cambodia,Single dose shipments,2053,1024.1985,693.2206,1504.4936
cambodia,Single dose shipments,2054,1148.1804,782.7032,1680.2245
cambodia,Single dose shipments,2055,1280.2481,863.0220,1859.1897
cambodia,Single dose shipments,2056,1420.4015,976.2228,2043.0064
cambodia,Single dose shipments,2057,1568.6408,1082.4161,2226.2840
cambodia,Single dose shipments,2058,1703.4037,1194.5388,2431.6628
cambodia,Single dose shipments,2059,1859.7288,1304.5054,2621.4090
cambodia,Single dose shipments,2060,2016.0538,1427.9483,2816.5458
cambodia,Single dose shipments,2061,2177.7693,1533.6024,3011.6825
cambodia,Single dose shipments,2062,2328.7039,1628.4755,3227.8423
cambodia,Single dose shipments,2063,2493.1147,1730.3563,3434.2991
cambodia,Single dose shipments,2064,2646.7444,1859.7288,3650.4589
cambodia,Single dose shipments,2065,2808.4600,1988.0231,3831.5803
cambodia,Single dose shipments,2066,2970.1755,2107.6926,4032.1076
cambodia,Single dose shipments,2067,3118.4148,2209.5734,4227.2444
cambodia,Single dose shipments,2068,3255.8730,2309.8370,4423.9983
cambodia,Single dose shipments,2069,3390.6359,2411.1788,4603.5025
cambodia,Single dose shipments,2070,3528.0942,2502.8176,4783.5458
cambodia,Single dose shipments,2071,3662.8571,2598.7688,4951.1910
cambodia,Single dose shipments,2072,3800.3153,2689.3295,5129.6171
cambodia,Single dose shipments,2073,3924.2972,2791.2103,5286.4812
cambodia,Single dose shipments,2074,4048.2792,2886.6225,5449.2748
cambodia,Single dose shipments,2075,4156.0895,2972.3317,5590.5064
cambodia,Single dose shipments,2076,4271.9857,3053.1895,5736.5895
cambodia,Single dose shipments,2077,4377.1008,3133.5082,5865.9619
cambodia,Single dose shipments,2078,4471.4348,3198.1944,5992.1000
cambodia,Single dose shipments,2079,4563.0736,3272.5836,6117.1600
cambodia,Single dose shipments,2080,4657.4077,3331.3402,6235.7514
cambodia,Single dose shipments,2081,4746.3513,3390.6359,6376.9830
cambodia,Single dose shipments,2082,4840.6853,3444.5411,6495.5744
cambodia,Single dose shipments,2083,4926.9336,3508.6883,6598.5333
cambodia,Single dose shipments,2084,4997.0104,3541.0314,6706.3437
cambodia,Single dose shipments,2085,5069.7824,3583.0774,6804.9902
cambodia,Single dose shipments,2086,5139.8591,3625.6625,6902.0195
cambodia,Single dose shipments,2087,5199.1548,3662.8571,6979.1039
cambodia,Single dose shipments,2088,5250.3647,3689.2706,7056.1883
cambodia,Single dose shipments,2089,5296.1841,3726.4652,7131.6556
cambodia,Single dose shipments,2090,5344.6988,3763.6598,7196.8808
cambodia,Single dose shipments,2091,5393.2134,3796.0029,7262.1061
cambodia,Single dose shipments,2092,5430.9471,3816.4869,7321.9409
cambodia,Single dose shipments,2093,5468.6807,3832.6584,7376.3851
cambodia,Single dose shipments,2094,5498.3286,3848.2909,7435.6808
cambodia,Single dose shipments,2095,5536.0622,3864.4625,7489.5860
cambodia,Single dose shipments,2096,5565.7100,3875.2435,7527.8587
cambodia,Single dose shipments,2097,5587.2721,3886.0246,7570.9828
cambodia,Single dose shipments,2098,5606.1389,3896.2665,7597.9354
cambodia,Single dose shipments,2099,5627.7010,3901.6571,7625.4270
cambodia,Single dose shipments,2100,5643.8725,3906.5085,7652.9187
cambodia,Single dose shipments,2101,5654.6536,3911.3600,7680.4103
cambodia,Single dose shipments,2102,5662.7394,3911.3600,7701.9724
cambodia,Single dose shipments,2103,5670.8251,3911.3600,7714.3706
cambodia,Single dose shipments,2104,5676.2157,3911.3600,7726.2297
cambodia,Single dose shipments,2105,5681.6062,3911.3600,7737.5498
cambodia,Single dose shipments,2106,5681.6062,3911.3600,7743.4794
cambodia,Single dose shipments,2107,5681.6062,3911.3600,7754.2604
cambodia,Single dose shipments,2108,5681.6062,3911.3600,7759.6509
cambodia,Single dose shipments,2109,5681.6062,3911.3600,7765.0415
cambodia,Single dose shipments,2110,5681.6062,3911.3600,7770.4320
cambodia,Single dose shipments,2111,5681.6062,3911.3600,7775.8225
cambodia,Single dose shipments,2112,5681.6062,3911.3600,7776.3615
cambodia,Single dose shipments,2113,5681.6062,3911.3600,7776.9006
cambodia,Single dose shipments,2114,5681.6062,3911.3600,7776.9006
cambodia,Single dose shipments,2115,5681.6062,3911.3600,7776.9006
cambodia,Single dose shipments,2116,5681.6062,3911.3600,7776.9006
cambodia,Single dose shipments,2117,5681.6062,3911.3600,7776.9006
cambodia,Single dose shipments,2118,5681.6062,3911.3600,7776.9006
cambodia,Single dose shipments,2119,5681.6062,3911.3600,7776.9006
cambodia,Single dose shipments,2120,5681.6062,3911.3600,7776.9006
cambodia,Single dose shipments,2121,5681.6062,3911.3600,7776.9006
cambodia,Single dose shipments,2122,5681.6062,3911.3600,7776.9006
cambodia,Single dose shipments,2123,5681.6062,3911.3600,7776.9006
cambodia,Single dose shipments,2124,5681.6062,3911.3600,7776.9006
cambodia,Single dose shipments,2125,5681.6062,3911.3600,7776.9006
cambodia,Single dose actual,2024,0.0000,0.0000,0.0000
cambodia,Single dose actual,2025,0.0000,0.0000,0.0000
cambodia,Single dose actual,2026,0.0000,0.0000,0.0000
cambodia,Single dose actual,2027,0.0000,0.0000,0.0000
cambodia,Single dose actual,2028,0.0000,0.0000,0.0000
cambodia,Single dose actual,2029,0.0000,0.0000,0.0000
cambodia,Single dose actual,2030,0.0000,0.0000,0.5391
cambodia,Single dose actual,2031,0.0000,0.0000,5.9296
cambodia,Single dose actual,2032,0.0000,0.0000,11.8591
cambodia,Single dose actual,2033,0.0000,0.0000,17.2497
cambodia,Single dose actual,2034,2.6953,0.0000,28.0307
cambodia,Single dose actual,2035,8.0858,0.0000,39.3508
cambodia,Single dose actual,2036,13.4763,0.0000,56.0614
cambodia,Single dose actual,2037,26.9526,5.3905,83.0140
cambodia,Single dose actual,2038,43.1241,10.7810,110.5056
cambodia,Single dose actual,2039,64.6862,21.5621,148.2393
cambodia,Single dose actual,2040,97.0293,31.8041,202.6835
cambodia,Single dose actual,2041,129.3724,42.5851,268.4478
cambodia,Single dose actual,2042,172.4966,63.6081,333.1340
cambodia,Single dose actual,2043,210.2302,90.0217,415.0699
cambodia,Single dose actual,2044,264.1354,116.9742,490.5372
cambodia,Single dose actual,2045,350.3837,164.9499,592.9570
cambodia,Single dose actual,2046,423.1557,218.8550,689.9863
cambodia,Single dose actual,2047,512.0992,266.2916,815.0464
cambodia,Single dose actual,2048,609.1286,313.7282,939.0283
cambodia,Single dose actual,2049,706.1579,378.4144,1091.0409
cambodia,Single dose actual,2050,824.7493,463.0455,1231.7334
cambodia,Single dose actual,2051,962.2075,554.6843,1401.5347
cambodia,Single dose actual,2052,1094.2752,650.0965,1548.6959
cambodia,Single dose actual,2053,1226.3429,746.0477,1721.7315
cambodia,Single dose actual,2054,1377.2774,869.4906,1922.2588
cambodia,Single dose actual,2055,1549.7740,982.1524,2134.6452
cambodia,Single dose actual,2056,1722.2706,1116.9154,2322.2352
cambodia,Single dose actual,2057,1886.6814,1240.8973,2538.9341
cambodia,Single dose actual,2058,2069.9590,1381.0508,2776.1169
cambodia,Single dose actual,2059,2253.2366,1501.7984,2986.8861
cambodia,Single dose actual,2060,2452.6858,1619.8507,3246.1701
cambodia,Single dose actual,2061,2617.0966,1759.4651,3467.7204
cambodia,Single dose actual,2062,2805.7647,1909.3215,3705.9813
cambodia,Single dose actual,2063,2991.7376,2043.5454,3939.3907
cambodia,Single dose actual,2064,3169.6247,2176.6912,4166.3315
cambodia,Single dose actual,2065,3334.0355,2299.5951,4389.4990
cambodia,Single dose actual,2066,3506.5321,2433.8190,4622.3693
cambodia,Single dose actual,2067,3687.1144,2572.8943,4849.8492
cambodia,Single dose actual,2068,3867.6968,2712.5088,5097.8131
cambodia,Single dose actual,2069,4029.4123,2831.1002,5336.6130
cambodia,Single dose actual,2070,4209.9947,2964.7850,5553.3118
cambodia,Single dose actual,2071,4377.1008,3082.2983,5753.3001
cambodia,Single dose actual,2072,4525.3400,3188.4915,5949.5149
cambodia,Single dose actual,2073,4670.8840,3295.7628,6132.7925
cambodia,Single dose actual,2074,4816.4280,3381.4721,6326.8512
cambodia,Single dose actual,2075,4953.8862,3493.5948,6499.3478
cambodia,Single dose actual,2076,5075.1729,3584.6946,6666.9929
cambodia,Single dose actual,2077,5212.6311,3681.1849,6845.9581
cambodia,Single dose actual,2078,5347.3940,3760.4255,7014.6813
cambodia,Single dose actual,2079,5449.8139,3834.8146,7166.6939
cambodia,Single dose actual,2080,5565.7100,3915.1334,7303.0740
cambodia,Single dose actual,2081,5670.8251,3984.6710,7422.2045
cambodia,Single dose actual,2082,5759.7687,4043.9667,7547.2645
cambodia,Single dose actual,2083,5856.7980,4119.4340,7668.5512
cambodia,Single dose actual,2084,5953.8273,4178.7297,7781.7521
cambodia,Single dose actual,2085,6029.2946,4227.2444,7879.3204
cambodia,Single dose actual,2086,6104.7618,4274.6809,7997.9118
cambodia,Single dose actual,2087,6182.9244,4328.5861,8100.3317
cambodia,Single dose actual,2088,6247.6106,4354.9996,8198.4391
cambodia,Single dose actual,2089,6309.6015,4398.1238,8284.6874
cambodia,Single dose actual,2090,6358.1162,4435.8574,8343.9831
cambodia,Single dose actual,2091,6412.0214,4478.4425,8419.9894
cambodia,Single dose actual,2092,6457.8408,4504.8561,8485.2147
cambodia,Single dose actual,2093,6500.9649,4530.7305,8555.2914
cambodia,Single dose actual,2094,6544.0891,4556.6050,8614.5871
cambodia,Single dose actual,2095,6573.7369,4567.3861,8659.3284
cambodia,Single dose actual,2096,6603.3848,4583.5576,8713.2336
cambodia,Single dose actual,2097,6630.3374,4594.3387,8756.3577
cambodia,Single dose actual,2098,6654.5947,4605.1197,8788.7009
cambodia,Single dose actual,2099,6676.1568,4615.3617,8821.0440
cambodia,Single dose actual,2100,6692.3283,4620.7522,8858.7776
cambodia,Single dose actual,2101,6713.8904,4630.9942,8892.1988
cambodia,Single dose actual,2102,6724.6714,4636.3847,8914.2999
cambodia,Single dose actual,2103,6740.8430,4636.3847,8936.9401
cambodia,Single dose actual,2104,6746.2335,4636.3847,8948.7992
cambodia,Single dose actual,2105,6751.6240,4636.3847,8965.5099
cambodia,Single dose actual,2106,6757.0145,4636.3847,8976.2909
cambodia,Single dose actual,2107,6762.4051,4636.3847,8987.0719
cambodia,Single dose actual,2108,6762.4051,4636.3847,8997.8530
cambodia,Single dose actual,2109,6765.1003,4636.3847,9008.6340
cambodia,Single dose actual,2110,6765.1003,4636.3847,9009.1730
cambodia,Single dose actual,2111,6765.1003,4636.3847,9009.1730
cambodia,Single dose actual,2112,6765.1003,4636.3847,9009.1730
cambodia,Single dose actual,2113,6765.1003,4636.3847,9009.1730
cambodia,Single dose actual,2114,6765.1003,4636.3847,9009.1730
cambodia,Single dose actual,2115,6765.1003,4636.3847,9009.1730
cambodia,Single dose actual,2116,6765.1003,4636.3847,9009.1730
cambodia,Single dose actual,2117,6765.1003,4636.3847,9009.1730
cambodia,Single dose actual,2118,6765.1003,4636.3847,9009.1730
cambodia,Single dose actual,2119,6765.1003,4636.3847,9009.1730
cambodia,Single dose actual,2120,6765.1003,4636.3847,9009.1730
cambodia,Single dose actual,2121,6765.1003,4636.3847,9009.1730
cambodia,Single dose actual,2122,6765.1003,4636.3847,9009.1730
cambodia,Single dose actual,2123,6765.1003,4636.3847,9009.1730
cambodia,Single dose actual,2124,6765.1003,4636.3847,9009.1730
cambodia,Single dose actual,2125,6765.1003,4636.3847,9009.1730
cambodia,Double dose,2024,0.0000,0.0000,0.0000
cambodia,Double dose,2025,0.0000,0.0000,0.0000
cambodia,Double dose,2026,0.0000,0.0000,0.0000
cambodia,Double dose,2027,0.0000,0.0000,0.0000
cambodia,Double dose,2028,0.0000,0.0000,0.5391
cambodia,Double dose,2029,0.0000,0.0000,0.5391
cambodia,Double dose,2030,0.0000,0.0000,1.0781
cambodia,Double dose,2031,0.0000,0.0000,6.4686
cambodia,Double dose,2032,0.0000,0.0000,11.8591
cambodia,Double dose,2033,0.0000,0.0000,17.2497
cambodia,Double dose,2034,5.3905,0.0000,28.0307
cambodia,Double dose,2035,10.7810,0.0000,45.2804
cambodia,Double dose,2036,21.5621,0.0000,67.3815
cambodia,Double dose,2037,37.7336,5.3905,94.8731
cambodia,Double dose,2038,51.2099,15.6325,122.3648
cambodia,Double dose,2039,80.8578,31.8041,170.8794
cambodia,Double dose,2040,102.4198,47.4366,219.3941
cambodia,Double dose,2041,145.5440,68.9986,278.6898
cambodia,Double dose,2042,191.3634,79.2406,343.9151
cambodia,Double dose,2043,247.9638,105.1151,431.7805
cambodia,Double dose,2044,304.5643,142.8487,523.4193
cambodia,Double dose,2045,374.6410,185.9729,620.9877
cambodia,Double dose,2046,455.4988,249.5810,745.5087
cambodia,Double dose,2047,547.1376,302.9471,875.4202
cambodia,Double dose,2048,649.5574,373.0239,1023.6594
cambodia,Double dose,2049,762.7583,453.8816,1165.4300
cambodia,Double dose,2050,889.4355,549.2938,1350.8639
cambodia,Double dose,2051,1037.6748,645.7841,1531.4462
cambodia,Double dose,2052,1172.4377,747.6649,1731.4344
cambodia,Double dose,2053,1326.0675,859.2486,1912.5559
cambodia,Double dose,2054,1503.9546,976.2228,2113.0831
cambodia,Double dose,2055,1676.4512,1105.5953,2350.2659
cambodia,Double dose,2056,1848.9477,1245.2097,2599.8469
cambodia,Double dose,2057,2061.8732,1384.2851,2874.7633
cambodia,Double dose,2058,2277.4939,1533.6024,3134.5863
cambodia,Double dose,2059,2482.3336,1715.8019,3425.6743
cambodia,Double dose,2060,2700.6496,1897.4624,3690.8878
cambodia,Double dose,2061,2902.7940,2058.0998,3956.1013
cambodia,Double dose,2062,3121.1100,2206.8781,4260.6656
cambodia,Double dose,2063,3339.4260,2363.2032,4532.8867
cambodia,Double dose,2064,3546.9610,2535.6998,4798.1002
cambodia,Double dose,2065,3749.1054,2702.2668,5051.9936
cambodia,Double dose,2066,3962.0309,2868.2947,5301.0356
cambodia,Double dose,2067,4150.6990,3019.2292,5561.9367
cambodia,Double dose,2068,4350.1482,3179.8667,5826.6111
cambodia,Double dose,2069,4554.9879,3341.0432,6091.2856
cambodia,Double dose,2070,4743.6560,3501.1416,6339.2494
cambodia,Double dose,2071,4943.1052,3655.8494,6567.2683
cambodia,Double dose,2072,5139.8591,3790.0733,6794.2091
cambodia,Double dose,2073,5315.0509,3919.4458,7029.2357
cambodia,Double dose,2074,5501.0238,4064.9898,7279.3558
cambodia,Double dose,2075,5686.9967,4204.6042,7511.6871
cambodia,Double dose,2076,5848.7122,4327.5080,7704.1286
cambodia,Double dose,2077,6010.4278,4445.0213,7911.1245
cambodia,Double dose,2078,6164.0575,4536.1211,8086.8554
cambodia,Double dose,2079,6298.8205,4638.0018,8286.8436
cambodia,Double dose,2080,6422.8024,4734.4921,8480.3632
cambodia,Double dose,2081,6552.1749,4830.9824,8632.3758
cambodia,Double dose,2082,6676.1568,4916.1526,8800.0209
cambodia,Double dose,2083,6789.3577,4990.5417,8967.1270
cambodia,Double dose,2084,6886.3870,5066.0090,9108.8976
cambodia,Double dose,2085,6986.1116,5133.9295,9227.4890
cambodia,Double dose,2086,7083.1409,5193.2252,9357.9396
cambodia,Double dose,2087,7174.7797,5249.8257,9477.6091
cambodia,Double dose,2088,7261.0280,5287.0202,9591.8881
cambodia,Double dose,2089,7341.8858,5345.7769,9695.9251
cambodia,Double dose,2090,7406.5720,5393.7525,9782.1734
cambodia,Double dose,2091,7471.2582,5430.4080,9869.4998
cambodia,Double dose,2092,7530.5539,5467.6026,9950.3575
cambodia,Double dose,2093,7584.4591,5499.9457,10020.9733
cambodia,Double dose,2094,7630.2785,5526.8983,10107.2216
cambodia,Double dose,2095,7673.4026,5553.8509,10171.9078
cambodia,Double dose,2096,7705.7458,5570.0224,10221.5006
cambodia,Double dose,2097,7735.3936,5586.1940,10270.5543
cambodia,Double dose,2098,7765.0415,5602.3656,10329.8500
cambodia,Double dose,2099,7794.6893,5622.8495,10372.9742
cambodia,Double dose,2100,7816.2514,5633.0915,10416.0983
cambodia,Double dose,2101,7832.4229,5633.0915,10443.0509
cambodia,Double dose,2102,7848.5945,5643.3335,10475.9330
cambodia,Double dose,2103,7862.0708,5643.3335,10498.5732
cambodia,Double dose,2104,7872.8518,5648.1850,10520.1353
cambodia,Double dose,2105,7878.2423,5648.1850,10541.6974
cambodia,Double dose,2106,7886.3281,5648.1850,10557.8689
cambodia,Double dose,2107,7891.7186,5648.1850,10568.6500
cambodia,Double dose,2108,7897.1091,5648.1850,10579.9700
cambodia,Double dose,2109,7897.1091,5648.1850,10585.8996
cambodia,Double dose,2110,7897.1091,5648.1850,10591.8292
cambodia,Double dose,2111,7897.1091,5648.1850,10597.2197
cambodia,Double dose,2112,7897.1091,5648.1850,10602.6102
cambodia,Double dose,2113,7897.1091,5648.1850,10603.1493
cambodia,Double dose,2114,7897.1091,5648.1850,10603.1493
cambodia,Double dose,2115,7897.1091,5648.1850,10603.1493
cambodia,Double dose,2116,7897.1091,5648.1850,10603.1493
cambodia,Double dose,2117,7897.1091,5648.1850,10603.1493
cambodia,Double dose,2118,7897.1091,5648.1850,10603.1493
cambodia,Double dose,2119,7897.1091,5648.1850,10603.1493
cambodia,Double dose,2120,7897.1091,5648.1850,10603.1493
cambodia,Double dose,2121,7897.1091,5648.1850,10603.1493
cambodia,Double dose,2122,7897.1091,5648.1850,10603.1493
cambodia,Double dose,2123,7897.1091,5648.1850,10603.1493
cambodia,Double dose,2124,7897.1091,5648.1850,10603.1493
cambodia,Double dose,2125,7897.1091,5648.1850,10603.1493
cameroon,No vaccination,2024,0.0000,0.0000,0.0000
cameroon,No vaccination,2025,0.0000,0.0000,0.0000
cameroon,No vaccination,2026,0.0000,0.0000,0.0000
cameroon,No vaccination,2027,0.0000,0.0000,0.0000
cameroon,No vaccination,2028,0.0000,0.0000,10.2402
cameroon,No vaccination,2029,2.5600,0.0000,20.9923
cameroon,No vaccination,2030,7.6801,0.0000,36.3526
cameroon,No vaccination,2031,17.9203,4.6081,52.2249
cameroon,No vaccination,2032,35.8406,14.3362,83.4574
cameroon,No vaccination,2033,69.1211,29.6965,145.4104
cameroon,No vaccination,2034,130.5621,55.2969,227.3317
cameroon,No vaccination,2035,212.4835,106.4977,331.7814
cameroon,No vaccination,2036,345.6056,203.2673,485.3839
cameroon,No vaccination,2037,501.7682,325.6373,664.5868
cameroon,No vaccination,2038,721.9318,493.5761,941.0713
cameroon,No vaccination,2039,1011.2165,727.0519,1280.5329
cameroon,No vaccination,2040,1372.1824,1041.9370,1720.8602
cameroon,No vaccination,2041,1804.8296,1418.2632,2218.0204
cameroon,No vaccination,2042,2344.9985,1883.1669,2839.5987
cameroon,No vaccination,2043,2992.6893,2471.4647,3542.5865
cameroon,No vaccination,2044,3750.4620,3114.0353,4384.3285
cameroon,No vaccination,2045,4600.3962,3887.6803,5376.6011
cameroon,No vaccination,2046,5614.1731,4740.6865,6504.0440
cameroon,No vaccination,2047,6791.7928,5759.0715,7761.5370
cameroon,No vaccination,2048,8069.2542,6971.5078,9210.5213
cameroon,No vaccination,2049,9536.1588,8281.2258,10826.4204
cameroon,No vaccination,2050,11100.3450,9658.0168,12526.8010
cameroon,No vaccination,2051,12802.7735,11267.7718,14384.8801
cameroon,No vaccination,2052,14674.1649,12924.6316,16433.9376
cameroon,No vaccination,2053,16678.6780,14691.0613,18610.9972
cameroon,No vaccination,2054,18908.4744,16716.0548,20979.5471
cameroon,No vaccination,2055,21163.8710,18787.6410,23433.6020
cameroon,No vaccination,2056,23485.8285,20860.7633,25922.4732
cameroon,No vaccination,2057,26061.2287,23127.4239,28591.0584
cameroon,No vaccination,2058,28575.1882,25451.9414,31310.3322
cameroon,No vaccination,2059,31265.7897,27929.0365,34198.0558
cameroon,No vaccination,2060,33976.8714,30482.9325,37067.8592
cameroon,No vaccination,2061,36713.5533,32940.5714,40074.8802
cameroon,No vaccination,2062,39539.8363,35444.2908,43026.6045
cameroon,No vaccination,2063,42317.4787,38041.1952,46037.7215
cameroon,No vaccination,2064,45138.6416,40632.4676,49029.3823
cameroon,No vaccination,2065,47908.6040,43247.2923,51943.2182
cameroon,No vaccination,2066,50624.8057,45801.7002,54824.2858
cameroon,No vaccination,2067,53366.6077,48338.1880,57722.7615
cameroon,No vaccination,2068,55962.4882,50797.3630,60565.4286
cameroon,No vaccination,2069,58583.9689,53217.1135,63341.0230
cameroon,No vaccination,2070,61097.9284,55609.7277,66133.0016
cameroon,No vaccination,2071,63645.1683,58065.8306,68793.3948
cameroon,No vaccination,2072,66074.6469,60326.8593,71363.6749
cameroon,No vaccination,2073,68445.2449,62560.2394,73924.2270
cameroon,No vaccination,2074,70639.2008,64618.5136,76311.7211
cameroon,No vaccination,2075,72822.9167,66586.1626,78643.9186
cameroon,No vaccination,2076,74917.0312,68521.5551,80835.3142
cameroon,No vaccination,2077,76926.6648,70383.7303,82919.7007
cameroon,No vaccination,2078,78785.2559,72092.3030,84934.9662
cameroon,No vaccination,2079,80561.9258,73722.0264,86889.8145
cameroon,No vaccination,2080,82187.5530,75264.7082,88690.0366
cameroon,No vaccination,2081,83738.9390,76687.0681,90386.8331
cameroon,No vaccination,2082,85228.8839,78063.3471,91948.9713
cameroon,No vaccination,2083,86578.0265,79301.8958,93413.8278
cameroon,No vaccination,2084,87842.6877,80488.7317,94745.0501
cameroon,No vaccination,2085,89030.5476,81583.4060,96066.0323
cameroon,No vaccination,2086,90121.1258,82611.5192,97231.8757
cameroon,No vaccination,2087,91093.9421,83486.0298,98272.2771
cameroon,No vaccination,2088,91966.9167,84288.3472,99246.6294
cameroon,No vaccination,2089,92778.4502,85060.4561,100117.5560
cameroon,No vaccination,2090,93505.5023,85719.4110,100896.3210
cameroon,No vaccination,2091,94163.4333,86308.2208,101641.8054
cameroon,No vaccination,2092,94744.5629,86855.5579,102271.5759
cameroon,No vaccination,2093,95261.6915,87289.7411,102846.0494
cameroon,No vaccination,2094,95730.1793,87712.6600,103358.5699
cameroon,No vaccination,2095,96119.3057,88069.0179,103798.3852
cameroon,No vaccination,2096,96462.3513,88364.9587,104191.6077
cameroon,No vaccination,2097,96756.7561,88617.8908,104520.8291
cameroon,No vaccination,2098,96999.9601,88837.0304,104812.6738
cameroon,No vaccination,2099,97209.8835,89005.9932,105059.4618
cameroon,No vaccination,2100,97378.8462,89159.0837,105265.2892
cameroon,No vaccination,2101,97527.3286,89271.2135,105446.5401
cameroon,No vaccination,2102,97637.4104,89356.7189,105586.3184
cameroon,No vaccination,2103,97724.4518,89427.3760,105709.7124
cameroon,No vaccination,2104,97798.6931,89483.1849,105817.2342
cameroon,No vaccination,2105,97849.8939,89524.1456,105896.0835
cameroon,No vaccination,2106,97895.9747,89544.6260,105958.0365
cameroon,No vaccination,2107,97924.1351,89559.4742,106004.1172
cameroon,No vaccination,2108,97944.6155,89569.2024,106034.8377
cameroon,No vaccination,2109,97959.9757,89578.9305,106065.5582
cameroon,No vaccination,2110,97970.2159,89578.9305,106086.0386
cameroon,No vaccination,2111,97977.8960,89578.9305,106101.3988
cameroon,No vaccination,2112,97983.0161,89578.9305,106111.6390
cameroon,No vaccination,2113,97983.0161,89578.9305,106116.7591
cameroon,No vaccination,2114,97983.0161,89578.9305,106121.8792
cameroon,No vaccination,2115,97983.0161,89578.9305,106121.8792
cameroon,No vaccination,2116,97983.0161,89578.9305,106121.8792
cameroon,No vaccination,2117,97983.0161,89578.9305,106121.8792
cameroon,No vaccination,2118,97983.0161,89578.9305,106121.8792
cameroon,No vaccination,2119,97983.0161,89578.9305,106121.8792
cameroon,No vaccination,2120,97983.0161,89578.9305,106121.8792
cameroon,No vaccination,2121,97983.0161,89578.9305,106121.8792
cameroon,No vaccination,2122,97983.0161,89578.9305,106121.8792
cameroon,No vaccination,2123,97983.0161,89578.9305,106121.8792
cameroon,No vaccination,2124,97983.0161,89578.9305,106121.8792
cameroon,No vaccination,2125,97983.0161,89578.9305,106121.8792
cameroon,Single dose shipments,2024,0.0000,0.0000,0.0000
cameroon,Single dose shipments,2025,0.0000,0.0000,0.0000
cameroon,Single dose shipments,2026,0.0000,0.0000,0.0000
cameroon,Single dose shipments,2027,0.0000,0.0000,0.5120
cameroon,Single dose shipments,2028,0.0000,0.0000,5.6321
cameroon,Single dose shipments,2029,0.0000,0.0000,10.7522
cameroon,Single dose shipments,2030,10.2402,4.6081,27.1364
cameroon,Single dose shipments,2031,20.4803,9.7282,53.2489
cameroon,Single dose shipments,2032,35.8406,9.7282,74.7532
cameroon,Single dose shipments,2033,71.6812,29.6965,136.1942
cameroon,Single dose shipments,2034,130.5621,65.0251,208.8994
cameroon,Single dose shipments,2035,212.4835,120.8340,316.9332
cameroon,Single dose shipments,2036,330.2454,196.6112,481.2879
cameroon,Single dose shipments,2037,488.9680,318.9812,686.0912
cameroon,Single dose shipments,2038,698.8914,471.5597,942.6074
cameroon,Single dose shipments,2039,934.4152,663.5628,1291.2851
cameroon,Single dose shipments,2040,1244.1803,935.9513,1660.4432
cameroon,Single dose shipments,2041,1635.8668,1248.2764,2152.9953
cameroon,Single dose shipments,2042,2073.6340,1635.8667,2676.2680
cameroon,Single dose shipments,2043,2631.7233,2142.7551,3360.3114
cameroon,Single dose shipments,2044,3356.2153,2744.3651,4127.3002
cameroon,Single dose shipments,2045,4149.8286,3406.9042,4984.4025
cameroon,Single dose shipments,2046,5053.5237,4188.2292,5964.3869
cameroon,Single dose shipments,2047,6103.1412,5041.2355,7188.5994
cameroon,Single dose shipments,2048,7216.7599,5989.4753,8413.8359
cameroon,Single dose shipments,2049,8473.7409,7117.9422,9767.5865
cameroon,Single dose shipments,2050,9784.4828,8355.4669,11322.0446
cameroon,Single dose shipments,2051,11307.7084,9646.7525,12996.8247
cameroon,Single dose shipments,2052,12923.0955,11084.4726,14789.8788
cameroon,Single dose shipments,2053,14663.9247,12645.5868,16653.5898
cameroon,Single dose shipments,2054,16560.9164,14321.3909,18692.9198
cameroon,Single dose shipments,2055,18534.7092,16133.3893,20813.6585
cameroon,Single dose shipments,2056,20503.3820,17995.5646,23006.0783
cameroon,Single dose shipments,2057,22653.8172,20001.1019,25276.3232
cameroon,Single dose shipments,2058,24937.3738,22164.8493,27633.0966
cameroon,Single dose shipments,2059,27259.3312,24335.7650,30202.3527
cameroon,Single dose shipments,2060,29612.0089,26512.8247,32707.6081
cameroon,Single dose shipments,2061,31972.3668,28744.6689,35268.1601
cameroon,Single dose shipments,2062,34468.4061,30867.4562,37957.7376
cameroon,Single dose shipments,2063,36867.1644,33108.5163,40578.1943
cameroon,Single dose shipments,2064,39340.1635,35374.1531,43293.8841
cameroon,Single dose shipments,2065,41825.9627,37702.7666,46003.9417
cameroon,Single dose shipments,2066,44273.3615,39954.5791,48599.8222
cameroon,Single dose shipments,2067,46674.6798,42185.9115,51188.5345
cameroon,Single dose shipments,2068,49037.5976,44334.8106,53646.1734
cameroon,Single dose shipments,2069,51436.3559,46586.6231,56215.4296
cameroon,Single dose shipments,2070,53722.4729,48685.3453,58699.1807
cameroon,Single dose shipments,2071,55957.3893,50765.6355,61053.3945
cameroon,Single dose shipments,2072,58207.6658,52787.5571,63473.6570
cameroon,Single dose shipments,2073,60355.5410,54694.7889,65780.2543
cameroon,Single dose shipments,2074,62434.2954,56612.7730,67941.4417
cameroon,Single dose shipments,2075,64428.5686,58412.4830,70047.3326
cameroon,Single dose shipments,2076,66292.2799,60173.2805,71988.3570
cameroon,Single dose shipments,2077,68030.5490,61779.9635,73786.5308
cameroon,Single dose shipments,2078,69758.5781,63437.8473,75686.0826
cameroon,Single dose shipments,2079,71402.1256,64990.7693,77392.0953
cameroon,Single dose shipments,2080,72881.8304,66406.4731,78997.2422
cameroon,Single dose shipments,2081,74330.8147,67716.7030,80549.6522
cameroon,Single dose shipments,2082,75700.4377,68952.1797,82036.5252
cameroon,Single dose shipments,2083,76965.0988,70148.7437,83420.4843
cameroon,Single dose shipments,2084,78168.3190,71187.6090,84712.7940
cameroon,Single dose shipments,2085,79264.0173,72168.6174,85875.0534
cameroon,Single dose shipments,2086,80244.5137,73032.8879,86918.5269
cameroon,Single dose shipments,2087,81181.4893,73804.9968,87924.1117
cameroon,Single dose shipments,2088,81980.2227,74519.7607,88861.5993
cameroon,Single dose shipments,2089,82737.9953,75234.0126,89697.1973
cameroon,Single dose shipments,2090,83434.3269,75853.5429,90467.2581
cameroon,Single dose shipments,2091,84069.2175,76386.0317,91179.4620
cameroon,Single dose shipments,2092,84614.5065,76856.0555,91800.0163
cameroon,Single dose shipments,2093,85100.9146,77294.8467,92369.3698
cameroon,Single dose shipments,2094,85520.7615,77651.7166,92866.5300
cameroon,Single dose shipments,2095,85899.6477,77957.3856,93286.8889
cameroon,Single dose shipments,2096,86209.4128,78237.9662,93656.5590
cameroon,Single dose shipments,2097,86485.8973,78467.8579,93991.4125
cameroon,Single dose shipments,2098,86741.9015,78671.1252,94288.3774
cameroon,Single dose shipments,2099,86939.0247,78827.2878,94518.7811
cameroon,Single dose shipments,2100,87105.4274,78969.6261,94713.8563
cameroon,Single dose shipments,2101,87223.1893,79060.2516,94874.6269
cameroon,Single dose shipments,2102,87330.7111,79151.9011,95008.7731
cameroon,Single dose shipments,2103,87410.0724,79208.2220,95127.0470
cameroon,Single dose shipments,2104,87481.7535,79248.6707,95214.6004
cameroon,Single dose shipments,2105,87532.9544,79284.5113,95287.3056
cameroon,Single dose shipments,2106,87568.7949,79304.4796,95334.4104
cameroon,Single dose shipments,2107,87594.3954,79319.8398,95370.7630
cameroon,Single dose shipments,2108,87607.1956,79324.9599,95396.8754
cameroon,Single dose shipments,2109,87622.5558,79330.0800,95422.4758
cameroon,Single dose shipments,2110,87632.7960,79334.6881,95437.8361
cameroon,Single dose shipments,2111,87637.9161,79334.6881,95448.0763
cameroon,Single dose shipments,2112,87637.9161,79334.6881,95458.8284
cameroon,Single dose shipments,2113,87637.9161,79334.6881,95458.8284
cameroon,Single dose shipments,2114,87637.9161,79334.6881,95459.3405
cameroon,Single dose shipments,2115,87637.9161,79334.6881,95459.8525
cameroon,Single dose shipments,2116,87637.9161,79334.6881,95459.8525
cameroon,Single dose shipments,2117,87637.9161,79334.6881,95459.8525
cameroon,Single dose shipments,2118,87637.9161,79334.6881,95459.8525
cameroon,Single dose shipments,2119,87637.9161,79334.6881,95459.8525
cameroon,Single dose shipments,2120,87637.9161,79334.6881,95459.8525
cameroon,Single dose shipments,2121,87637.9161,79334.6881,95459.8525
cameroon,Single dose shipments,2122,87637.9161,79334.6881,95459.8525
cameroon,Single dose shipments,2123,87637.9161,79334.6881,95459.8525
cameroon,Single dose shipments,2124,87637.9161,79334.6881,95459.8525
cameroon,Single dose shipments,2125,87637.9161,79334.6881,95459.8525
cameroon,Single dose actual,2024,0.0000,0.0000,0.0000
cameroon,Single dose actual,2025,0.0000,0.0000,0.0000
cameroon,Single dose actual,2026,0.0000,0.0000,0.0000
cameroon,Single dose actual,2027,0.0000,0.0000,0.5120
cameroon,Single dose actual,2028,0.0000,0.0000,5.6321
cameroon,Single dose actual,2029,0.0000,0.0000,15.8723
cameroon,Single dose actual,2030,5.1201,0.0000,26.6244
cameroon,Single dose actual,2031,20.4803,5.1201,52.2249
cameroon,Single dose actual,2032,40.9607,15.3603,88.0654
cameroon,Single dose actual,2033,76.8013,35.3286,134.6582
cameroon,Single dose actual,2034,133.1222,75.2652,211.9715
cameroon,Single dose actual,2035,209.9234,125.4421,304.6450
cameroon,Single dose actual,2036,309.7651,200.7073,453.6394
cameroon,Single dose actual,2037,455.6874,313.3491,628.7463
cameroon,Single dose actual,2038,663.0508,466.4396,875.0223
cameroon,Single dose actual,2039,901.1347,657.4187,1154.0668
cameroon,Single dose actual,2040,1203.2196,902.6707,1514.0087
cameroon,Single dose actual,2041,1607.7063,1243.6683,1979.9364
cameroon,Single dose actual,2042,2071.0740,1652.7630,2559.0181
cameroon,Single dose actual,2043,2665.0038,2143.2672,3247.1575
cameroon,Single dose actual,2044,3299.8944,2681.3881,3996.7380
cameroon,Single dose actual,2045,4060.2271,3365.4315,4899.9211
cameroon,Single dose actual,2046,4935.7617,4137.5404,5854.3051
cameroon,Single dose actual,2047,5954.6587,4986.9626,6965.3637
cameroon,Single dose actual,2048,7063.1573,5990.4993,8201.3523
cameroon,Single dose actual,2049,8286.8578,7091.3177,9598.1117
cameroon,Single dose actual,2050,9651.3606,8320.1383,11158.7139
cameroon,Single dose actual,2051,11151.5458,9625.2482,12827.3499
cameroon,Single dose actual,2052,12710.6119,11112.6331,14624.5000
cameroon,Single dose actual,2053,14469.3614,12746.4525,16524.5638
cameroon,Single dose actual,2054,16261.3915,14417.1365,18499.8926
cameroon,Single dose actual,2055,18168.6234,16200.4625,20559.7026
cameroon,Single dose actual,2056,20247.3777,18013.4849,22721.4021
cameroon,Single dose actual,2057,22410.6130,19934.5412,25002.3987
cameroon,Single dose actual,2058,24602.0090,21970.7992,27446.2132
cameroon,Single dose actual,2059,26893.2460,24108.9463,29873.1317
cameroon,Single dose actual,2060,29194.7232,26233.7810,32365.0750
cameroon,Single dose actual,2061,31534.6009,28423.6407,34832.9540
cameroon,Single dose actual,2062,33933.3591,30645.2447,37469.2829
cameroon,Single dose actual,2063,36401.2382,32941.0899,40041.6111
cameroon,Single dose actual,2064,38889.5974,35271.2393,42665.1398
cameroon,Single dose actual,2065,41313.9560,37508.7157,45244.1241
cameroon,Single dose actual,2066,43756.2345,39859.8575,47863.0447
cameroon,Single dose actual,2067,46144.7527,42086.5818,50378.0283
cameroon,Single dose actual,2068,48561.4312,44346.5865,52980.5648
cameroon,Single dose actual,2069,50880.8284,46531.8382,55529.3407
cameroon,Single dose actual,2070,53174.6254,48666.9133,57976.2275
cameroon,Single dose actual,2071,55414.6618,50775.8758,60365.7697
cameroon,Single dose actual,2072,57629.0978,52843.8781,62762.4799
cameroon,Single dose actual,2073,59738.5725,54737.2857,64983.5720
cameroon,Single dose actual,2074,61732.8455,56678.3094,67162.6795
cameroon,Single dose actual,2075,63704.0782,58511.8122,69285.4663
cameroon,Single dose actual,2076,65537.0690,60195.8085,71253.6271
cameroon,Single dose actual,2077,67308.6187,61831.6759,73127.0665
cameroon,Single dose actual,2078,69064.8082,63458.3272,74982.0735
cameroon,Single dose actual,2079,70705.7957,64921.1357,76769.4955
cameroon,Single dose actual,2080,72241.8215,66362.4399,78430.9633
cameroon,Single dose actual,2081,73665.2054,67645.0213,79937.2926
cameroon,Single dose actual,2082,74988.7475,68851.8255,81377.0607
cameroon,Single dose actual,2083,76238.0484,70018.6930,82727.2273
cameroon,Single dose actual,2084,77415.6681,71124.1195,84006.7368
cameroon,Single dose actual,2085,78465.2856,72142.5045,85160.8041
cameroon,Single dose actual,2086,79496.9829,73073.8481,86273.9107
cameroon,Single dose actual,2087,80400.6780,73908.4220,87219.0785
cameroon,Single dose actual,2088,81232.6919,74649.8104,88116.6295
cameroon,Single dose actual,2089,81969.9842,75325.6617,88956.8355
cameroon,Single dose actual,2090,82645.8354,75948.7760,89674.1595
cameroon,Single dose actual,2091,83273.0459,76511.4734,90363.3229
cameroon,Single dose actual,2092,83797.8546,77000.9535,90927.0443
cameroon,Single dose actual,2093,84302.1829,77435.6487,91497.4218
cameroon,Single dose actual,2094,84729.7100,77808.9028,91968.4696
cameroon,Single dose actual,2095,85082.9958,78130.4441,92372.9562
cameroon,Single dose actual,2096,85387.6408,78391.5683,92736.4822
cameroon,Single dose actual,2097,85643.6449,78610.1959,93074.9197
cameroon,Single dose actual,2098,85891.9690,78804.7591,93351.9163
cameroon,Single dose actual,2099,86081.4120,78952.2175,93592.5602
cameroon,Single dose actual,2100,86235.0145,79075.0995,93797.3635
cameroon,Single dose actual,2101,86357.8966,79186.7173,93961.2062
cameroon,Single dose actual,2102,86467.9783,79272.2227,94104.5685
cameroon,Single dose actual,2103,86544.7796,79323.4235,94213.6263
cameroon,Single dose actual,2104,86619.0208,79368.9923,94301.1797
cameroon,Single dose actual,2105,86665.1016,79404.3208,94372.8609
cameroon,Single dose actual,2106,86706.0622,79429.4093,94429.1818
cameroon,Single dose actual,2107,86731.6627,79444.7695,94465.5344
cameroon,Single dose actual,2108,86747.0229,79449.8896,94496.7669
cameroon,Single dose actual,2109,86759.8231,79449.8896,94517.2473
cameroon,Single dose actual,2110,86767.5032,79449.8896,94537.7276
cameroon,Single dose actual,2111,86772.6233,79449.8896,94553.0879
cameroon,Single dose actual,2112,86775.1834,79449.8896,94563.3280
cameroon,Single dose actual,2113,86775.1834,79449.8896,94568.4481
cameroon,Single dose actual,2114,86775.1834,79449.8896,94568.4481
cameroon,Single dose actual,2115,86775.1834,79449.8896,94568.4481
cameroon,Single dose actual,2116,86775.1834,79449.8896,94568.4481
cameroon,Single dose actual,2117,86775.1834,79449.8896,94568.4481
cameroon,Single dose actual,2118,86775.1834,79449.8896,94568.4481
cameroon,Single dose actual,2119,86775.1834,79449.8896,94568.4481
cameroon,Single dose actual,2120,86775.1834,79449.8896,94568.4481
cameroon,Single dose actual,2121,86775.1834,79449.8896,94568.4481
cameroon,Single dose actual,2122,86775.1834,79449.8896,94568.4481
cameroon,Single dose actual,2123,86775.1834,79449.8896,94568.4481
cameroon,Single dose actual,2124,86775.1834,79449.8896,94568.4481
cameroon,Single dose actual,2125,86775.1834,79449.8896,94568.4481
cameroon,Double dose,2024,0.0000,0.0000,0.0000
cameroon,Double dose,2025,0.0000,0.0000,0.0000
cameroon,Double dose,2026,0.0000,0.0000,0.5120
cameroon,Double dose,2027,0.0000,0.0000,6.1441
cameroon,Double dose,2028,0.0000,0.0000,11.2642
cameroon,Double dose,2029,2.5600,0.0000,21.5044
cameroon,Double dose,2030,7.6801,0.0000,32.2565
cameroon,Double dose,2031,23.0404,5.1201,53.2489
cameroon,Double dose,2032,43.5207,10.2402,84.4814
cameroon,Double dose,2033,74.2412,30.2085,140.8023
cameroon,Double dose,2034,135.6822,66.0491,223.2357
cameroon,Double dose,2035,222.7236,122.3700,326.6613
cameroon,Double dose,2036,340.4856,207.8754,470.5357
cameroon,Double dose,2037,509.4483,318.9812,680.9711
cameroon,Double dose,2038,693.7713,461.3195,942.6074
cameroon,Double dose,2039,957.4556,671.2429,1255.4445
cameroon,Double dose,2040,1285.1410,952.3355,1658.3952
cameroon,Double dose,2041,1712.6680,1289.7491,2156.5794
cameroon,Double dose,2042,2209.3163,1703.4519,2726.4449
cameroon,Double dose,2043,2826.2865,2234.4047,3437.1127
cameroon,Double dose,2044,3540.5384,2821.6785,4272.1987
cameroon,Double dose,2045,4359.7521,3557.9467,5226.0706
cameroon,Double dose,2046,5260.8872,4376.6484,6338.1532
cameroon,Double dose,2047,6382.1859,5327.9603,7548.5415
cameroon,Double dose,2048,7577.7259,6425.1947,8897.6841
cameroon,Double dose,2049,8883.3478,7599.7423,10357.4205
cameroon,Double dose,2050,10352.8124,8921.2364,11979.4637
cameroon,Double dose,2051,11993.7999,10430.6378,13774.5659
cameroon,Double dose,2052,13732.0691,12019.9124,15669.5094
cameroon,Double dose,2053,15606.0204,13711.5888,17663.7823
cameroon,Double dose,2054,17600.2936,15481.0905,19828.0420
cameroon,Double dose,2055,19720.0085,17411.8749,22170.9916
cameroon,Double dose,2056,21983.0850,19332.9311,24604.5663
cameroon,Double dose,2057,24276.8821,21433.7015,27137.4700
cameroon,Double dose,2058,26637.2399,23630.2174,29687.7819
cameroon,Double dose,2059,29053.9184,25905.5823,32291.8545
cameroon,Double dose,2060,31560.1978,28177.8752,35052.0887
cameroon,Double dose,2061,34120.2379,30391.7992,37715.5539
cameroon,Double dose,2062,36741.7186,32693.2764,40568.9731
cameroon,Double dose,2063,39422.0799,35103.2988,43374.2639
cameroon,Double dose,2064,42058.9208,37607.0182,46152.9303
cameroon,Double dose,2065,44713.6818,40063.6331,49018.1257
cameroon,Double dose,2066,47278.8419,42371.7662,51883.3211
cameroon,Double dose,2067,49887.5225,44776.6685,54713.1881
cameroon,Double dose,2068,52363.0816,47156.9945,57485.7104
cameroon,Double dose,2069,54802.8003,49463.0795,60180.4079
cameroon,Double dose,2070,57298.8397,51700.0438,62868.4494
cameroon,Double dose,2071,59733.4383,53801.8383,65449.9937
cameroon,Double dose,2072,62065.6359,55989.1381,67927.6008
cameroon,Double dose,2073,64297.9922,58105.7811,70288.4707
cameroon,Double dose,2074,66479.1476,60132.8226,72631.9323
cameroon,Double dose,2075,68565.5820,62147.5758,74969.7619
cameroon,Double dose,2076,70488.1742,64011.7992,76988.6111
cameroon,Double dose,2077,72449.1670,65818.6772,79052.0054
cameroon,Double dose,2078,74248.8772,67467.3449,81138.4396
cameroon,Double dose,2079,75953.8658,69058.6676,83003.6869
cameroon,Double dose,2080,77589.7332,70564.9968,84756.8043
cameroon,Double dose,2081,79128.3190,71967.3883,86389.5997
cameroon,Double dose,2082,80536.3426,73301.6826,87889.7849
cameroon,Double dose,2083,81859.8848,74544.3275,89312.1447
cameroon,Double dose,2084,83029.8243,75655.3860,90597.7982
cameroon,Double dose,2085,84138.3229,76693.2274,91781.5620
cameroon,Double dose,2086,85210.9808,77598.4585,92948.9415
cameroon,Double dose,2087,86165.8768,78508.8097,93955.0383
cameroon,Double dose,2088,87051.6516,79281.9426,94918.6385
cameroon,Double dose,2089,87827.3445,80023.8430,95763.9646
cameroon,Double dose,2090,88523.6761,80668.4617,96538.6335
cameroon,Double dose,2091,89184.1671,81231.6711,97261.5896
cameroon,Double dose,2092,89783.2171,81760.0638,97923.1046
cameroon,Double dose,2093,90302.9057,82204.4872,98503.7222
cameroon,Double dose,2094,90748.3530,82593.6136,98997.8104
cameroon,Double dose,2095,91122.1192,82925.9070,99487.2905
cameroon,Double dose,2096,91477.9650,83232.0880,99893.3132
cameroon,Double dose,2097,91774.9299,83462.4918,100244.0390
cameroon,Double dose,2098,92023.2539,83661.6630,100553.8040
cameroon,Double dose,2099,92243.4175,83848.0341,100806.2241
cameroon,Double dose,2100,92404.7001,83985.7643,101006.4194
cameroon,Double dose,2101,92545.5024,84087.1420,101165.6540
cameroon,Double dose,2102,92660.7043,84168.0393,101309.5283
cameroon,Double dose,2103,92750.3058,84228.9683,101423.1942
cameroon,Double dose,2104,92816.8669,84279.1451,101510.2356
cameroon,Double dose,2105,92862.9476,84309.3536,101566.5565
cameroon,Double dose,2106,92906.4683,84334.9540,101629.0215
cameroon,Double dose,2107,92926.9487,84344.6822,101669.9822
cameroon,Double dose,2108,92947.4290,84354.9223,101696.0946
cameroon,Double dose,2109,92960.2292,84360.0424,101721.6951
cameroon,Double dose,2110,92970.4694,84360.0424,101742.1754
cameroon,Double dose,2111,92975.5895,84360.0424,101752.4156
cameroon,Double dose,2112,92980.7095,84360.0424,101762.6557
cameroon,Double dose,2113,92980.7095,84360.0424,101767.7758
cameroon,Double dose,2114,92980.7095,84360.0424,101772.8959
cameroon,Double dose,2115,92980.7095,84360.0424,101772.8959
cameroon,Double dose,2116,92980.7095,84360.0424,101772.8959
cameroon,Double dose,2117,92980.7095,84360.0424,101772.8959
cameroon,Double dose,2118,92980.7095,84360.0424,101772.8959
cameroon,Double dose,2119,92980.7095,84360.0424,101772.8959
cameroon,Double dose,2120,92980.7095,84360.0424,101772.8959
cameroon,Double dose,2121,92980.7095,84360.0424,101772.8959
cameroon,Double dose,2122,92980.7095,84360.0424,101772.8959
cameroon,Double dose,2123,92980.7095,84360.0424,101772.8959
cameroon,Double dose,2124,92980.7095,84360.0424,101772.8959
cameroon,Double dose,2125,92980.7095,84360.0424,101772.8959
cote divoire,No vaccination,2024,0.0000,0.0000,0.0000
cote divoire,No vaccination,2025,0.0000,0.0000,0.0000
cote divoire,No vaccination,2026,0.0000,0.0000,0.0000
cote divoire,No vaccination,2027,0.0000,0.0000,0.0000
cote divoire,No vaccination,2028,0.0000,0.0000,0.3608
cote divoire,No vaccination,2029,0.0000,0.0000,3.9690
cote divoire,No vaccination,2030,0.0000,0.0000,4.3298
cote divoire,No vaccination,2031,0.0000,0.0000,7.9380
cote divoire,No vaccination,2032,3.6082,0.0000,19.4841
cote divoire,No vaccination,2033,10.8245,0.0000,30.3086
cote divoire,No vaccination,2034,19.8449,3.6082,45.8238
cote divoire,No vaccination,2035,34.2776,14.4327,64.2254
cote divoire,No vaccination,2036,55.9266,28.5046,97.0598
cote divoire,No vaccination,2037,86.5961,46.5454,140.7187
cote divoire,No vaccination,2038,133.5023,79.0189,202.0576
cote divoire,No vaccination,2039,191.2331,124.8427,288.6537
cote divoire,No vaccination,2040,270.6128,182.2126,380.3012
cote divoire,No vaccination,2041,371.6416,257.2626,500.0925
cote divoire,No vaccination,2042,501.5358,357.9306,651.9965
cote divoire,No vaccination,2043,660.2953,487.1031,848.6418
cote divoire,No vaccination,2044,858.7447,649.1100,1078.4823
cote divoire,No vaccination,2045,1107.7084,864.1569,1360.2804
cote divoire,No vaccination,2046,1398.1661,1112.7599,1728.3137
cote divoire,No vaccination,2047,1773.4158,1458.0618,2153.7170
cote divoire,No vaccination,2048,2229.8493,1883.1042,2654.8918
cote divoire,No vaccination,2049,2778.2912,2372.7329,3235.8072
cote divoire,No vaccination,2050,3425.9577,2913.2367,3948.4207
cote divoire,No vaccination,2051,4167.4366,3566.3155,4799.9488
cote divoire,No vaccination,2052,4982.8830,4313.9283,5733.3823
cote divoire,No vaccination,2053,5915.5949,5148.4980,6728.1548
cote divoire,No vaccination,2054,6918.6663,6088.0654,7844.1622
cote divoire,No vaccination,2055,8089.5181,7203.3510,9119.6513
cote divoire,No vaccination,2056,9401.0890,8385.7489,10506.6333
cote divoire,No vaccination,2057,10795.6482,9686.4953,11989.9538
cote divoire,No vaccination,2058,12354.3798,11152.4965,13587.2929
cote divoire,No vaccination,2059,14044.8100,12702.9292,15373.3401
cote divoire,No vaccination,2060,15801.9917,14370.2672,17230.1076
cote divoire,No vaccination,2061,17649.3781,16141.5208,19182.8527
cote divoire,No vaccination,2062,19653.7203,18035.0919,21273.0692
cote divoire,No vaccination,2063,21667.0825,19953.5591,23431.8405
cote divoire,No vaccination,2064,23772.4530,21983.5188,25627.0543
cote divoire,No vaccination,2065,25917.5134,24019.2519,27939.8940
cote divoire,No vaccination,2066,28073.3983,26104.4167,30258.1460
cote divoire,No vaccination,2067,30306.8587,28237.9308,32623.3036
cote divoire,No vaccination,2068,32583.6170,30353.7652,34955.9883
cote divoire,No vaccination,2069,34818.8814,32475.0120,37359.3928
cote divoire,No vaccination,2070,37059.5582,34617.5466,39729.9631
cote divoire,No vaccination,2071,39276.7814,36701.9898,42077.8021
cote divoire,No vaccination,2072,41432.6665,38742.7739,44368.9930
cote divoire,No vaccination,2073,43552.4698,40774.8986,46653.3284
cote divoire,No vaccination,2074,45605.5216,42709.9631,48854.3155
cote divoire,No vaccination,2075,47548.5247,44582.2459,50976.6445
cote divoire,No vaccination,2076,49446.4253,46421.6943,52978.1000
cote divoire,No vaccination,2077,51273.9660,48148.9281,54909.9179
cote divoire,No vaccination,2078,53052.7968,49812.6578,56800.2415
cote divoire,No vaccination,2079,54671.0634,51363.4514,58562.4747
cote divoire,No vaccination,2080,56246.0318,52846.0503,60195.5349
cote divoire,No vaccination,2081,57709.1465,54228.7024,61755.7097
cote divoire,No vaccination,2082,59058.6034,55522.5932,63165.7841
cote divoire,No vaccination,2083,60301.6188,56672.5176,64482.0456
cote divoire,No vaccination,2084,61490.5114,57785.6384,65727.2259
cote divoire,No vaccination,2085,62578.3750,58785.8231,66882.9233
cote divoire,No vaccination,2086,63568.8177,59697.6076,67911.2519
cote divoire,No vaccination,2087,64461.8397,60523.5177,68887.2621
cote divoire,No vaccination,2088,65284.5025,61272.2130,69785.3355
cote divoire,No vaccination,2089,66031.3936,61946.2191,70591.4007
cote divoire,No vaccination,2090,66709.7296,62512.7018,71298.9628
cote divoire,No vaccination,2091,67297.8613,63055.7313,71937.9697
cote divoire,No vaccination,2092,67803.0051,63515.7730,72507.3389
cote divoire,No vaccination,2093,68266.6549,63901.1256,73031.2452
cote divoire,No vaccination,2094,68654.5332,64234.5205,73465.6688
cote divoire,No vaccination,2095,68977.4644,64533.2770,73831.1765
cote divoire,No vaccination,2096,69271.5303,64767.8081,74158.0767
cote divoire,No vaccination,2097,69509.6696,64961.9277,74454.6683
cote divoire,No vaccination,2098,69709.9230,65130.4293,74672.2410
cote divoire,No vaccination,2099,69868.6826,65266.8181,74853.3712
cote divoire,No vaccination,2100,69993.1645,65371.4551,75019.3470
cote divoire,No vaccination,2101,70097.8014,65454.4430,75149.2412
cote divoire,No vaccination,2102,70173.5730,65508.5656,75247.3834
cote divoire,No vaccination,2103,70234.9119,65559.0800,75334.3403
cote divoire,No vaccination,2104,70287.2304,65591.5535,75403.6172
cote divoire,No vaccination,2105,70319.7039,65616.0891,75447.2761
cote divoire,No vaccination,2106,70341.3530,65630.1610,75480.1105
cote divoire,No vaccination,2107,70357.5897,65637.3773,75502.4811
cote divoire,No vaccination,2108,70368.4143,65640.9855,75524.1301
cote divoire,No vaccination,2109,70379.2388,65644.5936,75542.8926
cote divoire,No vaccination,2110,70382.8469,65644.5936,75550.1090
cote divoire,No vaccination,2111,70382.8469,65644.5936,75554.0780
cote divoire,No vaccination,2112,70382.8469,65644.5936,75561.2943
cote divoire,No vaccination,2113,70382.8469,65644.5936,75564.9025
cote divoire,No vaccination,2114,70382.8469,65644.5936,75564.9025
cote divoire,No vaccination,2115,70382.8469,65644.5936,75565.2633
cote divoire,No vaccination,2116,70382.8469,65644.5936,75565.2633
cote divoire,No vaccination,2117,70382.8469,65644.5936,75565.2633
cote divoire,No vaccination,2118,70382.8469,65644.5936,75565.2633
cote divoire,No vaccination,2119,70382.8469,65644.5936,75565.2633
cote divoire,No vaccination,2120,70382.8469,65644.5936,75565.2633
cote divoire,No vaccination,2121,70382.8469,65644.5936,75565.2633
cote divoire,No vaccination,2122,70382.8469,65644.5936,75565.2633
cote divoire,No vaccination,2123,70382.8469,65644.5936,75565.2633
cote divoire,No vaccination,2124,70382.8469,65644.5936,75565.2633
cote divoire,No vaccination,2125,70382.8469,65644.5936,75565.2633
cote divoire,Single dose shipments,2024,0.0000,0.0000,0.0000
cote divoire,Single dose shipments,2025,0.0000,0.0000,0.0000
cote divoire,Single dose shipments,2026,0.0000,0.0000,0.0000
cote divoire,Single dose shipments,2027,0.0000,0.0000,0.0000
cote divoire,Single dose shipments,2028,0.0000,0.0000,0.0000
cote divoire,Single dose shipments,2029,0.0000,0.0000,3.9690
cote divoire,Single dose shipments,2030,0.0000,0.0000,11.1853
cote divoire,Single dose shipments,2031,0.0000,0.0000,14.7935
cote divoire,Single dose shipments,2032,3.6082,0.0000,22.3707
cote divoire,Single dose shipments,2033,10.8245,0.0000,33.1952
cote divoire,Single dose shipments,2034,21.6490,3.2474,54.8442
cote divoire,Single dose shipments,2035,36.0817,10.4637,76.4932
cote divoire,Single dose shipments,2036,54.1226,17.3192,101.7504
cote divoire,Single dose shipments,2037,81.1838,31.3911,145.7701
cote divoire,Single dose shipments,2038,117.2656,53.0401,203.5008
cote divoire,Single dose shipments,2039,164.1718,89.1218,265.2006
cote divoire,Single dose shipments,2040,225.5107,136.0280,348.5493
cote divoire,Single dose shipments,2041,306.6945,204.5833,464.3716
cote divoire,Single dose shipments,2042,427.5683,291.1794,609.0593
cote divoire,Single dose shipments,2043,562.8747,394.0123,764.9323
cote divoire,Single dose shipments,2044,727.0465,513.0819,974.2061
cote divoire,Single dose shipments,2045,923.6918,678.3362,1216.3144
cote divoire,Single dose shipments,2046,1172.6555,876.4247,1512.9060
cote divoire,Single dose shipments,2047,1495.5868,1156.0579,1875.5271
cote divoire,Single dose shipments,2048,1852.7956,1458.7834,2274.9515
cote divoire,Single dose shipments,2049,2274.9515,1815.9923,2758.8071
cote divoire,Single dose shipments,2050,2762.0545,2245.0037,3294.9812
cote divoire,Single dose shipments,2051,3330.3412,2759.8895,3937.5962
cote divoire,Single dose shipments,2052,3929.2974,3311.2179,4641.1894
cote divoire,Single dose shipments,2053,4665.3641,3992.0796,5467.8211
cote divoire,Single dose shipments,2054,5498.8513,4718.4041,6377.4407
cote divoire,Single dose shipments,2055,6422.5428,5580.7567,7368.2444
cote divoire,Single dose shipments,2056,7450.8714,6525.7365,8475.9529
cote divoire,Single dose shipments,2057,8517.0859,7493.0871,9637.7842
cote divoire,Single dose shipments,2058,9711.3908,8627.4962,10999.1480
cote divoire,Single dose shipments,2059,11012.1372,9818.1930,12382.5218
cote divoire,Single dose shipments,2060,12368.8104,11117.4961,13809.1938
cote divoire,Single dose shipments,2061,13844.5537,12527.2096,15382.3581
cote divoire,Single dose shipments,2062,15390.6566,13937.2840,17083.6130
cote divoire,Single dose shipments,2063,17001.7069,15438.2846,18790.6409
cote divoire,Single dose shipments,2064,18690.3331,17021.9126,20590.7599
cote divoire,Single dose shipments,2065,20416.8453,18626.4681,22399.8993
cote divoire,Single dose shipments,2066,22174.0270,20309.6820,24225.9974
cote divoire,Single dose shipments,2067,23979.9192,22051.7094,26139.7743
cote divoire,Single dose shipments,2068,25791.2237,23739.6140,28053.5511
cote divoire,Single dose shipments,2069,27607.9404,25406.5911,29997.6367
cote divoire,Single dose shipments,2070,29406.6162,27135.9898,31891.9293
cote divoire,Single dose shipments,2071,31192.6634,28856.7289,33808.2318
cote divoire,Single dose shipments,2072,32998.5556,30498.0879,35670.4114
cote divoire,Single dose shipments,2073,34782.7988,32161.8176,37558.5702
cote divoire,Single dose shipments,2074,36530.9600,33766.7339,39411.0076
cote divoire,Single dose shipments,2075,38178.0921,35307.0638,41200.3021
cote divoire,Single dose shipments,2076,39774.7096,36806.9819,42880.6294
cote divoire,Single dose shipments,2077,41337.0494,38258.9112,44550.1323
cote divoire,Single dose shipments,2078,42827.2254,39629.6564,46168.7597
cote divoire,Single dose shipments,2079,44210.9600,40895.0425,47657.1317
cote divoire,Single dose shipments,2080,45529.7473,42092.5948,49040.1447
cote divoire,Single dose shipments,2081,46761.9382,43229.1687,50411.6114
cote divoire,Single dose shipments,2082,47932.7901,44318.1147,51656.7917
cote divoire,Single dose shipments,2083,49029.6741,45286.9083,52820.4271
cote divoire,Single dose shipments,2084,50014.7045,46213.1254,53883.3943
cote divoire,Single dose shipments,2085,50958.2410,47103.2609,54886.1048
cote divoire,Single dose shipments,2086,51804.3568,47888.7595,55817.7343
cote divoire,Single dose shipments,2087,52585.5255,48606.0637,56656.9946
cote divoire,Single dose shipments,2088,53299.9432,49266.3588,57425.5348
cote divoire,Single dose shipments,2089,53924.1566,49843.6659,58108.9222
cote divoire,Single dose shipments,2090,54506.8760,50369.7371,58733.4964
cote divoire,Single dose shipments,2091,55031.8647,50848.9021,59328.1228
cote divoire,Single dose shipments,2092,55472.0615,51253.0172,59819.1947
cote divoire,Single dose shipments,2093,55854.5275,51601.2056,60248.5670
cote divoire,Single dose shipments,2094,56186.4792,51900.3229,60610.8273
cote divoire,Single dose shipments,2095,56475.1328,52148.9258,60949.9953
cote divoire,Single dose shipments,2096,56713.2721,52350.6226,61222.4121
cote divoire,Single dose shipments,2097,56931.5664,52532.4744,61471.3759
cote divoire,Single dose shipments,2098,57099.3463,52676.4404,61666.5779
cote divoire,Single dose shipments,2099,57249.0854,52805.6129,61840.1309
cote divoire,Single dose shipments,2100,57355.5265,52891.4874,61970.3859
cote divoire,Single dose shipments,2101,57438.5144,52949.2181,62087.2907
cote divoire,Single dose shipments,2102,57503.4615,53006.5881,62181.4639
cote divoire,Single dose shipments,2103,57552.1718,53042.3089,62253.6273
cote divoire,Single dose shipments,2104,57597.2739,53067.5661,62311.3581
cote divoire,Single dose shipments,2105,57626.1393,53081.6380,62358.2643
cote divoire,Single dose shipments,2106,57649.5924,53096.0707,62397.9542
cote divoire,Single dose shipments,2107,57664.0251,53102.9262,62423.5722
cote divoire,Single dose shipments,2108,57671.2414,53102.9262,62441.6130
cote divoire,Single dose shipments,2109,57678.4578,53102.9262,62452.4376
cote divoire,Single dose shipments,2110,57685.6741,53102.9262,62463.2621
cote divoire,Single dose shipments,2111,57685.6741,53102.9262,62470.4784
cote divoire,Single dose shipments,2112,57685.6741,53102.9262,62474.4474
cote divoire,Single dose shipments,2113,57685.6741,53102.9262,62474.8082
cote divoire,Single dose shipments,2114,57685.6741,53102.9262,62478.4164
cote divoire,Single dose shipments,2115,57685.6741,53102.9262,62478.4164
cote divoire,Single dose shipments,2116,57685.6741,53102.9262,62478.4164
cote divoire,Single dose shipments,2117,57685.6741,53102.9262,62478.4164
cote divoire,Single dose shipments,2118,57685.6741,53102.9262,62478.4164
cote divoire,Single dose shipments,2119,57685.6741,53102.9262,62478.4164
cote divoire,Single dose shipments,2120,57685.6741,53102.9262,62478.4164
cote divoire,Single dose shipments,2121,57685.6741,53102.9262,62478.4164
cote divoire,Single dose shipments,2122,57685.6741,53102.9262,62478.4164
cote divoire,Single dose shipments,2123,57685.6741,53102.9262,62478.4164
cote divoire,Single dose shipments,2124,57685.6741,53102.9262,62478.4164
cote divoire,Single dose shipments,2125,57685.6741,53102.9262,62478.4164
cote divoire,Single dose actual,2024,0.0000,0.0000,0.0000
cote divoire,Single dose actual,2025,0.0000,0.0000,0.0000
cote divoire,Single dose actual,2026,0.0000,0.0000,0.0000
cote divoire,Single dose actual,2027,0.0000,0.0000,0.0000
cote divoire,Single dose actual,2028,0.0000,0.0000,3.6082
cote divoire,Single dose actual,2029,0.0000,0.0000,7.2163
cote divoire,Single dose actual,2030,0.0000,0.0000,11.1853
cote divoire,Single dose actual,2031,0.0000,0.0000,22.0098
cote divoire,Single dose actual,2032,3.6082,0.0000,29.2262
cote divoire,Single dose actual,2033,7.2163,0.0000,40.0507
cote divoire,Single dose actual,2034,16.2368,3.6082,58.0916
cote divoire,Single dose actual,2035,28.8654,10.8245,76.1324
cote divoire,Single dose actual,2036,48.7103,21.6490,101.3896
cote divoire,Single dose actual,2037,72.1634,39.3291,148.2958
cote divoire,Single dose actual,2038,111.8533,60.6173,202.4184
cote divoire,Single dose actual,2039,167.7800,95.9773,267.7263
cote divoire,Single dose actual,2040,229.1189,142.1619,340.9722
cote divoire,Single dose actual,2041,312.1068,213.6037,449.5781
cote divoire,Single dose actual,2042,431.1764,292.6227,580.1939
cote divoire,Single dose actual,2043,573.6992,403.3935,736.4277
cote divoire,Single dose actual,2044,736.0669,543.7514,938.8461
cote divoire,Single dose actual,2045,927.2999,718.7476,1183.1192
cote divoire,Single dose actual,2046,1156.4188,920.4444,1457.3402
cote divoire,Single dose actual,2047,1448.6805,1153.1714,1771.6118
cote divoire,Single dose actual,2048,1780.6322,1436.4128,2162.0158
cote divoire,Single dose actual,2049,2157.6860,1778.8281,2563.6051
cote divoire,Single dose actual,2050,2641.1808,2196.2934,3092.2020
cote divoire,Single dose actual,2051,3151.7368,2635.7685,3670.2309
cote divoire,Single dose actual,2052,3748.8889,3179.1589,4341.3505
cote divoire,Single dose actual,2053,4416.4004,3770.5379,5037.3664
cote divoire,Single dose actual,2054,5165.0956,4468.3580,5841.9883
cote divoire,Single dose actual,2055,5967.9135,5189.6312,6733.9279
cote divoire,Single dose actual,2056,6889.8009,6044.7674,7694.0620
cote divoire,Single dose actual,2057,7858.5945,6925.1608,8723.1122
cote divoire,Single dose actual,2058,8924.8090,7883.1299,9850.6658
cote divoire,Single dose actual,2059,10086.6403,8917.9532,11083.2175
cote divoire,Single dose actual,2060,11317.0271,10079.0628,12416.4376
cote divoire,Single dose actual,2061,12615.9693,11320.9958,13816.7698
cote divoire,Single dose actual,2062,14019.5490,12658.5456,15304.7810
cote divoire,Single dose actual,2063,15459.2104,13988.1575,16898.1511
cote divoire,Single dose actual,2064,16931.3456,15369.3663,18465.1815
cote divoire,Single dose actual,2065,18472.0362,16827.0687,20125.3028
cote divoire,Single dose actual,2066,20023.5514,18311.8325,21836.2997
cote divoire,Single dose actual,2067,21593.1075,19775.3080,23529.9774
cote divoire,Single dose actual,2068,23227.6110,21350.9980,25251.7989
cote divoire,Single dose actual,2069,24869.3308,22896.7401,26989.8573
cote divoire,Single dose actual,2070,26512.8547,24414.6992,28725.7506
cote divoire,Single dose actual,2071,28159.9868,25878.8963,30434.5827
cote divoire,Single dose actual,2072,29792.6862,27423.9168,32185.9911
cote divoire,Single dose actual,2073,31400.1282,28941.5151,33878.9472
cote divoire,Single dose actual,2074,32919.1698,30424.4748,35480.6161
cote divoire,Single dose actual,2075,34429.1908,31860.5280,37134.9646
cote divoire,Single dose actual,2076,35897.7178,33260.8603,38727.6131
cote divoire,Single dose actual,2077,37281.4524,34576.7610,40232.9435
cote divoire,Single dose actual,2078,38620.0847,35824.8279,41669.3576
cote divoire,Single dose actual,2079,39940.6760,37031.4006,43040.8244
cote divoire,Single dose actual,2080,41162.0423,38128.2846,44278.7884
cote divoire,Single dose actual,2081,42307.6368,39166.7160,45498.7114
cote divoire,Single dose actual,2082,43400.9127,40183.4983,46671.0064
cote divoire,Single dose actual,2083,44432.8495,41125.2307,47767.8903
cote divoire,Single dose actual,2084,45372.7777,41959.4396,48791.8890
cote divoire,Single dose actual,2085,46209.8731,42744.9382,49719.1886
cote divoire,Single dose actual,2086,46982.0215,43451.7786,50596.6955
cote divoire,Single dose actual,2087,47705.4595,44142.3823,51430.1828
cote divoire,Single dose actual,2088,48371.1669,44733.7614,52191.8674
cote divoire,Single dose actual,2089,48979.1435,45287.9763,52835.9257
cote divoire,Single dose actual,2090,49520.3690,45771.1103,53424.4183
cote divoire,Single dose actual,2091,49987.6270,46207.3380,53933.1702
cote divoire,Single dose actual,2092,50420.6074,46611.0923,54435.4275
cote divoire,Single dose actual,2093,50790.4449,46921.0341,54855.0577
cote divoire,Single dose actual,2094,51115.1802,47197.4199,55212.9881
cote divoire,Single dose actual,2095,51391.2052,47427.9820,55542.0533
cote divoire,Single dose actual,2096,51614.9118,47611.6379,55817.7175
cote divoire,Single dose actual,2097,51835.0102,47788.0775,56052.2486
cote divoire,Single dose actual,2098,52006.3983,47934.2084,56247.0898
cote divoire,Single dose actual,2099,52132.6843,48034.5155,56402.6020
cote divoire,Single dose actual,2100,52242.7335,48113.8953,56540.0733
cote divoire,Single dose actual,2101,52341.9582,48178.1208,56655.8956
cote divoire,Single dose actual,2102,52405.1012,48224.6662,56738.8835
cote divoire,Single dose actual,2103,52452.0075,48263.9952,56809.6036
cote divoire,Single dose actual,2104,52493.5014,48292.4998,56867.6952
cote divoire,Single dose actual,2105,52522.3668,48313.7880,56910.9933
cote divoire,Single dose actual,2106,52540.4076,48324.2517,56943.4668
cote divoire,Single dose actual,2107,52553.0362,48327.8599,56962.5901
cote divoire,Single dose actual,2108,52563.8608,48335.0762,56977.3836
cote divoire,Single dose actual,2109,52571.0771,48335.0762,56988.2081
cote divoire,Single dose actual,2110,52574.6853,48335.0762,56999.0326
cote divoire,Single dose actual,2111,52576.4894,48335.0762,57006.6098
cote divoire,Single dose actual,2112,52576.4894,48335.0762,57010.2180
cote divoire,Single dose actual,2113,52576.4894,48335.0762,57013.8261
cote divoire,Single dose actual,2114,52576.4894,48335.0762,57013.8261
cote divoire,Single dose actual,2115,52576.4894,48335.0762,57013.8261
cote divoire,Single dose actual,2116,52576.4894,48335.0762,57013.8261
cote divoire,Single dose actual,2117,52576.4894,48335.0762,57013.8261
cote divoire,Single dose actual,2118,52576.4894,48335.0762,57013.8261
cote divoire,Single dose actual,2119,52576.4894,48335.0762,57013.8261
cote divoire,Single dose actual,2120,52576.4894,48335.0762,57013.8261
cote divoire,Single dose actual,2121,52576.4894,48335.0762,57013.8261
cote divoire,Single dose actual,2122,52576.4894,48335.0762,57013.8261
cote divoire,Single dose actual,2123,52576.4894,48335.0762,57013.8261
cote divoire,Single dose actual,2124,52576.4894,48335.0762,57013.8261
cote divoire,Single dose actual,2125,52576.4894,48335.0762,57013.8261
cote divoire,Double dose,2024,0.0000,0.0000,0.0000
cote divoire,Double dose,2025,0.0000,0.0000,0.0000
cote divoire,Double dose,2026,0.0000,0.0000,0.0000
cote divoire,Double dose,2027,0.0000,0.0000,0.0000
cote divoire,Double dose,2028,0.0000,0.0000,3.6082
cote divoire,Double dose,2029,0.0000,0.0000,3.9690
cote divoire,Double dose,2030,0.0000,0.0000,7.9380
cote divoire,Double dose,2031,3.6082,0.0000,15.1543
cote divoire,Double dose,2032,7.2163,0.0000,22.3707
cote divoire,Double dose,2033,14.4327,3.6082,33.1952
cote divoire,Double dose,2034,25.2572,7.2163,51.2360
cote divoire,Double dose,2035,43.2981,14.4327,73.2459
cote divoire,Double dose,2036,64.9471,24.8964,106.0802
cote divoire,Double dose,2037,95.6165,42.5764,149.7391
cote divoire,Double dose,2038,138.9146,75.0500,204.2225
cote divoire,Double dose,2039,194.8412,114.3790,287.5712
cote divoire,Double dose,2040,272.4169,172.1098,374.5282
cote divoire,Double dose,2041,375.2498,251.1287,501.5358
cote divoire,Double dose,2042,497.9276,348.5493,660.2953
cote divoire,Double dose,2043,658.4912,478.4435,849.0026
cote divoire,Double dose,2044,860.5488,640.4504,1083.8945
cote divoire,Double dose,2045,1113.1207,838.5389,1373.6306
cote divoire,Double dose,2046,1405.3825,1107.3476,1683.9332
cote divoire,Double dose,2047,1762.5913,1423.4233,2111.8622
cote divoire,Double dose,2048,2182.9431,1803.0028,2571.5431
cote divoire,Double dose,2049,2702.5196,2270.9825,3140.5515
cote divoire,Double dose,2050,3272.6105,2785.8683,3800.8466
cote divoire,Double dose,2051,3947.3382,3393.4842,4561.8096
cote divoire,Double dose,2052,4710.4662,4103.5720,5394.5752
cote divoire,Double dose,2053,5578.2310,4875.7203,6323.6790
cote divoire,Double dose,2054,6554.2410,5764.4125,7410.0993
cote divoire,Double dose,2055,7654.7332,6767.4839,8594.6621
cote divoire,Double dose,2056,8858.0585,7900.0889,9897.5734
cote divoire,Double dose,2057,10218.3400,9099.0844,11327.8536
cote divoire,Double dose,2058,11650.7850,10382.1507,12853.3898
cote divoire,Double dose,2059,13202.3002,11779.5964,14449.6465
cote divoire,Double dose,2060,14858.4528,13311.2666,16147.6540
cote divoire,Double dose,2061,16608.4182,15004.5834,17986.3807
cote divoire,Double dose,2062,18398.0735,16661.0968,19914.5904
cote divoire,Double dose,2063,20261.6967,18411.0622,21936.6120
cote divoire,Double dose,2064,22237.1732,20311.1280,24056.7764
cote divoire,Double dose,2065,24205.4335,22231.3994,26169.3634
cote divoire,Double dose,2066,26197.1467,24119.1975,28328.8564
cote divoire,Double dose,2067,28282.6722,26114.5193,30530.9257
cote divoire,Double dose,2068,30404.2797,28025.7702,32726.1395
cote divoire,Double dose,2069,32489.8056,29939.9079,35010.8355
cote divoire,Double dose,2070,34564.5069,31934.5078,37295.5315
cote divoire,Double dose,2071,36635.6001,33874.6243,39455.3852
cote divoire,Double dose,2072,38688.6524,35829.1736,41613.7957
cote divoire,Double dose,2073,40640.6760,37640.4780,43728.9083
cote divoire,Double dose,2074,42616.1526,39476.6790,45779.4348
cote divoire,Double dose,2075,44474.3634,41178.6555,47781.2510
cote divoire,Double dose,2076,46292.8842,42794.3964,49697.1927
cote divoire,Double dose,2077,48028.4169,44459.5694,51523.6516
cote divoire,Double dose,2078,49702.6103,46061.5992,53321.9667
cote divoire,Double dose,2079,51281.1869,47581.3623,54974.8719
cote divoire,Double dose,2080,52702.8075,48957.8806,56462.1614
cote divoire,Double dose,2081,54095.5625,50245.6375,57932.8532
cote divoire,Double dose,2082,55358.4229,51426.9529,59326.6907
cote divoire,Double dose,2083,56559.9442,52543.6819,60588.4687
cote divoire,Double dose,2084,57683.8895,53566.5981,61774.1140
cote divoire,Double dose,2085,58742.8877,54518.7943,62907.8014
cote divoire,Double dose,2086,59673.7955,55386.9199,63907.9861
cote divoire,Double dose,2087,60546.9726,56161.2332,64835.6466
cote divoire,Double dose,2088,61317.3169,56876.3725,65685.3706
cote divoire,Double dose,2089,62015.4977,57489.4005,66447.0552
cote divoire,Double dose,2090,62646.9275,58056.9657,67112.7626
cote divoire,Double dose,2091,63215.2142,58563.9135,67720.0176
cote divoire,Double dose,2092,63714.9458,58996.8940,68241.0373
cote divoire,Double dose,2093,64138.9058,59404.2564,68714.0684
cote divoire,Double dose,2094,64492.5064,59710.9508,69135.5027
cote divoire,Double dose,2095,64817.2418,59983.7285,69489.4642
cote divoire,Double dose,2096,65086.0505,60213.2082,69786.4166
cote divoire,Double dose,2097,65313.3652,60400.8330,70042.5967
cote divoire,Double dose,2098,65504.5982,60547.3248,70256.9220
cote divoire,Double dose,2099,65645.3169,60669.6418,70430.4750
cote divoire,Double dose,2100,65764.3866,60763.0934,70587.0697
cote divoire,Double dose,2101,65865.4153,60841.7515,70720.9328
cote divoire,Double dose,2102,65939.3829,60899.4823,70815.1061
cote divoire,Double dose,2103,65998.9177,60939.1721,70895.2075
cote divoire,Double dose,2104,66042.2157,60971.6457,70953.6598
cote divoire,Double dose,2105,66080.1015,60992.9339,71004.5350
cote divoire,Double dose,2106,66099.9465,61007.3666,71033.4004
cote divoire,Double dose,2107,66114.3792,61014.5829,71059.0184
cote divoire,Double dose,2108,66125.2037,61017.8303,71084.2756
cote divoire,Double dose,2109,66132.4200,61021.0776,71099.0691
cote divoire,Double dose,2110,66136.0282,61021.0776,71106.2855
cote divoire,Double dose,2111,66136.0282,61021.0776,71113.5018
cote divoire,Double dose,2112,66136.0282,61021.0776,71117.1100
cote divoire,Double dose,2113,66136.0282,61021.0776,71120.7182
cote divoire,Double dose,2114,66136.0282,61021.0776,71121.0790
cote divoire,Double dose,2115,66136.0282,61021.0776,71121.0790
cote divoire,Double dose,2116,66136.0282,61021.0776,71121.0790
cote divoire,Double dose,2117,66136.0282,61021.0776,71121.0790
cote divoire,Double dose,2118,66136.0282,61021.0776,71121.0790
cote divoire,Double dose,2119,66136.0282,61021.0776,71121.0790
cote divoire,Double dose,2120,66136.0282,61021.0776,71121.0790
cote divoire,Double dose,2121,66136.0282,61021.0776,71121.0790
cote divoire,Double dose,2122,66136.0282,61021.0776,71121.0790
cote divoire,Double dose,2123,66136.0282,61021.0776,71121.0790
cote divoire,Double dose,2124,66136.0282,61021.0776,71121.0790
cote divoire,Double dose,2125,66136.0282,61021.0776,71121.0790
ethiopia,No vaccination,2024,0.0000,0.0000,0.0000
ethiopia,No vaccination,2025,0.0000,0.0000,0.0000
ethiopia,No vaccination,2026,0.0000,0.0000,0.0000
ethiopia,No vaccination,2027,0.0000,0.0000,0.0000
ethiopia,No vaccination,2028,0.0000,0.0000,0.0000
ethiopia,No vaccination,2029,0.0000,0.0000,21.1200
ethiopia,No vaccination,2030,0.0000,0.0000,42.2400
ethiopia,No vaccination,2031,21.1200,0.0000,65.4720
ethiopia,No vaccination,2032,42.2400,0.0000,128.8320
ethiopia,No vaccination,2033,84.4800,0.0000,194.3040
ethiopia,No vaccination,2034,126.7200,19.0080,280.8960
ethiopia,No vaccination,2035,200.6400,61.2480,388.6080
ethiopia,No vaccination,2036,306.2400,103.4880,591.3600
ethiopia,No vaccination,2037,475.2000,206.9760,868.0320
ethiopia,No vaccination,2038,707.5200,346.3680,1186.9441
ethiopia,No vaccination,2039,982.0800,555.4560,1611.4561
ethiopia,No vaccination,2040,1362.2401,764.5440,2059.2001
ethiopia,No vaccination,2041,1784.6401,1017.9840,2654.7841
ethiopia,No vaccination,2042,2312.6401,1396.0321,3341.1841
ethiopia,No vaccination,2043,2956.8001,1957.8241,4126.8481
ethiopia,No vaccination,2044,3717.1201,2566.0801,5121.6001
ethiopia,No vaccination,2045,4561.9201,3360.1921,6190.2721
ethiopia,No vaccination,2046,5470.0801,4097.2800,7415.2320
ethiopia,No vaccination,2047,6663.3601,5066.6880,8874.6239
ethiopia,No vaccination,2048,8110.0800,6327.5520,10631.8077
ethiopia,No vaccination,2049,9820.7998,7799.6159,12513.5996
ethiopia,No vaccination,2050,11637.1196,9417.4077,14568.5753
ethiopia,No vaccination,2051,13801.9194,11463.9355,16919.2310
ethiopia,No vaccination,2052,16315.1990,13863.1672,19677.5026
ethiopia,No vaccination,2053,19166.3986,16353.2149,22856.0621
ethiopia,No vaccination,2054,22439.9981,19367.0384,26450.6856
ethiopia,No vaccination,2055,25998.7176,22568.8299,30271.2930
ethiopia,No vaccination,2056,30095.9970,26300.7333,34708.6044
ethiopia,No vaccination,2057,34510.0764,30433.9167,39595.7718
ethiopia,No vaccination,2058,39547.1957,35249.2760,44949.6910
ethiopia,No vaccination,2059,45006.7149,40353.9792,51085.0501
ethiopia,No vaccination,2060,51099.8340,46035.2583,57708.2811
ethiopia,No vaccination,2061,57625.9130,52086.1374,64559.6080
ethiopia,No vaccination,2062,64553.2722,58525.6244,72048.7589
ethiopia,No vaccination,2063,71829.1113,65157.3037,79956.0862
ethiopia,No vaccination,2064,79432.3106,72017.0786,88182.3276
ethiopia,No vaccination,2065,87172.7895,79356.2780,96615.5450
ethiopia,No vaccination,2066,95546.8704,86748.2777,105923.1338
ethiopia,No vaccination,2067,104174.3926,94858.3591,115304.6430
ethiopia,No vaccination,2068,112928.6347,103213.4324,124700.9362
ethiopia,No vaccination,2069,121767.3574,111329.8486,134190.1587
ethiopia,No vaccination,2070,130922.8818,119910.9060,144141.9110
ethiopia,No vaccination,2071,140215.6867,128246.9708,153947.9346
ethiopia,No vaccination,2072,149371.2109,136840.6998,163644.1335
ethiopia,No vaccination,2073,158463.3755,145540.0295,173129.1312
ethiopia,No vaccination,2074,167629.4595,154220.3513,182871.7949
ethiopia,No vaccination,2075,176457.6224,162689.4725,192132.9196
ethiopia,No vaccination,2076,185285.7845,171110.0182,201391.9321
ethiopia,No vaccination,2077,193744.3453,179000.4500,210287.6787
ethiopia,No vaccination,2078,201938.9072,186648.0012,219162.3059
ethiopia,No vaccination,2079,209932.8277,194035.7762,227673.6679
ethiopia,No vaccination,2080,217599.3872,201015.9351,236111.1088
ethiopia,No vaccination,2081,224769.6262,207793.3420,244083.9097
ethiopia,No vaccination,2082,231950.4250,214275.0690,251704.0055
ethiopia,No vaccination,2083,238666.5840,220351.2921,258732.7404
ethiopia,No vaccination,2084,244907.5430,226262.7792,265467.9078
ethiopia,No vaccination,2085,250926.7421,231409.7225,272061.5707
ethiopia,No vaccination,2086,256576.3413,236537.6577,278279.2978
ethiopia,No vaccination,2087,261782.4206,241380.4731,283857.0890
ethiopia,No vaccination,2088,266618.8999,245657.2724,289115.9683
ethiopia,No vaccination,2089,271128.0193,249902.3918,294172.0956
ethiopia,No vaccination,2090,275225.2987,253697.6553,298630.5270
ethiopia,No vaccination,2091,278931.8582,257260.5987,302727.8064
ethiopia,No vaccination,2092,282321.6176,260363.1263,306432.2538
ethiopia,No vaccination,2093,285489.6172,263277.6858,310026.8772
ethiopia,No vaccination,2094,288245.7768,265801.5255,313154.7487
ethiopia,No vaccination,2095,290822.4164,268122.6132,316155.9003
ethiopia,No vaccination,2096,293124.4961,270190.2610,318675.5160
ethiopia,No vaccination,2097,295331.5359,272084.7248,321214.1396
ethiopia,No vaccination,2098,297084.4957,273634.9327,323250.1074
ethiopia,No vaccination,2099,298679.0556,274986.6126,325115.0032
ethiopia,No vaccination,2100,299988.4955,276186.2285,326658.8751
ethiopia,No vaccination,2101,301128.9755,277199.9885,327991.5470
ethiopia,No vaccination,2102,302111.0554,277958.1965,329098.2350
ethiopia,No vaccination,2103,302945.2954,278612.9165,330050.7469
ethiopia,No vaccination,2104,303504.9754,279115.5725,330838.5229
ethiopia,No vaccination,2105,303959.0555,279514.7406,331434.1070
ethiopia,No vaccination,2106,304402.5755,279831.5406,331962.1070
ethiopia,No vaccination,2107,304698.2555,280038.5166,332388.7310
ethiopia,No vaccination,2108,304898.8955,280205.3646,332665.4030
ethiopia,No vaccination,2109,305067.8555,280332.0846,332897.7230
ethiopia,No vaccination,2110,305194.5755,280374.3246,333068.7950
ethiopia,No vaccination,2111,305300.1755,280437.6846,333199.7390
ethiopia,No vaccination,2112,305363.5355,280456.6926,333286.3310
ethiopia,No vaccination,2113,305384.6555,280456.6926,333370.8110
ethiopia,No vaccination,2114,305384.6555,280456.6926,333413.0511
ethiopia,No vaccination,2115,305384.6555,280456.6926,333436.2831
ethiopia,No vaccination,2116,305384.6555,280456.6926,333436.2831
ethiopia,No vaccination,2117,305384.6555,280456.6926,333436.2831
ethiopia,No vaccination,2118,305384.6555,280456.6926,333436.2831
ethiopia,No vaccination,2119,305384.6555,280456.6926,333436.2831
ethiopia,No vaccination,2120,305384.6555,280456.6926,333436.2831
ethiopia,No vaccination,2121,305384.6555,280456.6926,333436.2831
ethiopia,No vaccination,2122,305384.6555,280456.6926,333436.2831
ethiopia,No vaccination,2123,305384.6555,280456.6926,333436.2831
ethiopia,No vaccination,2124,305384.6555,280456.6926,333436.2831
ethiopia,No vaccination,2125,305384.6555,280456.6926,333436.2831
ethiopia,Single dose shipments,2024,0.0000,0.0000,0.0000
ethiopia,Single dose shipments,2025,0.0000,0.0000,0.0000
ethiopia,Single dose shipments,2026,0.0000,0.0000,0.0000
ethiopia,Single dose shipments,2027,0.0000,0.0000,0.0000
ethiopia,Single dose shipments,2028,0.0000,0.0000,0.0000
ethiopia,Single dose shipments,2029,0.0000,0.0000,2.1120
ethiopia,Single dose shipments,2030,0.0000,0.0000,23.2320
ethiopia,Single dose shipments,2031,0.0000,0.0000,44.3520
ethiopia,Single dose shipments,2032,0.0000,0.0000,65.4720
ethiopia,Single dose shipments,2033,0.0000,0.0000,86.5920
ethiopia,Single dose shipments,2034,0.0000,0.0000,128.8320
ethiopia,Single dose shipments,2035,21.1200,0.0000,192.1920
ethiopia,Single dose shipments,2036,31.6800,0.0000,215.4240
ethiopia,Single dose shipments,2037,52.8000,0.0000,259.7760
ethiopia,Single dose shipments,2038,95.0400,0.0000,344.2560
ethiopia,Single dose shipments,2039,137.2800,0.0000,428.7360
ethiopia,Single dose shipments,2040,190.0800,21.1200,513.2160
ethiopia,Single dose shipments,2041,232.3200,42.2400,644.1600
ethiopia,Single dose shipments,2042,316.8000,63.3600,775.1040
ethiopia,Single dose shipments,2043,422.4000,124.6080,922.9440
ethiopia,Single dose shipments,2044,549.1200,185.8560,1094.0160
ethiopia,Single dose shipments,2045,665.2800,228.0960,1286.2080
ethiopia,Single dose shipments,2046,823.6800,354.8160,1497.4080
ethiopia,Single dose shipments,2047,1013.7600,500.5440,1771.9681
ethiopia,Single dose shipments,2048,1235.5200,606.1440,2052.8641
ethiopia,Single dose shipments,2049,1510.0801,796.2240,2456.2561
ethiopia,Single dose shipments,2050,1805.7601,922.9440,2819.5201
ethiopia,Single dose shipments,2051,2185.9201,1132.0320,3263.0401
ethiopia,Single dose shipments,2052,2566.0801,1427.7121,3812.1601
ethiopia,Single dose shipments,2053,3009.6001,1759.2961,4363.3922
ethiopia,Single dose shipments,2054,3516.4801,2158.4641,4977.9842
ethiopia,Single dose shipments,2055,4044.4802,2578.7521,5742.5282
ethiopia,Single dose shipments,2056,4656.9602,3064.5121,6441.6002
ethiopia,Single dose shipments,2057,5385.6002,3626.3042,7400.4482
ethiopia,Single dose shipments,2058,6177.6002,4190.2082,8395.2001
ethiopia,Single dose shipments,2059,7085.7602,4760.4482,9546.2401
ethiopia,Single dose shipments,2060,7962.2402,5493.3122,10598.0161
ethiopia,Single dose shipments,2061,9018.2401,6336.0002,11958.1440
ethiopia,Single dose shipments,2062,10211.5201,7237.8242,13297.1519
ethiopia,Single dose shipments,2063,11425.9200,8289.6001,14672.0638
ethiopia,Single dose shipments,2064,12745.9200,9468.0961,16215.9357
ethiopia,Single dose shipments,2065,14139.8399,10733.1840,17867.5195
ethiopia,Single dose shipments,2066,15702.7197,12063.7440,19690.1753
ethiopia,Single dose shipments,2067,17350.0796,13542.1439,21495.9352
ethiopia,Single dose shipments,2068,19071.3594,15124.0318,23506.5590
ethiopia,Single dose shipments,2069,20877.1193,16682.6876,25578.4307
ethiopia,Single dose shipments,2070,22841.2791,18355.3915,27798.1425
ethiopia,Single dose shipments,2071,24742.0789,20013.3114,29905.9182
ethiopia,Single dose shipments,2072,26663.9987,21724.0312,32108.7339
ethiopia,Single dose shipments,2073,28543.6785,23324.9271,34180.6057
ethiopia,Single dose shipments,2074,30581.7582,25071.5509,36419.3254
ethiopia,Single dose shipments,2075,32535.3580,26841.4068,38725.6291
ethiopia,Single dose shipments,2076,34510.0778,28594.3666,41175.5488
ethiopia,Single dose shipments,2077,36622.0776,30556.4144,43492.4125
ethiopia,Single dose shipments,2078,38712.9573,32315.7102,45758.5883
ethiopia,Single dose shipments,2079,40708.7971,34100.3501,48073.3400
ethiopia,Single dose shipments,2080,42694.0769,35830.0779,50331.0677
ethiopia,Single dose shipments,2081,44795.5167,37572.4777,52595.1314
ethiopia,Single dose shipments,2082,46823.0364,39363.4536,54939.4511
ethiopia,Single dose shipments,2083,48692.1563,41074.1734,57043.0029
ethiopia,Single dose shipments,2084,50540.1561,42770.1093,59034.6186
ethiopia,Single dose shipments,2085,52398.7159,44398.4611,61049.4664
ethiopia,Single dose shipments,2086,54088.3157,45885.3090,63091.7702
ethiopia,Single dose shipments,2087,55788.4756,47317.2449,65060.1540
ethiopia,Single dose shipments,2088,57298.5555,48690.0448,66796.2178
ethiopia,Single dose shipments,2089,58819.1954,49993.1488,68449.9137
ethiopia,Single dose shipments,2090,60276.4753,51167.4207,70120.5055
ethiopia,Single dose shipments,2091,61585.9152,52263.5487,71603.1294
ethiopia,Single dose shipments,2092,62810.8752,53313.2126,73062.5214
ethiopia,Single dose shipments,2093,63972.4751,54200.2526,74505.0172
ethiopia,Single dose shipments,2094,65081.2751,55127.4206,75736.3132
ethiopia,Single dose shipments,2095,65947.1951,55906.7486,76802.8732
ethiopia,Single dose shipments,2096,66844.7951,56620.6046,77858.8731
ethiopia,Single dose shipments,2097,67594.5551,57186.6206,78821.9451
ethiopia,Single dose shipments,2098,68270.3951,57794.8767,79628.7291
ethiopia,Single dose shipments,2099,68872.3151,58278.5247,80332.0251
ethiopia,Single dose shipments,2100,69347.5151,58656.5727,80944.5051
ethiopia,Single dose shipments,2101,69791.0352,58971.2607,81556.9852
ethiopia,Single dose shipments,2102,70192.3152,59245.8207,82068.0892
ethiopia,Single dose shipments,2103,70540.7952,59495.0367,82490.4892
ethiopia,Single dose shipments,2104,70783.6752,59661.8847,82828.4092
ethiopia,Single dose shipments,2105,71026.5552,59807.6127,83105.0812
ethiopia,Single dose shipments,2106,71195.5152,59911.1007,83339.5132
ethiopia,Single dose shipments,2107,71332.7952,59995.5807,83533.8172
ethiopia,Single dose shipments,2108,71427.8352,60058.9407,83681.6573
ethiopia,Single dose shipments,2109,71501.7552,60058.9407,83808.3773
ethiopia,Single dose shipments,2110,71543.9952,60058.9407,83892.8573
ethiopia,Single dose shipments,2111,71565.1152,60058.9407,83958.3293
ethiopia,Single dose shipments,2112,71596.7952,60058.9407,84021.6893
ethiopia,Single dose shipments,2113,71617.9152,60058.9407,84085.0493
ethiopia,Single dose shipments,2114,71617.9152,60058.9407,84106.1693
ethiopia,Single dose shipments,2115,71617.9152,60058.9407,84108.2813
ethiopia,Single dose shipments,2116,71617.9152,60058.9407,84108.2813
ethiopia,Single dose shipments,2117,71617.9152,60058.9407,84108.2813
ethiopia,Single dose shipments,2118,71617.9152,60058.9407,84108.2813
ethiopia,Single dose shipments,2119,71617.9152,60058.9407,84108.2813
ethiopia,Single dose shipments,2120,71617.9152,60058.9407,84108.2813
ethiopia,Single dose shipments,2121,71617.9152,60058.9407,84108.2813
ethiopia,Single dose shipments,2122,71617.9152,60058.9407,84108.2813
ethiopia,Single dose shipments,2123,71617.9152,60058.9407,84108.2813
ethiopia,Single dose shipments,2124,71617.9152,60058.9407,84108.2813
ethiopia,Single dose shipments,2125,71617.9152,60058.9407,84108.2813
ethiopia,Single dose actual,2024,0.0000,0.0000,0.0000
ethiopia,Single dose actual,2025,0.0000,0.0000,0.0000
ethiopia,Single dose actual,2026,0.0000,0.0000,0.0000
ethiopia,Single dose actual,2027,0.0000,0.0000,0.0000
ethiopia,Single dose actual,2028,0.0000,0.0000,0.0000
ethiopia,Single dose actual,2029,0.0000,0.0000,0.0000
ethiopia,Single dose actual,2030,0.0000,0.0000,21.1200
ethiopia,Single dose actual,2031,0.0000,0.0000,44.3520
ethiopia,Single dose actual,2032,0.0000,0.0000,65.4720
ethiopia,Single dose actual,2033,21.1200,0.0000,107.7120
ethiopia,Single dose actual,2034,42.2400,0.0000,152.0640
ethiopia,Single dose actual,2035,105.6000,21.1200,238.6560
ethiopia,Single dose actual,2036,179.5200,40.1280,344.2560
ethiopia,Single dose actual,2037,242.8800,61.2480,470.9760
ethiopia,Single dose actual,2038,327.3600,124.6080,642.0480
ethiopia,Single dose actual,2039,485.7600,206.9760,895.4880
ethiopia,Single dose actual,2040,644.1600,289.3440,1151.0400
ethiopia,Single dose actual,2041,823.6800,413.9520,1448.8320
ethiopia,Single dose actual,2042,1045.4400,582.9120,1723.3921
ethiopia,Single dose actual,2043,1309.4401,709.6320,2042.3041
ethiopia,Single dose actual,2044,1626.2401,979.9680,2426.6881
ethiopia,Single dose actual,2045,2027.5201,1271.4240,2937.7921
ethiopia,Single dose actual,2046,2534.4001,1630.4641,3508.0321
ethiopia,Single dose actual,2047,3072.9601,2090.8801,4188.0962
ethiopia,Single dose actual,2048,3706.5601,2574.5281,4971.6482
ethiopia,Single dose actual,2049,4371.8402,3142.6561,5786.8801
ethiopia,Single dose actual,2050,5184.9602,3691.7761,6844.9921
ethiopia,Single dose actual,2051,6188.1601,4513.3441,7987.5841
ethiopia,Single dose actual,2052,7286.4001,5400.3841,9282.2400
ethiopia,Single dose actual,2053,8553.6000,6412.0321,10699.3919
ethiopia,Single dose actual,2054,9915.8400,7592.6400,12327.7438
ethiopia,Single dose actual,2055,11478.7199,8908.4160,14232.7676
ethiopia,Single dose actual,2056,13126.0797,10319.2319,16144.1274
ethiopia,Single dose actual,2057,15016.3195,12048.9597,18412.4151
ethiopia,Single dose actual,2058,17149.4393,13801.9196,20803.1988
ethiopia,Single dose actual,2059,19440.9590,15846.3354,23333.3745
ethiopia,Single dose actual,2060,21922.5587,18082.9431,26292.2860
ethiopia,Single dose actual,2061,24710.3983,20596.2227,29291.3256
ethiopia,Single dose actual,2062,27719.9978,23346.0464,32507.9011
ethiopia,Single dose actual,2063,30835.1973,26070.5260,35939.9006
ethiopia,Single dose actual,2064,34129.9168,29194.1735,39534.5241
ethiopia,Single dose actual,2065,37530.2363,32256.5730,43494.5235
ethiopia,Single dose actual,2066,41183.9957,35644.2205,47655.1629
ethiopia,Single dose actual,2067,45070.0751,39240.9560,51931.9623
ethiopia,Single dose actual,2068,49082.8745,42795.4514,56377.7217
ethiopia,Single dose actual,2069,53085.1140,46571.7069,60861.4970
ethiopia,Single dose actual,2070,57266.8734,50282.4903,65412.8564
ethiopia,Single dose actual,2071,61533.1127,54041.8497,69962.1038
ethiopia,Single dose actual,2072,65831.0321,58118.0091,74610.6151
ethiopia,Single dose actual,2073,70076.1516,61875.2565,79295.0305
ethiopia,Single dose actual,2074,74426.8709,65759.2240,83926.6459
ethiopia,Single dose actual,2075,78819.8304,69704.4393,88575.1572
ethiopia,Single dose actual,2076,83181.1098,73611.6388,93441.2045
ethiopia,Single dose actual,2077,87299.5092,77349.8782,98121.3958
ethiopia,Single dose actual,2078,91755.8286,81124.0217,102753.0112
ethiopia,Single dose actual,2079,95842.5480,84988.9811,107253.6826
ethiopia,Single dose actual,2080,99707.5074,88406.1965,111486.1300
ethiopia,Single dose actual,2081,103583.0268,91952.2440,115965.6813
ethiopia,Single dose actual,2082,107405.7462,95506.7394,120253.0407
ethiopia,Single dose actual,2083,110975.0256,98531.1230,124255.2801
ethiopia,Single dose actual,2084,114385.9051,101631.5385,127961.8396
ethiopia,Single dose actual,2085,117680.6246,104643.2500,131497.3270
ethiopia,Single dose actual,2086,120869.7441,107319.1537,134920.8785
ethiopia,Single dose actual,2087,123900.4636,110168.2412,138177.5820
ethiopia,Single dose actual,2088,126709.4232,112700.5289,141324.4615
ethiopia,Single dose actual,2089,129275.5029,114890.6726,144262.2530
ethiopia,Single dose actual,2090,131714.8625,116979.4404,146883.2447
ethiopia,Single dose actual,2091,133932.4623,118939.3762,149523.2443
ethiopia,Single dose actual,2092,136002.2220,120709.2320,151764.0760
ethiopia,Single dose actual,2093,137829.1019,122331.2479,153838.0598
ethiopia,Single dose actual,2094,139529.2617,123826.5438,155766.3156
ethiopia,Single dose actual,2095,141049.9016,125197.2317,157498.1554
ethiopia,Single dose actual,2096,142422.7015,126474.9916,159151.8513
ethiopia,Single dose actual,2097,143573.7415,127402.1596,160545.7712
ethiopia,Single dose actual,2098,144682.5414,128337.7756,161798.1871
ethiopia,Single dose actual,2099,145664.6214,129180.4636,163002.0271
ethiopia,Single dose actual,2100,146509.4214,129830.9596,164106.6030
ethiopia,Single dose actual,2101,147143.0214,130399.0876,164909.1630
ethiopia,Single dose actual,2102,147723.8215,130842.6076,165606.1230
ethiopia,Single dose actual,2103,148167.3415,131199.5357,166201.7070
ethiopia,Single dose actual,2104,148568.6215,131493.1037,166755.0511
ethiopia,Single dose actual,2105,148843.1815,131681.0717,167198.5711
ethiopia,Single dose actual,2106,149117.7415,131892.2717,167538.6031
ethiopia,Single dose actual,2107,149307.8215,132016.8797,167855.4031
ethiopia,Single dose actual,2108,149434.5415,132120.3677,168087.7231
ethiopia,Single dose actual,2109,149540.1415,132202.7357,168282.0271
ethiopia,Single dose actual,2110,149603.5015,132242.8637,168429.8671
ethiopia,Single dose actual,2111,149645.7416,132261.8717,168516.4591
ethiopia,Single dose actual,2112,149687.9816,132280.8797,168579.8192
ethiopia,Single dose actual,2113,149709.1016,132280.8797,168643.1792
ethiopia,Single dose actual,2114,149709.1016,132280.8797,168664.2992
ethiopia,Single dose actual,2115,149709.1016,132280.8797,168685.4192
ethiopia,Single dose actual,2116,149709.1016,132280.8797,168685.4192
ethiopia,Single dose actual,2117,149709.1016,132280.8797,168685.4192
ethiopia,Single dose actual,2118,149709.1016,132280.8797,168685.4192
ethiopia,Single dose actual,2119,149709.1016,132280.8797,168685.4192
ethiopia,Single dose actual,2120,149709.1016,132280.8797,168685.4192
ethiopia,Single dose actual,2121,149709.1016,132280.8797,168685.4192
ethiopia,Single dose actual,2122,149709.1016,132280.8797,168685.4192
ethiopia,Single dose actual,2123,149709.1016,132280.8797,168685.4192
ethiopia,Single dose actual,2124,149709.1016,132280.8797,168685.4192
ethiopia,Single dose actual,2125,149709.1016,132280.8797,168685.4192
ethiopia,Double dose,2024,0.0000,0.0000,0.0000
ethiopia,Double dose,2025,0.0000,0.0000,0.0000
ethiopia,Double dose,2026,0.0000,0.0000,0.0000
ethiopia,Double dose,2027,0.0000,0.0000,0.0000
ethiopia,Double dose,2028,0.0000,0.0000,0.0000
ethiopia,Double dose,2029,0.0000,0.0000,21.1200
ethiopia,Double dose,2030,0.0000,0.0000,44.3520
ethiopia,Double dose,2031,0.0000,0.0000,65.4720
ethiopia,Double dose,2032,0.0000,0.0000,88.7040
ethiopia,Double dose,2033,21.1200,0.0000,133.0560
ethiopia,Double dose,2034,52.8000,0.0000,217.5360
ethiopia,Double dose,2035,84.4800,0.0000,304.1280
ethiopia,Double dose,2036,137.2800,19.0080,430.8480
ethiopia,Double dose,2037,200.6400,40.1280,536.4480
ethiopia,Double dose,2038,306.2400,82.3680,707.5200
ethiopia,Double dose,2039,443.5200,185.8560,920.8320
ethiopia,Double dose,2040,633.6000,310.4640,1176.3840
ethiopia,Double dose,2041,834.2400,435.0720,1472.0641
ethiopia,Double dose,2042,1045.4400,582.9120,1814.2081
ethiopia,Double dose,2043,1362.2400,772.9920,2198.5921
ethiopia,Double dose,2044,1700.1601,1003.2000,2623.1041
ethiopia,Double dose,2045,2143.6801,1320.0001,3195.4561
ethiopia,Double dose,2046,2661.1201,1717.0561,3852.2881
ethiopia,Double dose,2047,3252.4801,2135.2321,4593.6002
ethiopia,Double dose,2048,3938.8801,2637.8881,5463.7441
ethiopia,Double dose,2049,4794.2401,3282.0481,6458.4961
ethiopia,Double dose,2050,5786.8801,4080.3841,7643.3281
ethiopia,Double dose,2051,6832.3201,4982.2081,8912.6400
ethiopia,Double dose,2052,8036.1600,5970.6241,10416.3839
ethiopia,Double dose,2053,9451.2000,7172.3521,12021.5038
ethiopia,Double dose,2054,10919.0399,8395.2000,13801.9196
ethiopia,Double dose,2055,12777.5997,9911.6159,15892.7993
ethiopia,Double dose,2056,14615.0395,11649.7917,18110.3991
ethiopia,Double dose,2057,16758.7192,13423.8716,20435.7108
ethiopia,Double dose,2058,19092.4789,15426.0473,23160.1904
ethiopia,Double dose,2059,21626.8786,17548.6071,25994.4940
ethiopia,Double dose,2060,24594.2382,20207.6147,29126.5895
ethiopia,Double dose,2061,27741.1177,22868.7344,32600.8289
ethiopia,Double dose,2062,31247.0372,25646.0140,36474.2364
ethiopia,Double dose,2063,34837.4366,28873.1495,40449.0198
ethiopia,Double dose,2064,38649.5960,32277.6930,44442.8111
ethiopia,Double dose,2065,42546.2355,35777.2765,49006.8425
ethiopia,Double dose,2066,46664.6349,39450.0439,53682.8099
ethiopia,Double dose,2067,51047.0343,43439.6113,58586.8733
ethiopia,Double dose,2068,55292.1537,47319.3548,63256.5046
ethiopia,Double dose,2069,59896.3131,51551.8021,68057.0800
ethiopia,Double dose,2070,64500.4725,55583.6096,73018.1673
ethiopia,Double dose,2071,69199.6719,59596.4090,78279.1586
ethiopia,Double dose,2072,74078.3912,64137.2083,83742.9018
ethiopia,Double dose,2073,78957.1106,68424.5677,89075.7011
ethiopia,Double dose,2074,83740.7899,72855.5431,94256.4363
ethiopia,Double dose,2075,88439.9893,77176.6945,99430.8356
ethiopia,Double dose,2076,93149.7487,81523.1898,104624.2428
ethiopia,Double dose,2077,97764.4680,85776.7572,109802.8661
ethiopia,Double dose,2078,102379.1874,89935.2847,114835.7614
ethiopia,Double dose,2079,106846.0668,94180.4041,119851.7607
ethiopia,Double dose,2080,111175.6662,98127.7315,124622.7681
ethiopia,Double dose,2081,115431.3455,101944.1149,129585.9673
ethiopia,Double dose,2082,119518.0650,105825.9703,133997.9348
ethiopia,Double dose,2083,123435.8245,109200.9458,138306.4141
ethiopia,Double dose,2084,127321.9039,112660.4013,142576.8774
ethiopia,Double dose,2085,131039.0233,115980.4647,146568.5569
ethiopia,Double dose,2086,134481.5828,119209.7122,150393.3883
ethiopia,Double dose,2087,137628.4623,122101.0398,153964.7798
ethiopia,Double dose,2088,140669.7418,124827.6314,157240.4913
ethiopia,Double dose,2089,143415.3415,127294.4471,160277.5468
ethiopia,Double dose,2090,146118.7011,129590.1908,163215.3384
ethiopia,Double dose,2091,148463.0208,131681.0706,165865.8980
ethiopia,Double dose,2092,150670.0605,133727.5983,168463.6577
ethiopia,Double dose,2093,152697.5803,135562.9262,170700.2654
ethiopia,Double dose,2094,154587.8201,137307.4380,172824.9371
ethiopia,Double dose,2095,156161.2600,138654.8939,174628.5850
ethiopia,Double dose,2096,157671.3399,139981.2298,176423.7848
ethiopia,Double dose,2097,159001.8998,141140.7178,177933.8647
ethiopia,Double dose,2098,160100.1398,142152.3658,179304.5526
ethiopia,Double dose,2099,161135.0197,143098.5417,180453.4806
ethiopia,Double dose,2100,162074.8597,143879.9817,181553.8325
ethiopia,Double dose,2101,162719.0197,144448.1097,182402.8565
ethiopia,Double dose,2102,163342.0598,144971.8858,183148.3925
ethiopia,Double dose,2103,163838.3798,145352.0458,183805.2245
ethiopia,Double dose,2104,164303.0198,145687.8538,184398.6966
ethiopia,Double dose,2105,164651.4998,145915.9498,184842.2166
ethiopia,Double dose,2106,164915.4998,146125.0378,185201.2566
ethiopia,Double dose,2107,165158.3799,146230.6378,185477.9286
ethiopia,Double dose,2108,165295.6599,146313.0058,185712.3606
ethiopia,Double dose,2109,165401.2599,146376.3658,185902.4406
ethiopia,Double dose,2110,165485.7399,146416.4938,186029.1606
ethiopia,Double dose,2111,165527.9799,146416.4938,186115.7526
ethiopia,Double dose,2112,165549.0999,146416.4938,186179.1127
ethiopia,Double dose,2113,165570.2199,146416.4938,186242.4727
ethiopia,Double dose,2114,165591.3399,146416.4938,186263.5927
ethiopia,Double dose,2115,165591.3399,146416.4938,186265.7047
ethiopia,Double dose,2116,165591.3399,146416.4938,186265.7047
ethiopia,Double dose,2117,165591.3399,146416.4938,186265.7047
ethiopia,Double dose,2118,165591.3399,146416.4938,186265.7047
ethiopia,Double dose,2119,165591.3399,146416.4938,186265.7047
ethiopia,Double dose,2120,165591.3399,146416.4938,186265.7047
ethiopia,Double dose,2121,165591.3399,146416.4938,186265.7047
ethiopia,Double dose,2122,165591.3399,146416.4938,186265.7047
ethiopia,Double dose,2123,165591.3399,146416.4938,186265.7047
ethiopia,Double dose,2124,165591.3399,146416.4938,186265.7047
ethiopia,Double dose,2125,165591.3399,146416.4938,186265.7047
gambia,No vaccination,2024,0.0000,0.0000,0.0000
gambia,No vaccination,2025,0.0000,0.0000,0.0000
gambia,No vaccination,2026,0.0000,0.0000,0.3927
gambia,No vaccination,2027,0.0000,0.0000,0.7854
gambia,No vaccination,2028,0.3927,0.0000,1.9636
gambia,No vaccination,2029,1.1781,0.3534,3.5737
gambia,No vaccination,2030,2.1599,0.7069,5.9692
gambia,No vaccination,2031,4.5162,2.2385,9.1502
gambia,No vaccination,2032,8.2469,4.5554,15.0408
gambia,No vaccination,2033,13.5485,8.0506,21.4420
gambia,No vaccination,2034,21.2064,13.9412,31.8489
gambia,No vaccination,2035,32.9877,22.1882,46.8504
gambia,No vaccination,2036,48.4998,34.5978,68.4888
gambia,No vaccination,2037,70.0989,52.8982,96.0571
gambia,No vaccination,2038,96.0178,75.8325,127.7489
gambia,No vaccination,2039,129.7910,103.9113,166.7058
gambia,No vaccination,2040,171.6147,139.1768,214.3809
gambia,No vaccination,2041,223.6489,180.3329,274.3872
gambia,No vaccination,2042,285.5009,234.4877,346.1355
gambia,No vaccination,2043,354.0289,295.6721,425.3060
gambia,No vaccination,2044,430.6076,368.2058,514.7263
gambia,No vaccination,2045,517.2004,443.9990,609.8410
gambia,No vaccination,2046,614.0037,532.6339,720.4677
gambia,No vaccination,2047,721.9993,630.8510,836.8673
gambia,No vaccination,2048,833.1365,730.8745,963.1633
gambia,No vaccination,2049,954.4843,838.3988,1096.0960
gambia,No vaccination,2050,1088.2025,954.6414,1236.4903
gambia,No vaccination,2051,1223.0988,1079.2487,1386.1919
gambia,No vaccination,2052,1362.7077,1206.9191,1536.6003
gambia,No vaccination,2053,1505.6546,1342.7186,1692.7423
gambia,No vaccination,2054,1654.2958,1479.7749,1848.4916
gambia,No vaccination,2055,1805.8824,1618.9125,2013.3519
gambia,No vaccination,2056,1959.6289,1764.5691,2173.8923
gambia,No vaccination,2057,2111.4118,1909.6367,2336.1999
gambia,No vaccination,2058,2264.3729,2054.1544,2500.3532
gambia,No vaccination,2059,2414.5850,2195.4127,2657.2021
gambia,No vaccination,2060,2561.4590,2330.0341,2817.9389
gambia,No vaccination,2061,2707.3512,2467.3653,2972.7849
gambia,No vaccination,2062,2849.5127,2595.1928,3126.0602
gambia,No vaccination,2063,2989.7107,2724.9839,3279.7674
gambia,No vaccination,2064,3124.9997,2853.5968,3422.8714
gambia,No vaccination,2065,3256.5580,2980.0105,3563.6977
gambia,No vaccination,2066,3385.3673,3097.5883,3702.7567
gambia,No vaccination,2067,3511.2312,3211.1604,3837.6531
gambia,No vaccination,2068,3627.2774,3321.0410,3963.9097
gambia,No vaccination,2069,3745.0908,3427.8191,4092.2478
gambia,No vaccination,2070,3857.6025,3529.0208,4210.4538
gambia,No vaccination,2071,3965.2054,3631.4399,4326.7356
gambia,No vaccination,2072,4062.7941,3722.4310,4435.5559
gambia,No vaccination,2073,4160.1865,3810.6732,4542.4519
gambia,No vaccination,2074,4248.9392,3888.1944,4637.4880
gambia,No vaccination,2075,4334.1575,3968.8965,4729.4217
gambia,No vaccination,2076,4416.0378,4043.4331,4816.6035
gambia,No vaccination,2077,4490.6528,4112.4716,4897.1093
gambia,No vaccination,2078,4562.7153,4175.8159,4974.0807
gambia,No vaccination,2079,4630.2616,4234.6833,5044.8079
gambia,No vaccination,2080,4690.5427,4293.0401,5110.5084
gambia,No vaccination,2081,4748.0749,4345.2707,5173.8134
gambia,No vaccination,2082,4801.8763,4393.0243,5236.0189
gambia,No vaccination,2083,4853.3214,4436.9687,5294.4935
gambia,No vaccination,2084,4899.8576,4478.1641,5343.6217
gambia,No vaccination,2085,4944.4303,4517.3566,5394.3206
gambia,No vaccination,2086,4985.4686,4552.6613,5441.2496
gambia,No vaccination,2087,5021.9908,4584.8244,5482.7591
gambia,No vaccination,2088,5055.1748,4612.6283,5523.3262
gambia,No vaccination,2089,5085.0209,4636.9371,5558.1204
gambia,No vaccination,2090,5112.5107,4661.5994,5588.8697
gambia,No vaccination,2091,5135.4842,4681.0778,5616.4380
gambia,No vaccination,2092,5157.2797,4700.5563,5641.3751
gambia,No vaccination,2093,5177.3080,4716.6182,5664.2309
gambia,No vaccination,2094,5194.7836,4731.5019,5685.1231
gambia,No vaccination,2095,5210.0993,4743.2833,5703.3449
gambia,No vaccination,2096,5223.6479,4753.8865,5719.1319
gambia,No vaccination,2097,5234.2511,4762.0941,5733.3088
gambia,No vaccination,2098,5243.8725,4769.9091,5744.6974
gambia,No vaccination,2099,5251.7267,4775.2892,5754.9471
gambia,No vaccination,2100,5258.7955,4779.9232,5763.2333
gambia,No vaccination,2101,5264.2935,4782.6722,5770.7734
gambia,No vaccination,2102,5268.4169,4785.7746,5777.4888
gambia,No vaccination,2103,5271.7550,4788.0916,5781.8478
gambia,No vaccination,2104,5275.0930,4790.3693,5785.7750
gambia,No vaccination,2105,5276.6639,4791.9009,5789.3094
gambia,No vaccination,2106,5278.0383,4792.6863,5791.7049
gambia,No vaccination,2107,5279.2165,4793.0790,5793.7470
gambia,No vaccination,2108,5280.1983,4793.4325,5795.7105
gambia,No vaccination,2109,5280.5910,4793.7859,5797.3207
gambia,No vaccination,2110,5280.9837,4793.7859,5798.1454
gambia,No vaccination,2111,5280.9837,4793.7859,5798.5381
gambia,No vaccination,2112,5280.9837,4793.7859,5798.9700
gambia,No vaccination,2113,5280.9837,4793.7859,5799.3628
gambia,No vaccination,2114,5280.9837,4793.7859,5799.4020
gambia,No vaccination,2115,5280.9837,4793.7859,5799.7947
gambia,No vaccination,2116,5280.9837,4793.7859,5799.7947
gambia,No vaccination,2117,5280.9837,4793.7859,5799.7947
gambia,No vaccination,2118,5280.9837,4793.7859,5799.7947
gambia,No vaccination,2119,5280.9837,4793.7859,5799.7947
gambia,No vaccination,2120,5280.9837,4793.7859,5799.7947
gambia,No vaccination,2121,5280.9837,4793.7859,5799.7947
gambia,No vaccination,2122,5280.9837,4793.7859,5799.7947
gambia,No vaccination,2123,5280.9837,4793.7859,5799.7947
gambia,No vaccination,2124,5280.9837,4793.7859,5799.7947
gambia,No vaccination,2125,5280.9837,4793.7859,5799.7947
gambia,Single dose shipments,2024,0.0000,0.0000,0.0000
gambia,Single dose shipments,2025,0.0000,0.0000,0.0000
gambia,Single dose shipments,2026,0.0000,0.0000,0.3927
gambia,Single dose shipments,2027,0.0000,0.0000,0.7854
gambia,Single dose shipments,2028,0.3927,0.0000,1.5708
gambia,Single dose shipments,2029,0.7854,0.0000,2.7490
gambia,Single dose shipments,2030,1.9636,0.3927,4.7125
gambia,Single dose shipments,2031,3.1417,1.1389,7.5008
gambia,Single dose shipments,2032,5.8907,3.0631,11.8599
gambia,Single dose shipments,2033,10.0141,6.1656,18.5360
gambia,Single dose shipments,2034,16.2975,10.7996,26.8222
gambia,Single dose shipments,2035,25.3299,17.7898,37.8573
gambia,Single dose shipments,2036,36.3258,26.7436,52.3876
gambia,Single dose shipments,2037,50.6597,38.2893,73.6333
gambia,Single dose shipments,2038,68.5281,52.3876,93.8972
gambia,Single dose shipments,2039,90.1272,71.2378,118.7951
gambia,Single dose shipments,2040,115.4570,93.1511,154.6103
gambia,Single dose shipments,2041,146.2849,117.8526,191.6430
gambia,Single dose shipments,2042,180.8434,148.0128,230.4035
gambia,Single dose shipments,2043,220.7036,179.4297,275.7224
gambia,Single dose shipments,2044,263.1164,218.6615,325.8323
gambia,Single dose shipments,2045,311.0271,261.3884,380.4977
gambia,Single dose shipments,2046,362.0795,306.9036,439.0509
gambia,Single dose shipments,2047,413.3283,353.2435,499.3320
gambia,Single dose shipments,2048,472.6277,405.8275,564.1293
gambia,Single dose shipments,2049,534.6760,457.5868,633.5213
gambia,Single dose shipments,2050,599.2769,513.9409,705.8980
gambia,Single dose shipments,2051,665.6451,571.6694,783.7333
gambia,Single dose shipments,2052,736.9221,634.8958,860.7046
gambia,Single dose shipments,2053,810.5554,701.6174,943.0562
gambia,Single dose shipments,2054,885.9560,764.2941,1023.3263
gambia,Single dose shipments,2055,957.0366,830.1910,1105.0495
gambia,Single dose shipments,2056,1033.6153,897.5802,1187.5581
gambia,Single dose shipments,2057,1114.9065,968.1111,1274.2687
gambia,Single dose shipments,2058,1191.4851,1037.9351,1361.1756
gambia,Single dose shipments,2059,1267.0820,1107.8376,1446.9437
gambia,Single dose shipments,2060,1343.8570,1179.5859,1532.6726
gambia,Single dose shipments,2061,1419.0612,1249.8419,1612.7856
gambia,Single dose shipments,2062,1493.4799,1317.3489,1693.9983
gambia,Single dose shipments,2063,1566.7205,1384.7774,1771.7943
gambia,Single dose shipments,2064,1638.5866,1448.2787,1848.2159
gambia,Single dose shipments,2065,1709.2746,1512.5262,1924.1269
gambia,Single dose shipments,2066,1776.6245,1573.5928,2000.5092
gambia,Single dose shipments,2067,1845.1526,1633.1670,2075.6741
gambia,Single dose shipments,2068,1910.5389,1693.9587,2146.8726
gambia,Single dose shipments,2069,1973.5690,1751.9621,2214.5760
gambia,Single dose shipments,2070,2034.2429,1803.2501,2279.4911
gambia,Single dose shipments,2071,2091.5787,1857.0515,2342.7175
gambia,Single dose shipments,2072,2148.5218,1907.4363,2404.1375
gambia,Single dose shipments,2073,2199.9669,1952.5588,2463.1227
gambia,Single dose shipments,2074,2249.4485,1997.2493,2516.6492
gambia,Single dose shipments,2075,2297.5556,2039.2694,2568.9190
gambia,Single dose shipments,2076,2343.6991,2079.1296,2621.6208
gambia,Single dose shipments,2077,2388.8608,2117.4974,2671.9271
gambia,Single dose shipments,2078,2430.2919,2154.2552,2716.1464
gambia,Single dose shipments,2079,2468.7775,2189.2065,2760.7583
gambia,Single dose shipments,2080,2507.0669,2220.9375,2804.0351
gambia,Single dose shipments,2081,2542.2145,2251.5690,2842.2459
gambia,Single dose shipments,2082,2574.0241,2279.4515,2878.2967
gambia,Single dose shipments,2083,2603.0847,2305.7238,2910.2241
gambia,Single dose shipments,2084,2630.3781,2329.9934,2941.7196
gambia,Single dose shipments,2085,2657.2788,2351.7888,2971.2121
gambia,Single dose shipments,2086,2679.8597,2369.8143,2999.1732
gambia,Single dose shipments,2087,2699.8880,2387.3685,3022.8144
gambia,Single dose shipments,2088,2721.2907,2405.3939,3046.4556
gambia,Single dose shipments,2089,2738.9627,2419.3744,3066.2089
gambia,Single dose shipments,2090,2755.4566,2434.2189,3084.7056
gambia,Single dose shipments,2091,2769.7905,2443.9974,3102.8096
gambia,Single dose shipments,2092,2782.5536,2454.5613,3117.4185
gambia,Single dose shipments,2093,2793.7459,2463.8293,3131.4775
gambia,Single dose shipments,2094,2803.9564,2472.3118,3144.0835
gambia,Single dose shipments,2095,2813.7742,2479.2628,3155.2365
gambia,Single dose shipments,2096,2821.6284,2485.5462,3165.1328
gambia,Single dose shipments,2097,2828.5008,2490.2587,3174.3616
gambia,Single dose shipments,2098,2833.9988,2494.1073,3181.1162
gambia,Single dose shipments,2099,2839.1040,2497.2490,3188.6170
gambia,Single dose shipments,2100,2842.6384,2499.9587,3193.4080
gambia,Single dose shipments,2101,2846.1728,2501.4903,3198.1206
gambia,Single dose shipments,2102,2848.9218,2503.0611,3202.0477
gambia,Single dose shipments,2103,2851.2781,2503.4538,3205.5821
gambia,Single dose shipments,2104,2852.8489,2504.2000,3207.9383
gambia,Single dose shipments,2105,2853.8307,2504.2000,3209.9019
gambia,Single dose shipments,2106,2854.6161,2504.5927,3211.4727
gambia,Single dose shipments,2107,2855.4015,2504.5927,3213.0436
gambia,Single dose shipments,2108,2855.9906,2504.5927,3213.8683
gambia,Single dose shipments,2109,2856.1869,2504.5927,3215.0464
gambia,Single dose shipments,2110,2856.1869,2504.5927,3215.8711
gambia,Single dose shipments,2111,2856.1869,2504.5927,3216.6565
gambia,Single dose shipments,2112,2856.1869,2504.5927,3217.0492
gambia,Single dose shipments,2113,2856.1869,2504.5927,3217.4420
gambia,Single dose shipments,2114,2856.1869,2504.5927,3217.4420
gambia,Single dose shipments,2115,2856.1869,2504.5927,3217.4420
gambia,Single dose shipments,2116,2856.1869,2504.5927,3217.4420
gambia,Single dose shipments,2117,2856.1869,2504.5927,3217.4420
gambia,Single dose shipments,2118,2856.1869,2504.5927,3217.4420
gambia,Single dose shipments,2119,2856.1869,2504.5927,3217.4420
gambia,Single dose shipments,2120,2856.1869,2504.5927,3217.4420
gambia,Single dose shipments,2121,2856.1869,2504.5927,3217.4420
gambia,Single dose shipments,2122,2856.1869,2504.5927,3217.4420
gambia,Single dose shipments,2123,2856.1869,2504.5927,3217.4420
gambia,Single dose shipments,2124,2856.1869,2504.5927,3217.4420
gambia,Single dose shipments,2125,2856.1869,2504.5927,3217.4420
gambia,Single dose actual,2024,0.0000,0.0000,0.0000
gambia,Single dose actual,2025,0.0000,0.0000,0.0000
gambia,Single dose actual,2026,0.0000,0.0000,0.3927
gambia,Single dose actual,2027,0.0000,0.0000,0.7854
gambia,Single dose actual,2028,0.3927,0.0000,1.5708
gambia,Single dose actual,2029,0.7854,0.0000,2.3955
gambia,Single dose actual,2030,1.5708,0.3927,4.0057
gambia,Single dose actual,2031,3.3380,1.1389,7.1473
gambia,Single dose actual,2032,5.8907,3.0239,11.0745
gambia,Single dose actual,2033,9.8178,5.7729,16.6509
gambia,Single dose actual,2034,16.1012,10.8781,24.8979
gambia,Single dose actual,2035,23.7590,15.5514,37.5039
gambia,Single dose actual,2036,35.1476,23.6805,52.0735
gambia,Single dose actual,2037,49.0889,33.4590,69.4706
gambia,Single dose actual,2038,67.5463,48.9318,91.1482
gambia,Single dose actual,2039,90.9126,66.9572,118.3238
gambia,Single dose actual,2040,116.2425,86.5142,147.1488
gambia,Single dose actual,2041,146.6776,111.6085,182.8855
gambia,Single dose actual,2042,181.6288,141.3367,222.5886
gambia,Single dose actual,2043,220.5072,176.2094,266.0617
gambia,Single dose actual,2044,267.0435,214.7737,318.0174
gambia,Single dose actual,2045,314.9542,256.7937,371.4653
gambia,Single dose actual,2046,369.1483,304.2332,432.0606
gambia,Single dose actual,2047,423.7351,354.5787,494.9729
gambia,Single dose actual,2048,485.5871,408.2231,566.0929
gambia,Single dose actual,2049,549.4026,463.7917,637.6055
gambia,Single dose actual,2050,616.7526,522.4627,711.9064
gambia,Single dose actual,2051,689.9932,583.8827,792.4908
gambia,Single dose actual,2052,759.8957,647.7767,872.3289
gambia,Single dose actual,2053,836.0817,712.4562,954.4448
gambia,Single dose actual,2054,914.4275,781.4948,1044.4542
gambia,Single dose actual,2055,994.5406,849.2767,1132.1466
gambia,Single dose actual,2056,1077.4026,916.9408,1221.6062
gambia,Single dose actual,2057,1155.9448,989.8673,1310.6730
gambia,Single dose actual,2058,1238.4141,1062.4795,1401.8213
gambia,Single dose actual,2059,1321.2762,1131.3610,1489.9849
gambia,Single dose actual,2060,1399.6220,1205.9368,1574.9283
gambia,Single dose actual,2061,1477.1824,1273.1297,1659.7539
gambia,Single dose actual,2062,1551.4048,1339.8120,1742.2625
gambia,Single dose actual,2063,1625.4308,1408.8506,1825.5565
gambia,Single dose actual,2064,1700.2423,1477.8499,1905.3161
gambia,Single dose actual,2065,1773.4829,1543.0399,1986.2932
gambia,Single dose actual,2066,1844.7599,1604.8134,2061.5366
gambia,Single dose actual,2067,1911.3244,1665.6443,2141.8067
gambia,Single dose actual,2068,1979.4598,1724.4724,2217.2072
gambia,Single dose actual,2069,2045.0425,1782.5151,2290.5657
gambia,Single dose actual,2070,2110.2325,1839.2225,2367.5763
gambia,Single dose actual,2071,2169.5319,1894.3591,2433.9837
gambia,Single dose actual,2072,2227.8494,1944.8225,2498.7810
gambia,Single dose actual,2073,2282.2399,1994.5790,2563.2249
gambia,Single dose actual,2074,2332.8996,2042.0577,2620.4036
gambia,Single dose actual,2075,2381.5958,2085.9235,2675.8544
gambia,Single dose actual,2076,2428.5247,2127.6687,2729.0667
gambia,Single dose actual,2077,2470.9375,2166.4685,2776.0742
gambia,Single dose actual,2078,2515.5102,2207.2712,2823.2388
gambia,Single dose actual,2079,2556.1558,2241.7905,2866.9082
gambia,Single dose actual,2080,2595.0342,2271.8722,2908.1822
gambia,Single dose actual,2081,2628.8073,2302.8571,2947.2962
gambia,Single dose actual,2082,2662.5805,2331.9177,2987.0778
gambia,Single dose actual,2083,2691.6411,2357.9937,3020.8902
gambia,Single dose actual,2084,2720.7017,2384.1875,3054.2707
gambia,Single dose actual,2085,2745.6389,2405.6688,3086.1195
gambia,Single dose actual,2086,2769.2015,2426.4432,3112.2741
gambia,Single dose actual,2087,2791.1933,2444.8614,3137.1720
gambia,Single dose actual,2088,2810.2398,2461.3160,3160.1063
gambia,Single dose actual,2089,2828.1082,2476.1997,3181.3912
gambia,Single dose actual,2090,2844.4057,2491.0835,3200.6733
gambia,Single dose actual,2091,2858.9360,2501.6474,3216.8138
gambia,Single dose actual,2092,2871.5027,2512.2113,3232.6793
gambia,Single dose actual,2093,2883.2841,2521.5971,3246.8169
gambia,Single dose actual,2094,2894.4763,2529.3728,3260.6010
gambia,Single dose actual,2095,2903.9014,2536.8343,3271.7148
gambia,Single dose actual,2096,2912.3447,2543.8638,3281.9252
gambia,Single dose actual,2097,2918.6281,2548.5764,3290.2114
gambia,Single dose actual,2098,2924.1260,2552.4642,3297.3195
gambia,Single dose actual,2099,2928.6422,2555.6059,3303.6422
gambia,Single dose actual,2100,2932.3729,2558.3156,3309.5721
gambia,Single dose actual,2101,2935.5146,2560.2399,3314.3632
gambia,Single dose actual,2102,2937.8709,2561.3787,3318.7223
gambia,Single dose actual,2103,2940.2272,2562.5176,3322.2567
gambia,Single dose actual,2104,2941.7980,2563.2638,3324.6522
gambia,Single dose actual,2105,2942.9761,2563.6565,3326.2230
gambia,Single dose actual,2106,2943.7616,2564.0492,3328.1866
gambia,Single dose actual,2107,2944.1543,2564.0492,3329.4040
gambia,Single dose actual,2108,2944.5470,2564.0492,3330.1894
gambia,Single dose actual,2109,2944.9397,2564.0492,3331.3676
gambia,Single dose actual,2110,2944.9397,2564.0492,3331.7603
gambia,Single dose actual,2111,2944.9397,2564.0492,3332.1530
gambia,Single dose actual,2112,2944.9397,2564.0492,3332.5457
gambia,Single dose actual,2113,2944.9397,2564.0492,3332.5850
gambia,Single dose actual,2114,2944.9397,2564.0492,3332.6242
gambia,Single dose actual,2115,2944.9397,2564.0492,3332.6242
gambia,Single dose actual,2116,2944.9397,2564.0492,3332.6242
gambia,Single dose actual,2117,2944.9397,2564.0492,3332.6242
gambia,Single dose actual,2118,2944.9397,2564.0492,3332.6242
gambia,Single dose actual,2119,2944.9397,2564.0492,3332.6242
gambia,Single dose actual,2120,2944.9397,2564.0492,3332.6242
gambia,Single dose actual,2121,2944.9397,2564.0492,3332.6242
gambia,Single dose actual,2122,2944.9397,2564.0492,3332.6242
gambia,Single dose actual,2123,2944.9397,2564.0492,3332.6242
gambia,Single dose actual,2124,2944.9397,2564.0492,3332.6242
gambia,Single dose actual,2125,2944.9397,2564.0492,3332.6242
gambia,Double dose,2024,0.0000,0.0000,0.0000
gambia,Double dose,2025,0.0000,0.0000,0.0393
gambia,Double dose,2026,0.0000,0.0000,0.4320
gambia,Double dose,2027,0.0000,0.0000,0.8247
gambia,Double dose,2028,0.3927,0.0000,2.0028
gambia,Double dose,2029,0.9818,0.0000,3.2202
gambia,Double dose,2030,2.3563,0.3534,5.1838
gambia,Double dose,2031,4.7125,1.1389,8.4040
gambia,Double dose,2032,8.0506,3.4559,13.9020
gambia,Double dose,2033,13.5485,7.3437,21.3635
gambia,Double dose,2034,21.7955,11.6635,32.8306
gambia,Double dose,2035,32.5950,20.4995,45.8294
gambia,Double dose,2036,47.3217,32.6343,62.3232
gambia,Double dose,2037,66.3682,46.3399,85.6110
gambia,Double dose,2038,91.3053,65.1115,115.3000
gambia,Double dose,2039,120.9550,91.6588,149.2302
gambia,Double dose,2040,157.4771,122.6436,189.3652
gambia,Double dose,2041,197.3373,156.8880,234.1736
gambia,Double dose,2042,247.0152,199.1437,295.0830
gambia,Double dose,2043,306.3146,247.7221,357.1314
gambia,Double dose,2044,369.5410,303.8798,428.3299
gambia,Double dose,2045,436.4983,360.3123,511.6632
gambia,Double dose,2046,515.6295,431.9821,597.7847
gambia,Double dose,2047,599.6697,506.4008,688.1083
gambia,Double dose,2048,688.4224,582.5475,785.8933
gambia,Double dose,2049,778.7460,668.5119,883.7569
gambia,Double dose,2050,878.8873,760.6812,992.1452
gambia,Double dose,2051,983.5448,855.5995,1106.5027
gambia,Double dose,2052,1094.6821,959.3538,1223.2951
gambia,Double dose,2053,1204.2485,1056.3142,1350.1408
gambia,Double dose,2054,1320.2947,1160.6968,1474.7088
gambia,Double dose,2055,1435.5554,1267.1215,1598.2165
gambia,Double dose,2056,1551.7980,1373.6641,1723.8056
gambia,Double dose,2057,1663.7207,1475.6512,1847.5489
gambia,Double dose,2058,1776.4288,1581.0156,1976.0047
gambia,Double dose,2059,1894.8312,1690.5427,2099.6302
gambia,Double dose,2060,2009.1102,1796.6926,2223.4128
gambia,Double dose,2061,2126.9236,1901.5465,2346.9990
gambia,Double dose,2062,2238.8462,2006.6752,2471.7634
gambia,Double dose,2063,2349.7872,2113.0607,2589.3804
gambia,Double dose,2064,2457.5864,2213.9089,2704.5234
gambia,Double dose,2065,2564.9929,2312.0082,2815.0323
gambia,Double dose,2066,2665.9197,2405.9840,2925.5412
gambia,Double dose,2067,2764.6865,2497.7213,3030.8271
gambia,Double dose,2068,2859.7226,2587.5736,3133.3640
gambia,Double dose,2069,2950.0462,2674.3234,3232.7592
gambia,Double dose,2070,3035.8535,2753.0227,3332.1544
gambia,Double dose,2071,3119.6974,2831.9577,3423.8524
gambia,Double dose,2072,3198.2396,2904.0987,3507.4213
gambia,Double dose,2073,3273.8364,2974.9437,3592.0113
gambia,Double dose,2074,3345.5062,3040.7621,3670.4750
gambia,Double dose,2075,3414.4270,3102.7711,3741.9484
gambia,Double dose,2076,3481.1878,3163.1308,3813.2254
gambia,Double dose,2077,3541.8617,3219.2492,3879.2008
gambia,Double dose,2078,3599.9829,3271.0085,3940.9743
gambia,Double dose,2079,3653.5879,3319.6261,4000.3914
gambia,Double dose,2080,3703.2659,3365.5733,4057.8058
gambia,Double dose,2081,3748.0349,3406.0225,4109.7221
gambia,Double dose,2082,3792.2149,3444.5082,4157.0045
gambia,Double dose,2083,3833.4495,3483.3080,4203.8157
gambia,Double dose,2084,3871.1498,3514.9998,4245.0896
gambia,Double dose,2085,3905.7084,3546.3774,4283.9680
gambia,Double dose,2086,3937.5180,3574.9668,4322.1002
gambia,Double dose,2087,3968.7385,3602.2995,4356.4232
gambia,Double dose,2088,3996.0319,3627.0403,4390.0785
gambia,Double dose,2089,4020.9691,3647.0685,4418.3930
gambia,Double dose,2090,4043.3536,3665.4867,4444.7439
gambia,Double dose,2091,4063.3818,3681.5093,4467.9138
gambia,Double dose,2092,4081.4466,3695.2149,4490.8089
gambia,Double dose,2093,4097.7441,3708.9598,4510.0517
gambia,Double dose,2094,4111.4889,3719.5237,4526.5849
gambia,Double dose,2095,4122.8776,3728.4775,4541.6257
gambia,Double dose,2096,4133.4808,3735.8998,4555.4099
gambia,Double dose,2097,4142.5131,3742.9293,4566.0131
gambia,Double dose,2098,4149.7783,3748.3487,4576.6555
gambia,Double dose,2099,4156.6507,3753.7288,4586.0806
gambia,Double dose,2100,4161.7560,3757.2632,4593.5421
gambia,Double dose,2101,4166.4685,3761.1511,4600.2182
gambia,Double dose,2102,4170.5919,3763.5073,4605.7554
gambia,Double dose,2103,4173.9300,3765.0389,4609.7218
gambia,Double dose,2104,4176.2863,3766.5705,4613.2955
gambia,Double dose,2105,4178.0535,3767.3559,4616.8299
gambia,Double dose,2106,4179.4279,3768.1021,4619.2254
gambia,Double dose,2107,4180.2134,3768.1021,4620.4428
gambia,Double dose,2108,4180.9988,3768.1021,4622.4064
gambia,Double dose,2109,4181.3915,3768.1021,4623.6238
gambia,Double dose,2110,4181.7842,3768.1021,4624.4485
gambia,Double dose,2111,4181.7842,3768.1021,4624.8804
gambia,Double dose,2112,4181.7842,3768.1021,4625.6659
gambia,Double dose,2113,4181.7842,3768.1021,4626.0586
gambia,Double dose,2114,4181.7842,3768.1021,4626.0586
gambia,Double dose,2115,4181.7842,3768.1021,4626.0586
gambia,Double dose,2116,4181.7842,3768.1021,4626.0586
gambia,Double dose,2117,4181.7842,3768.1021,4626.0586
gambia,Double dose,2118,4181.7842,3768.1021,4626.0586
gambia,Double dose,2119,4181.7842,3768.1021,4626.0586
gambia,Double dose,2120,4181.7842,3768.1021,4626.0586
gambia,Double dose,2121,4181.7842,3768.1021,4626.0586
gambia,Double dose,2122,4181.7842,3768.1021,4626.0586
gambia,Double dose,2123,4181.7842,3768.1021,4626.0586
gambia,Double dose,2124,4181.7842,3768.1021,4626.0586
gambia,Double dose,2125,4181.7842,3768.1021,4626.0586
laos,No vaccination,2024,0.0000,0.0000,0.0000
laos,No vaccination,2025,0.0000,0.0000,0.0000
laos,No vaccination,2026,0.0000,0.0000,0.2098
laos,No vaccination,2027,0.0000,0.0000,0.2098
laos,No vaccination,2028,0.0000,0.0000,2.3075
laos,No vaccination,2029,0.0000,0.0000,4.4052
laos,No vaccination,2030,0.0000,0.0000,8.6007
laos,No vaccination,2031,2.0977,0.0000,10.6984
laos,No vaccination,2032,4.1954,0.0000,21.1870
laos,No vaccination,2033,8.3909,0.0000,31.6756
laos,No vaccination,2034,14.6840,1.8879,42.1642
laos,No vaccination,2035,22.0261,5.8736,54.7505
laos,No vaccination,2036,28.3192,9.8593,69.6443
laos,No vaccination,2037,41.9544,15.7329,89.5727
laos,No vaccination,2038,56.6385,21.8163,117.6822
laos,No vaccination,2039,75.5180,34.1929,149.1480
laos,No vaccination,2040,97.5440,46.5694,183.3408
laos,No vaccination,2041,124.8144,63.1414,225.2952
laos,No vaccination,2042,162.5734,91.6704,269.7669
laos,No vaccination,2043,197.1858,120.6190,314.0288
laos,No vaccination,2044,239.1402,145.5818,370.6673
laos,No vaccination,2045,288.4367,177.0477,434.0185
laos,No vaccination,2046,347.1728,216.0653,512.8928
laos,No vaccination,2047,403.8113,261.5858,586.5228
laos,No vaccination,2048,468.8407,309.8334,675.6760
laos,No vaccination,2049,538.0655,361.8569,776.7861
laos,No vaccination,2050,617.7789,420.3833,871.3933
laos,No vaccination,2051,713.2252,495.9013,999.9836
laos,No vaccination,2052,807.6226,562.6088,1108.2261
laos,No vaccination,2053,909.3621,644.4199,1242.4802
laos,No vaccination,2054,1014.2482,720.5672,1368.3435
laos,No vaccination,2055,1119.1342,805.7347,1514.1351
laos,No vaccination,2056,1226.1180,892.9999,1638.3202
laos,No vaccination,2057,1354.0790,979.0064,1786.2095
laos,No vaccination,2058,1485.1865,1072.9843,1937.6650
laos,No vaccination,2059,1614.1964,1177.0313,2104.2240
laos,No vaccination,2060,1746.3528,1272.8972,2263.2313
laos,No vaccination,2061,1866.9718,1371.2803,2412.3793
laos,No vaccination,2062,2002.2748,1469.2439,2569.9181
laos,No vaccination,2063,2133.3824,1583.9892,2733.5404
laos,No vaccination,2064,2262.3922,1685.9384,2884.7861
laos,No vaccination,2065,2390.3532,1792.7125,3058.0578
laos,No vaccination,2066,2520.4119,1909.5555,3226.5048
laos,No vaccination,2067,2648.3729,2014.0220,3367.6815
laos,No vaccination,2068,2775.2850,2120.7960,3517.0392
laos,No vaccination,2069,2895.9040,2218.9694,3680.6614
laos,No vaccination,2070,3018.6207,2318.8209,3827.5019
laos,No vaccination,2071,3144.4839,2413.6379,3970.3567
laos,No vaccination,2072,3263.0052,2508.8744,4098.5275
laos,No vaccination,2073,3373.1355,2590.4758,4230.6839
laos,No vaccination,2074,3480.1193,2668.0915,4358.6449
laos,No vaccination,2075,3578.7122,2751.5808,4483.0398
laos,No vaccination,2076,3677.3051,2820.8056,4601.3512
laos,No vaccination,2077,3769.6048,2891.7085,4718.8236
laos,No vaccination,2078,3867.1488,2962.1920,4834.4080
laos,No vaccination,2079,3952.1066,3023.0259,4931.9521
laos,No vaccination,2080,4028.6734,3079.4546,5032.8525
laos,No vaccination,2081,4107.3379,3133.1562,5129.5574
laos,No vaccination,2082,4181.8070,3189.7947,5220.3887
laos,No vaccination,2083,4245.7875,3246.0136,5302.1999
laos,No vaccination,2084,4309.7680,3290.0658,5375.8299
laos,No vaccination,2085,4366.4065,3337.0547,5440.8592
laos,No vaccination,2086,4419.8984,3370.4085,5513.0208
laos,No vaccination,2087,4473.3902,3413.8313,5582.4554
laos,No vaccination,2088,4521.6378,3453.0587,5643.7088
laos,No vaccination,2089,4564.6411,3488.3004,5694.2639
laos,No vaccination,2090,4604.4978,3519.7662,5741.2529
laos,No vaccination,2091,4642.2568,3542.8412,5788.8711
laos,No vaccination,2092,4673.7226,3565.7063,5826.8399
laos,No vaccination,2093,4706.2373,3590.4594,5866.9064
laos,No vaccination,2094,4734.5565,3611.4366,5902.5676
laos,No vaccination,2095,4761.8269,3627.7989,5938.4387
laos,No vaccination,2096,4783.8530,3642.2731,5972.2120
laos,No vaccination,2097,4806.9279,3654.8595,6001.9996
laos,No vaccination,2098,4821.6119,3665.3481,6025.4941
laos,No vaccination,2099,4834.1983,3673.5292,6044.5833
laos,No vaccination,2100,4844.6869,3681.9201,6063.6726
laos,No vaccination,2101,4855.1755,3688.0035,6082.7619
laos,No vaccination,2102,4862.5175,3692.1989,6095.3482
laos,No vaccination,2103,4870.9084,3696.3944,6108.1443
laos,No vaccination,2104,4877.2016,3698.4921,6118.6329
laos,No vaccination,2105,4882.4459,3698.4921,6127.2336
laos,No vaccination,2106,4884.5436,3698.4921,6133.5267
laos,No vaccination,2107,4886.6413,3698.4921,6139.8199
laos,No vaccination,2108,4888.7390,3698.4921,6141.9176
laos,No vaccination,2109,4888.7390,3698.4921,6144.2251
laos,No vaccination,2110,4888.7390,3698.4921,6144.4349
laos,No vaccination,2111,4888.7390,3698.4921,6146.5326
laos,No vaccination,2112,4888.7390,3698.4921,6148.6303
laos,No vaccination,2113,4888.7390,3698.4921,6150.7280
laos,No vaccination,2114,4888.7390,3698.4921,6150.7280
laos,No vaccination,2115,4888.7390,3698.4921,6150.7280
laos,No vaccination,2116,4888.7390,3698.4921,6150.7280
laos,No vaccination,2117,4888.7390,3698.4921,6150.7280
laos,No vaccination,2118,4888.7390,3698.4921,6150.7280
laos,No vaccination,2119,4888.7390,3698.4921,6150.7280
laos,No vaccination,2120,4888.7390,3698.4921,6150.7280
laos,No vaccination,2121,4888.7390,3698.4921,6150.7280
laos,No vaccination,2122,4888.7390,3698.4921,6150.7280
laos,No vaccination,2123,4888.7390,3698.4921,6150.7280
laos,No vaccination,2124,4888.7390,3698.4921,6150.7280
laos,No vaccination,2125,4888.7390,3698.4921,6150.7280
laos,Single dose shipments,2024,0.0000,0.0000,0.0000
laos,Single dose shipments,2025,0.0000,0.0000,0.0000
laos,Single dose shipments,2026,0.0000,0.0000,0.2098
laos,Single dose shipments,2027,0.0000,0.0000,0.2098
laos,Single dose shipments,2028,0.0000,0.0000,0.2098
laos,Single dose shipments,2029,0.0000,0.0000,0.2098
laos,Single dose shipments,2030,0.0000,0.0000,0.2098
laos,Single dose shipments,2031,0.0000,0.0000,0.2098
laos,Single dose shipments,2032,0.0000,0.0000,0.2098
laos,Single dose shipments,2033,0.0000,0.0000,2.3075
laos,Single dose shipments,2034,0.0000,0.0000,4.4052
laos,Single dose shipments,2035,0.0000,0.0000,6.5029
laos,Single dose shipments,2036,0.0000,0.0000,8.8104
laos,Single dose shipments,2037,0.0000,0.0000,13.0059
laos,Single dose shipments,2038,1.0489,0.0000,17.4111
laos,Single dose shipments,2039,1.0489,0.0000,21.6065
laos,Single dose shipments,2040,2.0977,0.0000,25.8020
laos,Single dose shipments,2041,4.1954,0.0000,32.0951
laos,Single dose shipments,2042,6.2932,0.0000,38.3883
laos,Single dose shipments,2043,8.3909,0.0000,42.5837
laos,Single dose shipments,2044,10.4886,0.0000,46.9890
laos,Single dose shipments,2045,12.5863,0.0000,53.2821
laos,Single dose shipments,2046,14.6840,0.0000,57.8971
laos,Single dose shipments,2047,15.7329,0.0000,64.1903
laos,Single dose shipments,2048,18.8795,0.0000,72.5812
laos,Single dose shipments,2049,23.0749,0.0000,80.9720
laos,Single dose shipments,2050,27.2704,0.0000,87.4750
laos,Single dose shipments,2051,29.3681,0.0000,96.0756
laos,Single dose shipments,2052,33.5635,0.0000,102.3688
laos,Single dose shipments,2053,37.7590,0.0000,110.9694
laos,Single dose shipments,2054,39.8567,2.0977,117.2626
laos,Single dose shipments,2055,45.1010,4.1954,127.7512
laos,Single dose shipments,2056,49.2964,6.0834,136.5616
laos,Single dose shipments,2057,53.4919,6.0834,149.1480
laos,Single dose shipments,2058,55.5896,6.0834,157.7486
laos,Single dose shipments,2059,61.8828,6.0834,170.5447
laos,Single dose shipments,2060,66.0782,8.1811,178.9356
laos,Single dose shipments,2061,69.2248,10.0691,189.6340
laos,Single dose shipments,2062,73.4202,10.0691,198.0249
laos,Single dose shipments,2063,77.6157,11.9570,210.8210
laos,Single dose shipments,2064,81.8111,11.9570,217.3239
laos,Single dose shipments,2065,86.0066,14.0547,225.7148
laos,Single dose shipments,2066,90.2020,14.0547,234.3154
laos,Single dose shipments,2067,92.2997,14.0547,240.8184
laos,Single dose shipments,2068,95.4463,14.0547,249.4190
laos,Single dose shipments,2069,99.6418,14.0547,262.0054
laos,Single dose shipments,2070,103.8372,15.9427,270.6060
laos,Single dose shipments,2071,105.9349,15.9427,279.2067
laos,Single dose shipments,2072,110.1304,15.9427,287.5976
laos,Single dose shipments,2073,114.3258,15.9427,296.1982
laos,Single dose shipments,2074,118.5212,15.9427,306.8966
laos,Single dose shipments,2075,121.6678,15.9427,315.2875
laos,Single dose shipments,2076,124.8144,15.9427,323.6784
laos,Single dose shipments,2077,129.0098,15.9427,332.0693
laos,Single dose shipments,2078,133.2053,15.9427,340.4601
laos,Single dose shipments,2079,135.3030,15.9427,346.9631
laos,Single dose shipments,2080,137.4007,15.9427,353.4660
laos,Single dose shipments,2081,141.5962,15.9427,361.8569
laos,Single dose shipments,2082,144.7428,15.9427,370.4575
laos,Single dose shipments,2083,146.8405,15.9427,376.9605
laos,Single dose shipments,2084,148.9382,15.9427,381.1559
laos,Single dose shipments,2085,151.0359,15.9427,387.6589
laos,Single dose shipments,2086,153.1336,15.9427,391.8543
laos,Single dose shipments,2087,155.2314,15.9427,396.0497
laos,Single dose shipments,2088,157.3291,15.9427,400.4550
laos,Single dose shipments,2089,159.4268,15.9427,406.7481
laos,Single dose shipments,2090,159.4268,15.9427,409.0556
laos,Single dose shipments,2091,160.4757,15.9427,413.2511
laos,Single dose shipments,2092,162.5734,15.9427,415.3488
laos,Single dose shipments,2093,162.5734,15.9427,419.5442
laos,Single dose shipments,2094,162.5734,15.9427,421.8517
laos,Single dose shipments,2095,162.5734,15.9427,426.0472
laos,Single dose shipments,2096,162.5734,15.9427,428.1449
laos,Single dose shipments,2097,162.5734,15.9427,430.4524
laos,Single dose shipments,2098,162.5734,15.9427,434.6478
laos,Single dose shipments,2099,162.5734,15.9427,436.7455
laos,Single dose shipments,2100,162.5734,15.9427,439.0530
laos,Single dose shipments,2101,162.5734,15.9427,441.1507
laos,Single dose shipments,2102,162.5734,15.9427,443.2485
laos,Single dose shipments,2103,162.5734,15.9427,443.4582
laos,Single dose shipments,2104,162.5734,15.9427,445.5560
laos,Single dose shipments,2105,162.5734,15.9427,447.6537
laos,Single dose shipments,2106,162.5734,15.9427,447.6537
laos,Single dose shipments,2107,162.5734,15.9427,447.6537
laos,Single dose shipments,2108,162.5734,15.9427,447.8635
laos,Single dose shipments,2109,162.5734,15.9427,447.8635
laos,Single dose shipments,2110,162.5734,15.9427,447.8635
laos,Single dose shipments,2111,162.5734,15.9427,447.8635
laos,Single dose shipments,2112,162.5734,15.9427,447.8635
laos,Single dose shipments,2113,162.5734,15.9427,447.8635
laos,Single dose shipments,2114,162.5734,15.9427,447.8635
laos,Single dose shipments,2115,162.5734,15.9427,447.8635
laos,Single dose shipments,2116,162.5734,15.9427,447.8635
laos,Single dose shipments,2117,162.5734,15.9427,447.8635
laos,Single dose shipments,2118,162.5734,15.9427,447.8635
laos,Single dose shipments,2119,162.5734,15.9427,447.8635
laos,Single dose shipments,2120,162.5734,15.9427,447.8635
laos,Single dose shipments,2121,162.5734,15.9427,447.8635
laos,Single dose shipments,2122,162.5734,15.9427,447.8635
laos,Single dose shipments,2123,162.5734,15.9427,447.8635
laos,Single dose shipments,2124,162.5734,15.9427,447.8635
laos,Single dose shipments,2125,162.5734,15.9427,447.8635
laos,Single dose actual,2024,0.0000,0.0000,0.0000
laos,Single dose actual,2025,0.0000,0.0000,0.0000
laos,Single dose actual,2026,0.0000,0.0000,0.2098
laos,Single dose actual,2027,0.0000,0.0000,0.2098
laos,Single dose actual,2028,0.0000,0.0000,0.4195
laos,Single dose actual,2029,0.0000,0.0000,0.6293
laos,Single dose actual,2030,0.0000,0.0000,0.8391
laos,Single dose actual,2031,0.0000,0.0000,1.0489
laos,Single dose actual,2032,1.0489,0.0000,5.2443
laos,Single dose actual,2033,3.1466,0.0000,7.5518
laos,Single dose actual,2034,7.3420,0.0000,12.1668
laos,Single dose actual,2035,11.5375,0.0000,20.5577
laos,Single dose actual,2036,15.7329,1.8879,31.0463
laos,Single dose actual,2037,19.9284,3.9857,41.5349
laos,Single dose actual,2038,27.2704,7.9713,54.5407
laos,Single dose actual,2039,37.7590,11.9570,69.4346
laos,Single dose actual,2040,47.1987,15.9427,84.3284
laos,Single dose actual,2041,61.8828,24.1238,105.3056
laos,Single dose actual,2042,74.4691,32.3049,130.4783
laos,Single dose actual,2043,91.2509,42.7935,158.5877
laos,Single dose actual,2044,109.0815,53.2821,190.2633
laos,Single dose actual,2045,129.0098,63.7707,216.2750
laos,Single dose actual,2046,154.1825,83.9088,250.2581
laos,Single dose actual,2047,182.5017,101.5297,286.1292
laos,Single dose actual,2048,213.9676,119.9896,319.9025
laos,Single dose actual,2049,243.3356,138.8691,359.9689
laos,Single dose actual,2050,274.8015,155.4411,400.4550
laos,Single dose actual,2051,306.2673,176.2086,442.8289
laos,Single dose actual,2052,342.9774,202.8496,489.1886
laos,Single dose actual,2053,383.8830,232.2177,539.9534
laos,Single dose actual,2054,423.7397,257.1806,592.6062
laos,Single dose actual,2055,465.6941,284.0314,647.3567
laos,Single dose actual,2056,506.5996,312.5604,708.4004
laos,Single dose actual,2057,548.5541,343.8165,771.3320
laos,Single dose actual,2058,594.7039,373.1846,824.4044
laos,Single dose actual,2059,640.8538,411.9924,877.0572
laos,Single dose actual,2060,691.1991,447.4439,942.0865
laos,Single dose actual,2061,740.4955,481.0074,999.5641
laos,Single dose actual,2062,790.8409,514.3612,1068.7889
laos,Single dose actual,2063,840.1373,549.6029,1127.7349
laos,Single dose actual,2064,884.1894,578.5515,1193.1838
laos,Single dose actual,2065,924.0461,609.5978,1247.9343
laos,Single dose actual,2066,964.9517,640.8538,1303.5239
laos,Single dose actual,2067,1000.6130,667.7046,1359.3233
laos,Single dose actual,2068,1041.5185,701.0584,1411.9761
laos,Single dose actual,2069,1079.2775,724.1333,1464.6289
laos,Single dose actual,2070,1118.0853,748.6767,1519.1696
laos,Single dose actual,2071,1155.8443,779.9327,1569.7247
laos,Single dose actual,2072,1193.6033,806.9933,1616.0843
laos,Single dose actual,2073,1227.1668,829.6487,1669.3665
laos,Single dose actual,2074,1258.6327,852.7236,1713.8381
laos,Single dose actual,2075,1289.0496,873.4911,1754.5339
laos,Single dose actual,2076,1320.5154,894.2585,1803.2011
laos,Single dose actual,2077,1351.9812,913.1380,1845.7848
laos,Single dose actual,2078,1379.2516,929.9198,1885.8513
laos,Single dose actual,2079,1407.5709,946.7015,1927.8057
laos,Single dose actual,2080,1433.7924,963.4833,1967.8722
laos,Single dose actual,2081,1458.9650,984.0410,2006.2605
laos,Single dose actual,2082,1484.1377,998.5152,2044.2292
laos,Single dose actual,2083,1506.1637,1012.7797,2080.1002
laos,Single dose actual,2084,1525.0432,1025.3661,2107.5804
laos,Single dose actual,2085,1542.8739,1033.7570,2132.9628
laos,Single dose actual,2086,1561.7534,1045.9237,2162.7505
laos,Single dose actual,2087,1578.5351,1056.2026,2188.3427
laos,Single dose actual,2088,1597.4146,1068.5791,2211.4176
laos,Single dose actual,2089,1611.0498,1074.6625,2234.7023
laos,Single dose actual,2090,1623.6361,1083.0534,2256.3088
laos,Single dose actual,2091,1634.1247,1089.1368,2275.3981
laos,Single dose actual,2092,1645.6622,1095.4300,2292.5994
laos,Single dose actual,2093,1654.0531,1099.6254,2305.3955
laos,Single dose actual,2094,1660.3463,1103.8208,2318.4014
laos,Single dose actual,2095,1668.7371,1109.9042,2333.2952
laos,Single dose actual,2096,1676.0792,1111.7922,2346.0913
laos,Single dose actual,2097,1682.3723,1115.9876,2356.5799
laos,Single dose actual,2098,1688.6655,1118.0853,2367.2783
laos,Single dose actual,2099,1694.9586,1120.1831,2377.7669
laos,Single dose actual,2100,1699.1541,1120.1831,2386.1578
laos,Single dose actual,2101,1701.2518,1120.1831,2392.4509
laos,Single dose actual,2102,1704.3984,1122.0710,2398.7441
laos,Single dose actual,2103,1706.4961,1122.0710,2402.9395
laos,Single dose actual,2104,1707.5450,1122.0710,2409.2327
laos,Single dose actual,2105,1707.5450,1122.0710,2411.5402
laos,Single dose actual,2106,1707.5450,1122.0710,2413.8477
laos,Single dose actual,2107,1707.5450,1122.0710,2416.1552
laos,Single dose actual,2108,1708.5938,1122.0710,2420.3506
laos,Single dose actual,2109,1708.5938,1122.0710,2422.4483
laos,Single dose actual,2110,1708.5938,1122.0710,2422.4483
laos,Single dose actual,2111,1708.5938,1122.0710,2422.4483
laos,Single dose actual,2112,1708.5938,1122.0710,2424.5460
laos,Single dose actual,2113,1708.5938,1122.0710,2424.5460
laos,Single dose actual,2114,1708.5938,1122.0710,2424.5460
laos,Single dose actual,2115,1708.5938,1122.0710,2424.5460
laos,Single dose actual,2116,1708.5938,1122.0710,2424.5460
laos,Single dose actual,2117,1708.5938,1122.0710,2424.5460
laos,Single dose actual,2118,1708.5938,1122.0710,2424.5460
laos,Single dose actual,2119,1708.5938,1122.0710,2424.5460
laos,Single dose actual,2120,1708.5938,1122.0710,2424.5460
laos,Single dose actual,2121,1708.5938,1122.0710,2424.5460
laos,Single dose actual,2122,1708.5938,1122.0710,2424.5460
laos,Single dose actual,2123,1708.5938,1122.0710,2424.5460
laos,Single dose actual,2124,1708.5938,1122.0710,2424.5460
laos,Single dose actual,2125,1708.5938,1122.0710,2424.5460
laos,Double dose,2024,0.0000,0.0000,0.0000
laos,Double dose,2025,0.0000,0.0000,0.0000
laos,Double dose,2026,0.0000,0.0000,0.2098
laos,Double dose,2027,0.0000,0.0000,0.2098
laos,Double dose,2028,0.0000,0.0000,0.2098
laos,Double dose,2029,0.0000,0.0000,0.4195
laos,Double dose,2030,0.0000,0.0000,2.5173
laos,Double dose,2031,0.0000,0.0000,4.8248
laos,Double dose,2032,0.0000,0.0000,6.9225
laos,Double dose,2033,2.0977,0.0000,11.1179
laos,Double dose,2034,4.1954,0.0000,15.5231
laos,Double dose,2035,6.2932,0.0000,19.7186
laos,Double dose,2036,10.4886,0.0000,28.1095
laos,Double dose,2037,15.7329,2.0977,38.5981
laos,Double dose,2038,23.0749,6.0834,49.5062
laos,Double dose,2039,29.3681,8.1811,59.9948
laos,Double dose,2040,39.8567,12.1668,75.0984
laos,Double dose,2041,52.4430,20.3479,94.3974
laos,Double dose,2042,62.9316,26.6411,117.6822
laos,Double dose,2043,77.6157,32.7244,138.8691
laos,Double dose,2044,94.3974,41.1153,172.6424
laos,Double dose,2045,113.2769,53.7017,202.2203
laos,Double dose,2046,136.3519,67.9662,236.8327
laos,Double dose,2047,159.4268,84.3284,270.3962
laos,Double dose,2048,180.4040,98.8027,312.3507
laos,Double dose,2049,210.8210,119.5701,350.3194
laos,Double dose,2050,235.9936,136.1421,386.6100
laos,Double dose,2051,264.3129,154.8118,432.9696
laos,Double dose,2052,293.6810,175.5793,479.3293
laos,Double dose,2053,330.3911,196.5565,525.6889
laos,Double dose,2054,363.9546,221.5193,574.1463
laos,Double dose,2055,399.6159,250.8874,624.9111
laos,Double dose,2056,440.5214,275.6406,675.2564
laos,Double dose,2057,478.2804,300.6034,720.1477
laos,Double dose,2058,519.1860,327.6640,774.8982
laos,Double dose,2059,557.9938,356.4028,826.0826
laos,Double dose,2060,597.8505,383.4634,878.7354
laos,Double dose,2061,635.6095,406.5383,933.6957
laos,Double dose,2062,675.4662,433.5990,982.1530
laos,Double dose,2063,717.4206,460.6596,1039.2110
laos,Double dose,2064,754.1307,485.8322,1093.9616
laos,Double dose,2065,792.9386,521.2837,1144.5166
laos,Double dose,2066,826.5021,548.1345,1203.2528
laos,Double dose,2067,863.2122,575.1951,1254.0177
laos,Double dose,2068,902.0201,604.5632,1306.6705
laos,Double dose,2069,937.6813,633.5118,1361.6308
laos,Double dose,2070,972.2937,656.5867,1424.5624
laos,Double dose,2071,1010.0527,679.2421,1479.9422
laos,Double dose,2072,1042.5674,700.0095,1522.1064
laos,Double dose,2073,1079.2775,718.4695,1566.1586
laos,Double dose,2074,1110.7433,739.4467,1610.4205
laos,Double dose,2075,1136.9648,758.3262,1652.5847
laos,Double dose,2076,1162.1375,776.7861,1692.6512
laos,Double dose,2077,1186.2613,793.3581,1728.7320
laos,Double dose,2078,1213.5317,814.1256,1768.5887
laos,Double dose,2079,1235.5577,828.3901,1802.1522
laos,Double dose,2080,1260.7304,845.1718,1838.2330
laos,Double dose,2081,1283.8053,855.4507,1867.6011
laos,Double dose,2082,1304.7825,867.8272,1899.2767
laos,Double dose,2083,1323.6620,878.3158,1922.9809
laos,Double dose,2084,1339.3949,888.5947,1948.3634
laos,Double dose,2085,1356.1767,901.1810,1975.6337
laos,Double dose,2086,1375.0562,911.4598,2003.1139
laos,Double dose,2087,1389.7402,921.7387,2026.3986
laos,Double dose,2088,1404.4243,927.8220,2049.6833
laos,Double dose,2089,1419.1083,934.1152,2068.7725
laos,Double dose,2090,1429.5969,940.4084,2087.6520
laos,Double dose,2091,1441.1344,946.7015,2106.7413
laos,Double dose,2092,1451.6230,948.7993,2123.5231
laos,Double dose,2093,1462.1116,952.9947,2138.2071
laos,Double dose,2094,1470.5025,957.1901,2148.6957
laos,Double dose,2095,1478.8934,959.2879,2163.5895
laos,Double dose,2096,1485.1865,961.3856,2176.1759
laos,Double dose,2097,1491.4797,961.3856,2186.8742
laos,Double dose,2098,1495.6751,961.3856,2197.3629
laos,Double dose,2099,1499.8706,961.3856,2205.9635
laos,Double dose,2100,1504.0660,961.3856,2214.3544
laos,Double dose,2101,1506.1637,961.3856,2220.6476
laos,Double dose,2102,1508.2615,961.3856,2225.0528
laos,Double dose,2103,1510.3592,961.3856,2229.2482
laos,Double dose,2104,1512.4569,961.3856,2233.4437
laos,Double dose,2105,1512.4569,961.3856,2237.6391
laos,Double dose,2106,1512.4569,961.3856,2239.9466
laos,Double dose,2107,1512.4569,961.3856,2242.0443
laos,Double dose,2108,1512.4569,961.3856,2244.1420
laos,Double dose,2109,1512.4569,961.3856,2246.4495
laos,Double dose,2110,1512.4569,961.3856,2246.4495
laos,Double dose,2111,1512.4569,961.3856,2246.6593
laos,Double dose,2112,1512.4569,961.3856,2246.8691
laos,Double dose,2113,1512.4569,961.3856,2246.8691
laos,Double dose,2114,1512.4569,961.3856,2246.8691
laos,Double dose,2115,1512.4569,961.3856,2246.8691
laos,Double dose,2116,1512.4569,961.3856,2246.8691
laos,Double dose,2117,1512.4569,961.3856,2246.8691
laos,Double dose,2118,1512.4569,961.3856,2246.8691
laos,Double dose,2119,1512.4569,961.3856,2246.8691
laos,Double dose,2120,1512.4569,961.3856,2246.8691
laos,Double dose,2121,1512.4569,961.3856,2246.8691
laos,Double dose,2122,1512.4569,961.3856,2246.8691
laos,Double dose,2123,1512.4569,961.3856,2246.8691
laos,Double dose,2124,1512.4569,961.3856,2246.8691
laos,Double dose,2125,1512.4569,961.3856,2246.8691
mali,No vaccination,2024,0.0000,0.0000,0.0000
mali,No vaccination,2025,0.0000,0.0000,0.0000
mali,No vaccination,2026,0.0000,0.0000,0.5363
mali,No vaccination,2027,0.0000,0.0000,5.8996
mali,No vaccination,2028,5.3633,0.0000,17.1626
mali,No vaccination,2029,10.7266,4.8270,28.4256
mali,No vaccination,2030,26.8166,10.1903,49.8788
mali,No vaccination,2031,42.9065,15.5536,92.7853
mali,No vaccination,2032,69.7231,36.4705,136.2281
mali,No vaccination,2033,115.3112,68.6504,195.7609
mali,No vaccination,2034,190.3976,124.9652,293.9095
mali,No vaccination,2035,273.5289,172.1623,412.4387
mali,No vaccination,2036,412.9750,256.9026,574.9470
mali,No vaccination,2037,571.1927,374.3592,812.0054
mali,No vaccination,2038,791.0885,540.6218,1107.5239
mali,No vaccination,2039,1043.1641,737.9917,1452.3848
mali,No vaccination,2040,1343.5096,979.3407,1841.2249
mali,No vaccination,2041,1724.3047,1261.4509,2314.2690
mali,No vaccination,2042,2169.4596,1629.9104,2907.4513
mali,No vaccination,2043,2695.0642,2082.0376,3541.3948
mali,No vaccination,2044,3255.5302,2566.8810,4277.2411
mali,No vaccination,2045,3853.5395,3068.8870,5078.5199
mali,No vaccination,2046,4572.2233,3663.1419,5942.0131
mali,No vaccination,2047,5390.1283,4326.5836,6844.1221
mali,No vaccination,2048,6280.4381,5050.6307,7852.9611
mali,No vaccination,2049,7221.6993,5843.3282,8983.5472
mali,No vaccination,2050,8272.9084,6751.3369,10121.1056
mali,No vaccination,2051,9380.4323,7682.4078,11416.8818
mali,No vaccination,2052,10509.4094,8653.1672,12667.6061
mali,No vaccination,2053,11657.1581,9674.8781,13966.0638
mali,No vaccination,2054,12936.3080,10775.9660,15325.1270
mali,No vaccination,2055,14236.9111,11821.2755,16760.3493
mali,No vaccination,2056,15534.8325,13024.8026,18166.0733
mali,No vaccination,2057,16835.4356,14247.6377,19682.8179
mali,No vaccination,2058,18203.0801,15427.0300,21226.9153
mali,No vaccination,2059,19568.0430,16642.8927,22852.5351
mali,No vaccination,2060,20975.9123,17775.6242,24365.5254
mali,No vaccination,2061,22373.0550,19007.5769,25965.9376
mali,No vaccination,2062,23754.1078,20256.1559,27459.6199
mali,No vaccination,2063,25116.3890,21515.4615,29009.0807
mali,No vaccination,2064,26449.1720,22751.1685,30404.0781
mali,No vaccination,2065,27792.6816,23918.2252,31847.3453
mali,No vaccination,2066,29034.2883,25086.3545,33245.0243
mali,No vaccination,2067,30316.1198,26265.7467,34666.3019
mali,No vaccination,2068,31546.9998,27371.6616,36025.9015
mali,No vaccination,2069,32710.8385,28395.5178,37303.9787
mali,No vaccination,2070,33850.5422,29431.7097,38555.2393
mali,No vaccination,2071,34925.8862,30436.7943,39761.4481
mali,No vaccination,2072,35969.0504,31427.9343,40957.4666
mali,No vaccination,2073,36963.9447,32316.6351,42053.1912
mali,No vaccination,2074,37907.8876,33179.5919,43072.7568
mali,No vaccination,2075,38806.2423,33982.4797,44061.2152
mali,No vaccination,2076,39645.6006,34722.6167,44966.0059
mali,No vaccination,2077,40431.3258,35465.4354,45835.3987
mali,No vaccination,2078,41198.2793,36128.3407,46662.4214
mali,No vaccination,2079,41914.2815,36710.7964,47447.0739
mali,No vaccination,2080,42552.5156,37261.0722,48166.8303
mali,No vaccination,2081,43118.3450,37786.1404,48881.7598
mali,No vaccination,2082,43686.8560,38262.9388,49501.2223
mali,No vaccination,2083,44182.9623,38702.1940,50096.5499
mali,No vaccination,2084,44654.9338,39093.1795,50682.2235
mali,No vaccination,2085,45089.3620,39486.8466,51182.6205
mali,No vaccination,2086,45486.2471,39819.3719,51644.9380
mali,No vaccination,2087,45813.4091,40111.1360,52023.0515
mali,No vaccination,2088,46132.5262,40351.9487,52395.8017
mali,No vaccination,2089,46422.1450,40560.0452,52707.9464
mali,No vaccination,2090,46668.8573,40763.8511,52996.4926
mali,No vaccination,2091,46880.7082,40935.4771,53256.0769
mali,No vaccination,2092,47044.2892,41058.2969,53460.4190
mali,No vaccination,2093,47197.1436,41191.3070,53637.4083
mali,No vaccination,2094,47331.2263,41286.2377,53805.2800
mali,No vaccination,2095,47441.1742,41376.8776,53944.7261
mali,No vaccination,2096,47529.6689,41440.7010,54068.0823
mali,No vaccination,2097,47612.8002,41487.3618,54175.8848
mali,No vaccination,2098,47671.7966,41529.7320,54267.0611
mali,No vaccination,2099,47714.7031,41561.3755,54327.1302
mali,No vaccination,2100,47746.8830,41582.2925,54386.1266
mali,No vaccination,2101,47768.3363,41598.3824,54429.0331
mali,No vaccination,2102,47789.7895,41613.3997,54461.7493
mali,No vaccination,2103,47800.5161,41618.7630,54488.5659
mali,No vaccination,2104,47813.9244,41618.7630,54504.6558
mali,No vaccination,2105,47819.2877,41618.7630,54520.7458
mali,No vaccination,2106,47824.6510,41618.7630,54532.0087
mali,No vaccination,2107,47827.3327,41618.7630,54542.7354
mali,No vaccination,2108,47827.3327,41618.7630,54548.0987
mali,No vaccination,2109,47827.3327,41618.7630,54553.4620
mali,No vaccination,2110,47827.3327,41618.7630,54558.8253
mali,No vaccination,2111,47827.3327,41618.7630,54558.8253
mali,No vaccination,2112,47827.3327,41618.7630,54558.8253
mali,No vaccination,2113,47827.3327,41618.7630,54558.8253
mali,No vaccination,2114,47827.3327,41618.7630,54558.8253
mali,No vaccination,2115,47827.3327,41618.7630,54558.8253
mali,No vaccination,2116,47827.3327,41618.7630,54558.8253
mali,No vaccination,2117,47827.3327,41618.7630,54558.8253
mali,No vaccination,2118,47827.3327,41618.7630,54558.8253
mali,No vaccination,2119,47827.3327,41618.7630,54558.8253
mali,No vaccination,2120,47827.3327,41618.7630,54558.8253
mali,No vaccination,2121,47827.3327,41618.7630,54558.8253
mali,No vaccination,2122,47827.3327,41618.7630,54558.8253
mali,No vaccination,2123,47827.3327,41618.7630,54558.8253
mali,No vaccination,2124,47827.3327,41618.7630,54558.8253
mali,No vaccination,2125,47827.3327,41618.7630,54558.8253
mali,Single dose shipments,2024,0.0000,0.0000,0.0000
mali,Single dose shipments,2025,0.0000,0.0000,0.0000
mali,Single dose shipments,2026,0.0000,0.0000,5.3633
mali,Single dose shipments,2027,0.0000,0.0000,10.7266
mali,Single dose shipments,2028,5.3633,0.0000,21.4532
mali,Single dose shipments,2029,16.0899,4.8270,37.5432
mali,Single dose shipments,2030,26.8166,10.1903,58.9964
mali,Single dose shipments,2031,42.9065,15.5536,86.8857
mali,Single dose shipments,2032,75.0864,31.1072,131.4011
mali,Single dose shipments,2033,115.3112,52.5605,206.4875
mali,Single dose shipments,2034,176.9893,89.5673,303.5634
mali,Single dose shipments,2035,276.2106,148.5637,448.3729
mali,Single dose shipments,2036,394.2034,217.7505,595.3276
mali,Single dose shipments,2037,541.6945,314.2901,811.4691
mali,Single dose shipments,2038,724.0471,458.0268,1087.6796
mali,Single dose shipments,2039,949.3062,602.8362,1371.3988
mali,Single dose shipments,2040,1263.0599,817.9050,1754.3393
mali,Single dose shipments,2041,1547.3154,1083.3890,2146.9337
mali,Single dose shipments,2042,1946.8822,1365.4992,2592.6249
mali,Single dose shipments,2043,2434.9435,1725.9137,3168.1083
mali,Single dose shipments,2044,2965.9114,2153.9060,3803.6607
mali,Single dose shipments,2045,3555.8757,2615.1508,4488.5556
mali,Single dose shipments,2046,4188.7465,3140.7554,5299.4884
mali,Single dose shipments,2047,4894.0220,3741.9826,6234.8499
mali,Single dose shipments,2048,5652.9306,4368.4174,7125.1597
mali,Single dose shipments,2049,6454.7457,5027.5685,8042.2860
mali,Single dose shipments,2050,7315.5573,5761.8058,9111.1940
mali,Single dose shipments,2051,8262.1818,6559.3303,10212.8183
mali,Single dose shipments,2052,9219.5329,7338.6195,11292.4529
mali,Single dose shipments,2053,10265.3787,8222.4933,12408.5581
mali,Single dose shipments,2054,11329.9961,9107.4397,13563.2791
mali,Single dose shipments,2055,12432.1567,10083.0261,14755.0070
mali,Single dose shipments,2056,13531.6356,11045.7406,15995.5410
mali,Single dose shipments,2057,14663.2944,12045.9982,17248.9470
mali,Single dose shipments,2058,15829.8147,13029.0933,18611.2282
mali,Single dose shipments,2059,16990.9717,14045.9772,19928.4575
mali,Single dose shipments,2060,18146.7654,15095.5773,21232.2786
mali,Single dose shipments,2061,19313.2857,16130.1601,22560.2346
mali,Single dose shipments,2062,20493.2143,17132.0268,23901.0626
mali,Single dose shipments,2063,21697.2778,18155.3467,25243.4995
mali,Single dose shipments,2064,22871.8430,19181.3482,26536.0576
mali,Single dose shipments,2065,24030.3184,20176.2425,27809.8442
mali,Single dose shipments,2066,25153.9322,21149.6836,29054.1325
mali,Single dose shipments,2067,26210.5046,22079.1456,30287.6942
mali,Single dose shipments,2068,27261.7137,22960.3377,31407.0174
mali,Single dose shipments,2069,28272.6980,23861.3741,32492.0154
mali,Single dose shipments,2070,29243.4574,24744.1752,33534.6432
mali,Single dose shipments,2071,30227.6251,25630.1943,34559.5720
mali,Single dose shipments,2072,31131.3432,26474.9159,35548.5667
mali,Single dose shipments,2073,31997.5180,27235.4335,36515.0355
mali,Single dose shipments,2074,32807.3781,27964.3076,37428.4075
mali,Single dose shipments,2075,33593.1033,28649.2025,38297.8003
mali,Single dose shipments,2076,34314.4687,29302.9902,39096.3975
mali,Single dose shipments,2077,35011.6992,29892.4181,39874.6140
mali,Single dose shipments,2078,35687.4765,30454.4932,40609.9240
mali,Single dose shipments,2079,36304.2574,30958.6445,41361.8604
mali,Single dose shipments,2080,36864.7234,31450.9965,42018.8660
mali,Single dose shipments,2081,37395.6913,31926.1860,42619.0206
mali,Single dose shipments,2082,37856.9361,32333.2613,43158.5698
mali,Single dose shipments,2083,38310.1360,32734.9734,43664.3301
mali,Single dose shipments,2084,38707.0210,33054.0904,44123.4296
mali,Single dose shipments,2085,39085.1345,33383.9341,44536.4046
mali,Single dose shipments,2086,39404.2516,33657.4630,44924.7084
mali,Single dose shipments,2087,39685.8254,33898.2757,45278.6869
mali,Single dose shipments,2088,39943.2644,34122.9985,45570.4511
mali,Single dose shipments,2089,40192.6584,34330.0223,45856.8519
mali,Single dose shipments,2090,40407.1909,34515.5929,46125.5539
mali,Single dose shipments,2091,40589.5435,34648.6030,46356.7126
mali,Single dose shipments,2092,40747.7612,34776.2498,46546.0375
mali,Single dose shipments,2093,40892.5706,34892.6337,46717.6635
mali,Single dose shipments,2094,41007.8818,34988.6370,46873.7359
mali,Single dose shipments,2095,41099.0581,35052.4604,46997.0920
mali,Single dose shipments,2096,41182.1894,35110.9205,47104.3583
mali,Single dose shipments,2097,41257.2758,35158.1176,47196.0709
mali,Single dose shipments,2098,41305.5456,35184.3979,47260.4306
mali,Single dose shipments,2099,41348.4521,35210.6781,47311.3821
mali,Single dose shipments,2100,41375.2686,35226.2317,47354.2886
mali,Single dose shipments,2101,41396.7219,35236.9583,47387.5411
mali,Single dose shipments,2102,41412.8118,35242.3216,47419.7210
mali,Single dose shipments,2103,41423.5384,35247.6849,47441.1742
mali,Single dose shipments,2104,41434.2651,35247.6849,47457.8005
mali,Single dose shipments,2105,41439.6284,35247.6849,47468.5271
mali,Single dose shipments,2106,41439.6284,35247.6849,47479.2538
mali,Single dose shipments,2107,41439.6284,35247.6849,47484.6171
mali,Single dose shipments,2108,41439.6284,35247.6849,47489.9804
mali,Single dose shipments,2109,41439.6284,35247.6849,47495.3437
mali,Single dose shipments,2110,41439.6284,35247.6849,47495.3437
mali,Single dose shipments,2111,41439.6284,35247.6849,47495.3437
mali,Single dose shipments,2112,41439.6284,35247.6849,47495.3437
mali,Single dose shipments,2113,41439.6284,35247.6849,47495.3437
mali,Single dose shipments,2114,41439.6284,35247.6849,47495.3437
mali,Single dose shipments,2115,41439.6284,35247.6849,47495.3437
mali,Single dose shipments,2116,41439.6284,35247.6849,47495.3437
mali,Single dose shipments,2117,41439.6284,35247.6849,47495.3437
mali,Single dose shipments,2118,41439.6284,35247.6849,47495.3437
mali,Single dose shipments,2119,41439.6284,35247.6849,47495.3437
mali,Single dose shipments,2120,41439.6284,35247.6849,47495.3437
mali,Single dose shipments,2121,41439.6284,35247.6849,47495.3437
mali,Single dose shipments,2122,41439.6284,35247.6849,47495.3437
mali,Single dose shipments,2123,41439.6284,35247.6849,47495.3437
mali,Single dose shipments,2124,41439.6284,35247.6849,47495.3437
mali,Single dose shipments,2125,41439.6284,35247.6849,47495.3437
mali,Single dose actual,2024,0.0000,0.0000,0.0000
mali,Single dose actual,2025,0.0000,0.0000,0.0000
mali,Single dose actual,2026,0.0000,0.0000,0.5363
mali,Single dose actual,2027,0.0000,0.0000,5.8996
mali,Single dose actual,2028,5.3633,0.0000,16.6263
mali,Single dose actual,2029,10.7266,0.0000,28.4256
mali,Single dose actual,2030,21.4532,0.0000,49.8788
mali,Single dose actual,2031,37.5432,4.8270,82.5950
mali,Single dose actual,2032,67.0414,20.3806,132.4738
mali,Single dose actual,2033,109.9479,52.0241,197.9062
mali,Single dose actual,2034,174.3076,89.5673,294.9821
mali,Single dose actual,2035,265.4839,153.3907,409.2207
mali,Single dose actual,2036,380.7951,244.5670,581.3830
mali,Single dose actual,2037,539.0128,351.8333,838.8220
mali,Single dose actual,2038,758.9086,517.5596,1108.0602
mali,Single dose actual,2039,1010.9843,710.6388,1440.5855
mali,Single dose actual,2040,1314.0114,944.4792,1835.8616
mali,Single dose actual,2041,1686.7616,1218.0081,2309.4420
mali,Single dose actual,2042,2097.0549,1548.9244,2856.4998
mali,Single dose actual,2043,2593.1612,1988.7160,3457.1908
mali,Single dose actual,2044,3158.9906,2454.2515,4144.7673
mali,Single dose actual,2045,3850.8578,3027.0532,4931.0288
mali,Single dose actual,2046,4566.8600,3597.7095,5855.6638
mali,Single dose actual,2047,5371.3567,4294.4037,6828.0322
mali,Single dose actual,2048,6210.7150,5029.1774,7851.8884
mali,Single dose actual,2049,7138.5680,5859.9544,8952.9763
mali,Single dose actual,2050,8176.3688,6701.9944,10118.4240
mali,Single dose actual,2051,9243.6678,7612.1484,11335.8958
mali,Single dose actual,2052,10383.3716,8567.8905,12650.4435
mali,Single dose actual,2053,11539.1653,9591.2104,13950.5102
mali,Single dose actual,2054,12748.5921,10668.1634,15292.4108
mali,Single dose actual,2055,14041.1502,11757.9884,16877.2694
mali,Single dose actual,2056,15328.3450,12897.6921,18351.1075
mali,Single dose actual,2057,16620.9032,14071.7211,19965.4644
mali,Single dose actual,2058,17900.0530,15239.8504,21414.0949
mali,Single dose actual,2059,19214.0644,16450.3499,22862.1890
mali,Single dose actual,2060,20611.2071,17625.4515,24444.9023
mali,Single dose actual,2061,21909.1286,18828.9786,26046.3872
mali,Single dose actual,2062,23263.3648,20029.2878,27557.7685
mali,Single dose actual,2063,24609.5560,21189.3721,29040.7242
mali,Single dose actual,2064,25918.2041,22330.1485,30538.6972
mali,Single dose actual,2065,27213.4439,23507.9318,31910.6323
mali,Single dose actual,2066,28514.0470,24605.8017,33327.0830
mali,Single dose actual,2067,29820.0134,25693.4814,34716.7170
mali,Single dose actual,2068,31018.7136,26770.4344,36052.1817
mali,Single dose actual,2069,32166.4623,27783.5639,37313.0963
mali,Single dose actual,2070,33300.8028,28816.5378,38574.5472
mali,Single dose actual,2071,34341.2852,29756.7263,39801.1366
mali,Single dose actual,2072,35371.0411,30630.4098,40927.9684
mali,Single dose actual,2073,36333.7556,31488.0034,41992.5858
mali,Single dose actual,2074,37232.1103,32253.3480,43013.7604
mali,Single dose actual,2075,38087.5585,32982.7584,43977.5475
mali,Single dose actual,2076,38897.4186,33709.4871,44879.6565
mali,Single dose actual,2077,39653.6456,34363.2748,45721.6965
mali,Single dose actual,2078,40380.3743,34985.4190,46505.8126
mali,Single dose actual,2079,41066.8782,35604.3452,47240.5864
mali,Single dose actual,2080,41686.3407,36161.5933,47970.5331
mali,Single dose actual,2081,42260.2151,36648.0456,48626.4661
mali,Single dose actual,2082,42793.8646,37134.4980,49267.3819
mali,Single dose actual,2083,43284.6076,37552.8363,49840.1836
mali,Single dose actual,2084,43753.8974,37952.9394,50362.0338
mali,Single dose actual,2085,44140.0558,38291.9007,50823.2786
mali,Single dose actual,2086,44515.4877,38597.0731,51267.8972
mali,Single dose actual,2087,44856.0580,38880.2560,51640.1110
mali,Single dose actual,2088,45172.4934,39104.9788,51996.7712
mali,Single dose actual,2089,45448.7039,39307.7119,52313.7430
mali,Single dose actual,2090,45692.7346,39500.2548,52610.3341
mali,Single dose actual,2091,45901.9038,39668.6628,52843.1018
mali,Single dose actual,2092,46092.3013,39811.3269,53074.2606
mali,Single dose actual,2093,46242.4741,39913.2298,53250.7135
mali,Single dose actual,2094,46365.8302,40002.7971,53401.4226
mali,Single dose actual,2095,46470.4148,40082.7105,53521.5608
mali,Single dose actual,2096,46556.2278,40136.3436,53640.0900
mali,Single dose actual,2097,46631.3142,40188.3677,53725.9029
mali,Single dose actual,2098,46684.9473,40225.9109,53796.1623
mali,Single dose actual,2099,46730.5354,40257.0181,53860.5221
mali,Single dose actual,2100,46760.0336,40273.1081,53914.1552
mali,Single dose actual,2101,46784.1685,40289.1980,53957.0617
mali,Single dose actual,2102,46800.2585,40294.5613,53989.7779
mali,Single dose actual,2103,46816.3484,40299.9246,54011.2311
mali,Single dose actual,2104,46827.0750,40299.9246,54038.0477
mali,Single dose actual,2105,46832.4384,40299.9246,54054.6740
mali,Single dose actual,2106,46832.4384,40299.9246,54070.7639
mali,Single dose actual,2107,46835.1200,40299.9246,54076.6635
mali,Single dose actual,2108,46835.1200,40299.9246,54082.0268
mali,Single dose actual,2109,46835.1200,40299.9246,54087.3902
mali,Single dose actual,2110,46835.1200,40299.9246,54087.3902
mali,Single dose actual,2111,46835.1200,40299.9246,54087.9265
mali,Single dose actual,2112,46835.1200,40299.9246,54087.9265
mali,Single dose actual,2113,46835.1200,40299.9246,54087.9265
mali,Single dose actual,2114,46835.1200,40299.9246,54087.9265
mali,Single dose actual,2115,46835.1200,40299.9246,54087.9265
mali,Single dose actual,2116,46835.1200,40299.9246,54087.9265
mali,Single dose actual,2117,46835.1200,40299.9246,54087.9265
mali,Single dose actual,2118,46835.1200,40299.9246,54087.9265
mali,Single dose actual,2119,46835.1200,40299.9246,54087.9265
mali,Single dose actual,2120,46835.1200,40299.9246,54087.9265
mali,Single dose actual,2121,46835.1200,40299.9246,54087.9265
mali,Single dose actual,2122,46835.1200,40299.9246,54087.9265
mali,Single dose actual,2123,46835.1200,40299.9246,54087.9265
mali,Single dose actual,2124,46835.1200,40299.9246,54087.9265
mali,Single dose actual,2125,46835.1200,40299.9246,54087.9265
mali,Double dose,2024,0.0000,0.0000,0.0000
mali,Double dose,2025,0.0000,0.0000,0.5363
mali,Double dose,2026,0.0000,0.0000,5.8996
mali,Double dose,2027,0.0000,0.0000,11.2630
mali,Double dose,2028,0.0000,0.0000,16.6263
mali,Double dose,2029,5.3633,0.0000,27.3529
mali,Double dose,2030,18.7716,4.8270,50.4151
mali,Double dose,2031,34.8615,10.1903,77.7680
mali,Double dose,2032,61.6781,20.9169,120.6745
mali,Double dose,2033,112.6295,52.0241,190.9339
mali,Double dose,2034,193.0792,99.7576,299.2728
mali,Double dose,2035,278.8922,136.7645,423.1653
mali,Double dose,2036,415.6567,238.1310,611.9539
mali,Double dose,2037,560.4661,344.3246,822.7320
mali,Double dose,2038,764.2719,499.3243,1105.3786
mali,Double dose,2039,1008.3026,718.6838,1391.2431
mali,Double dose,2040,1346.1913,992.2127,1821.9170
mali,Double dose,2041,1724.3047,1255.0150,2289.0615
mali,Double dose,2042,2161.4146,1576.8137,2804.4757
mali,Double dose,2043,2684.3375,2021.9685,3392.2947
mali,Double dose,2044,3276.9835,2499.3033,4073.4353
mali,Double dose,2045,3923.2626,3022.2262,4809.8180
mali,Double dose,2046,4617.8114,3606.8272,5644.8856
mali,Double dose,2047,5408.8999,4265.9782,6562.5483
mali,Double dose,2048,6256.3032,4992.7069,7609.4667
mali,Double dose,2049,7143.9313,5794.5220,8629.0323
mali,Double dose,2050,8077.1475,6630.6623,9741.9195
mali,Double dose,2051,9074.7235,7547.7887,10967.9726
mali,Double dose,2052,10174.2024,8498.1675,12197.2436
mali,Double dose,2053,11335.3594,9495.7435,13505.3554
mali,Double dose,2054,12520.6513,10572.1602,14806.4948
mali,Double dose,2055,13772.9846,11649.1132,16202.0285
mali,Double dose,2056,15044.0895,12710.5126,17583.6176
mali,Double dose,2057,16360.7825,13899.5588,19023.6668
mali,Double dose,2058,17709.6555,15119.1759,20493.7506
mali,Double dose,2059,18980.7603,16256.1980,21899.4746
mali,Double dose,2060,20302.8167,17359.9675,23366.8767
mali,Double dose,2061,21659.7346,18478.7544,24886.8393
mali,Double dose,2062,22971.0643,19719.8247,26374.0856
mali,Double dose,2063,24260.9408,20899.2170,27773.3737
mali,Double dose,2064,25564.2255,22059.8376,29146.9178
mali,Double dose,2065,26856.7837,23216.7040,30605.7386
mali,Double dose,2066,28063.5288,24297.9476,31979.8191
mali,Double dose,2067,29267.5923,25309.4682,33262.7233
mali,Double dose,2068,30396.5694,26348.8781,34521.4925
mali,Double dose,2069,31479.9584,27329.2914,35771.6805
mali,Double dose,2070,32557.9841,28259.2897,37005.7785
mali,Double dose,2071,33614.5565,29165.1531,38128.3197
mali,Double dose,2072,34625.5408,30087.1064,39272.3141
mali,Double dose,2073,35577.5286,30917.8833,40326.2048
mali,Double dose,2074,36473.2017,31710.5808,41354.8880
mali,Double dose,2075,37309.8783,32487.7247,42322.4295
mali,Double dose,2076,38122.4200,33225.7164,43274.9537
mali,Double dose,2077,38892.0553,33943.8638,44107.8760
mali,Double dose,2078,39597.3308,34596.5789,44912.3727
mali,Double dose,2079,40283.8347,35196.7335,45675.5720
mali,Double dose,2080,40884.5256,35732.5283,46401.7644
mali,Double dose,2081,41426.2201,36209.8631,47050.7251
mali,Double dose,2082,41970.5962,36671.1079,47671.2603
mali,Double dose,2083,42458.6576,37062.6296,48236.0170
mali,Double dose,2084,42898.4492,37431.0892,48799.1648
mali,Double dose,2085,43295.3342,37773.2684,49257.7279
mali,Double dose,2086,43676.1294,38093.9945,49695.9105
mali,Double dose,2087,44000.6097,38351.4335,50087.4323
mali,Double dose,2088,44319.7268,38618.5264,50469.3001
mali,Double dose,2089,44601.3007,38826.6229,50780.9085
mali,Double dose,2090,44842.6497,39017.5568,51049.6104
mali,Double dose,2091,45062.5455,39189.1828,51307.5857
mali,Double dose,2092,45231.4898,39327.5562,51513.0005
mali,Double dose,2093,45376.2992,39438.5768,51685.6992
mali,Double dose,2094,45510.3820,39545.8430,51862.6885
mali,Double dose,2095,45614.9666,39615.0297,52008.0342
mali,Double dose,2096,45698.0979,39674.0261,52131.9267
mali,Double dose,2097,45762.4577,39721.7596,52217.7397
mali,Double dose,2098,45821.4541,39764.6661,52293.8987
mali,Double dose,2099,45861.6789,39780.7560,52368.9851
mali,Double dose,2100,45896.5405,39796.3096,52417.7912
mali,Double dose,2101,45917.9937,39807.0363,52444.6078
mali,Double dose,2102,45939.4469,39812.3996,52477.3240
mali,Double dose,2103,45950.1736,39817.2266,52493.9503
mali,Double dose,2104,45960.9002,39817.2266,52515.4035
mali,Double dose,2105,45971.6268,39817.2266,52537.3931
mali,Double dose,2106,45974.3085,39817.2266,52548.1197
mali,Double dose,2107,45976.9901,39817.2266,52553.4830
mali,Double dose,2108,45976.9901,39817.2266,52558.8463
mali,Double dose,2109,45976.9901,39817.2266,52564.2096
mali,Double dose,2110,45976.9901,39817.2266,52564.7460
mali,Double dose,2111,45976.9901,39817.2266,52564.7460
mali,Double dose,2112,45976.9901,39817.2266,52564.7460
mali,Double dose,2113,45976.9901,39817.2266,52564.7460
mali,Double dose,2114,45976.9901,39817.2266,52564.7460
mali,Double dose,2115,45976.9901,39817.2266,52564.7460
mali,Double dose,2116,45976.9901,39817.2266,52564.7460
mali,Double dose,2117,45976.9901,39817.2266,52564.7460
mali,Double dose,2118,45976.9901,39817.2266,52564.7460
mali,Double dose,2119,45976.9901,39817.2266,52564.7460
mali,Double dose,2120,45976.9901,39817.2266,52564.7460
mali,Double dose,2121,45976.9901,39817.2266,52564.7460
mali,Double dose,2122,45976.9901,39817.2266,52564.7460
mali,Double dose,2123,45976.9901,39817.2266,52564.7460
mali,Double dose,2124,45976.9901,39817.2266,52564.7460
mali,Double dose,2125,45976.9901,39817.2266,52564.7460
mozambique,No vaccination,2024,0.0000,0.0000,6.6580
mozambique,No vaccination,2025,0.0000,0.0000,13.3160
mozambique,No vaccination,2026,6.6580,0.0000,26.6319
mozambique,No vaccination,2027,19.9740,6.6580,46.6059
mozambique,No vaccination,2028,46.6059,19.9740,80.5616
mozambique,No vaccination,2029,93.2118,52.5981,161.7891
mozambique,No vaccination,2030,173.1076,99.2040,274.9748
mozambique,No vaccination,2031,319.5833,198.4080,488.6962
mozambique,No vaccination,2032,522.6519,370.1840,749.6893
mozambique,No vaccination,2033,812.2744,603.2136,1116.5444
mozambique,No vaccination,2034,1211.7536,936.7787,1585.9325
mozambique,No vaccination,2035,1744.3926,1395.5141,2213.7808
mozambique,No vaccination,2036,2400.2045,1981.4170,3014.0710
mozambique,No vaccination,2037,3292.3750,2745.7541,4009.4403
mozambique,No vaccination,2038,4291.0733,3643.2510,5109.3401
mozambique,No vaccination,2039,5546.1042,4743.1507,6448.9274
mozambique,No vaccination,2040,6984.2298,6013.4950,8005.5653
mozambique,No vaccination,2041,8615.4370,7503.5529,9863.1438
mozambique,No vaccination,2042,10396.4489,9182.0319,11769.9916
mozambique,No vaccination,2043,12370.5425,10984.3493,13994.4249
mozambique,No vaccination,2044,14521.0722,12943.7953,16266.1297
mozambique,No vaccination,2045,16861.3540,15049.7167,18717.5995
mozambique,No vaccination,2046,19294.8473,17270.8209,21392.7767
mozambique,No vaccination,2047,21941.3952,19759.5753,24414.1678
mozambique,No vaccination,2048,24528.0216,22206.3844,27229.1621
mozambique,No vaccination,2049,27264.4520,24783.6896,30140.6969
mozambique,No vaccination,2050,30097.4228,27384.9635,33120.1428
mozambique,No vaccination,2051,32967.0124,30000.8848,36162.8393
mozambique,No vaccination,2052,35816.6281,32710.6834,39162.2591
mozambique,No vaccination,2053,38719.5075,35407.1661,42228.2585
mozambique,No vaccination,2054,41655.6767,38128.9490,45317.5607
mozambique,No vaccination,2055,44481.9896,40750.8625,48404.8656
mozambique,No vaccination,2056,47314.9604,43438.6898,51396.9617
mozambique,No vaccination,2057,50038.0749,46019.3240,54281.8646
mozambique,No vaccination,2058,52751.2025,48528.7180,57144.7962
mozambique,No vaccination,2059,55334.4998,50984.1826,60009.0594
mozambique,No vaccination,2060,57894.4943,53419.6732,62740.1635
mozambique,No vaccination,2061,60371.2644,55750.6339,65416.6723
mozambique,No vaccination,2062,62818.0735,58030.9939,68115.1523
mozambique,No vaccination,2063,65088.4464,60156.2233,70607.2356
mozambique,No vaccination,2064,67305.5561,62300.7610,73035.4025
mozambique,No vaccination,2065,69466.0727,64317.4654,75284.4702
mozambique,No vaccination,2066,71520.0620,66241.6243,77482.2714
mozambique,No vaccination,2067,73537.4326,68064.5816,79604.1720
mozambique,No vaccination,2068,75424.9723,69786.3375,81648.8400
mozambique,No vaccination,2069,77242.6033,71482.7931,83600.9622
mozambique,No vaccination,2070,78960.3644,73106.0109,85443.2276
mozambique,No vaccination,2071,80548.2948,74601.3952,87182.2944
mozambique,No vaccination,2072,82072.9743,76055.5000,88821.4913
mozambique,No vaccination,2073,83527.7449,77379.7739,90412.7506
mozambique,No vaccination,2074,84885.9746,78597.5201,91946.7513
mozambique,No vaccination,2075,86194.2694,79748.6864,93412.1747
mozambique,No vaccination,2076,87449.3003,80891.8630,94805.0259
mozambique,No vaccination,2077,88641.0803,81932.5067,96119.9787
mozambique,No vaccination,2078,89709.6875,82917.2232,97291.7848
mozambique,No vaccination,2079,90745.0048,83856.6654,98480.9016
mozambique,No vaccination,2080,91690.4391,84702.2299,99508.2292
mozambique,No vaccination,2081,92582.6096,85523.8257,100482.9588
mozambique,No vaccination,2082,93358.2653,86234.8989,101363.1449
mozambique,No vaccination,2083,94107.2890,86850.0970,102173.4221
mozambique,No vaccination,2084,94759.7718,87422.6840,102913.7904
mozambique,No vaccination,2085,95372.3067,87979.2918,103608.8844
mozambique,No vaccination,2086,95944.8937,88497.9490,104236.0668
mozambique,No vaccination,2087,96457.5588,88942.7026,104828.6278
mozambique,No vaccination,2088,96913.6309,89334.1923,105329.9743
mozambique,No vaccination,2089,97303.1232,89679.0760,105809.3494
mozambique,No vaccination,2090,97662.6545,89997.9936,106211.4918
mozambique,No vaccination,2091,97948.9479,90250.3313,106553.0466
mozambique,No vaccination,2092,98241.8994,90509.3269,106892.6039
mozambique,No vaccination,2093,98494.9028,90715.0587,107192.2133
mozambique,No vaccination,2094,98694.6424,90874.8504,107438.5588
mozambique,No vaccination,2095,98867.7501,91020.6603,107658.9382
mozambique,No vaccination,2096,99017.5548,91133.8460,107846.0276
mozambique,No vaccination,2097,99137.3985,91226.3921,107986.5111
mozambique,No vaccination,2098,99237.2683,91306.2879,108114.3445
mozambique,No vaccination,2099,99317.1641,91358.8860,108234.8540
mozambique,No vaccination,2100,99380.4150,91398.8339,108315.4157
mozambique,No vaccination,2101,99433.6789,91431.4580,108376.0033
mozambique,No vaccination,2102,99486.9428,91464.0822,108435.9252
mozambique,No vaccination,2103,99520.2327,91477.3981,108483.1969
mozambique,No vaccination,2104,99540.2067,91483.3903,108517.1526
mozambique,No vaccination,2105,99553.5227,91490.0483,108544.4504
mozambique,No vaccination,2106,99566.8386,91496.0405,108558.4322
mozambique,No vaccination,2107,99573.4966,91496.0405,108571.7481
mozambique,No vaccination,2108,99580.1546,91496.0405,108585.7299
mozambique,No vaccination,2109,99586.8126,91496.0405,108593.0537
mozambique,No vaccination,2110,99586.8126,91496.0405,108599.7117
mozambique,No vaccination,2111,99586.8126,91496.0405,108606.3697
mozambique,No vaccination,2112,99586.8126,91496.0405,108607.0355
mozambique,No vaccination,2113,99586.8126,91496.0405,108613.6934
mozambique,No vaccination,2114,99586.8126,91496.0405,108613.6934
mozambique,No vaccination,2115,99586.8126,91496.0405,108613.6934
mozambique,No vaccination,2116,99586.8126,91496.0405,108613.6934
mozambique,No vaccination,2117,99586.8126,91496.0405,108613.6934
mozambique,No vaccination,2118,99586.8126,91496.0405,108613.6934
mozambique,No vaccination,2119,99586.8126,91496.0405,108613.6934
mozambique,No vaccination,2120,99586.8126,91496.0405,108613.6934
mozambique,No vaccination,2121,99586.8126,91496.0405,108613.6934
mozambique,No vaccination,2122,99586.8126,91496.0405,108613.6934
mozambique,No vaccination,2123,99586.8126,91496.0405,108613.6934
mozambique,No vaccination,2124,99586.8126,91496.0405,108613.6934
mozambique,No vaccination,2125,99586.8126,91496.0405,108613.6934
mozambique,Single dose shipments,2024,0.0000,0.0000,6.6580
mozambique,Single dose shipments,2025,0.0000,0.0000,13.3160
mozambique,Single dose shipments,2026,0.0000,0.0000,20.6398
mozambique,Single dose shipments,2027,9.9870,0.0000,55.2613
mozambique,Single dose shipments,2028,36.6189,6.6580,95.8750
mozambique,Single dose shipments,2029,89.8828,32.6241,197.0764
mozambique,Single dose shipments,2030,159.7917,72.5720,277.6380
mozambique,Single dose shipments,2031,262.9905,139.1519,404.8056
mozambique,Single dose shipments,2032,432.7691,268.9826,605.2110
mozambique,Single dose shipments,2033,642.4957,441.4245,879.5200
mozambique,Single dose shipments,2034,952.0921,679.1146,1233.0592
mozambique,Single dose shipments,2035,1338.2553,983.3846,1661.8336
mozambique,Single dose shipments,2036,1830.9464,1418.1512,2251.7313
mozambique,Single dose shipments,2037,2440.1524,1908.8449,2970.7940
mozambique,Single dose shipments,2038,3142.5701,2540.6880,3769.7527
mozambique,Single dose shipments,2039,3998.1217,3279.0589,4735.8268
mozambique,Single dose shipments,2040,4943.5560,4144.5974,5748.5069
mozambique,Single dose shipments,2041,6018.8212,5058.0735,6916.3181
mozambique,Single dose shipments,2042,7207.2722,6138.6650,8255.9055
mozambique,Single dose shipments,2043,8468.9611,7251.8808,9680.7151
mozambique,Single dose shipments,2044,9907.0867,8489.6009,11235.3556
mozambique,Single dose shipments,2045,11355.1993,9761.2768,12865.2313
mozambique,Single dose shipments,2046,12853.2468,11154.1280,14531.7259
mozambique,Single dose shipments,2047,14464.4802,12644.1860,16299.4220
mozambique,Single dose shipments,2048,16132.3064,14140.9019,18076.4393
mozambique,Single dose shipments,2049,17813.4487,15752.1352,19902.0597
mozambique,Single dose shipments,2050,19574.4867,17318.7600,21940.7351
mozambique,Single dose shipments,2051,21402.1047,18945.9725,23832.2695
mozambique,Single dose shipments,2052,23239.7096,20621.7884,25797.0419
mozambique,Single dose shipments,2053,25027.3795,22309.5886,27753.1589
mozambique,Single dose shipments,2054,26861.6555,24008.0416,29707.2785
mozambique,Single dose shipments,2055,28702.5894,25657.2255,31682.0377
mozambique,Single dose shipments,2056,30516.8911,27349.0205,33749.3431
mozambique,Single dose shipments,2057,32267.9421,28998.8702,35640.8777
mozambique,Single dose shipments,2058,34082.2441,30614.0983,37549.7231
mozambique,Single dose shipments,2059,35899.8751,32164.0781,39442.5889
mozambique,Single dose shipments,2060,37634.2812,33617.5171,41274.2014
mozambique,Single dose shipments,2061,39308.7655,35146.8572,43084.5086
mozambique,Single dose shipments,2062,40926.6568,36644.9047,44852.2047
mozambique,Single dose shipments,2063,42497.9422,38082.3645,46605.2531
mozambique,Single dose shipments,2064,43986.0027,39466.5604,48216.4864
mozambique,Single dose shipments,2065,45467.4053,40847.4273,49839.0383
mozambique,Single dose shipments,2066,46888.8859,42194.3384,51425.6371
mozambique,Single dose shipments,2067,48270.4186,43472.6723,52907.0396
mozambique,Single dose shipments,2068,49631.9773,44749.0088,54352.4890
mozambique,Single dose shipments,2069,50916.9692,45940.7888,55704.7266
mozambique,Single dose shipments,2070,52138.7101,47076.6417,57005.0318
mozambique,Single dose shipments,2071,53330.4901,48183.1994,58297.3474
mozambique,Single dose shipments,2072,54475.6642,49241.1538,59610.9686
mozambique,Single dose shipments,2073,55544.2714,50193.2462,60805.4118
mozambique,Single dose shipments,2074,56546.2987,51085.4166,61944.5937
mozambique,Single dose shipments,2075,57531.6810,51982.9135,63016.5299
mozambique,Single dose shipments,2076,58460.4704,52745.2532,64029.2100
mozambique,Single dose shipments,2077,59316.0220,53544.2118,64994.6183
mozambique,Single dose shipments,2078,60134.9545,54289.9065,65934.0605
mozambique,Single dose shipments,2079,60907.2812,54949.0473,66766.3091
mozambique,Single dose shipments,2080,61613.0280,55553.5927,67585.9075
mozambique,Single dose shipments,2081,62285.4848,56131.5060,68340.9234
mozambique,Single dose shipments,2082,62911.3357,56675.4637,69053.3281
mozambique,Single dose shipments,2083,63453.9617,57186.1313,69687.8344
mozambique,Single dose shipments,2084,63979.9428,57674.8276,70311.6879
mozambique,Single dose shipments,2085,64442.6729,58074.3069,70892.2645
mozambique,Single dose shipments,2086,64868.7841,58447.1542,71380.2950
mozambique,Single dose shipments,2087,65244.9604,58771.3981,71840.3619
mozambique,Single dose shipments,2088,65604.4917,59096.3079,72233.8490
mozambique,Single dose shipments,2089,65890.7851,59341.9876,72634.6598
mozambique,Single dose shipments,2090,66173.7496,59573.0198,72967.5592
mozambique,Single dose shipments,2091,66406.7791,59767.4330,73243.8656
mozambique,Single dose shipments,2092,66616.5057,59933.8826,73505.5245
mozambique,Single dose shipments,2093,66802.9293,60080.3583,73711.9221
mozambique,Single dose shipments,2094,66952.7340,60206.1943,73918.9855
mozambique,Single dose shipments,2095,67085.8937,60298.7403,74106.0749
mozambique,Single dose shipments,2096,67202.4085,60397.9443,74249.2216
mozambique,Single dose shipments,2097,67292.2913,60463.1925,74377.7207
mozambique,Single dose shipments,2098,67365.5291,60516.4564,74484.2485
mozambique,Single dose shipments,2099,67428.7800,60562.3965,74565.4759
mozambique,Single dose shipments,2100,67475.3859,60582.3705,74639.3796
mozambique,Single dose shipments,2101,67508.6758,60601.6786,74692.6435
mozambique,Single dose shipments,2102,67541.9658,60620.9868,74745.9074
mozambique,Single dose shipments,2103,67568.5977,60627.6448,74792.5133
mozambique,Single dose shipments,2104,67581.9137,60634.3028,74812.4872
mozambique,Single dose shipments,2105,67595.2296,60640.9608,74839.1192
mozambique,Single dose shipments,2106,67601.8876,60640.9608,74859.0931
mozambique,Single dose shipments,2107,67601.8876,60640.9608,74866.4169
mozambique,Single dose shipments,2108,67601.8876,60640.9608,74873.7407
mozambique,Single dose shipments,2109,67601.8876,60640.9608,74880.3987
mozambique,Single dose shipments,2110,67601.8876,60640.9608,74881.0645
mozambique,Single dose shipments,2111,67601.8876,60640.9608,74881.0645
mozambique,Single dose shipments,2112,67601.8876,60640.9608,74881.0645
mozambique,Single dose shipments,2113,67601.8876,60640.9608,74887.7225
mozambique,Single dose shipments,2114,67601.8876,60640.9608,74887.7225
mozambique,Single dose shipments,2115,67601.8876,60640.9608,74887.7225
mozambique,Single dose shipments,2116,67601.8876,60640.9608,74887.7225
mozambique,Single dose shipments,2117,67601.8876,60640.9608,74887.7225
mozambique,Single dose shipments,2118,67601.8876,60640.9608,74887.7225
mozambique,Single dose shipments,2119,67601.8876,60640.9608,74887.7225
mozambique,Single dose shipments,2120,67601.8876,60640.9608,74887.7225
mozambique,Single dose shipments,2121,67601.8876,60640.9608,74887.7225
mozambique,Single dose shipments,2122,67601.8876,60640.9608,74887.7225
mozambique,Single dose shipments,2123,67601.8876,60640.9608,74887.7225
mozambique,Single dose shipments,2124,67601.8876,60640.9608,74887.7225
mozambique,Single dose shipments,2125,67601.8876,60640.9608,74887.7225
mozambique,Single dose actual,2024,0.0000,0.0000,6.6580
mozambique,Single dose actual,2025,0.0000,0.0000,13.3160
mozambique,Single dose actual,2026,0.0000,0.0000,26.6319
mozambique,Single dose actual,2027,13.3160,0.0000,47.2717
mozambique,Single dose actual,2028,39.9479,12.6502,81.8932
mozambique,Single dose actual,2029,79.8958,31.9583,135.8229
mozambique,Single dose actual,2030,149.8047,83.8906,229.0347
mozambique,Single dose actual,2031,269.6484,143.8125,403.4740
mozambique,Single dose actual,2032,426.1111,249.6745,604.5452
mozambique,Single dose actual,2033,645.8247,395.4844,886.1780
mozambique,Single dose actual,2034,955.4211,640.4983,1263.0201
mozambique,Single dose actual,2035,1331.5974,994.0374,1719.0923
mozambique,Single dose actual,2036,1824.2885,1426.8066,2287.6844
mozambique,Single dose actual,2037,2426.8364,1912.8397,3022.0606
mozambique,Single dose actual,2038,3159.2151,2522.0456,3817.6902
mozambique,Single dose actual,2039,3968.1607,3259.7507,4717.8502
mozambique,Single dose actual,2040,4923.5821,4104.6495,5805.0998
mozambique,Single dose actual,2041,5988.8603,5038.7653,6958.9293
mozambique,Single dose actual,2042,7217.2592,6130.6754,8252.5765
mozambique,Single dose actual,2043,8468.9611,7299.1525,9604.8140
mozambique,Single dose actual,2044,9797.2299,8514.2354,11143.4753
mozambique,Single dose actual,2045,11268.6455,9830.5198,12681.4707
mozambique,Single dose actual,2046,12866.5628,11322.5752,14384.5843
mozambique,Single dose actual,2047,14451.1642,12813.2989,16119.6563
mozambique,Single dose actual,2048,16172.2543,14387.9133,17985.2248
mozambique,Single dose actual,2049,17886.6865,16024.4470,19844.1350
mozambique,Single dose actual,2050,19641.0666,17682.2863,21708.3719
mozambique,Single dose actual,2051,21395.4467,19338.7939,23701.7730
mozambique,Single dose actual,2052,23272.9996,21010.6150,25725.8014
mozambique,Single dose actual,2053,25073.9857,22673.7806,27637.9758
mozambique,Single dose actual,2054,26921.5776,24388.8785,29638.7013
mozambique,Single dose actual,2055,28779.1565,26119.2898,31698.0172
mozambique,Single dose actual,2056,30640.0643,27801.7636,33696.7453
mozambique,Single dose actual,2057,32480.9983,29516.8616,35693.4756
mozambique,Single dose actual,2058,34285.3133,31126.0976,37591.6683
mozambique,Single dose actual,2059,36009.7324,32731.3387,39432.6022
mozambique,Single dose actual,2060,37754.1255,34338.5772,41312.1523
mozambique,Single dose actual,2061,39421.9517,35850.6065,43184.3788
mozambique,Single dose actual,2062,41059.8169,37386.6046,44957.4012
mozambique,Single dose actual,2063,42724.3141,38877.3283,46666.5070
mozambique,Single dose actual,2064,44298.9285,40271.5112,48457.5058
mozambique,Single dose actual,2065,45833.5949,41720.9554,50111.3503
mozambique,Single dose actual,2066,47268.3915,43043.8978,51727.2442
mozambique,Single dose actual,2067,48706.5171,44281.6179,53246.5973
mozambique,Single dose actual,2068,50068.0758,45531.3224,54733.9920
mozambique,Single dose actual,2069,51439.6216,46741.7448,56202.0786
mozambique,Single dose actual,2070,52704.6394,47825.6654,57580.2823
mozambique,Single dose actual,2071,53863.1295,48876.2960,58813.3418
mozambique,Single dose actual,2072,55034.9355,49939.5768,60074.3649
mozambique,Single dose actual,2073,56150.1486,50968.9018,61268.1423
mozambique,Single dose actual,2074,57145.5180,51879.0489,62374.7001
mozambique,Single dose actual,2075,58077.6364,52721.9502,63449.2994
mozambique,Single dose actual,2076,58989.7808,53559.5252,64440.6740
mozambique,Single dose actual,2077,59842.0033,54336.5124,65392.7663
mozambique,Single dose actual,2078,60670.9229,55082.2071,66287.6000
mozambique,Single dose actual,2079,61433.2626,55755.3298,67158.4649
mozambique,Single dose actual,2080,62115.7064,56373.8569,67927.4626
mozambique,Single dose actual,2081,62758.2023,56962.4230,68719.7632
mozambique,Single dose actual,2082,63344.1052,57485.7409,69382.2330
mozambique,Single dose actual,2083,63920.0212,57978.4320,70004.0891
mozambique,Single dose actual,2084,64436.0152,58417.1933,70578.6735
mozambique,Single dose actual,2085,64918.7194,58818.6700,71119.9679
mozambique,Single dose actual,2086,65348.1596,59184.1935,71592.6851
mozambique,Single dose actual,2087,65744.3098,59522.4192,72040.1018
mozambique,Single dose actual,2088,66097.1831,59841.3368,72468.8762
mozambique,Single dose actual,2089,66430.0825,60100.3325,72823.7470
mozambique,Single dose actual,2090,66723.0339,60346.0122,73145.9935
mozambique,Single dose actual,2091,66966.0504,60545.0860,73441.6082
mozambique,Single dose actual,2092,67172.4480,60711.5356,73688.6194
mozambique,Single dose actual,2093,67342.2266,60838.0374,73928.9728
mozambique,Single dose actual,2094,67502.0183,60971.1971,74115.3964
mozambique,Single dose actual,2095,67628.5200,61063.7431,74281.8461
mozambique,Single dose actual,2096,67741.7058,61130.3230,74428.9875
mozambique,Single dose actual,2097,67854.8916,61209.5530,74569.4711
mozambique,Single dose actual,2098,67934.7874,61255.4931,74670.0067
mozambique,Single dose actual,2099,67994.7093,61301.4332,74763.8843
mozambique,Single dose actual,2100,68041.3152,61321.4072,74831.1299
mozambique,Single dose actual,2101,68081.2631,61348.0391,74898.3756
mozambique,Single dose actual,2102,68107.8951,61361.3551,74938.9893
mozambique,Single dose actual,2103,68124.5400,61368.0131,74972.2792
mozambique,Single dose actual,2104,68137.8560,61374.6711,75005.5692
mozambique,Single dose actual,2105,68147.8430,61374.6711,75025.5431
mozambique,Single dose actual,2106,68154.5010,61374.6711,75046.1829
mozambique,Single dose actual,2107,68161.1589,61374.6711,75066.1568
mozambique,Single dose actual,2108,68167.8169,61374.6711,75079.4728
mozambique,Single dose actual,2109,68167.8169,61374.6711,75086.1308
mozambique,Single dose actual,2110,68167.8169,61374.6711,75092.7888
mozambique,Single dose actual,2111,68167.8169,61374.6711,75099.4468
mozambique,Single dose actual,2112,68167.8169,61374.6711,75100.1126
mozambique,Single dose actual,2113,68167.8169,61374.6711,75100.1126
mozambique,Single dose actual,2114,68167.8169,61374.6711,75100.1126
mozambique,Single dose actual,2115,68167.8169,61374.6711,75100.1126
mozambique,Single dose actual,2116,68167.8169,61374.6711,75100.1126
mozambique,Single dose actual,2117,68167.8169,61374.6711,75100.1126
mozambique,Single dose actual,2118,68167.8169,61374.6711,75100.1126
mozambique,Single dose actual,2119,68167.8169,61374.6711,75100.1126
mozambique,Single dose actual,2120,68167.8169,61374.6711,75100.1126
mozambique,Single dose actual,2121,68167.8169,61374.6711,75100.1126
mozambique,Single dose actual,2122,68167.8169,61374.6711,75100.1126
mozambique,Single dose actual,2123,68167.8169,61374.6711,75100.1126
mozambique,Single dose actual,2124,68167.8169,61374.6711,75100.1126
mozambique,Single dose actual,2125,68167.8169,61374.6711,75100.1126
mozambique,Double dose,2024,0.0000,0.0000,6.6580
mozambique,Double dose,2025,0.0000,0.0000,13.3160
mozambique,Double dose,2026,6.6580,0.0000,26.6319
mozambique,Double dose,2027,13.3160,5.9922,47.9375
mozambique,Double dose,2028,33.2899,12.6502,81.8932
mozambique,Double dose,2029,86.5538,31.9583,162.4549
mozambique,Double dose,2030,166.4497,77.8984,275.6406
mozambique,Double dose,2031,272.9774,157.1285,446.0851
mozambique,Double dose,2032,466.0590,290.2882,687.7700
mozambique,Double dose,2033,725.7205,521.9861,1002.0270
mozambique,Double dose,2034,1075.2649,820.2639,1410.8274
mozambique,Double dose,2035,1534.6660,1231.7276,1926.1557
mozambique,Double dose,2036,2127.2270,1731.0767,2653.8738
mozambique,Double dose,2037,2882.9086,2376.2357,3554.0339
mozambique,Double dose,2038,3781.7371,3161.8784,4533.4240
mozambique,Double dose,2039,4800.4094,4066.0332,5701.9010
mozambique,Double dose,2040,5985.5314,5137.9694,6986.8929
mozambique,Double dose,2041,7317.1292,6341.7338,8471.6244
mozambique,Double dose,2042,8878.4276,7763.2144,10150.7693
mozambique,Double dose,2043,10586.2017,9179.3687,11967.7344
mozambique,Double dose,2044,12357.2268,10883.8139,13913.1985
mozambique,Double dose,2045,14331.3203,12662.8285,15991.8221
mozambique,Double dose,2046,16315.4007,14531.7259,18310.7984
mozambique,Double dose,2047,18449.2858,16521.1326,20600.4797
mozambique,Double dose,2048,20752.9489,18670.9969,22976.7145
mozambique,Double dose,2049,23053.2827,20832.1793,25471.4610
mozambique,Double dose,2050,25363.6037,22982.0429,28014.8106
mozambique,Double dose,2051,27707.2145,25160.5362,30471.6068
mozambique,Double dose,2052,30140.7078,27454.8781,33084.8650
mozambique,Double dose,2053,32584.1879,29721.9223,35717.4312
mozambique,Double dose,2054,34971.0753,31957.6741,38368.6397
mozambique,Double dose,2055,37374.6078,34136.1674,41035.8274
mozambique,Double dose,2056,39711.5607,36286.6974,43601.1483
mozambique,Double dose,2057,42081.8033,38375.9740,46064.6024
mozambique,Double dose,2058,44342.1895,40499.2062,48522.7301
mozambique,Double dose,2059,46682.4713,42562.5166,50950.2311
mozambique,Double dose,2060,48876.2779,44597.8633,53361.7531
mozambique,Double dose,2061,51013.4917,46583.9412,55612.8180
mozambique,Double dose,2062,53104.1000,48577.3426,57888.5175
mozambique,Double dose,2063,55098.1674,50492.8460,60062.3503
mozambique,Double dose,2064,57102.2220,52361.0776,62206.8878
mozambique,Double dose,2065,59046.3547,54124.7789,64282.1825
mozambique,Double dose,2066,60857.3277,55757.3178,66266.9288
mozambique,Double dose,2067,62531.8119,57325.9400,68155.1344
mozambique,Double dose,2068,64169.6772,58871.2593,69917.5041
mozambique,Double dose,2069,65750.9496,60341.3432,71641.2573
mozambique,Double dose,2070,67342.2089,61771.4793,73305.7546
mozambique,Double dose,2071,68813.6245,63095.7532,74865.7214
mozambique,Double dose,2072,70261.7371,64367.4291,76413.7038
mozambique,Double dose,2073,71546.7289,65552.5511,77802.5603
mozambique,Double dose,2074,72788.4439,66677.0854,79175.4376
mozambique,Double dose,2075,73930.2889,67681.1101,80476.4087
mozambique,Double dose,2076,75028.8571,68683.8032,81728.7764
mozambique,Double dose,2077,76064.1743,69595.2819,82855.3081
mozambique,Double dose,2078,77022.9247,70460.1546,83875.9777
mozambique,Double dose,2079,77918.4242,71283.0820,84858.0311
mozambique,Double dose,2080,78767.3177,72060.0692,85767.5123
mozambique,Double dose,2081,79539.6444,72745.8420,86609.0821
mozambique,Double dose,2082,80235.4041,73365.0349,87449.3202
mozambique,Double dose,2083,80917.8479,73968.9144,88203.6703
mozambique,Double dose,2084,81537.0408,74480.9137,88872.1323
mozambique,Double dose,2085,82092.9828,74919.0093,89507.3044
mozambique,Double dose,2086,82592.3319,75344.4547,90086.5494
mozambique,Double dose,2087,83048.4041,75762.5763,90607.2040
mozambique,Double dose,2088,83474.5153,76107.4601,91102.5583
mozambique,Double dose,2089,83817.4016,76427.0434,91535.3275
mozambique,Double dose,2090,84160.2880,76723.9897,91958.1097
mozambique,Double dose,2091,84463.2264,76941.7058,92304.9909
mozambique,Double dose,2092,84719.5589,77166.0800,92598.6081
mozambique,Double dose,2093,84915.9695,77337.1902,92858.9353
mozambique,Double dose,2094,85105.7221,77482.3343,93079.9805
mozambique,Double dose,2095,85262.1848,77582.2041,93266.4041
mozambique,Double dose,2096,85392.0155,77673.4185,93434.1854
mozambique,Double dose,2097,85498.5433,77744.6590,93580.6611
mozambique,Double dose,2098,85578.4391,77804.5808,93701.1706
mozambique,Double dose,2099,85651.6770,77857.1789,93795.0482
mozambique,Double dose,2100,85704.9408,77890.4689,93881.6020
mozambique,Double dose,2101,85748.2178,77910.4428,93941.5239
mozambique,Double dose,2102,85784.8367,77930.4168,94001.4458
mozambique,Double dose,2103,85811.4686,77943.0670,94061.3677
mozambique,Double dose,2104,85834.7716,77949.7249,94095.3234
mozambique,Double dose,2105,85851.4165,77955.7171,94122.6211
mozambique,Double dose,2106,85864.7325,77955.7171,94142.5951
mozambique,Double dose,2107,85871.3905,77955.7171,94155.9111
mozambique,Double dose,2108,85878.0485,77955.7171,94169.2270
mozambique,Double dose,2109,85878.0485,77955.7171,94176.5508
mozambique,Double dose,2110,85878.0485,77955.7171,94183.2088
mozambique,Double dose,2111,85878.0485,77955.7171,94189.8668
mozambique,Double dose,2112,85878.0485,77955.7171,94189.8668
mozambique,Double dose,2113,85878.0485,77955.7171,94190.5326
mozambique,Double dose,2114,85878.0485,77955.7171,94190.5326
mozambique,Double dose,2115,85878.0485,77955.7171,94190.5326
mozambique,Double dose,2116,85878.0485,77955.7171,94190.5326
mozambique,Double dose,2117,85878.0485,77955.7171,94190.5326
mozambique,Double dose,2118,85878.0485,77955.7171,94190.5326
mozambique,Double dose,2119,85878.0485,77955.7171,94190.5326
mozambique,Double dose,2120,85878.0485,77955.7171,94190.5326
mozambique,Double dose,2121,85878.0485,77955.7171,94190.5326
mozambique,Double dose,2122,85878.0485,77955.7171,94190.5326
mozambique,Double dose,2123,85878.0485,77955.7171,94190.5326
mozambique,Double dose,2124,85878.0485,77955.7171,94190.5326
mozambique,Double dose,2125,85878.0485,77955.7171,94190.5326
myanmar,No vaccination,2024,0.0000,0.0000,0.0000
myanmar,No vaccination,2025,0.0000,0.0000,0.0000
myanmar,No vaccination,2026,0.0000,0.0000,0.0000
myanmar,No vaccination,2027,0.0000,0.0000,0.0000
myanmar,No vaccination,2028,0.0000,0.0000,0.0000
myanmar,No vaccination,2029,0.0000,0.0000,0.0000
myanmar,No vaccination,2030,0.0000,0.0000,2.1493
myanmar,No vaccination,2031,0.0000,0.0000,4.2987
myanmar,No vaccination,2032,0.0000,0.0000,25.7920
myanmar,No vaccination,2033,0.0000,0.0000,47.2853
myanmar,No vaccination,2034,21.4933,0.0000,111.7652
myanmar,No vaccination,2035,42.9866,0.0000,176.2452
myanmar,No vaccination,2036,96.7199,0.0000,283.7117
myanmar,No vaccination,2037,182.6932,40.8373,393.3276
myanmar,No vaccination,2038,290.1597,105.3172,565.2741
myanmar,No vaccination,2039,429.8663,169.7972,758.7139
myanmar,No vaccination,2040,644.7994,251.4718,1124.1003
myanmar,No vaccination,2041,870.4792,421.2689,1532.4732
myanmar,No vaccination,2042,1171.3855,571.7221,1962.3395
myanmar,No vaccination,2043,1515.2786,827.4925,2458.8350
myanmar,No vaccination,2044,2009.6248,1192.8789,3170.2638
myanmar,No vaccination,2045,2643.6776,1682.9264,3993.4577
myanmar,No vaccination,2046,3385.1969,2155.7793,4898.3263
myanmar,No vaccination,2047,4223.4362,2800.5788,5848.3308
myanmar,No vaccination,2048,5093.9154,3484.0662,6847.7699
myanmar,No vaccination,2049,6211.5678,4300.8121,8167.4594
myanmar,No vaccination,2050,7436.6867,5310.9979,9596.7649
myanmar,No vaccination,2051,8758.5255,6467.3383,11279.6912
myanmar,No vaccination,2052,10284.5508,7649.4706,13024.9484
myanmar,No vaccination,2053,11950.2827,9083.0747,15068.9625
myanmar,No vaccination,2054,13734.2277,10546.7692,17003.3607
myanmar,No vaccination,2055,15496.6795,12049.1519,19092.5106
myanmar,No vaccination,2056,17323.6112,13570.8785,21194.5564
myanmar,No vaccination,2057,19343.9825,15283.8957,23502.9380
myanmar,No vaccination,2058,21428.8338,17039.8994,25826.3648
myanmar,No vaccination,2059,23470.6985,18759.3646,28560.3135
myanmar,No vaccination,2060,25620.0297,20758.2427,31062.1347
myanmar,No vaccination,2061,27962.8005,22787.2114,33585.4491
myanmar,No vaccination,2062,30370.0511,24715.1616,36082.9716
myanmar,No vaccination,2063,32637.5953,26735.5330,38632.0781
myanmar,No vaccination,2064,34840.6598,28646.2886,41179.0352
myanmar,No vaccination,2065,37140.4439,30561.3428,43715.2456
myanmar,No vaccination,2066,39268.2819,32558.0716,46219.2160
myanmar,No vaccination,2067,41374.6265,34427.9899,48671.6027
myanmar,No vaccination,2068,43352.0113,36211.9350,51100.3465
myanmar,No vaccination,2069,45307.9028,38013.0746,53492.5520
myanmar,No vaccination,2070,47296.0343,39539.1000,55794.4856
myanmar,No vaccination,2071,49273.4192,41129.6053,58085.6725
myanmar,No vaccination,2072,51089.6042,42715.8119,60168.3745
myanmar,No vaccination,2073,52830.5627,44198.8506,62079.1301
myanmar,No vaccination,2074,54464.0545,45610.9614,63994.1843
myanmar,No vaccination,2075,56140.5331,47070.3575,65911.3878
myanmar,No vaccination,2076,57698.7984,48338.4631,67699.6315
myanmar,No vaccination,2077,59117.3572,49660.3019,69313.7795
myanmar,No vaccination,2078,60428.4494,50829.5383,70904.2848
myanmar,No vaccination,2079,61771.7816,51942.8920,72374.4275
myanmar,No vaccination,2080,62943.1673,52993.9151,73795.1356
myanmar,No vaccination,2081,64082.3130,53952.5169,75151.3638
myanmar,No vaccination,2082,65135.4854,54827.2948,76471.0533
myanmar,No vaccination,2083,66220.8978,55723.5661,77762.8016
myanmar,No vaccination,2084,67134.3636,56518.8187,78882.6032
myanmar,No vaccination,2085,68037.0828,57264.6367,79875.5944
myanmar,No vaccination,2086,68810.8422,57881.4949,80782.6123
myanmar,No vaccination,2087,69520.1216,58436.0224,81665.9875
myanmar,No vaccination,2088,70207.9076,58928.2193,82465.5388
myanmar,No vaccination,2089,70798.9738,59396.7735,83282.2848
myanmar,No vaccination,2090,71422.2799,59783.6532,83974.3695
myanmar,No vaccination,2091,71905.8795,60187.7275,84556.8383
myanmar,No vaccination,2092,72400.2257,60531.6205,85139.3071
myanmar,No vaccination,2093,72830.0920,60785.2416,85657.2960
myanmar,No vaccination,2094,73173.9850,61019.5187,86089.3116
myanmar,No vaccination,2095,73507.1313,61234.4518,86499.8339
myanmar,No vaccination,2096,73775.7977,61425.7423,86867.3696
myanmar,No vaccination,2097,74012.2242,61593.3901,87172.5746
myanmar,No vaccination,2098,74184.1707,61698.7074,87432.6437
myanmar,No vaccination,2099,74345.3705,61825.5179,87690.5635
myanmar,No vaccination,2100,74485.0771,61928.6858,87907.6459
myanmar,No vaccination,2101,74581.7970,61971.6724,88038.7551
myanmar,No vaccination,2102,74689.2635,62014.6590,88191.3577
myanmar,No vaccination,2103,74775.2368,62055.4963,88320.3175
myanmar,No vaccination,2104,74818.2234,62076.9897,88429.9334
myanmar,No vaccination,2105,74861.2100,62076.9897,88520.2053
myanmar,No vaccination,2106,74882.7033,62098.4830,88563.1920
myanmar,No vaccination,2107,74904.1967,62098.4830,88606.1786
myanmar,No vaccination,2108,74925.6900,62098.4830,88670.6585
myanmar,No vaccination,2109,74947.1833,62098.4830,88713.6452
myanmar,No vaccination,2110,74947.1833,62098.4830,88735.1385
myanmar,No vaccination,2111,74947.1833,62098.4830,88756.6318
myanmar,No vaccination,2112,74947.1833,62098.4830,88758.7811
myanmar,No vaccination,2113,74947.1833,62098.4830,88758.7811
myanmar,No vaccination,2114,74947.1833,62098.4830,88758.7811
myanmar,No vaccination,2115,74947.1833,62098.4830,88758.7811
myanmar,No vaccination,2116,74947.1833,62098.4830,88758.7811
myanmar,No vaccination,2117,74947.1833,62098.4830,88758.7811
myanmar,No vaccination,2118,74947.1833,62098.4830,88758.7811
myanmar,No vaccination,2119,74947.1833,62098.4830,88758.7811
myanmar,No vaccination,2120,74947.1833,62098.4830,88758.7811
myanmar,No vaccination,2121,74947.1833,62098.4830,88758.7811
myanmar,No vaccination,2122,74947.1833,62098.4830,88758.7811
myanmar,No vaccination,2123,74947.1833,62098.4830,88758.7811
myanmar,No vaccination,2124,74947.1833,62098.4830,88758.7811
myanmar,No vaccination,2125,74947.1833,62098.4830,88758.7811
myanmar,Single dose shipments,2024,0.0000,0.0000,0.0000
myanmar,Single dose shipments,2025,0.0000,0.0000,0.0000
myanmar,Single dose shipments,2026,0.0000,0.0000,0.0000
myanmar,Single dose shipments,2027,0.0000,0.0000,0.0000
myanmar,Single dose shipments,2028,0.0000,0.0000,0.0000
myanmar,Single dose shipments,2029,0.0000,0.0000,0.0000
myanmar,Single dose shipments,2030,0.0000,0.0000,0.0000
myanmar,Single dose shipments,2031,0.0000,0.0000,2.1493
myanmar,Single dose shipments,2032,0.0000,0.0000,23.6426
myanmar,Single dose shipments,2033,0.0000,0.0000,45.1360
myanmar,Single dose shipments,2034,0.0000,0.0000,68.7786
myanmar,Single dose shipments,2035,21.4933,0.0000,113.9146
myanmar,Single dose shipments,2036,75.2266,21.4933,202.0371
myanmar,Single dose shipments,2037,139.7065,62.3306,290.1597
myanmar,Single dose shipments,2038,204.1865,83.8239,421.2689
myanmar,Single dose shipments,2039,333.1463,126.8105,595.3648
myanmar,Single dose shipments,2040,494.3462,212.7838,836.0899
myanmar,Single dose shipments,2041,698.5327,339.5943,1143.4442
myanmar,Single dose shipments,2042,870.4792,468.5542,1444.3506
myanmar,Single dose shipments,2043,1149.8922,700.6820,1878.5156
myanmar,Single dose shipments,2044,1526.0252,975.7964,2355.6671
myanmar,Single dose shipments,2045,1912.9049,1233.7161,2918.7920
myanmar,Single dose shipments,2046,2428.7444,1594.8038,3600.1300
myanmar,Single dose shipments,2047,3009.0639,1960.1901,4335.2014
myanmar,Single dose shipments,2048,3653.8633,2398.6537,5134.7527
myanmar,Single dose shipments,2049,4406.1293,2976.8239,6039.6213
myanmar,Single dose shipments,2050,5179.8887,3664.6100,7094.9430
myanmar,Single dose shipments,2051,6082.6079,4395.3827,8315.7633
myanmar,Single dose shipments,2052,7092.7937,5076.7207,9467.8049
myanmar,Single dose shipments,2053,8167.4594,5912.8107,10804.6891
myanmar,Single dose shipments,2054,9328.0984,6746.7513,12233.9945
myanmar,Single dose shipments,2055,10499.4841,7692.4571,13643.9560
myanmar,Single dose shipments,2056,11810.5763,8810.1095,15215.1173
myanmar,Single dose shipments,2057,13229.1351,9970.7485,16850.7586
myanmar,Single dose shipments,2058,14690.6805,11215.2114,18649.7490
myanmar,Single dose shipments,2059,16152.2258,12332.8638,20422.9474
myanmar,Single dose shipments,2060,17613.7713,13600.9694,22105.8739
myanmar,Single dose shipments,2061,19161.2899,14950.7495,23840.3843
myanmar,Single dose shipments,2062,20805.5284,16255.3937,25733.9452
myanmar,Single dose shipments,2063,22374.5403,17583.6806,27524.3381
myanmar,Single dose shipments,2064,23911.3123,18952.8047,29276.0433
myanmar,Single dose shipments,2065,25512.5643,20285.3903,31141.6629
myanmar,Single dose shipments,2066,27081.5762,21456.7759,32949.2507
myanmar,Single dose shipments,2067,28629.0947,22825.9001,34778.3316
myanmar,Single dose shipments,2068,30069.1468,23977.9417,36594.5167
myanmar,Single dose shipments,2069,31552.1855,25261.0926,38412.8509
myanmar,Single dose shipments,2070,32992.2376,26438.9263,40160.2574
myanmar,Single dose shipments,2071,34346.3165,27636.1039,41722.8213
myanmar,Single dose shipments,2072,35754.1286,28846.1775,43468.0785
myanmar,Single dose shipments,2073,37011.4875,29856.3633,45181.0956
myanmar,Single dose shipments,2074,38322.5797,30950.3730,46715.7183
myanmar,Single dose shipments,2075,39526.2053,31893.9295,48306.2235
myanmar,Single dose shipments,2076,40708.3376,32876.1740,49660.3023
myanmar,Single dose shipments,2077,41750.7634,33778.8932,50949.9012
myanmar,Single dose shipments,2078,42771.6958,34574.1459,52114.8388
myanmar,Single dose shipments,2079,43685.1617,35365.0999,53241.0885
myanmar,Single dose shipments,2080,44598.6276,36128.1126,54253.4236
myanmar,Single dose shipments,2081,45426.1202,36770.7627,55246.4148
myanmar,Single dose shipments,2082,46189.1328,37432.7568,56172.7766
myanmar,Single dose shipments,2083,46898.4122,38034.5696,57056.1519
myanmar,Single dose shipments,2084,47543.2117,38526.7665,57877.1965
myanmar,Single dose shipments,2085,48177.2644,39085.5926,58653.1052
myanmar,Single dose shipments,2086,48832.8105,39558.4455,59472.0005
myanmar,Single dose shipments,2087,49380.8900,40052.7918,60189.8772
myanmar,Single dose shipments,2088,49875.2363,40413.8794,60778.7940
myanmar,Single dose shipments,2089,50348.0892,40777.1164,61468.7294
myanmar,Single dose shipments,2090,50777.9555,41099.5161,62094.1848
myanmar,Single dose shipments,2091,51207.8217,41419.7665,62610.0244
myanmar,Single dose shipments,2092,51573.2081,41699.1796,63085.0266
myanmar,Single dose shipments,2093,51820.3811,41890.4700,63536.3862
myanmar,Single dose shipments,2094,52078.3009,42077.4619,63880.2792
myanmar,Single dose shipments,2095,52293.2340,42204.2724,64181.1856
myanmar,Single dose shipments,2096,52497.4205,42333.2323,64462.7480
myanmar,Single dose shipments,2097,52658.6203,42436.4002,64677.6811
myanmar,Single dose shipments,2098,52809.0735,42498.7308,64892.6143
myanmar,Single dose shipments,2099,52948.7801,42563.2107,65111.8461
myanmar,Single dose shipments,2100,53056.2466,42606.1973,65264.4486
myanmar,Single dose shipments,2101,53163.7132,42627.6906,65376.2138
myanmar,Single dose shipments,2102,53249.6864,42670.6773,65526.6670
myanmar,Single dose shipments,2103,53314.1664,42690.0213,65634.1336
myanmar,Single dose shipments,2104,53346.4063,42690.0213,65700.7628
myanmar,Single dose shipments,2105,53389.3930,42690.0213,65786.7361
myanmar,Single dose shipments,2106,53410.8863,42690.0213,65853.3653
myanmar,Single dose shipments,2107,53421.6329,42690.0213,65896.3520
myanmar,Single dose shipments,2108,53421.6329,42690.0213,65939.3386
myanmar,Single dose shipments,2109,53421.6329,42690.0213,65960.8319
myanmar,Single dose shipments,2110,53421.6329,42690.0213,65982.3252
myanmar,Single dose shipments,2111,53421.6329,42690.0213,66003.8185
myanmar,Single dose shipments,2112,53421.6329,42690.0213,66025.3119
myanmar,Single dose shipments,2113,53421.6329,42690.0213,66025.3119
myanmar,Single dose shipments,2114,53421.6329,42690.0213,66025.3119
myanmar,Single dose shipments,2115,53421.6329,42690.0213,66025.3119
myanmar,Single dose shipments,2116,53421.6329,42690.0213,66025.3119
myanmar,Single dose shipments,2117,53421.6329,42690.0213,66025.3119
myanmar,Single dose shipments,2118,53421.6329,42690.0213,66025.3119
myanmar,Single dose shipments,2119,53421.6329,42690.0213,66025.3119
myanmar,Single dose shipments,2120,53421.6329,42690.0213,66025.3119
myanmar,Single dose shipments,2121,53421.6329,42690.0213,66025.3119
myanmar,Single dose shipments,2122,53421.6329,42690.0213,66025.3119
myanmar,Single dose shipments,2123,53421.6329,42690.0213,66025.3119
myanmar,Single dose shipments,2124,53421.6329,42690.0213,66025.3119
myanmar,Single dose shipments,2125,53421.6329,42690.0213,66025.3119
myanmar,Single dose actual,2024,0.0000,0.0000,0.0000
myanmar,Single dose actual,2025,0.0000,0.0000,0.0000
myanmar,Single dose actual,2026,0.0000,0.0000,0.0000
myanmar,Single dose actual,2027,0.0000,0.0000,0.0000
myanmar,Single dose actual,2028,0.0000,0.0000,0.0000
myanmar,Single dose actual,2029,0.0000,0.0000,0.0000
myanmar,Single dose actual,2030,0.0000,0.0000,21.4933
myanmar,Single dose actual,2031,0.0000,0.0000,42.9866
myanmar,Single dose actual,2032,0.0000,0.0000,64.4799
myanmar,Single dose actual,2033,0.0000,0.0000,85.9733
myanmar,Single dose actual,2034,21.4933,0.0000,131.1092
myanmar,Single dose actual,2035,42.9866,0.0000,197.7385
myanmar,Single dose actual,2036,85.9733,21.4933,285.8611
myanmar,Single dose actual,2037,128.9599,21.4933,371.8343
myanmar,Single dose actual,2038,182.6932,42.9866,457.8076
myanmar,Single dose actual,2039,300.9064,107.4666,653.3967
myanmar,Single dose actual,2040,429.8663,214.9331,846.8365
myanmar,Single dose actual,2041,580.3194,300.9064,1063.9190
myanmar,Single dose actual,2042,816.7459,451.3596,1366.9747
myanmar,Single dose actual,2043,1063.9190,580.3194,1745.2570
myanmar,Single dose actual,2044,1354.0787,771.6099,2181.5713
myanmar,Single dose actual,2045,1719.4650,1051.0230,2708.1575
myanmar,Single dose actual,2046,2170.8246,1412.1107,3223.9970
myanmar,Single dose actual,2047,2643.6775,1710.8678,3918.2311
myanmar,Single dose actual,2048,3256.2370,2181.5713,4676.9451
myanmar,Single dose actual,2049,3922.5297,2716.7549,5536.6777
myanmar,Single dose actual,2050,4696.2890,3383.0476,6546.8634
myanmar,Single dose actual,2051,5588.2616,4062.2363,7632.2758
myanmar,Single dose actual,2052,6555.4608,4801.6064,8859.5441
myanmar,Single dose actual,2053,7640.8732,5618.3523,10110.4550
myanmar,Single dose actual,2054,8694.0456,6497.4289,11382.8593
myanmar,Single dose actual,2055,9908.4179,7462.4788,12876.6446
myanmar,Single dose actual,2056,11165.7768,8492.0085,14348.9367
myanmar,Single dose actual,2057,12390.8957,9566.6743,15810.4821
myanmar,Single dose actual,2058,13766.4679,10791.7932,17366.5981
myanmar,Single dose actual,2059,15088.3067,11943.8349,18828.1435
myanmar,Single dose actual,2060,16474.6255,13037.8446,20493.8753
myanmar,Single dose actual,2061,17882.4377,14303.8008,22303.6124
myanmar,Single dose actual,2062,19268.7565,15543.9651,23943.5523
myanmar,Single dose actual,2063,20676.5686,16674.5134,25581.3428
myanmar,Single dose actual,2064,22138.1140,17873.8404,27285.7625
myanmar,Single dose actual,2065,23642.6460,19137.6473,28994.4810
myanmar,Single dose actual,2066,25082.6981,20358.4676,30692.4528
myanmar,Single dose actual,2067,26479.7636,21596.4825,32257.1661
myanmar,Single dose actual,2068,27898.3224,22778.6148,33993.8259
myanmar,Single dose actual,2069,29230.9079,23870.4752,35736.9336
myanmar,Single dose actual,2070,30509.7601,25050.4582,37217.8230
myanmar,Single dose actual,2071,31734.8791,26079.9879,38722.3549
myanmar,Single dose actual,2072,32970.7447,27197.6403,40145.2123
myanmar,Single dose actual,2073,34152.8770,28162.6901,41671.2377
myanmar,Single dose actual,2074,35227.5427,28996.6307,42941.4926
myanmar,Single dose actual,2075,36312.9551,29854.2140,44173.0595
myanmar,Single dose actual,2076,37398.3675,30668.8106,45507.7944
myanmar,Single dose actual,2077,38322.5800,31356.5967,46608.2521
myanmar,Single dose actual,2078,39268.2858,32149.7000,47728.0538
myanmar,Single dose actual,2079,40181.7517,32833.1874,48873.6475
myanmar,Single dose actual,2080,40955.5110,33497.3308,49883.8333
myanmar,Single dose actual,2081,41783.0036,34139.9809,50829.5391
myanmar,Single dose actual,2082,42535.2697,34696.6578,51719.3623
myanmar,Single dose actual,2083,43223.0557,35167.3613,52538.2576
myanmar,Single dose actual,2084,43910.8418,35764.8755,53355.0036
myanmar,Single dose actual,2085,44577.1345,36259.2217,54096.5229
myanmar,Single dose actual,2086,45178.9473,36689.0880,54915.4182
myanmar,Single dose actual,2087,45716.2802,37048.0263,55624.6976
myanmar,Single dose actual,2088,46156.8931,37346.7834,56164.1798
myanmar,Single dose actual,2089,46543.7728,37688.5271,56725.1553
myanmar,Single dose actual,2090,46898.4124,37967.9401,57176.5149
myanmar,Single dose actual,2091,47231.5588,38182.8733,57610.6798
myanmar,Single dose actual,2092,47532.4652,38374.1637,57997.5595
myanmar,Single dose actual,2093,47811.8783,38543.9609,58405.9324
myanmar,Single dose actual,2094,48080.5447,38715.9074,58734.7801
myanmar,Single dose actual,2095,48316.9711,38883.5552,59102.3158
myanmar,Single dose actual,2096,48542.6509,38986.7231,59383.8782
myanmar,Single dose actual,2097,48736.0907,39113.5337,59663.2912
myanmar,Single dose actual,2098,48886.5439,39175.8643,59944.8536
myanmar,Single dose actual,2099,48983.2638,39197.3576,60075.9629
myanmar,Single dose actual,2100,49079.9837,39259.6882,60271.5520
myanmar,Single dose actual,2101,49176.7036,39322.0188,60443.4985
myanmar,Single dose actual,2102,49219.6902,39341.3628,60553.1144
myanmar,Single dose actual,2103,49273.4235,39360.7068,60641.2370
myanmar,Single dose actual,2104,49316.4101,39360.7068,60727.2102
myanmar,Single dose actual,2105,49337.9035,39360.7068,60791.6902
myanmar,Single dose actual,2106,49359.3968,39360.7068,60836.8261
myanmar,Single dose actual,2107,49370.1434,39360.7068,60879.8127
myanmar,Single dose actual,2108,49370.1434,39360.7068,60924.9487
myanmar,Single dose actual,2109,49370.1434,39360.7068,60967.9353
myanmar,Single dose actual,2110,49370.1434,39360.7068,60970.0847
myanmar,Single dose actual,2111,49370.1434,39360.7068,60972.2340
myanmar,Single dose actual,2112,49370.1434,39360.7068,60974.3833
myanmar,Single dose actual,2113,49370.1434,39360.7068,60974.3833
myanmar,Single dose actual,2114,49370.1434,39360.7068,60974.3833
myanmar,Single dose actual,2115,49370.1434,39360.7068,60974.3833
myanmar,Single dose actual,2116,49370.1434,39360.7068,60974.3833
myanmar,Single dose actual,2117,49370.1434,39360.7068,60974.3833
myanmar,Single dose actual,2118,49370.1434,39360.7068,60974.3833
myanmar,Single dose actual,2119,49370.1434,39360.7068,60974.3833
myanmar,Single dose actual,2120,49370.1434,39360.7068,60974.3833
myanmar,Single dose actual,2121,49370.1434,39360.7068,60974.3833
myanmar,Single dose actual,2122,49370.1434,39360.7068,60974.3833
myanmar,Single dose actual,2123,49370.1434,39360.7068,60974.3833
myanmar,Single dose actual,2124,49370.1434,39360.7068,60974.3833
myanmar,Single dose actual,2125,49370.1434,39360.7068,60974.3833
myanmar,Double dose,2024,0.0000,0.0000,0.0000
myanmar,Double dose,2025,0.0000,0.0000,0.0000
myanmar,Double dose,2026,0.0000,0.0000,0.0000
myanmar,Double dose,2027,0.0000,0.0000,0.0000
myanmar,Double dose,2028,0.0000,0.0000,2.1493
myanmar,Double dose,2029,0.0000,0.0000,2.1493
myanmar,Double dose,2030,0.0000,0.0000,2.1493
myanmar,Double dose,2031,0.0000,0.0000,4.2987
myanmar,Double dose,2032,0.0000,0.0000,25.7920
myanmar,Double dose,2033,0.0000,0.0000,68.7786
myanmar,Double dose,2034,21.4933,0.0000,111.7652
myanmar,Double dose,2035,42.9866,0.0000,159.0505
myanmar,Double dose,2036,85.9733,0.0000,266.5171
myanmar,Double dose,2037,150.4532,21.4933,416.9703
myanmar,Double dose,2038,236.4264,64.4799,569.5728
myanmar,Double dose,2039,365.3863,107.4666,763.0126
myanmar,Double dose,2040,515.8395,214.9331,1020.9323
myanmar,Double dose,2041,730.7726,365.3863,1351.9294
myanmar,Double dose,2042,1031.6790,537.3328,1721.6144
myanmar,Double dose,2043,1354.0787,745.8180,2220.2593
myanmar,Double dose,2044,1805.4383,1059.6203,2783.3841
myanmar,Double dose,2045,2267.5445,1379.8707,3471.1702
myanmar,Double dose,2046,2880.1040,1786.0943,4234.1828
myanmar,Double dose,2047,3589.3834,2323.4272,5182.0380
myanmar,Double dose,2048,4481.3559,3047.7519,6280.3464
myanmar,Double dose,2049,5459.3018,3860.1992,7443.1347
myanmar,Double dose,2050,6437.2476,4610.3158,8519.9498
myanmar,Double dose,2051,7554.8999,5528.0804,9856.8340
myanmar,Double dose,2052,8790.7655,6624.2394,11406.5020
myanmar,Double dose,2053,10166.3376,7718.2492,12979.8126
myanmar,Double dose,2054,11541.9097,8958.4134,14557.4219
myanmar,Double dose,2055,13057.1885,10200.7270,16304.8284
myanmar,Double dose,2056,14744.4136,11681.6164,18243.5254
myanmar,Double dose,2057,16399.3988,13055.0392,20352.0191
myanmar,Double dose,2058,18151.1040,14447.8060,22335.8517
myanmar,Double dose,2059,20021.0223,16031.8633,24489.4816
myanmar,Double dose,2060,21761.9808,17577.2326,26737.6820
myanmar,Double dose,2061,23685.6324,19292.3991,29106.2448
myanmar,Double dose,2062,25620.0306,20854.9630,31264.1733
myanmar,Double dose,2063,27575.9221,22572.2789,33376.9659
myanmar,Double dose,2064,29564.0534,24182.1282,35764.8727
myanmar,Double dose,2065,31455.4650,25854.3080,37897.0089
myanmar,Double dose,2066,33389.8631,27395.3787,40117.2680
myanmar,Double dose,2067,35184.5548,28919.2548,42144.0874
myanmar,Double dose,2068,37011.4866,30488.2667,44196.6988
myanmar,Double dose,2069,38849.1650,32033.6359,46305.1927
myanmar,Double dose,2070,40590.1234,33486.5840,48347.0573
myanmar,Double dose,2071,42223.6153,34819.1695,50431.9086
myanmar,Double dose,2072,43878.6005,36278.5656,52501.7145
myanmar,Double dose,2073,45490.5991,37716.4682,54395.2754
myanmar,Double dose,2074,47016.6245,38887.8538,56207.1619
myanmar,Double dose,2075,48478.1699,40091.4795,57842.8031
myanmar,Double dose,2076,49842.9954,41163.9959,59416.1137
myanmar,Double dose,2077,51197.0742,42236.5123,60987.2751
myanmar,Double dose,2078,52497.4197,43283.2367,62472.4631
myanmar,Double dose,2079,53625.8188,44291.2732,63891.0219
myanmar,Double dose,2080,54593.0179,45172.4991,65111.8422
myanmar,Double dose,2081,55538.7238,45989.2450,66253.1372
myanmar,Double dose,2082,56495.1763,46737.2124,67327.8029
myanmar,Double dose,2083,57408.6421,47483.0304,68408.9166
myanmar,Double dose,2084,58160.9082,48084.8432,69356.7718
myanmar,Double dose,2085,58934.6675,48748.9866,70326.1203
myanmar,Double dose,2086,59654.6935,49243.3328,71228.8395
myanmar,Double dose,2087,60267.2530,49735.5297,72024.0921
myanmar,Double dose,2088,60815.3325,50165.3960,72757.0142
myanmar,Double dose,2089,61331.1720,50595.2623,73444.8002
myanmar,Double dose,2090,61814.7716,50997.1872,74154.0796
myanmar,Double dose,2091,62276.8778,51338.9309,74672.0685
myanmar,Double dose,2092,62642.2642,51575.3573,75213.7000
myanmar,Double dose,2093,62975.4105,51809.6345,75669.3582
myanmar,Double dose,2094,63287.0636,52046.0609,76079.8805
myanmar,Double dose,2095,63534.2367,52192.2154,76406.5789
myanmar,Double dose,2096,63792.1564,52319.0260,76735.4266
myanmar,Double dose,2097,64007.0896,52465.1805,77059.9756
myanmar,Double dose,2098,64157.5427,52529.6604,77300.7007
myanmar,Double dose,2099,64307.9959,52656.4710,77519.9325
myanmar,Double dose,2100,64447.7025,52718.8016,77734.8656
myanmar,Double dose,2101,64565.9157,52761.7882,77928.3054
myanmar,Double dose,2102,64662.6356,52804.7748,78083.0573
myanmar,Double dose,2103,64727.1155,52845.6121,78194.8225
myanmar,Double dose,2104,64791.5955,52867.1054,78306.5877
myanmar,Double dose,2105,64834.5821,52888.5987,78371.0677
myanmar,Double dose,2106,64856.0754,52888.5987,78435.5476
myanmar,Double dose,2107,64877.5687,52888.5987,78500.0276
myanmar,Double dose,2108,64899.0620,52888.5987,78547.3128
myanmar,Double dose,2109,64899.0620,52888.5987,78592.4488
myanmar,Double dose,2110,64899.0620,52888.5987,78613.9421
myanmar,Double dose,2111,64899.0620,52888.5987,78637.5848
myanmar,Double dose,2112,64899.0620,52888.5987,78637.5848
myanmar,Double dose,2113,64899.0620,52888.5987,78637.5848
myanmar,Double dose,2114,64899.0620,52888.5987,78637.5848
myanmar,Double dose,2115,64899.0620,52888.5987,78637.5848
myanmar,Double dose,2116,64899.0620,52888.5987,78637.5848
myanmar,Double dose,2117,64899.0620,52888.5987,78637.5848
myanmar,Double dose,2118,64899.0620,52888.5987,78637.5848
myanmar,Double dose,2119,64899.0620,52888.5987,78637.5848
myanmar,Double dose,2120,64899.0620,52888.5987,78637.5848
myanmar,Double dose,2121,64899.0620,52888.5987,78637.5848
myanmar,Double dose,2122,64899.0620,52888.5987,78637.5848
myanmar,Double dose,2123,64899.0620,52888.5987,78637.5848
myanmar,Double dose,2124,64899.0620,52888.5987,78637.5848
myanmar,Double dose,2125,64899.0620,52888.5987,78637.5848
nepal,No vaccination,2024,0.0000,0.0000,0.0000
nepal,No vaccination,2025,0.0000,0.0000,0.0000
nepal,No vaccination,2026,0.0000,0.0000,0.0000
nepal,No vaccination,2027,0.0000,0.0000,10.0286
nepal,No vaccination,2028,0.0000,0.0000,20.0572
nepal,No vaccination,2029,0.0000,0.0000,30.0857
nepal,No vaccination,2030,10.0286,0.0000,41.1172
nepal,No vaccination,2031,20.0572,0.0000,71.2029
nepal,No vaccination,2032,30.0857,0.0000,111.3173
nepal,No vaccination,2033,70.2001,19.0543,174.4973
nepal,No vaccination,2034,125.3573,49.1401,264.7546
nepal,No vaccination,2035,205.5859,89.2544,386.1004
nepal,No vaccination,2036,340.9718,178.5088,557.5892
nepal,No vaccination,2037,501.4291,307.8775,778.2180
nepal,No vaccination,2038,747.1294,447.2748,1140.2498
nepal,No vaccination,2039,1058.0155,672.9179,1492.2531
nepal,No vaccination,2040,1414.0301,963.7468,1964.5993
nepal,No vaccination,2041,1825.2020,1303.7157,2546.2570
nepal,No vaccination,2042,2361.7311,1734.9447,3182.0691
nepal,No vaccination,2043,2918.3174,2206.2881,3878.0526
nepal,No vaccination,2044,3620.3181,2817.0287,4715.4393
nepal,No vaccination,2045,4397.5331,3456.8522,5649.1003
nepal,No vaccination,2046,5254.9768,4156.8472,6616.8584
nepal,No vaccination,2047,6152.5349,4897.9593,7797.2227
nepal,No vaccination,2048,7170.4359,5657.1229,9060.8242
nepal,No vaccination,2049,8178.3084,6529.6096,10303.3656
nepal,No vaccination,2050,9286.4668,7435.1905,11681.2932
nepal,No vaccination,2051,10394.6251,8415.9857,13015.0949
nepal,No vaccination,2052,11583.0122,9438.9010,14425.1139
nepal,No vaccination,2053,12891.7424,10561.0994,15961.4931
nepal,No vaccination,2054,14185.4297,11601.0633,17409.6208
nepal,No vaccination,2055,15464.0741,12714.2360,18969.0659
nepal,No vaccination,2056,16822.9473,13910.6460,20564.6139
nepal,No vaccination,2057,18186.8348,15021.8128,22151.1361
nepal,No vaccination,2058,19535.6793,16295.4429,23788.8042
nepal,No vaccination,2059,20879.5096,17435.6928,25384.3522
nepal,No vaccination,2060,22193.2541,18643.1342,26950.8173
nepal,No vaccination,2061,23567.1701,19858.5985,28440.0622
nepal,No vaccination,2062,24926.0433,21010.8827,29897.2155
nepal,No vaccination,2063,26239.7877,22217.3212,31343.3375
nepal,No vaccination,2064,27478.3178,23294.3909,32808.5137
nepal,No vaccination,2065,28731.8907,24340.3722,34245.6099
nepal,No vaccination,2066,29970.4208,25399.3904,35650.6146
nepal,No vaccination,2067,31153.7936,26477.4629,36952.3248
nepal,No vaccination,2068,32352.2093,27440.2068,38289.1351
nepal,No vaccination,2069,33405.2104,28359.8277,39603.8825
nepal,No vaccination,2070,34448.1829,29250.3658,40864.4754
nepal,No vaccination,2071,35441.0125,30176.0039,41988.6795
nepal,No vaccination,2072,36408.7706,31016.3990,43092.8265
nepal,No vaccination,2073,37371.5144,31797.6255,44268.1764
nepal,No vaccination,2074,38249.0152,32535.7291,45262.0089
nepal,No vaccination,2075,39101.4446,33303.9184,46310.9986
nepal,No vaccination,2076,39928.8026,33975.8334,47255.6909
nepal,No vaccination,2077,40736.1034,34575.5425,48178.3204
nepal,No vaccination,2078,41493.2613,35206.3403,49063.8442
nepal,No vaccination,2079,42220.3334,35783.9866,49867.1335
nepal,No vaccination,2080,42867.1769,36332.5501,50663.4029
nepal,No vaccination,2081,43488.9490,36860.0534,51368.4122
nepal,No vaccination,2082,44065.5924,37318.3596,52111.5300
nepal,No vaccination,2083,44627.1930,37788.7001,52787.4564
nepal,No vaccination,2084,45163.7221,38226.9492,53421.2628
nepal,No vaccination,2085,45660.1369,38656.1725,54034.0091
nepal,No vaccination,2086,46161.5660,39054.3072,54619.6783
nepal,No vaccination,2087,46577.7522,39435.3933,55117.0960
nepal,No vaccination,2088,46973.8812,39764.3308,55572.3936
nepal,No vaccination,2089,47324.8816,40065.1883,56019.6683
nepal,No vaccination,2090,47640.7819,40310.8886,56463.9345
nepal,No vaccination,2091,47951.6680,40551.5745,56849.0321
nepal,No vaccination,2092,48252.5254,40781.2291,57270.2325
nepal,No vaccination,2093,48523.2972,41010.8836,57591.1471
nepal,No vaccination,2094,48748.9403,41181.3695,57916.0732
nepal,No vaccination,2095,48949.5119,41330.7954,58200.8849
nepal,No vaccination,2096,49135.0407,41479.2184,58461.6281
nepal,No vaccination,2097,49305.5266,41578.5014,58693.2883
nepal,No vaccination,2098,49445.9268,41686.8101,58885.8371
nepal,No vaccination,2099,49566.2698,41746.9816,59077.3831
nepal,No vaccination,2100,49671.5699,41806.1502,59228.8146
nepal,No vaccination,2101,49761.8271,41886.3789,59380.2463
nepal,No vaccination,2102,49821.9986,41926.4932,59501.5921
nepal,No vaccination,2103,49892.1987,41976.6361,59581.8208
nepal,No vaccination,2104,49952.3702,41996.6933,59663.0523
nepal,No vaccination,2105,50007.5274,42026.7790,59733.2524
nepal,No vaccination,2106,50037.6131,42036.8076,59794.4267
nepal,No vaccination,2107,50057.6703,42055.8619,59855.6011
nepal,No vaccination,2108,50077.7275,42064.8876,59895.7154
nepal,No vaccination,2109,50097.7846,42064.8876,59925.8011
nepal,No vaccination,2110,50107.8132,42064.8876,59945.8583
nepal,No vaccination,2111,50107.8132,42064.8876,59955.8869
nepal,No vaccination,2112,50107.8132,42064.8876,59966.9183
nepal,No vaccination,2113,50107.8132,42064.8876,59976.9469
nepal,No vaccination,2114,50107.8132,42064.8876,59976.9469
nepal,No vaccination,2115,50107.8132,42064.8876,59976.9469
nepal,No vaccination,2116,50107.8132,42064.8876,59976.9469
nepal,No vaccination,2117,50107.8132,42064.8876,59976.9469
nepal,No vaccination,2118,50107.8132,42064.8876,59976.9469
nepal,No vaccination,2119,50107.8132,42064.8876,59976.9469
nepal,No vaccination,2120,50107.8132,42064.8876,59976.9469
nepal,No vaccination,2121,50107.8132,42064.8876,59976.9469
nepal,No vaccination,2122,50107.8132,42064.8876,59976.9469
nepal,No vaccination,2123,50107.8132,42064.8876,59976.9469
nepal,No vaccination,2124,50107.8132,42064.8876,59976.9469
nepal,No vaccination,2125,50107.8132,42064.8876,59976.9469
nepal,Single dose shipments,2024,0.0000,0.0000,0.0000
nepal,Single dose shipments,2025,0.0000,0.0000,0.0000
nepal,Single dose shipments,2026,0.0000,0.0000,0.0000
nepal,Single dose shipments,2027,0.0000,0.0000,10.0286
nepal,Single dose shipments,2028,0.0000,0.0000,20.0572
nepal,Single dose shipments,2029,0.0000,0.0000,40.1143
nepal,Single dose shipments,2030,10.0286,0.0000,60.1715
nepal,Single dose shipments,2031,20.0572,0.0000,90.2572
nepal,Single dose shipments,2032,40.1143,0.0000,121.3458
nepal,Single dose shipments,2033,60.1715,0.0000,161.4602
nepal,Single dose shipments,2034,95.2715,19.0543,211.6031
nepal,Single dose shipments,2035,150.4287,38.1086,301.8603
nepal,Single dose shipments,2036,225.6431,87.2487,402.1462
nepal,Single dose shipments,2037,315.9003,147.4202,553.5778
nepal,Single dose shipments,2038,431.2290,226.6460,715.0379
nepal,Single dose shipments,2039,561.6006,306.8746,906.5839
nepal,Single dose shipments,2040,702.0008,386.1004,1108.1584
nepal,Single dose shipments,2041,872.4867,476.3577,1338.8158
nepal,Single dose shipments,2042,1037.9583,584.6664,1569.4732
nepal,Single dose shipments,2043,1248.5585,763.1751,1840.2449
nepal,Single dose shipments,2044,1484.2302,922.6296,2122.0481
nepal,Single dose shipments,2045,1755.0020,1111.1669,2483.0770
nepal,Single dose shipments,2046,2020.7594,1301.7100,2865.1660
nepal,Single dose shipments,2047,2301.5597,1510.3045,3238.2293
nepal,Single dose shipments,2048,2622.4743,1699.8447,3641.3783
nepal,Single dose shipments,2049,2953.4176,1968.6108,4072.6073
nepal,Single dose shipments,2050,3284.3608,2208.2939,4598.1050
nepal,Single dose shipments,2051,3615.3040,2458.0056,5024.3197
nepal,Single dose shipments,2052,3971.3187,2726.7716,5486.6373
nepal,Single dose shipments,2053,4307.2762,2996.5405,6018.1521
nepal,Single dose shipments,2054,4658.2765,3272.3265,6491.5012
nepal,Single dose shipments,2055,4999.2483,3512.0096,6993.9332
nepal,Single dose shipments,2056,5360.2773,3759.7156,7505.3908
nepal,Single dose shipments,2057,5721.3063,4035.5016,8018.8542
nepal,Single dose shipments,2058,6112.4210,4334.3534,8554.3805
nepal,Single dose shipments,2059,6473.4499,4624.1794,9029.7353
nepal,Single dose shipments,2060,6849.5218,4941.0826,9554.2301
nepal,Single dose shipments,2061,7240.6365,5221.8829,10159.9564
nepal,Single dose shipments,2062,7566.5654,5491.6518,10752.6456
nepal,Single dose shipments,2063,7922.5801,5759.4149,11325.2776
nepal,Single dose shipments,2064,8288.6233,5984.0552,11783.5838
nepal,Single dose shipments,2065,8649.6523,6193.6526,12247.9071
nepal,Single dose shipments,2066,9000.6526,6421.3014,12720.2533
nepal,Single dose shipments,2067,9351.6530,6661.9874,13212.6567
nepal,Single dose shipments,2068,9662.5391,6852.5304,13635.8629
nepal,Single dose shipments,2069,10003.5109,7062.1278,14079.1262
nepal,Single dose shipments,2070,10309.3826,7280.7509,14511.3581
nepal,Single dose shipments,2071,10585.1687,7450.2340,14914.5071
nepal,Single dose shipments,2072,10870.9833,7630.7485,15306.6247
nepal,Single dose shipments,2073,11131.7264,7798.2258,15641.5793
nepal,Single dose shipments,2074,11362.3838,7975.7317,15995.5883
nepal,Single dose shipments,2075,11618.1127,8125.1576,16367.6487
nepal,Single dose shipments,2076,11808.6557,8255.5292,16751.7434
nepal,Single dose shipments,2077,12004.2131,8401.9465,17053.6037
nepal,Single dose shipments,2078,12209.7991,8542.3466,17317.3554
nepal,Single dose shipments,2079,12430.4279,8642.6324,17600.1615
nepal,Single dose shipments,2080,12610.9424,8760.9697,17852.8817
nepal,Single dose shipments,2081,12801.4854,8889.3356,18071.5048
nepal,Single dose shipments,2082,12966.9570,8987.6157,18327.2337
nepal,Single dose shipments,2083,13112.3715,9084.8929,18511.7596
nepal,Single dose shipments,2084,13242.7431,9174.1473,18734.3941
nepal,Single dose shipments,2085,13378.1289,9262.3988,18978.0887
nepal,Single dose shipments,2086,13498.4719,9311.5389,19142.5575
nepal,Single dose shipments,2087,13648.9007,9390.7647,19334.1034
nepal,Single dose shipments,2088,13749.1865,9450.9362,19515.6207
nepal,Single dose shipments,2089,13849.4723,9501.0791,19716.1924
nepal,Single dose shipments,2090,13939.7296,9540.1906,19876.6497
nepal,Single dose shipments,2091,14035.0011,9580.3049,20039.1128
nepal,Single dose shipments,2092,14120.2440,9619.4164,20150.4300
nepal,Single dose shipments,2093,14185.4298,9649.5021,20261.7473
nepal,Single dose shipments,2094,14240.5870,9679.5879,20373.0646
nepal,Single dose shipments,2095,14290.7299,9699.6450,20448.2789
nepal,Single dose shipments,2096,14340.8729,9718.6993,20550.5705
nepal,Single dose shipments,2097,14391.0158,9748.7851,20641.8306
nepal,Single dose shipments,2098,14431.1301,9768.8423,20702.0021
nepal,Single dose shipments,2099,14461.2158,9778.8708,20773.2050
nepal,Single dose shipments,2100,14491.3016,9787.8966,20834.3793
nepal,Single dose shipments,2101,14516.3730,9796.9223,20884.5223
nepal,Single dose shipments,2102,14536.4302,9796.9223,20926.6423
nepal,Single dose shipments,2103,14551.4731,9796.9223,20956.7281
nepal,Single dose shipments,2104,14561.5017,9796.9223,20976.7852
nepal,Single dose shipments,2105,14571.5303,9796.9223,21006.8710
nepal,Single dose shipments,2106,14581.5588,9796.9223,21026.9281
nepal,Single dose shipments,2107,14581.5588,9796.9223,21046.9853
nepal,Single dose shipments,2108,14581.5588,9796.9223,21057.0139
nepal,Single dose shipments,2109,14581.5588,9796.9223,21067.0425
nepal,Single dose shipments,2110,14581.5588,9796.9223,21077.0710
nepal,Single dose shipments,2111,14581.5588,9796.9223,21087.0996
nepal,Single dose shipments,2112,14581.5588,9796.9223,21097.1282
nepal,Single dose shipments,2113,14581.5588,9796.9223,21097.1282
nepal,Single dose shipments,2114,14581.5588,9796.9223,21097.1282
nepal,Single dose shipments,2115,14581.5588,9796.9223,21097.1282
nepal,Single dose shipments,2116,14581.5588,9796.9223,21097.1282
nepal,Single dose shipments,2117,14581.5588,9796.9223,21097.1282
nepal,Single dose shipments,2118,14581.5588,9796.9223,21097.1282
nepal,Single dose shipments,2119,14581.5588,9796.9223,21097.1282
nepal,Single dose shipments,2120,14581.5588,9796.9223,21097.1282
nepal,Single dose shipments,2121,14581.5588,9796.9223,21097.1282
nepal,Single dose shipments,2122,14581.5588,9796.9223,21097.1282
nepal,Single dose shipments,2123,14581.5588,9796.9223,21097.1282
nepal,Single dose shipments,2124,14581.5588,9796.9223,21097.1282
nepal,Single dose shipments,2125,14581.5588,9796.9223,21097.1282
nepal,Single dose actual,2024,0.0000,0.0000,0.0000
nepal,Single dose actual,2025,0.0000,0.0000,0.0000
nepal,Single dose actual,2026,0.0000,0.0000,0.0000
nepal,Single dose actual,2027,0.0000,0.0000,10.0286
nepal,Single dose actual,2028,0.0000,0.0000,10.0286
nepal,Single dose actual,2029,0.0000,0.0000,20.0572
nepal,Single dose actual,2030,5.0143,0.0000,50.1429
nepal,Single dose actual,2031,15.0429,0.0000,70.2001
nepal,Single dose actual,2032,35.1000,9.0257,111.3173
nepal,Single dose actual,2033,70.2001,19.0543,174.4973
nepal,Single dose actual,2034,160.4573,49.1401,295.8432
nepal,Single dose actual,2035,260.7431,108.3087,438.2491
nepal,Single dose actual,2036,406.1576,187.5345,639.8236
nepal,Single dose actual,2037,571.6292,296.8460,881.5124
nepal,Single dose actual,2038,812.3152,446.2719,1205.4356
nepal,Single dose actual,2039,1143.2584,665.8979,1606.5789
nepal,Single dose actual,2040,1489.2445,946.6982,2129.0680
nepal,Single dose actual,2041,1920.4735,1257.5843,2672.6171
nepal,Single dose actual,2042,2441.9598,1656.7218,3255.2777
nepal,Single dose actual,2043,3018.6032,2112.0194,4020.4585
nepal,Single dose actual,2044,3735.6468,2697.6886,4847.8164
nepal,Single dose actual,2045,4507.8475,3286.3663,5822.5947
nepal,Single dose actual,2046,5315.1484,3926.1898,6825.4528
nepal,Single dose actual,2047,6197.6635,4654.2649,7889.4854
nepal,Single dose actual,2048,7195.5074,5455.5485,9081.8839
nepal,Single dose actual,2049,8278.5942,6196.6607,10312.3911
nepal,Single dose actual,2050,9391.7669,7138.3445,11568.9725
nepal,Single dose actual,2051,10560.0968,8130.1713,12960.9401
nepal,Single dose actual,2052,11818.6840,9091.9123,14407.0620
nepal,Single dose actual,2053,13037.1568,10185.0277,15772.9552
nepal,Single dose actual,2054,14355.9156,11285.1632,17267.2144
nepal,Single dose actual,2055,15679.6887,12407.3615,18703.3077
nepal,Single dose actual,2056,17038.5619,13507.4970,20267.7670
nepal,Single dose actual,2057,18427.5208,14647.7468,21883.3722
nepal,Single dose actual,2058,19796.4225,15940.4313,23398.6914
nepal,Single dose actual,2059,21145.2671,17123.8040,24943.0936
nepal,Single dose actual,2060,22509.1546,18356.3169,26431.3356
nepal,Single dose actual,2061,23832.9276,19519.6325,27861.4118
nepal,Single dose actual,2062,25141.6578,20664.8966,29337.6195
nepal,Single dose actual,2063,26400.2450,21788.0979,30902.0789
nepal,Single dose actual,2064,27698.9466,22888.2333,32306.0807
nepal,Single dose actual,2065,28952.5195,23975.3316,33790.3113
nepal,Single dose actual,2066,30186.0352,25068.4471,35125.1158
nepal,Single dose actual,2067,31344.3366,26145.5168,36429.8346
nepal,Single dose actual,2068,32462.5235,27058.1177,37679.3960
nepal,Single dose actual,2069,33625.8391,28025.8758,38923.9432
nepal,Single dose actual,2070,34648.7545,28946.4996,40098.2903
nepal,Single dose actual,2071,35721.8128,29878.1549,41301.7202
nepal,Single dose actual,2072,36794.8711,30748.6357,42435.9530
nepal,Single dose actual,2073,37762.6292,31604.0737,43540.0998
nepal,Single dose actual,2074,38680.2444,32426.4174,44614.1611
nepal,Single dose actual,2075,39507.6024,33106.3552,45568.8820
nepal,Single dose actual,2076,40304.8746,33746.1787,46503.5458
nepal,Single dose actual,2077,41127.2183,34445.1708,47396.0895
nepal,Single dose actual,2078,41869.3333,35079.9800,48280.6104
nepal,Single dose actual,2079,42531.2197,35660.6349,49054.8169
nepal,Single dose actual,2080,43223.1918,36246.3041,49879.1663
nepal,Single dose actual,2081,43824.9067,36757.7618,50572.1413
nepal,Single dose actual,2082,44381.4930,37227.0994,51277.1506
nepal,Single dose actual,2083,44892.9506,37667.3542,51880.8712
nepal,Single dose actual,2084,45394.3797,38078.5260,52496.6261
nepal,Single dose actual,2085,45905.8374,38478.6665,53082.2953
nepal,Single dose actual,2086,46362.1379,38858.7497,53630.8587
nepal,Single dose actual,2087,46793.3669,39204.7358,54162.3735
nepal,Single dose actual,2088,47199.5245,39514.6190,54644.7483
nepal,Single dose actual,2089,47555.5392,39794.4164,55103.0545
nepal,Single dose actual,2090,47901.5252,40055.1596,55509.2121
nepal,Single dose actual,2091,48227.4542,40356.0171,55891.3010
nepal,Single dose actual,2092,48488.1973,40545.5573,56220.2385
nepal,Single dose actual,2093,48733.8976,40722.0603,56561.2103
nepal,Single dose actual,2094,48979.5979,40911.6005,56874.1021
nepal,Single dose actual,2095,49210.2553,41072.0579,57126.8224
nepal,Single dose actual,2096,49400.7983,41231.5123,57348.4541
nepal,Single dose actual,2097,49571.2842,41370.9096,57564.0686
nepal,Single dose actual,2098,49731.7416,41450.1354,57785.7003
nepal,Single dose actual,2099,49872.1417,41550.4213,57967.2176
nepal,Single dose actual,2100,49982.4561,41620.6213,58107.6178
nepal,Single dose actual,2101,50072.7134,41659.7328,58239.9951
nepal,Single dose actual,2102,50142.9135,41718.9014,58370.3666
nepal,Single dose actual,2103,50208.0992,41768.0415,58481.6839
nepal,Single dose actual,2104,50268.2707,41798.1272,58572.9440
nepal,Single dose actual,2105,50313.3994,41818.1844,58634.1184
nepal,Single dose actual,2106,50348.4994,41837.2387,58685.2641
nepal,Single dose actual,2107,50378.5851,41857.2959,58727.3842
nepal,Single dose actual,2108,50398.6423,41857.2959,58758.4728
nepal,Single dose actual,2109,50408.6709,41857.2959,58779.5328
nepal,Single dose actual,2110,50418.6995,41857.2959,58799.5900
nepal,Single dose actual,2111,50418.6995,41857.2959,58819.6471
nepal,Single dose actual,2112,50418.6995,41857.2959,58830.6786
nepal,Single dose actual,2113,50418.6995,41857.2959,58840.7072
nepal,Single dose actual,2114,50418.6995,41857.2959,58850.7357
nepal,Single dose actual,2115,50418.6995,41857.2959,58850.7357
nepal,Single dose actual,2116,50418.6995,41857.2959,58850.7357
nepal,Single dose actual,2117,50418.6995,41857.2959,58850.7357
nepal,Single dose actual,2118,50418.6995,41857.2959,58850.7357
nepal,Single dose actual,2119,50418.6995,41857.2959,58850.7357
nepal,Single dose actual,2120,50418.6995,41857.2959,58850.7357
nepal,Single dose actual,2121,50418.6995,41857.2959,58850.7357
nepal,Single dose actual,2122,50418.6995,41857.2959,58850.7357
nepal,Single dose actual,2123,50418.6995,41857.2959,58850.7357
nepal,Single dose actual,2124,50418.6995,41857.2959,58850.7357
nepal,Single dose actual,2125,50418.6995,41857.2959,58850.7357
nepal,Double dose,2024,0.0000,0.0000,0.0000
nepal,Double dose,2025,0.0000,0.0000,0.0000
nepal,Double dose,2026,0.0000,0.0000,0.0000
nepal,Double dose,2027,0.0000,0.0000,10.0286
nepal,Double dose,2028,0.0000,0.0000,20.0572
nepal,Double dose,2029,0.0000,0.0000,30.0857
nepal,Double dose,2030,10.0286,0.0000,51.1458
nepal,Double dose,2031,20.0572,0.0000,73.2087
nepal,Double dose,2032,40.1143,0.0000,123.3516
nepal,Double dose,2033,75.2144,19.0543,195.5574
nepal,Double dose,2034,115.3287,39.1115,276.7889
nepal,Double dose,2035,200.5717,88.2515,389.1090
nepal,Double dose,2036,305.8718,156.4459,531.5149
nepal,Double dose,2037,446.2719,265.7574,713.0322
nepal,Double dose,2038,636.8150,406.1576,933.6610
nepal,Double dose,2039,907.5867,585.6692,1265.6071
nepal,Double dose,2040,1193.4013,814.3209,1623.6275
nepal,Double dose,2041,1529.3588,1075.0640,2036.8051
nepal,Double dose,2042,1945.5450,1431.0787,2550.2685
nepal,Double dose,2043,2346.6883,1769.0419,3054.7061
nepal,Double dose,2044,2848.1174,2137.0909,3638.3696
nepal,Double dose,2045,3399.6894,2597.4028,4300.2560
nepal,Double dose,2046,4011.4328,3084.7919,5057.4139
nepal,Double dose,2047,4633.2049,3599.2581,5829.6146
nepal,Double dose,2048,5345.2342,4155.8444,6682.0441
nepal,Double dose,2049,6037.2063,4749.5365,7495.3620
nepal,Double dose,2050,6799.3785,5419.4457,8410.9715
nepal,Double dose,2051,7606.6793,6060.2721,9324.5753
nepal,Double dose,2052,8494.2087,6756.2556,10405.6565
nepal,Double dose,2053,9311.5381,7465.2763,11399.4889
nepal,Double dose,2054,10229.1533,8227.4485,12428.4214
nepal,Double dose,2055,11126.7113,9004.6635,13446.3224
nepal,Double dose,2056,11969.1122,9742.7671,14432.1320
nepal,Double dose,2057,12876.6988,10524.9965,15520.2332
nepal,Double dose,2058,13864.5141,11276.1372,16625.3829
nepal,Double dose,2059,14827.2579,12092.4637,17738.5555
nepal,Double dose,2060,15724.8159,12864.6645,18784.5366
nepal,Double dose,2061,16637.4169,13630.8481,19847.5663
nepal,Double dose,2062,17519.9320,14417.0889,20829.3645
nepal,Double dose,2063,18402.4472,15195.3068,21837.2369
nepal,Double dose,2064,19254.8766,15936.4190,22872.1866
nepal,Double dose,2065,20092.2632,16642.4311,23896.1047
nepal,Double dose,2066,20874.4925,17294.2889,24833.7771
nepal,Double dose,2067,21646.6933,17925.0867,25780.4753
nepal,Double dose,2068,22408.8654,18551.8730,26686.0561
nepal,Double dose,2069,23145.9662,19189.6908,27603.6714
nepal,Double dose,2070,23903.1241,19810.4600,28405.9579
nepal,Double dose,2071,24590.0819,20426.2149,29208.2444
nepal,Double dose,2072,25251.9683,21007.8726,30053.6538
nepal,Double dose,2073,25888.7832,21578.4989,30786.7431
nepal,Double dose,2074,26520.5838,22097.9795,31511.8096
nepal,Double dose,2075,27117.2844,22568.3200,32195.7589
nepal,Double dose,2076,27688.9136,23007.5719,32865.6681
nepal,Double dose,2077,28245.4999,23396.6808,33501.4802
nepal,Double dose,2078,28736.9004,23816.8784,34153.3380
nepal,Double dose,2079,29228.3009,24207.9931,34735.9986
nepal,Double dose,2080,29654.5156,24586.0707,35251.4677
nepal,Double dose,2081,30105.8018,24946.0968,35782.9825
nepal,Double dose,2082,30486.8880,25244.9485,36205.1858
nepal,Double dose,2083,30867.9741,25513.7145,36687.5606
nepal,Double dose,2084,31244.0459,25832.6235,37118.7896
nepal,Double dose,2085,31564.9605,26102.3923,37540.9929
nepal,Double dose,2086,31905.9323,26330.0412,37955.1734
nepal,Double dose,2087,32196.7612,26539.6385,38327.2338
nepal,Double dose,2088,32447.4758,26740.2102,38641.1284
nepal,Double dose,2089,32708.2189,26928.7475,38965.0516
nepal,Double dose,2090,32933.8621,27099.2334,39275.9376
nepal,Double dose,2091,33149.4766,27257.6850,39537.6836
nepal,Double dose,2092,33345.0339,27396.0795,39800.4325
nepal,Double dose,2093,33495.4627,27515.4196,40024.0699
nepal,Double dose,2094,33655.9200,27635.7626,40246.7044
nepal,Double dose,2095,33806.3487,27744.0713,40458.3075
nepal,Double dose,2096,33916.6632,27823.2971,40591.6877
nepal,Double dose,2097,34026.9776,27903.5258,40755.1536
nepal,Double dose,2098,34122.2491,27972.7230,40877.5023
nepal,Double dose,2099,34202.4778,28020.8602,40998.8481
nepal,Double dose,2100,34272.6778,28070.0002,41089.1054
nepal,Double dose,2101,34327.8350,28100.0860,41169.3340
nepal,Double dose,2102,34377.9779,28129.1689,41250.5656
nepal,Double dose,2103,34423.1066,28148.2232,41320.7656
nepal,Double dose,2104,34463.2209,28158.2518,41381.9400
nepal,Double dose,2105,34488.2924,28168.2803,41432.0829
nepal,Double dose,2106,34518.3781,28177.3061,41462.1686
nepal,Double dose,2107,34538.4353,28186.3318,41494.2601
nepal,Double dose,2108,34548.4639,28186.3318,41534.3744
nepal,Double dose,2109,34548.4639,28186.3318,41564.4602
nepal,Double dose,2110,34548.4639,28186.3318,41574.4888
nepal,Double dose,2111,34548.4639,28186.3318,41584.5174
nepal,Double dose,2112,34548.4639,28186.3318,41594.5459
nepal,Double dose,2113,34548.4639,28186.3318,41604.5745
nepal,Double dose,2114,34548.4639,28186.3318,41604.5745
nepal,Double dose,2115,34548.4639,28186.3318,41604.5745
nepal,Double dose,2116,34548.4639,28186.3318,41604.5745
nepal,Double dose,2117,34548.4639,28186.3318,41604.5745
nepal,Double dose,2118,34548.4639,28186.3318,41604.5745
nepal,Double dose,2119,34548.4639,28186.3318,41604.5745
nepal,Double dose,2120,34548.4639,28186.3318,41604.5745
nepal,Double dose,2121,34548.4639,28186.3318,41604.5745
nepal,Double dose,2122,34548.4639,28186.3318,41604.5745
nepal,Double dose,2123,34548.4639,28186.3318,41604.5745
nepal,Double dose,2124,34548.4639,28186.3318,41604.5745
nepal,Double dose,2125,34548.4639,28186.3318,41604.5745
nigeria,No vaccination,2024,0.0000,0.0000,0.0000
nigeria,No vaccination,2025,0.0000,0.0000,0.0000
nigeria,No vaccination,2026,0.0000,0.0000,0.0000
nigeria,No vaccination,2027,0.0000,0.0000,49.0568
nigeria,No vaccination,2028,0.0000,0.0000,138.2509
nigeria,No vaccination,2029,44.5971,0.0000,231.9047
nigeria,No vaccination,2030,111.4927,0.0000,365.6959
nigeria,No vaccination,2031,245.2838,0.0000,642.1977
nigeria,No vaccination,2032,445.9706,89.1941,963.2965
nigeria,No vaccination,2033,713.5530,263.1227,1369.1298
nigeria,No vaccination,2034,1114.9265,437.0512,1993.4886
nigeria,No vaccination,2035,1716.9869,833.9650,2756.0984
nigeria,No vaccination,2036,2430.5398,1364.6701,3701.5561
nigeria,No vaccination,2037,3523.1678,2064.8439,5088.5247
nigeria,No vaccination,2038,4771.8855,2956.7852,6872.4069
nigeria,No vaccination,2039,6466.5737,4205.5029,8839.1371
nigeria,No vaccination,2040,8295.0531,5806.5373,11176.0228
nigeria,No vaccination,2041,10569.5029,7590.4196,13909.8222
nigeria,No vaccination,2042,13379.1173,10078.9353,17102.9711
nigeria,No vaccination,2043,16679.2992,12910.8482,20804.5264
nigeria,No vaccination,2044,20358.5559,15854.2537,24920.8343
nigeria,No vaccination,2045,24439.1861,19190.1132,29969.2203
nigeria,No vaccination,2046,28831.9956,23239.5255,35053.2841
nigeria,No vaccination,2047,33648.4771,27293.3974,40346.9540
nigeria,No vaccination,2048,38643.3467,31659.4487,46336.3377
nigeria,No vaccination,2049,44217.9779,36431.3331,52669.1187
nigeria,No vaccination,2050,50104.7885,41626.8894,59407.7329
nigeria,No vaccination,2051,56437.5695,47223.8192,66721.6491
nigeria,No vaccination,2052,62904.1416,53280.0985,73785.8219
nigeria,No vaccination,2053,69326.1167,59064.3358,81064.0610
nigeria,No vaccination,2054,76216.3609,65125.0749,89011.2557
nigeria,No vaccination,2055,83262.6949,71627.3247,97221.5740
nigeria,No vaccination,2056,90420.5212,78129.5745,104985.9218
nigeria,No vaccination,2057,97801.3335,84890.4871,113222.9983
nigeria,No vaccination,2058,105405.1313,91459.6325,121473.4537
nigeria,No vaccination,2059,113053.5257,98327.5780,129621.3355
nigeria,No vaccination,2060,120679.6217,105275.7983,138233.0285
nigeria,No vaccination,2061,128484.1058,112522.8195,146635.1146
nigeria,No vaccination,2062,136043.3059,119158.8604,154948.0057
nigeria,No vaccination,2063,143647.1038,125843.9581,163559.6979
nigeria,No vaccination,2064,151117.1102,132702.9842,172050.9779
nigeria,No vaccination,2065,158609.4150,139521.8731,180314.8127
nigeria,No vaccination,2066,165789.5399,145805.5974,188431.4763
nigeria,No vaccination,2067,173014.2619,152352.4442,195990.6768
nigeria,No vaccination,2068,180261.2824,158765.4999,203612.3140
nigeria,No vaccination,2069,186928.5413,164638.9313,210952.9891
nigeria,No vaccination,2070,193439.7105,170561.4195,218284.7453
nigeria,No vaccination,2071,199839.3871,175841.7102,225157.1505
nigeria,No vaccination,2072,205793.0932,181367.2847,231815.4900
nigeria,No vaccination,2073,211568.4111,186495.9455,237920.8261
nigeria,No vaccination,2074,216853.1615,191125.1193,243878.9919
nigeria,No vaccination,2075,222093.3149,195624.9618,250046.7638
nigeria,No vaccination,2076,226976.6919,200160.4818,255715.0488
nigeria,No vaccination,2077,231525.5911,204035.9656,261022.0978
nigeria,No vaccination,2078,235985.2962,207951.5867,265972.3704
nigeria,No vaccination,2079,240110.5234,211608.5450,270534.6487
nigeria,No vaccination,2080,243901.2728,215033.5986,274793.6670
nigeria,No vaccination,2081,247379.8429,217887.8100,278816.3211
nigeria,No vaccination,2082,250412.4425,220246.9942,282366.2464
nigeria,No vaccination,2083,253199.7583,222472.3873,285403.3057
nigeria,No vaccination,2084,255719.4919,224657.6430,288400.2277
nigeria,No vaccination,2085,258038.5388,226566.3971,291151.8659
nigeria,No vaccination,2086,260156.8990,228341.3600,293569.0263
nigeria,No vaccination,2087,262096.8709,229937.9347,295758.7417
nigeria,No vaccination,2088,263791.5592,231315.9838,297903.8601
nigeria,No vaccination,2089,265285.5607,232381.8536,299692.2022
nigeria,No vaccination,2090,266601.1739,233354.0695,301306.6157
nigeria,No vaccination,2091,267782.9961,234188.0346,302711.4231
nigeria,No vaccination,2092,268741.8329,234986.3220,304142.9887
nigeria,No vaccination,2093,269589.1770,235690.9556,305124.1240
nigeria,No vaccination,2094,270325.0286,236221.6606,306065.1220
nigeria,No vaccination,2095,270860.1933,236569.5177,306872.3289
nigeria,No vaccination,2096,271395.3580,236957.5121,307505.6071
nigeria,No vaccination,2097,271863.6272,237260.7721,308129.9660
nigeria,No vaccination,2098,272220.4037,237479.2977,308669.5904
nigeria,No vaccination,2099,272465.6875,237613.0889,308981.7699
nigeria,No vaccination,2100,272599.4787,237657.6860,309298.4090
nigeria,No vaccination,2101,272733.2699,237702.2830,309476.7972
nigeria,No vaccination,2102,272844.7625,237702.2830,309699.7825
nigeria,No vaccination,2103,272933.9566,237742.4204,309838.0334
nigeria,No vaccination,2104,272978.5537,237742.4204,309971.8246
nigeria,No vaccination,2105,273023.1508,237742.4204,310061.0187
nigeria,No vaccination,2106,273023.1508,237742.4204,310114.5352
nigeria,No vaccination,2107,273023.1508,237742.4204,310159.1323
nigeria,No vaccination,2108,273023.1508,237742.4204,310203.7293
nigeria,No vaccination,2109,273023.1508,237742.4204,310248.3264
nigeria,No vaccination,2110,273023.1508,237742.4204,310252.7861
nigeria,No vaccination,2111,273023.1508,237742.4204,310252.7861
nigeria,No vaccination,2112,273023.1508,237742.4204,310252.7861
nigeria,No vaccination,2113,273023.1508,237742.4204,310252.7861
nigeria,No vaccination,2114,273023.1508,237742.4204,310252.7861
nigeria,No vaccination,2115,273023.1508,237742.4204,310252.7861
nigeria,No vaccination,2116,273023.1508,237742.4204,310252.7861
nigeria,No vaccination,2117,273023.1508,237742.4204,310252.7861
nigeria,No vaccination,2118,273023.1508,237742.4204,310252.7861
nigeria,No vaccination,2119,273023.1508,237742.4204,310252.7861
nigeria,No vaccination,2120,273023.1508,237742.4204,310252.7861
nigeria,No vaccination,2121,273023.1508,237742.4204,310252.7861
nigeria,No vaccination,2122,273023.1508,237742.4204,310252.7861
nigeria,No vaccination,2123,273023.1508,237742.4204,310252.7861
nigeria,No vaccination,2124,273023.1508,237742.4204,310252.7861
nigeria,No vaccination,2125,273023.1508,237742.4204,310252.7861
nigeria,Single dose shipments,2024,0.0000,0.0000,0.0000
nigeria,Single dose shipments,2025,0.0000,0.0000,0.0000
nigeria,Single dose shipments,2026,0.0000,0.0000,0.0000
nigeria,Single dose shipments,2027,0.0000,0.0000,49.0568
nigeria,Single dose shipments,2028,0.0000,0.0000,93.6538
nigeria,Single dose shipments,2029,0.0000,0.0000,142.7106
nigeria,Single dose shipments,2030,89.1941,0.0000,276.5018
nigeria,Single dose shipments,2031,178.3882,44.5971,454.8900
nigeria,Single dose shipments,2032,267.5824,84.7344,642.1977
nigeria,Single dose shipments,2033,468.2691,169.4688,954.3771
nigeria,Single dose shipments,2034,758.1500,258.6630,1449.4045
nigeria,Single dose shipments,2035,1070.3295,477.1886,1944.4319
nigeria,Single dose shipments,2036,1516.3001,744.7709,2568.7907
nigeria,Single dose shipments,2037,2006.8678,1052.4906,3286.8034
nigeria,Single dose shipments,2038,2586.6295,1494.0015,4009.2758
nigeria,Single dose shipments,2039,3389.3767,1935.5125,4999.3306
nigeria,Single dose shipments,2040,4236.7208,2510.8145,6114.2571
nigeria,Single dose shipments,2041,5195.5576,3215.4481,7189.0463
nigeria,Single dose shipments,2042,6221.2901,4094.0102,8620.6118
nigeria,Single dose shipments,2043,7425.4108,5030.5485,10185.9686
nigeria,Single dose shipments,2044,8785.6211,6100.8780,11934.1733
nigeria,Single dose shipments,2045,10190.4285,7251.4822,13686.8377
nigeria,Single dose shipments,2046,11572.9374,8491.2804,15430.5827
nigeria,Single dose shipments,2047,13089.2374,9780.1355,17312.5785
nigeria,Single dose shipments,2048,14895.4183,11109.1279,19506.7536
nigeria,Single dose shipments,2049,16612.4050,12447.0397,21589.4362
nigeria,Single dose shipments,2050,18485.4814,13941.0412,23788.0710
nigeria,Single dose shipments,2051,20380.8563,15363.6874,26307.8046
nigeria,Single dose shipments,2052,22298.5298,16964.7218,28640.2306
nigeria,Single dose shipments,2053,24283.0988,18547.9173,31414.1673
nigeria,Single dose shipments,2054,26423.7575,20336.2594,33737.6739
nigeria,Single dose shipments,2055,28542.1177,22048.7864,36150.3746
nigeria,Single dose shipments,2056,30705.0749,23966.4598,38607.6723
nigeria,Single dose shipments,2057,32845.7336,25830.6168,41176.4626
nigeria,Single dose shipments,2058,35253.9745,27614.4992,43950.3994
nigeria,Single dose shipments,2059,37528.4243,29429.5994,46822.4496
nigeria,Single dose shipments,2060,39825.1727,31204.5623,49471.5146
nigeria,Single dose shipments,2061,42121.9210,32885.8714,52227.6125
nigeria,Single dose shipments,2062,44507.8634,34535.9626,55130.8807
nigeria,Single dose shipments,2063,46826.9103,36444.7166,57846.8413
nigeria,Single dose shipments,2064,49012.1661,38228.5989,60803.6259
nigeria,Single dose shipments,2065,51041.3321,39918.8274,63296.6013
nigeria,Single dose shipments,2066,53137.3938,41559.9991,66034.8604
nigeria,Single dose shipments,2067,55255.7539,43116.4365,68666.0866
nigeria,Single dose shipments,2068,57240.3230,44588.1394,71034.1902
nigeria,Single dose shipments,2069,59180.2949,46015.2454,73362.1565
nigeria,Single dose shipments,2070,60941.8787,47576.1424,75783.7766
nigeria,Single dose shipments,2071,62658.8655,48905.1348,78281.2116
nigeria,Single dose shipments,2072,64286.6581,50318.8616,80341.5957
nigeria,Single dose shipments,2073,65780.6596,51291.0775,82303.8662
nigeria,Single dose shipments,2074,67475.3478,52463.9802,84194.7814
nigeria,Single dose shipments,2075,68924.7523,53712.6979,85760.1382
nigeria,Single dose shipments,2076,70329.5596,54769.6483,87419.1488
nigeria,Single dose shipments,2077,71734.3670,55795.3807,89073.6996
nigeria,Single dose shipments,2078,72849.2935,56767.5966,90523.1041
nigeria,Single dose shipments,2079,73875.0259,57565.8840,92003.7265
nigeria,Single dose shipments,2080,74900.7583,58364.1714,93297.0413
nigeria,Single dose shipments,2081,75837.2966,58984.0706,94519.0007
nigeria,Single dose shipments,2082,76662.3422,59559.3727,95687.4438
nigeria,Single dose shipments,2083,77442.7908,60179.2718,96846.9673
nigeria,Single dose shipments,2084,78200.9408,60701.0574,97917.2968
nigeria,Single dose shipments,2085,78847.5982,61227.3027,98822.6171
nigeria,Single dose shipments,2086,79449.6586,61655.4345,99669.9613
nigeria,Single dose shipments,2087,79984.8233,61963.1542,100481.6278
nigeria,Single dose shipments,2088,80475.3910,62270.8740,101061.3896
nigeria,Single dose shipments,2089,80876.7645,62493.8593,101641.1514
nigeria,Single dose shipments,2090,81233.5410,62716.8446,102180.7759
nigeria,Single dose shipments,2091,81568.0190,62935.3702,102720.4003
nigeria,Single dose shipments,2092,81835.6013,63109.2987,103126.2335
nigeria,Single dose shipments,2093,82058.5866,63198.4928,103438.4130
nigeria,Single dose shipments,2094,82214.6764,63283.2273,103705.9953
nigeria,Single dose shipments,2095,82393.0646,63372.4214,103928.9806
nigeria,Single dose shipments,2096,82526.8558,63417.0184,104151.9660
nigeria,Single dose shipments,2097,82616.0499,63457.1558,104330.3542
nigeria,Single dose shipments,2098,82705.2440,63457.1558,104553.3395
nigeria,Single dose shipments,2099,82749.8411,63457.1558,104691.5904
nigeria,Single dose shipments,2100,82794.4381,63457.1558,104825.3816
nigeria,Single dose shipments,2101,82794.4381,63457.1558,104869.9786
nigeria,Single dose shipments,2102,82794.4381,63457.1558,104919.0354
nigeria,Single dose shipments,2103,82794.4381,63457.1558,104963.6325
nigeria,Single dose shipments,2104,82794.4381,63457.1558,105008.2295
nigeria,Single dose shipments,2105,82794.4381,63457.1558,105052.8266
nigeria,Single dose shipments,2106,82794.4381,63457.1558,105097.4237
nigeria,Single dose shipments,2107,82794.4381,63457.1558,105142.0207
nigeria,Single dose shipments,2108,82794.4381,63457.1558,105142.0207
nigeria,Single dose shipments,2109,82794.4381,63457.1558,105186.6178
nigeria,Single dose shipments,2110,82794.4381,63457.1558,105186.6178
nigeria,Single dose shipments,2111,82794.4381,63457.1558,105186.6178
nigeria,Single dose shipments,2112,82794.4381,63457.1558,105186.6178
nigeria,Single dose shipments,2113,82794.4381,63457.1558,105186.6178
nigeria,Single dose shipments,2114,82794.4381,63457.1558,105186.6178
nigeria,Single dose shipments,2115,82794.4381,63457.1558,105186.6178
nigeria,Single dose shipments,2116,82794.4381,63457.1558,105186.6178
nigeria,Single dose shipments,2117,82794.4381,63457.1558,105186.6178
nigeria,Single dose shipments,2118,82794.4381,63457.1558,105186.6178
nigeria,Single dose shipments,2119,82794.4381,63457.1558,105186.6178
nigeria,Single dose shipments,2120,82794.4381,63457.1558,105186.6178
nigeria,Single dose shipments,2121,82794.4381,63457.1558,105186.6178
nigeria,Single dose shipments,2122,82794.4381,63457.1558,105186.6178
nigeria,Single dose shipments,2123,82794.4381,63457.1558,105186.6178
nigeria,Single dose shipments,2124,82794.4381,63457.1558,105186.6178
nigeria,Single dose shipments,2125,82794.4381,63457.1558,105186.6178
nigeria,Single dose actual,2024,0.0000,0.0000,0.0000
nigeria,Single dose actual,2025,0.0000,0.0000,0.0000
nigeria,Single dose actual,2026,0.0000,0.0000,0.0000
nigeria,Single dose actual,2027,0.0000,0.0000,44.5971
nigeria,Single dose actual,2028,0.0000,0.0000,89.1941
nigeria,Single dose actual,2029,44.5971,0.0000,182.8480
nigeria,Single dose actual,2030,89.1941,0.0000,272.0421
nigeria,Single dose actual,2031,133.7912,0.0000,454.8900
nigeria,Single dose actual,2032,267.5824,40.1374,637.7380
nigeria,Single dose actual,2033,445.9706,129.3315,963.2965
nigeria,Single dose actual,2034,691.2544,258.6630,1324.5327
nigeria,Single dose actual,2035,1003.4339,392.4541,1730.3660
nigeria,Single dose actual,2036,1471.7030,615.4394,2368.1039
nigeria,Single dose actual,2037,2029.1663,1016.8130,3095.0360
nigeria,Single dose actual,2038,2720.4207,1458.3239,3986.9773
nigeria,Single dose actual,2039,3523.1678,2118.3604,5026.0888
nigeria,Single dose actual,2040,4459.7061,2738.2596,6198.9915
nigeria,Single dose actual,2041,5396.2444,3491.9499,7327.2971
nigeria,Single dose actual,2042,6600.3650,4383.8911,8892.6539
nigeria,Single dose actual,2043,8027.4710,5543.4148,10680.9959
nigeria,Single dose actual,2044,9365.3827,6702.9383,12380.1439
nigeria,Single dose actual,2045,10970.8769,7947.1963,14409.3099
nigeria,Single dose actual,2046,12710.1621,9316.3261,16594.5657
nigeria,Single dose actual,2047,14427.1488,10649.7782,18735.2244
nigeria,Single dose actual,2048,16545.5090,12380.1441,21152.3848
nigeria,Single dose actual,2049,18530.0780,14025.7755,23703.3363
nigeria,Single dose actual,2050,20737.6322,15528.6964,26343.4819
nigeria,Single dose actual,2051,22833.6939,17357.1757,28849.8363
nigeria,Single dose actual,2052,25130.4422,19230.2521,31360.6505
nigeria,Single dose actual,2053,27516.3847,21304.0153,34036.4738
nigeria,Single dose actual,2054,29902.3271,23297.5037,36832.7090
nigeria,Single dose actual,2055,32511.2548,25161.6607,39918.8251
nigeria,Single dose actual,2056,35097.8839,27494.0867,42951.4247
nigeria,Single dose actual,2057,37461.5278,29447.4378,45814.5555
nigeria,Single dose actual,2058,40181.9481,31828.9205,48945.2686
nigeria,Single dose actual,2059,42723.9802,34139.0480,51982.3280
nigeria,Single dose actual,2060,45355.2064,36275.2470,55032.7664
nigeria,Single dose actual,2061,47785.7459,38299.9534,57820.0822
nigeria,Single dose actual,2062,50149.3898,40293.4418,61084.5865
nigeria,Single dose actual,2063,52602.2279,42434.1005,63983.3950
nigeria,Single dose actual,2064,55166.5585,44432.0486,66989.2363
nigeria,Single dose actual,2065,57574.7994,46438.9161,70026.2957
nigeria,Single dose actual,2066,59849.2493,48432.4045,72764.5548
nigeria,Single dose actual,2067,62235.1917,50385.7556,75578.6288
nigeria,Single dose actual,2068,64442.7460,52249.9126,78134.0401
nigeria,Single dose actual,2069,66717.1958,53984.7382,80738.5080
nigeria,Single dose actual,2070,68724.0634,55848.8952,83253.7819
nigeria,Single dose actual,2071,70641.7368,57494.5267,85697.7005
nigeria,Single dose actual,2072,72670.9029,59144.6179,88328.9267
nigeria,Single dose actual,2073,74477.0837,60616.3208,90665.8124
nigeria,Single dose actual,2074,76127.1749,62083.5641,92641.4620
nigeria,Single dose actual,2075,77732.6690,63466.0730,94568.0549
nigeria,Single dose actual,2076,79248.9690,64531.9428,96664.1165
nigeria,Single dose actual,2077,80787.5675,65629.0305,98764.6378
nigeria,Single dose actual,2078,82125.4793,66685.9808,100370.1319
nigeria,Single dose actual,2079,83351.8985,67711.7132,101935.4887
nigeria,Single dose actual,2080,84556.0191,68469.8632,103367.0543
nigeria,Single dose actual,2081,85626.3486,69388.5627,104892.2738
nigeria,Single dose actual,2082,86652.0810,70048.5992,106453.1708
nigeria,Single dose actual,2083,87544.0222,70762.1522,107568.0973
nigeria,Single dose actual,2084,88480.5605,71377.5916,108870.3315
nigeria,Single dose actual,2085,89216.4120,71912.7564,109766.7324
nigeria,Single dose actual,2086,89952.2635,72519.2764,110672.0528
nigeria,Single dose actual,2087,90665.8165,72916.1902,111532.7760
nigeria,Single dose actual,2088,91178.6827,73228.3697,112250.7887
nigeria,Single dose actual,2089,91691.5489,73540.5491,112875.1476
nigeria,Single dose actual,2090,92137.5195,73848.2688,113454.9094
nigeria,Single dose actual,2091,92471.9975,74022.1974,113949.9368
nigeria,Single dose actual,2092,92739.5798,74196.1259,114498.4806
nigeria,Single dose actual,2093,92962.5651,74325.4574,114864.1765
nigeria,Single dose actual,2094,93163.2519,74414.6515,115274.4695
nigeria,Single dose actual,2095,93297.0431,74499.3859,115586.6489
nigeria,Single dose actual,2096,93430.8343,74543.9830,115809.6342
nigeria,Single dose actual,2097,93542.3269,74588.5800,115992.4822
nigeria,Single dose actual,2098,93609.2225,74588.5800,116130.7331
nigeria,Single dose actual,2099,93698.4166,74633.1771,116309.1213
nigeria,Single dose actual,2100,93743.0137,74633.1771,116402.7751
nigeria,Single dose actual,2101,93809.9093,74633.1771,116496.4290
nigeria,Single dose actual,2102,93832.2078,74633.1771,116585.6231
nigeria,Single dose actual,2103,93832.2078,74633.1771,116634.6799
nigeria,Single dose actual,2104,93832.2078,74633.1771,116679.2769
nigeria,Single dose actual,2105,93832.2078,74633.1771,116723.8740
nigeria,Single dose actual,2106,93832.2078,74633.1771,116768.4710
nigeria,Single dose actual,2107,93832.2078,74633.1771,116772.9307
nigeria,Single dose actual,2108,93832.2078,74633.1771,116817.5278
nigeria,Single dose actual,2109,93832.2078,74633.1771,116817.5278
nigeria,Single dose actual,2110,93832.2078,74633.1771,116817.5278
nigeria,Single dose actual,2111,93832.2078,74633.1771,116817.5278
nigeria,Single dose actual,2112,93832.2078,74633.1771,116817.5278
nigeria,Single dose actual,2113,93832.2078,74633.1771,116817.5278
nigeria,Single dose actual,2114,93832.2078,74633.1771,116817.5278
nigeria,Single dose actual,2115,93832.2078,74633.1771,116817.5278
nigeria,Single dose actual,2116,93832.2078,74633.1771,116817.5278
nigeria,Single dose actual,2117,93832.2078,74633.1771,116817.5278
nigeria,Single dose actual,2118,93832.2078,74633.1771,116817.5278
nigeria,Single dose actual,2119,93832.2078,74633.1771,116817.5278
nigeria,Single dose actual,2120,93832.2078,74633.1771,116817.5278
nigeria,Single dose actual,2121,93832.2078,74633.1771,116817.5278
nigeria,Single dose actual,2122,93832.2078,74633.1771,116817.5278
nigeria,Single dose actual,2123,93832.2078,74633.1771,116817.5278
nigeria,Single dose actual,2124,93832.2078,74633.1771,116817.5278
nigeria,Single dose actual,2125,93832.2078,74633.1771,116817.5278
nigeria,Double dose,2024,0.0000,0.0000,0.0000
nigeria,Double dose,2025,0.0000,0.0000,0.0000
nigeria,Double dose,2026,0.0000,0.0000,0.0000
nigeria,Double dose,2027,0.0000,0.0000,89.1941
nigeria,Double dose,2028,0.0000,0.0000,133.7912
nigeria,Double dose,2029,0.0000,0.0000,222.9853
nigeria,Double dose,2030,44.5971,0.0000,401.3736
nigeria,Double dose,2031,133.7912,40.1374,579.7618
nigeria,Double dose,2032,312.1794,129.3315,891.9412
nigeria,Double dose,2033,557.4633,263.1227,1248.7177
nigeria,Double dose,2034,891.9412,437.0512,1663.4704
nigeria,Double dose,2035,1382.5089,749.2306,2336.8860
nigeria,Double dose,2036,2006.8678,1146.1445,3188.6899
nigeria,Double dose,2037,2809.6148,1681.3092,4169.8252
nigeria,Double dose,2038,3879.9443,2390.4025,5516.6564
nigeria,Double dose,2039,5061.7664,3371.5378,7394.1925
nigeria,Double dose,2040,6488.8724,4392.8105,9401.0600
nigeria,Double dose,2041,8361.9487,5810.9971,11510.5008
nigeria,Double dose,2042,10391.1148,7536.9032,13838.4671
nigeria,Double dose,2043,12665.5646,9360.9229,16567.8068
nigeria,Double dose,2044,15207.5967,11621.9936,19658.3825
nigeria,Double dose,2045,18039.5096,13958.8793,22780.1762
nigeria,Double dose,2046,21072.1093,16273.4665,26450.5136
nigeria,Double dose,2047,24483.7838,18931.4509,30201.1257
nigeria,Double dose,2048,28185.3391,22218.2536,34634.0725
nigeria,Double dose,2049,32020.6855,25464.9191,39053.6402
nigeria,Double dose,2050,36101.3157,28854.2951,43651.5962
nigeria,Double dose,2051,40204.2444,32386.3816,48236.1730
nigeria,Double dose,2052,44351.7701,36034.4204,53427.2696
nigeria,Double dose,2053,48878.3708,40043.6953,58743.2380
nigeria,Double dose,2054,53672.5537,44066.3494,63934.3346
nigeria,Double dose,2055,58511.3337,48209.4154,69343.9568
nigeria,Double dose,2056,63550.8004,52727.0967,75154.9523
nigeria,Double dose,2057,68523.3715,56963.8165,80774.1806
nigeria,Double dose,2058,73250.6588,61147.0199,86090.1490
nigeria,Double dose,2059,78267.8270,65642.4026,91709.3772
nigeria,Double dose,2060,83240.3981,70008.4539,97413.3399
nigeria,Double dose,2061,88413.6559,74423.5619,103166.3593
nigeria,Double dose,2062,93475.4211,78950.1626,109195.8804
nigeria,Double dose,2063,98470.2907,83490.1423,114908.7625
nigeria,Double dose,2064,103175.2795,87740.2413,120581.5072
nigeria,Double dose,2065,108058.6566,92101.8329,126191.8160
nigeria,Double dose,2066,112897.4365,96235.9795,131819.9637
nigeria,Double dose,2067,117647.0224,100454.8605,137278.6426
nigeria,Double dose,2068,122129.0260,104366.0220,142545.5542
nigeria,Double dose,2069,126677.9252,107991.7623,147647.4568
nigeria,Double dose,2070,130892.3465,111546.1473,152575.4308
nigeria,Double dose,2071,134861.4841,115073.7741,157391.9123
nigeria,Double dose,2072,139053.6069,118454.2307,161940.8115
nigeria,Double dose,2073,142710.5651,121598.3229,166092.7969
nigeria,Double dose,2074,146523.6130,124849.4481,170329.5168
nigeria,Double dose,2075,149912.9890,127788.3939,174080.1288
nigeria,Double dose,2076,153302.3650,130593.5486,177786.1438
nigeria,Double dose,2077,156334.9646,133001.7895,181282.5527
nigeria,Double dose,2078,159189.1760,135405.5708,184770.0422
nigeria,Double dose,2079,161798.1037,137751.3759,187985.4897
nigeria,Double dose,2080,164117.1506,139655.6702,190710.3697
nigeria,Double dose,2081,166235.5107,141296.8420,193091.8524
nigeria,Double dose,2082,168331.5724,143040.5870,195611.5860
nigeria,Double dose,2083,170026.2606,144525.6690,197863.7373
nigeria,Double dose,2084,171765.5459,145952.7750,200062.3721
nigeria,Double dose,2085,173304.1444,147107.8388,201761.5200
nigeria,Double dose,2086,174664.3547,148173.7086,203474.0471
nigeria,Double dose,2087,175868.4753,149021.0527,205048.3233
nigeria,Double dose,2088,177005.7004,150002.1881,206479.8889
nigeria,Double dose,2089,177897.6416,150666.6843,207603.7348
nigeria,Double dose,2090,178744.9858,151197.3893,208638.3867
nigeria,Double dose,2091,179413.9417,151777.1511,209619.5220
nigeria,Double dose,2092,180038.3006,152129.4679,210475.7856
nigeria,Double dose,2093,180618.0623,152570.9788,211327.5894
nigeria,Double dose,2094,181041.7344,152878.6986,211956.4080
nigeria,Double dose,2095,181398.5109,153057.0868,212415.7577
nigeria,Double dose,2096,181755.2874,153235.4750,213040.1166
nigeria,Double dose,2097,181978.2727,153404.9439,213396.8931
nigeria,Double dose,2098,182201.2580,153534.2754,213753.6696
nigeria,Double dose,2099,182357.3477,153619.0098,214025.7116
nigeria,Double dose,2100,182491.1389,153663.6068,214248.6969
nigeria,Double dose,2101,182580.3330,153663.6068,214431.5449
nigeria,Double dose,2102,182624.9301,153663.6068,214569.7958
nigeria,Double dose,2103,182669.5272,153663.6068,214663.4496
nigeria,Double dose,2104,182714.1242,153663.6068,214752.6437
nigeria,Double dose,2105,182714.1242,153663.6068,214797.2408
nigeria,Double dose,2106,182714.1242,153663.6068,214841.8379
nigeria,Double dose,2107,182714.1242,153663.6068,214886.4349
nigeria,Double dose,2108,182714.1242,153663.6068,214931.0320
nigeria,Double dose,2109,182714.1242,153663.6068,214931.0320
nigeria,Double dose,2110,182714.1242,153663.6068,214935.4917
nigeria,Double dose,2111,182714.1242,153663.6068,214939.9514
nigeria,Double dose,2112,182714.1242,153663.6068,214939.9514
nigeria,Double dose,2113,182714.1242,153663.6068,214939.9514
nigeria,Double dose,2114,182714.1242,153663.6068,214939.9514
nigeria,Double dose,2115,182714.1242,153663.6068,214939.9514
nigeria,Double dose,2116,182714.1242,153663.6068,214939.9514
nigeria,Double dose,2117,182714.1242,153663.6068,214939.9514
nigeria,Double dose,2118,182714.1242,153663.6068,214939.9514
nigeria,Double dose,2119,182714.1242,153663.6068,214939.9514
nigeria,Double dose,2120,182714.1242,153663.6068,214939.9514
nigeria,Double dose,2121,182714.1242,153663.6068,214939.9514
nigeria,Double dose,2122,182714.1242,153663.6068,214939.9514
nigeria,Double dose,2123,182714.1242,153663.6068,214939.9514
nigeria,Double dose,2124,182714.1242,153663.6068,214939.9514
nigeria,Double dose,2125,182714.1242,153663.6068,214939.9514
sierra leone,No vaccination,2024,0.0000,0.0000,0.0000
sierra leone,No vaccination,2025,0.0000,0.0000,2.2510
sierra leone,No vaccination,2026,0.0000,0.0000,2.4761
sierra leone,No vaccination,2027,0.0000,0.0000,4.7272
sierra leone,No vaccination,2028,0.0000,0.0000,9.4543
sierra leone,No vaccination,2029,1.1255,0.0000,13.9564
sierra leone,No vaccination,2030,5.6276,2.0259,18.6835
sierra leone,No vaccination,2031,12.3807,4.2770,28.1379
sierra leone,No vaccination,2032,19.1337,6.5280,39.6181
sierra leone,No vaccination,2033,30.3889,13.2811,62.1284
sierra leone,No vaccination,2034,48.3971,24.3111,82.3876
sierra leone,No vaccination,2035,70.9074,39.8432,118.4041
sierra leone,No vaccination,2036,97.9197,62.1284,161.1736
sierra leone,No vaccination,2037,136.1872,88.9156,213.8477
sierra leone,No vaccination,2038,177.8312,118.1790,277.1016
sierra leone,No vaccination,2039,234.1069,162.9744,358.3637
sierra leone,No vaccination,2040,297.1357,212.2719,444.5780
sierra leone,No vaccination,2041,368.0431,267.6472,535.2945
sierra leone,No vaccination,2042,452.4566,326.1740,636.8158
sierra leone,No vaccination,2043,536.8702,402.2587,748.0166
sierra leone,No vaccination,2044,637.0409,482.3953,879.4767
sierra leone,No vaccination,2045,741.7137,567.9344,1023.5425
sierra leone,No vaccination,2046,864.3948,662.4776,1174.1363
sierra leone,No vaccination,2047,1000.5820,763.5487,1334.4095
sierra leone,No vaccination,2048,1141.2712,888.2557,1514.9420
sierra leone,No vaccination,2049,1285.3371,1005.3091,1688.4963
sierra leone,No vaccination,2050,1451.9132,1124.3885,1887.0370
sierra leone,No vaccination,2051,1635.3720,1268.2292,2099.0839
sierra leone,No vaccination,2052,1810.9522,1420.6238,2306.6287
sierra leone,No vaccination,2053,1996.6620,1566.7156,2531.9567
sierra leone,No vaccination,2054,2183.4974,1730.1402,2750.5316
sierra leone,No vaccination,2055,2382.7134,1899.1924,2999.2703
sierra leone,No vaccination,2056,2587.5570,2068.0196,3225.0485
sierra leone,No vaccination,2057,2807.0323,2240.2233,3471.5361
sierra leone,No vaccination,2058,3020.8801,2436.2878,3731.0798
sierra leone,No vaccination,2059,3242.6064,2619.9718,3983.8703
sierra leone,No vaccination,2060,3466.5838,2815.5862,4239.8123
sierra leone,No vaccination,2061,3674.8039,2999.7203,4487.8757
sierra leone,No vaccination,2062,3897.6558,3197.3606,4739.7658
sierra leone,No vaccination,2063,4125.0097,3397.0268,4999.3094
sierra leone,No vaccination,2064,4351.2380,3589.4898,5253.9008
sierra leone,No vaccination,2065,4579.7175,3787.1301,5524.2494
sierra leone,No vaccination,2066,4800.3183,3981.6189,5781.7671
sierra leone,No vaccination,2067,5010.7895,4174.3070,6027.5794
sierra leone,No vaccination,2068,5232.5158,4380.7263,6279.0194
sierra leone,No vaccination,2069,5448.6145,4574.7650,6516.0527
sierra leone,No vaccination,2070,5654.5837,4763.1761,6759.8391
sierra leone,No vaccination,2071,5850.4232,4936.2802,6970.0852
sierra leone,No vaccination,2072,6044.0116,5086.8740,7187.9848
sierra leone,No vaccination,2073,6229.7215,5251.6492,7399.8066
sierra leone,No vaccination,2074,6400.7996,5393.4640,7609.8275
sierra leone,No vaccination,2075,6576.3798,5548.7849,7803.4160
sierra leone,No vaccination,2076,6731.7008,5689.4742,7974.9444
sierra leone,No vaccination,2077,6899.4024,5817.7828,8164.4810
sierra leone,No vaccination,2078,7047.9703,5939.1132,8329.0311
sierra leone,No vaccination,2079,7178.5299,6050.3140,8487.5035
sierra leone,No vaccination,2080,7304.5875,6153.6362,8633.8204
sierra leone,No vaccination,2081,7425.0175,6252.4563,8775.8602
sierra leone,No vaccination,2082,7534.1923,6343.3979,8915.4240
sierra leone,No vaccination,2083,7634.3631,6432.7637,9037.6548
sierra leone,No vaccination,2084,7737.9104,6511.3246,9156.9593
sierra leone,No vaccination,2085,7817.8219,6585.1583,9256.4547
sierra leone,No vaccination,2086,7895.4823,6640.7587,9352.1234
sierra leone,No vaccination,2087,7968.6408,6701.3113,9436.5370
sierra leone,No vaccination,2088,8037.2971,6759.6130,9519.8250
sierra leone,No vaccination,2089,8095.8238,6808.9105,9594.5591
sierra leone,No vaccination,2090,8145.3465,6849.2039,9657.5879
sierra leone,No vaccination,2091,8192.6180,6884.7701,9716.5649
sierra leone,No vaccination,2092,8228.6345,6918.0853,9766.0875
sierra leone,No vaccination,2093,8262.3999,6940.3705,9818.3113
sierra leone,No vaccination,2094,8292.7888,6960.6298,9859.0549
sierra leone,No vaccination,2095,8314.1736,6974.1359,9888.5434
sierra leone,No vaccination,2096,8338.9349,6989.8931,9920.0578
sierra leone,No vaccination,2097,8356.9431,6998.8972,9941.2175
sierra leone,No vaccination,2098,8370.4493,7005.6503,9961.7018
sierra leone,No vaccination,2099,8381.7044,7012.1783,9975.4331
sierra leone,No vaccination,2100,8390.7085,7014.4293,9993.4413
sierra leone,No vaccination,2101,8395.2106,7016.6804,10006.9475
sierra leone,No vaccination,2102,8400.8381,7018.9314,10018.2026
sierra leone,No vaccination,2103,8405.3402,7018.9314,10024.9557
sierra leone,No vaccination,2104,8407.5912,7018.9314,10031.7088
sierra leone,No vaccination,2105,8409.8423,7018.9314,10036.4360
sierra leone,No vaccination,2106,8409.8423,7018.9314,10038.9121
sierra leone,No vaccination,2107,8409.8423,7018.9314,10041.1631
sierra leone,No vaccination,2108,8409.8423,7018.9314,10043.6392
sierra leone,No vaccination,2109,8409.8423,7018.9314,10045.8903
sierra leone,No vaccination,2110,8409.8423,7018.9314,10045.8903
sierra leone,No vaccination,2111,8409.8423,7018.9314,10048.1413
sierra leone,No vaccination,2112,8409.8423,7018.9314,10048.1413
sierra leone,No vaccination,2113,8409.8423,7018.9314,10048.1413
sierra leone,No vaccination,2114,8409.8423,7018.9314,10048.1413
sierra leone,No vaccination,2115,8409.8423,7018.9314,10048.1413
sierra leone,No vaccination,2116,8409.8423,7018.9314,10048.1413
sierra leone,No vaccination,2117,8409.8423,7018.9314,10048.1413
sierra leone,No vaccination,2118,8409.8423,7018.9314,10048.1413
sierra leone,No vaccination,2119,8409.8423,7018.9314,10048.1413
sierra leone,No vaccination,2120,8409.8423,7018.9314,10048.1413
sierra leone,No vaccination,2121,8409.8423,7018.9314,10048.1413
sierra leone,No vaccination,2122,8409.8423,7018.9314,10048.1413
sierra leone,No vaccination,2123,8409.8423,7018.9314,10048.1413
sierra leone,No vaccination,2124,8409.8423,7018.9314,10048.1413
sierra leone,No vaccination,2125,8409.8423,7018.9314,10048.1413
sierra leone,Single dose shipments,2024,0.0000,0.0000,0.0000
sierra leone,Single dose shipments,2025,0.0000,0.0000,2.2510
sierra leone,Single dose shipments,2026,0.0000,0.0000,2.2510
sierra leone,Single dose shipments,2027,0.0000,0.0000,4.5021
sierra leone,Single dose shipments,2028,0.0000,0.0000,7.2033
sierra leone,Single dose shipments,2029,0.0000,0.0000,11.7053
sierra leone,Single dose shipments,2030,2.2510,0.0000,18.4584
sierra leone,Single dose shipments,2031,6.7531,0.0000,27.6876
sierra leone,Single dose shipments,2032,13.5062,2.2510,41.8691
sierra leone,Single dose shipments,2033,22.5103,8.7790,59.8773
sierra leone,Single dose shipments,2034,38.2675,13.2811,84.8638
sierra leone,Single dose shipments,2035,58.5267,26.5621,114.1271
sierra leone,Single dose shipments,2036,81.0370,44.5704,148.3427
sierra leone,Single dose shipments,2037,111.4259,62.3535,188.8613
sierra leone,Single dose shipments,2038,151.9444,91.3917,245.3621
sierra leone,Single dose shipments,2039,191.3374,122.9061,301.4127
sierra leone,Single dose shipments,2040,244.2365,165.6757,364.6665
sierra leone,Single dose shipments,2041,300.5122,208.4452,450.2056
sierra leone,Single dose shipments,2042,372.5451,263.5954,537.9957
sierra leone,Single dose shipments,2043,446.8291,326.3991,628.7121
sierra leone,Single dose shipments,2044,531.2426,395.9558,732.7096
sierra leone,Single dose shipments,2045,616.7817,467.9887,847.9623
sierra leone,Single dose shipments,2046,714.7014,551.0517,967.7170
sierra leone,Single dose shipments,2047,818.2487,640.8677,1097.3762
sierra leone,Single dose shipments,2048,933.0511,732.7096,1233.5634
sierra leone,Single dose shipments,2049,1046.7281,827.0277,1369.3004
sierra leone,Single dose shipments,2050,1175.0367,937.3281,1518.3185
sierra leone,Single dose shipments,2051,1305.5963,1055.5071,1689.6217
sierra leone,Single dose shipments,2052,1446.2855,1174.5865,1842.6917
sierra leone,Single dose shipments,2053,1592.6024,1297.7177,2019.8476
sierra leone,Single dose shipments,2054,1734.4172,1421.2991,2185.7484
sierra leone,Single dose shipments,2055,1881.8595,1556.3608,2375.2850
sierra leone,Single dose shipments,2056,2030.4274,1684.4443,2565.7220
sierra leone,Single dose shipments,2057,2190.2504,1828.0599,2748.0553
sierra leone,Single dose shipments,2058,2369.2071,1975.2772,2970.9072
sierra leone,Single dose shipments,2059,2526.7791,2113.7154,3160.4438
sierra leone,Single dose shipments,2060,2700.1083,2259.8071,3365.9627
sierra leone,Single dose shipments,2061,2872.3120,2403.6478,3564.0532
sierra leone,Single dose shipments,2062,3040.0136,2538.7095,3762.3688
sierra leone,Single dose shipments,2063,3217.8449,2689.0782,3974.4157
sierra leone,Single dose shipments,2064,3384.4210,2841.6979,4175.2075
sierra leone,Single dose shipments,2065,3562.2522,2995.8934,4374.4235
sierra leone,Single dose shipments,2066,3719.8242,3134.5567,4575.8905
sierra leone,Single dose shipments,2067,3879.6472,3267.1422,4755.9728
sierra leone,Single dose shipments,2068,4030.4661,3404.2299,4934.2543
sierra leone,Single dose shipments,2069,4189.1636,3530.0623,5126.0419
sierra leone,Single dose shipments,2070,4341.1080,3651.6179,5300.9468
sierra leone,Single dose shipments,2071,4491.9269,3768.6713,5470.6744
sierra leone,Single dose shipments,2072,4631.4906,3890.6770,5648.9558
sierra leone,Single dose shipments,2073,4769.9289,4002.5531,5814.4064
sierra leone,Single dose shipments,2074,4916.2457,4109.9272,5972.2035
sierra leone,Single dose shipments,2075,5034.4247,4212.5741,6123.6977
sierra leone,Single dose shipments,2076,5151.4781,4316.1213,6260.1100
sierra leone,Single dose shipments,2077,5264.0295,4403.9114,6394.4964
sierra leone,Single dose shipments,2078,5372.0789,4477.7452,6525.0560
sierra leone,Single dose shipments,2079,5473.3751,4565.0851,6645.4860
sierra leone,Single dose shipments,2080,5565.6673,4646.1221,6769.2926
sierra leone,Single dose shipments,2081,5654.5829,4717.9299,6875.9913
sierra leone,Single dose shipments,2082,5731.1179,4782.9846,6966.2575
sierra leone,Single dose shipments,2083,5802.0252,4839.0352,7056.2986
sierra leone,Single dose shipments,2084,5875.1837,4896.6615,7139.8118
sierra leone,Single dose shipments,2085,5937.0869,4949.7857,7223.3249
sierra leone,Single dose shipments,2086,5992.2371,4988.0532,7291.3060
sierra leone,Single dose shipments,2087,6044.0108,5026.0956,7356.5858
sierra leone,Single dose shipments,2088,6092.4079,5055.3590,7415.1125
sierra leone,Single dose shipments,2089,6128.4243,5080.1203,7469.1372
sierra leone,Single dose shipments,2090,6165.5663,5104.6565,7512.3569
sierra leone,Single dose shipments,2091,6201.5827,5126.7166,7560.3038
sierra leone,Single dose shipments,2092,6228.5951,5144.4997,7603.0733
sierra leone,Single dose shipments,2093,6254.4819,5162.2828,7639.0898
sierra leone,Single dose shipments,2094,6272.4901,5175.7890,7668.5783
sierra leone,Single dose shipments,2095,6292.7494,5189.2951,7693.3396
sierra leone,Single dose shipments,2096,6310.7576,5198.2992,7720.5770
sierra leone,Single dose shipments,2097,6322.0127,5202.8013,7738.5852
sierra leone,Single dose shipments,2098,6331.0168,5207.3034,7752.5416
sierra leone,Single dose shipments,2099,6338.8954,5211.5803,7766.0478
sierra leone,Single dose shipments,2100,6343.3975,5213.8313,7775.2770
sierra leone,Single dose shipments,2101,6345.6485,5213.8313,7784.7313
sierra leone,Single dose shipments,2102,6347.8995,5213.8313,7791.4844
sierra leone,Single dose shipments,2103,6350.1506,5213.8313,7795.9865
sierra leone,Single dose shipments,2104,6352.4016,5213.8313,7800.4885
sierra leone,Single dose shipments,2105,6352.4016,5213.8313,7804.9906
sierra leone,Single dose shipments,2106,6352.4016,5213.8313,7807.2416
sierra leone,Single dose shipments,2107,6354.6526,5213.8313,7811.9688
sierra leone,Single dose shipments,2108,6354.6526,5213.8313,7814.2198
sierra leone,Single dose shipments,2109,6354.6526,5213.8313,7816.4708
sierra leone,Single dose shipments,2110,6354.6526,5213.8313,7818.7218
sierra leone,Single dose shipments,2111,6354.6526,5213.8313,7818.7218
sierra leone,Single dose shipments,2112,6354.6526,5213.8313,7818.7218
sierra leone,Single dose shipments,2113,6354.6526,5213.8313,7818.7218
sierra leone,Single dose shipments,2114,6354.6526,5213.8313,7818.7218
sierra leone,Single dose shipments,2115,6354.6526,5213.8313,7818.7218
sierra leone,Single dose shipments,2116,6354.6526,5213.8313,7818.7218
sierra leone,Single dose shipments,2117,6354.6526,5213.8313,7818.7218
sierra leone,Single dose shipments,2118,6354.6526,5213.8313,7818.7218
sierra leone,Single dose shipments,2119,6354.6526,5213.8313,7818.7218
sierra leone,Single dose shipments,2120,6354.6526,5213.8313,7818.7218
sierra leone,Single dose shipments,2121,6354.6526,5213.8313,7818.7218
sierra leone,Single dose shipments,2122,6354.6526,5213.8313,7818.7218
sierra leone,Single dose shipments,2123,6354.6526,5213.8313,7818.7218
sierra leone,Single dose shipments,2124,6354.6526,5213.8313,7818.7218
sierra leone,Single dose shipments,2125,6354.6526,5213.8313,7818.7218
sierra leone,Single dose actual,2024,0.0000,0.0000,0.0000
sierra leone,Single dose actual,2025,0.0000,0.0000,2.2510
sierra leone,Single dose actual,2026,0.0000,0.0000,2.2510
sierra leone,Single dose actual,2027,0.0000,0.0000,4.5021
sierra leone,Single dose actual,2028,1.1255,0.0000,9.0041
sierra leone,Single dose actual,2029,3.3765,0.0000,13.5062
sierra leone,Single dose actual,2030,7.8786,0.0000,18.4584
sierra leone,Single dose actual,2031,12.3807,2.0259,25.4366
sierra leone,Single dose actual,2032,21.3848,6.5280,38.9428
sierra leone,Single dose actual,2033,31.5144,13.0560,55.1502
sierra leone,Single dose actual,2034,45.0206,22.0601,75.6345
sierra leone,Single dose actual,2035,61.9033,33.3152,100.3959
sierra leone,Single dose actual,2036,82.1625,44.5704,134.1613
sierra leone,Single dose actual,2037,111.4259,64.6045,172.4287
sierra leone,Single dose actual,2038,146.3168,87.1148,220.1505
sierra leone,Single dose actual,2039,185.7098,116.1530,268.0974
sierra leone,Single dose actual,2040,230.7304,151.4942,331.5764
sierra leone,Single dose actual,2041,282.5040,194.2637,399.5575
sierra leone,Single dose actual,2042,344.4073,245.8123,474.0665
sierra leone,Single dose actual,2043,415.3147,292.8588,559.8307
sierra leone,Single dose actual,2044,490.7241,348.4591,656.8500
sierra leone,Single dose actual,2045,571.7611,408.7867,754.7697
sierra leone,Single dose actual,2046,660.6767,480.5945,856.5162
sierra leone,Single dose actual,2047,756.3454,558.9303,970.6433
sierra leone,Single dose actual,2048,854.2651,637.4911,1083.1947
sierra leone,Single dose actual,2049,962.3145,724.1557,1213.7543
sierra leone,Single dose actual,2050,1082.7445,817.3483,1356.2444
sierra leone,Single dose actual,2051,1191.9194,904.2380,1494.4576
sierra leone,Single dose actual,2052,1308.9728,1000.8071,1629.9695
sierra leone,Single dose actual,2053,1429.4028,1104.1293,1774.9357
sierra leone,Single dose actual,2054,1557.7114,1205.2004,1934.9838
sierra leone,Single dose actual,2055,1692.7731,1311.2238,2090.7549
sierra leone,Single dose actual,2056,1827.8348,1423.0999,2264.3092
sierra leone,Single dose actual,2057,1966.2730,1535.2011,2422.7816
sierra leone,Single dose actual,2058,2112.5899,1649.7785,2603.0890
sierra leone,Single dose actual,2059,2257.7812,1755.1266,2765.3881
sierra leone,Single dose actual,2060,2399.5960,1864.7516,2938.9424
sierra leone,Single dose actual,2061,2533.5321,1983.6059,3101.2416
sierra leone,Single dose actual,2062,2673.0959,2102.2351,3276.8218
sierra leone,Single dose actual,2063,2814.9107,2213.8861,3443.3979
sierra leone,Single dose actual,2064,2958.9765,2339.0433,3610.1991
sierra leone,Single dose actual,2065,3099.6657,2466.9017,3777.0003
sierra leone,Single dose actual,2066,3235.8529,2588.0070,3930.2953
sierra leone,Single dose actual,2067,3379.9187,2700.3333,4099.1225
sierra leone,Single dose actual,2068,3511.6039,2808.3826,4266.8241
sierra leone,Single dose actual,2069,3643.2890,2909.2287,4435.2010
sierra leone,Single dose actual,2070,3779.4762,3024.4813,4583.7689
sierra leone,Single dose actual,2071,3904.4083,3118.3492,4733.2371
sierra leone,Single dose actual,2072,4015.8342,3212.8923,4882.2552
sierra leone,Single dose actual,2073,4132.8876,3313.9635,5029.0222
sierra leone,Single dose actual,2074,4242.0625,3408.2816,5161.8329
sierra leone,Single dose actual,2075,4347.8608,3491.3445,5283.6135
sierra leone,Single dose actual,2076,4446.9061,3571.9313,5398.6410
sierra leone,Single dose actual,2077,4543.7003,3641.4881,5512.0929
sierra leone,Single dose actual,2078,4635.9924,3713.2959,5618.3414
sierra leone,Single dose actual,2079,4719.2804,3777.9004,5723.0142
sierra leone,Single dose actual,2080,4794.6899,3833.7259,5813.2804
sierra leone,Single dose actual,2081,4865.5973,3889.1012,5896.7936
sierra leone,Single dose actual,2082,4932.0026,3940.6497,5982.5577
sierra leone,Single dose actual,2083,4993.9059,3989.9472,6061.3437
sierra leone,Single dose actual,2084,5052.4326,4032.4917,6131.5758
sierra leone,Single dose actual,2085,5105.3318,4068.0579,6193.0289
sierra leone,Single dose actual,2086,5152.6034,4105.8752,6261.4601
sierra leone,Single dose actual,2087,5194.2474,4137.3896,6311.2078
sierra leone,Single dose actual,2088,5231.3893,4168.6789,6360.7304
sierra leone,Single dose actual,2089,5268.5313,4195.4661,6410.2531
sierra leone,Single dose actual,2090,5298.9202,4217.9764,6449.1958
sierra leone,Single dose actual,2091,5327.0580,4235.9846,6485.8876
sierra leone,Single dose actual,2092,5347.3173,4251.5167,6519.8781
sierra leone,Single dose actual,2093,5369.8276,4267.0488,6546.8905
sierra leone,Single dose actual,2094,5385.5848,4280.5550,6576.1538
sierra leone,Single dose actual,2095,5401.3420,4289.3340,6599.3394
sierra leone,Single dose actual,2096,5412.5971,4293.8360,6619.5987
sierra leone,Single dose actual,2097,5421.6012,4298.1130,6635.3559
sierra leone,Single dose actual,2098,5428.3543,4302.3899,6648.8620
sierra leone,Single dose actual,2099,5435.1074,4306.6669,6662.3682
sierra leone,Single dose actual,2100,5444.1115,4308.9179,6676.0995
sierra leone,Single dose actual,2101,5448.6135,4311.1689,6685.1036
sierra leone,Single dose actual,2102,5450.8646,4311.1689,6689.6056
sierra leone,Single dose actual,2103,5453.1156,4311.1689,6696.3587
sierra leone,Single dose actual,2104,5453.1156,4311.1689,6698.6098
sierra leone,Single dose actual,2105,5453.1156,4311.1689,6700.8608
sierra leone,Single dose actual,2106,5453.1156,4311.1689,6703.1118
sierra leone,Single dose actual,2107,5453.1156,4311.1689,6705.5879
sierra leone,Single dose actual,2108,5453.1156,4311.1689,6707.8390
sierra leone,Single dose actual,2109,5453.1156,4311.1689,6708.0641
sierra leone,Single dose actual,2110,5453.1156,4311.1689,6708.0641
sierra leone,Single dose actual,2111,5453.1156,4311.1689,6708.0641
sierra leone,Single dose actual,2112,5453.1156,4311.1689,6708.0641
sierra leone,Single dose actual,2113,5453.1156,4311.1689,6708.0641
sierra leone,Single dose actual,2114,5453.1156,4311.1689,6708.0641
sierra leone,Single dose actual,2115,5453.1156,4311.1689,6708.0641
sierra leone,Single dose actual,2116,5453.1156,4311.1689,6708.0641
sierra leone,Single dose actual,2117,5453.1156,4311.1689,6708.0641
sierra leone,Single dose actual,2118,5453.1156,4311.1689,6708.0641
sierra leone,Single dose actual,2119,5453.1156,4311.1689,6708.0641
sierra leone,Single dose actual,2120,5453.1156,4311.1689,6708.0641
sierra leone,Single dose actual,2121,5453.1156,4311.1689,6708.0641
sierra leone,Single dose actual,2122,5453.1156,4311.1689,6708.0641
sierra leone,Single dose actual,2123,5453.1156,4311.1689,6708.0641
sierra leone,Single dose actual,2124,5453.1156,4311.1689,6708.0641
sierra leone,Single dose actual,2125,5453.1156,4311.1689,6708.0641
sierra leone,Double dose,2024,0.0000,0.0000,0.0000
sierra leone,Double dose,2025,0.0000,0.0000,2.2510
sierra leone,Double dose,2026,0.0000,0.0000,2.2510
sierra leone,Double dose,2027,0.0000,0.0000,4.5021
sierra leone,Double dose,2028,0.0000,0.0000,6.9782
sierra leone,Double dose,2029,2.2510,0.0000,13.7313
sierra leone,Double dose,2030,4.5021,2.0259,22.9605
sierra leone,Double dose,2031,9.0041,4.0519,32.1897
sierra leone,Double dose,2032,16.8827,6.3029,45.6959
sierra leone,Double dose,2033,28.1379,12.8309,61.6782
sierra leone,Double dose,2034,43.8950,21.3848,87.1148
sierra leone,Double dose,2035,65.2798,34.6658,121.1053
sierra leone,Double dose,2036,93.4177,54.9251,159.3728
sierra leone,Double dose,2037,128.3086,79.2362,202.3674
sierra leone,Double dose,2038,168.8271,112.7765,256.3921
sierra leone,Double dose,2039,218.3497,144.0658,315.1439
sierra leone,Double dose,2040,282.5040,186.8353,394.3801
sierra leone,Double dose,2041,348.9093,240.8600,479.9192
sierra leone,Double dose,2042,426.5698,303.8888,569.9603
sierra leone,Double dose,2043,517.7365,375.2464,677.1092
sierra leone,Double dose,2044,615.6562,461.9110,786.7343
sierra leone,Double dose,2045,727.0821,551.9521,908.7400
sierra leone,Double dose,2046,844.1355,650.3220,1055.0569
sierra leone,Double dose,2047,965.6910,753.4191,1209.2523
sierra leone,Double dose,2048,1101.8783,856.5162,1367.2745
sierra leone,Double dose,2049,1252.6971,972.6692,1534.9761
sierra leone,Double dose,2050,1394.5119,1089.0474,1702.2275
sierra leone,Double dose,2051,1549.8329,1212.8539,1887.2621
sierra leone,Double dose,2052,1710.7814,1356.6946,2081.3007
sierra leone,Double dose,2053,1872.8554,1498.2843,2270.6122
sierra leone,Double dose,2054,2054.0632,1646.1769,2480.1830
sierra leone,Double dose,2055,2235.2710,1805.3246,2689.9789
sierra leone,Double dose,2056,2425.4829,1944.4381,2903.8266
sierra leone,Double dose,2057,2612.3183,2090.3047,3113.3974
sierra leone,Double dose,2058,2799.1537,2257.5561,3331.9723
sierra leone,Double dose,2059,2993.8676,2416.4787,3566.7546
sierra leone,Double dose,2060,3190.8326,2584.6305,3796.8097
sierra leone,Double dose,2061,3390.0487,2759.7606,4012.0081
sierra leone,Double dose,2062,3593.7668,2928.3626,4230.8080
sierra leone,Double dose,2063,3795.2338,3112.4967,4469.4171
sierra leone,Double dose,2064,4005.7050,3283.3498,4701.2731
sierra leone,Double dose,2065,4210.5486,3469.2847,4933.1290
sierra leone,Double dose,2066,4414.2667,3644.1896,5162.7340
sierra leone,Double dose,2067,4610.1062,3808.2896,5387.8368
sierra leone,Double dose,2068,4809.3222,3967.6624,5613.1648
sierra leone,Double dose,2069,4988.2790,4116.2303,5845.0208
sierra leone,Double dose,2070,5163.8592,4275.3780,6047.8385
sierra leone,Double dose,2071,5345.0670,4437.2269,6261.9113
sierra leone,Double dose,2072,5510.5176,4577.9162,6463.3783
sierra leone,Double dose,2073,5678.2192,4712.7527,6661.6940
sierra leone,Double dose,2074,5832.4146,4847.5893,6846.9536
sierra leone,Double dose,2075,5977.6059,4973.4218,7030.4124
sierra leone,Double dose,2076,6109.2911,5081.4712,7204.1918
sierra leone,Double dose,2077,6240.9762,5185.9189,7352.9848
sierra leone,Double dose,2078,6364.7828,5291.4921,7506.5049
sierra leone,Double dose,2079,6481.8362,5392.1130,7643.3674
sierra leone,Double dose,2080,6592.1366,5486.4311,7771.9012
sierra leone,Double dose,2081,6697.9349,5576.2471,7889.1797
sierra leone,Double dose,2082,6801.4822,5657.0590,8004.6575
sierra leone,Double dose,2083,6884.7703,5724.5899,8108.4299
sierra leone,Double dose,2084,6959.0542,5789.4195,8199.3714
sierra leone,Double dose,2085,7038.9657,5849.9721,8295.0401
sierra leone,Double dose,2086,7109.8731,5903.7717,8385.5314
sierra leone,Double dose,2087,7176.2784,5953.2943,8467.0186
sierra leone,Double dose,2088,7226.9265,5993.8128,8533.8742
sierra leone,Double dose,2089,7276.4491,6027.3531,8595.3272
sierra leone,Double dose,2090,7322.5952,6055.9412,8658.5811
sierra leone,Double dose,2091,7361.9882,6086.1050,8710.8050
sierra leone,Double dose,2092,7395.7536,6108.6153,8755.8255
sierra leone,Double dose,2093,7427.2680,6130.9004,8796.7942
sierra leone,Double dose,2094,7454.2804,6148.6836,8837.7629
sierra leone,Double dose,2095,7474.5396,6164.4408,8867.0263
sierra leone,Double dose,2096,7490.2968,6175.6959,8891.7876
sierra leone,Double dose,2097,7504.9285,6186.5008,8916.5489
sierra leone,Double dose,2098,7518.4347,6191.0029,8937.0333
sierra leone,Double dose,2099,7527.4388,6195.5049,8948.5135
sierra leone,Double dose,2100,7536.4429,6197.7560,8960.2189
sierra leone,Double dose,2101,7540.9449,6200.0070,8973.7250
sierra leone,Double dose,2102,7545.4470,6202.0329,8982.7292
sierra leone,Double dose,2103,7547.6980,6202.0329,8987.2312
sierra leone,Double dose,2104,7549.9490,6202.0329,8991.7333
sierra leone,Double dose,2105,7549.9490,6202.0329,8996.2353
sierra leone,Double dose,2106,7552.2001,6202.0329,8998.4863
sierra leone,Double dose,2107,7552.2001,6202.0329,9000.9625
sierra leone,Double dose,2108,7552.2001,6202.0329,9003.2135
sierra leone,Double dose,2109,7552.2001,6202.0329,9003.2135
sierra leone,Double dose,2110,7552.2001,6202.0329,9003.4386
sierra leone,Double dose,2111,7552.2001,6202.0329,9003.6637
sierra leone,Double dose,2112,7552.2001,6202.0329,9003.6637
sierra leone,Double dose,2113,7552.2001,6202.0329,9003.6637
sierra leone,Double dose,2114,7552.2001,6202.0329,9003.6637
sierra leone,Double dose,2115,7552.2001,6202.0329,9003.6637
sierra leone,Double dose,2116,7552.2001,6202.0329,9003.6637
sierra leone,Double dose,2117,7552.2001,6202.0329,9003.6637
sierra leone,Double dose,2118,7552.2001,6202.0329,9003.6637
sierra leone,Double dose,2119,7552.2001,6202.0329,9003.6637
sierra leone,Double dose,2120,7552.2001,6202.0329,9003.6637
sierra leone,Double dose,2121,7552.2001,6202.0329,9003.6637
sierra leone,Double dose,2122,7552.2001,6202.0329,9003.6637
sierra leone,Double dose,2123,7552.2001,6202.0329,9003.6637
sierra leone,Double dose,2124,7552.2001,6202.0329,9003.6637
sierra leone,Double dose,2125,7552.2001,6202.0329,9003.6637
tanzania,No vaccination,2024,0.0000,0.0000,0.0000
tanzania,No vaccination,2025,0.0000,0.0000,0.0000
tanzania,No vaccination,2026,0.0000,0.0000,0.0000
tanzania,No vaccination,2027,0.0000,0.0000,0.0000
tanzania,No vaccination,2028,0.0000,0.0000,9.7625
tanzania,No vaccination,2029,0.0000,0.0000,19.5251
tanzania,No vaccination,2030,4.8813,0.0000,39.0502
tanzania,No vaccination,2031,24.4063,8.7863,79.0766
tanzania,No vaccination,2032,43.9314,8.7863,128.8655
tanzania,No vaccination,2033,73.2190,27.3351,177.6782
tanzania,No vaccination,2034,131.7943,55.6465,265.5410
tanzania,No vaccination,2035,224.5384,114.2217,422.7179
tanzania,No vaccination,2036,361.2139,210.8708,618.9449
tanzania,No vaccination,2037,580.8710,355.3564,915.7261
tanzania,No vaccination,2038,883.5097,616.0161,1264.2487
tanzania,No vaccination,2039,1288.6550,972.3488,1785.5682
tanzania,No vaccination,2040,1859.7635,1439.9743,2460.1596
tanzania,No vaccination,2041,2494.3284,1975.9376,3250.9252
tanzania,No vaccination,2042,3358.3132,2766.7033,4241.8230
tanzania,No vaccination,2043,4471.2427,3701.9545,5467.9980
tanzania,No vaccination,2044,5759.8980,4894.9369,6931.4028
tanzania,No vaccination,2045,7414.6485,6367.1280,8791.1664
tanzania,No vaccination,2046,9323.2250,8129.2665,10901.8274
tanzania,No vaccination,2047,11632.0652,10172.5659,13406.8941
tanzania,No vaccination,2048,14292.3559,12618.0813,16287.8175
tanzania,No vaccination,2049,17299.2157,15382.8308,19609.0303
tanzania,No vaccination,2050,20843.0137,18532.2234,23307.0761
tanzania,No vaccination,2051,24718.7373,21957.8950,27595.7561
tanzania,No vaccination,2052,29004.4884,25960.5321,32398.9226
tanzania,No vaccination,2053,33719.7918,30343.9084,37445.1772
tanzania,No vaccination,2054,38903.6986,35311.0862,42979.5604
tanzania,No vaccination,2055,44439.0581,40456.9190,48944.4731
tanzania,No vaccination,2056,50643.1539,46379.8527,55583.9797
tanzania,No vaccination,2057,57335.3783,52433.6048,62666.7070
tanzania,No vaccination,2058,64418.1054,58966.6993,70254.1583
tanzania,No vaccination,2059,71905.9776,65943.9908,78148.1553
tanzania,No vaccination,2060,79657.4371,73034.5283,86661.0940
tanzania,No vaccination,2061,87936.0748,80642.4819,95401.4986
tanzania,No vaccination,2062,96531.9938,88704.3940,104275.6487
tanzania,No vaccination,2063,105186.4892,97111.8987,113550.0602
tanzania,No vaccination,2064,114143.6211,105719.5344,122742.4672
tanzania,No vaccination,2065,123364.3392,114627.8541,132402.4956
tanzania,No vaccination,2066,132531.3638,123367.2831,141899.4912
tanzania,No vaccination,2067,141927.8060,132353.7015,151614.1893
tanzania,No vaccination,2068,150963.0362,140920.3324,161164.8782
tanzania,No vaccination,2069,160032.4357,149664.6406,170745.8308
tanzania,No vaccination,2070,168633.2362,157935.4681,179997.7888
tanzania,No vaccination,2071,177365.8297,166165.2938,189344.4425
tanzania,No vaccination,2072,185951.9874,174128.6012,198184.4233
tanzania,No vaccination,2073,193884.0562,181638.9292,206876.0163
tanzania,No vaccination,2074,201484.2000,188812.4485,215060.9347
tanzania,No vaccination,2075,208942.7862,195828.7904,222819.2294
tanzania,No vaccination,2076,215976.7007,202385.3150,230244.6231
tanzania,No vaccination,2077,222615.2310,208709.4904,237188.7219
tanzania,No vaccination,2078,228892.5460,214838.4144,243822.3709
tanzania,No vaccination,2079,234857.4588,220488.9723,250276.3885
tanzania,No vaccination,2080,240397.6995,225702.1668,256311.5917
tanzania,No vaccination,2081,245527.9122,230629.3180,261800.0909
tanzania,No vaccination,2082,250545.8554,235241.1381,266948.8525
tanzania,No vaccination,2083,255134.2454,239341.4003,271876.0037
tanzania,No vaccination,2084,259351.6579,243410.4229,276395.0803
tanzania,No vaccination,2085,263300.6007,247114.3264,280634.9471
tanzania,No vaccination,2086,267020.1240,250553.6656,284637.5838
tanzania,No vaccination,2087,270383.3156,253734.2981,288282.9123
tanzania,No vaccination,2088,273531.7319,256717.7280,291720.2989
tanzania,No vaccination,2089,276382.3915,259381.9237,294779.8763
tanzania,No vaccination,2090,278984.1071,261878.2041,297729.1374
tanzania,No vaccination,2091,281356.4037,264032.7966,300369.9030
tanzania,No vaccination,2092,283626.1935,266108.3124,302806.6321
tanzania,No vaccination,2093,285622.6327,267930.0025,305044.2059
tanzania,No vaccination,2094,287409.1776,269569.1330,307040.6453
tanzania,No vaccination,2095,289049.2844,271036.4428,308836.9525
tanzania,No vaccination,2096,290430.6839,272292.8817,310394.0777
tanzania,No vaccination,2097,291733.9830,273393.1199,311852.6012
tanzania,No vaccination,2098,292832.2687,274387.9227,313091.4676
tanzania,No vaccination,2099,293828.0477,275293.8864,314206.3496
tanzania,No vaccination,2100,294652.9822,276025.1005,315095.7169
tanzania,No vaccination,2101,295394.9352,276619.6391,315896.2451
tanzania,No vaccination,2102,295980.6875,277144.8636,316580.5991
tanzania,No vaccination,2103,296493.2207,277551.9614,317130.2299
tanzania,No vaccination,2104,296883.7222,277861.4339,317603.7130
tanzania,No vaccination,2105,297220.5297,278133.8087,317984.4520
tanzania,No vaccination,2106,297459.7119,278344.6795,318306.6157
tanzania,No vaccination,2107,297669.6065,278490.1413,318552.6317
tanzania,No vaccination,2108,297840.4509,278615.1018,318770.3363
tanzania,No vaccination,2109,297942.9576,278691.2496,318927.5132
tanzania,No vaccination,2110,298021.0579,278740.0623,319034.9011
tanzania,No vaccination,2111,298079.6331,278778.1362,319132.5264
tanzania,No vaccination,2112,298123.5645,278797.6613,319192.0779
tanzania,No vaccination,2113,298143.0896,278807.4238,319241.8669
tanzania,No vaccination,2114,298152.8521,278807.4238,319271.1545
tanzania,No vaccination,2115,298152.8521,278807.4238,319290.6796
tanzania,No vaccination,2116,298152.8521,278807.4238,319290.6796
tanzania,No vaccination,2117,298152.8521,278807.4238,319290.6796
tanzania,No vaccination,2118,298152.8521,278807.4238,319290.6796
tanzania,No vaccination,2119,298152.8521,278807.4238,319290.6796
tanzania,No vaccination,2120,298152.8521,278807.4238,319290.6796
tanzania,No vaccination,2121,298152.8521,278807.4238,319290.6796
tanzania,No vaccination,2122,298152.8521,278807.4238,319290.6796
tanzania,No vaccination,2123,298152.8521,278807.4238,319290.6796
tanzania,No vaccination,2124,298152.8521,278807.4238,319290.6796
tanzania,No vaccination,2125,298152.8521,278807.4238,319290.6796
tanzania,Single dose shipments,2024,0.0000,0.0000,0.0000
tanzania,Single dose shipments,2025,0.0000,0.0000,0.0000
tanzania,Single dose shipments,2026,0.0000,0.0000,0.0000
tanzania,Single dose shipments,2027,0.0000,0.0000,0.0000
tanzania,Single dose shipments,2028,0.0000,0.0000,9.7625
tanzania,Single dose shipments,2029,0.0000,0.0000,19.5251
tanzania,Single dose shipments,2030,0.0000,0.0000,39.0502
tanzania,Single dose shipments,2031,9.7625,0.0000,49.7889
tanzania,Single dose shipments,2032,19.5251,0.0000,80.0528
tanzania,Single dose shipments,2033,29.2876,0.0000,121.0555
tanzania,Single dose shipments,2034,48.8127,8.7863,189.3932
tanzania,Single dose shipments,2035,92.7441,37.0976,258.7073
tanzania,Single dose shipments,2036,175.7257,75.1715,385.6202
tanzania,Single dose shipments,2037,283.1136,143.5093,551.5834
tanzania,Single dose shipments,2038,424.6704,231.3721,834.6970
tanzania,Single dose shipments,2039,629.6837,377.8102,1092.4280
tanzania,Single dose shipments,2040,888.3910,562.3222,1414.5917
tanzania,Single dose shipments,2041,1220.3172,796.6231,1836.3333
tanzania,Single dose shipments,2042,1659.6314,1175.4096,2374.2492
tanzania,Single dose shipments,2043,2186.8085,1603.9850,3009.7904
tanzania,Single dose shipments,2044,2801.8483,2060.8717,3786.8885
tanzania,Single dose shipments,2045,3582.8515,2713.9855,4709.4485
tanzania,Single dose shipments,2046,4500.5302,3551.6114,5807.7342
tanzania,Single dose shipments,2047,5579.2908,4447.8125,7021.2179
tanzania,Single dose shipments,2048,6911.8775,5588.0771,8508.0527
tanzania,Single dose shipments,2049,8464.1214,6865.9936,10188.1859
tanzania,Single dose shipments,2050,10153.0409,8426.0476,12151.4328
tanzania,Single dose shipments,2051,12056.7361,10201.8536,14273.8090
tanzania,Single dose shipments,2052,14243.5447,12132.8840,16628.5330
tanzania,Single dose shipments,2053,16708.5851,14348.9802,19324.9450
tanzania,Single dose shipments,2054,19329.8257,16817.9256,22288.8498
tanzania,Single dose shipments,2055,22322.0418,19499.6936,25515.3662
tanzania,Single dose shipments,2056,25621.7770,22564.1523,29174.3621
tanzania,Single dose shipments,2057,29336.4190,25766.2624,33161.3785
tanzania,Single dose shipments,2058,33280.4807,29561.9333,37499.8471
tanzania,Single dose shipments,2059,37698.0259,33610.4534,42148.7653
tanzania,Single dose shipments,2060,42384.0415,37908.8953,47167.6847
tanzania,Single dose shipments,2061,47387.3408,42545.1219,52725.4981
tanzania,Single dose shipments,2062,52654.2295,47494.7270,58327.2431
tanzania,Single dose shipments,2063,58570.3293,52763.5683,64451.2858
tanzania,Single dose shipments,2064,64481.5479,58312.5954,70792.0576
tanzania,Single dose shipments,2065,70573.3741,63934.8418,77436.4454
tanzania,Single dose shipments,2066,77099.6348,69886.0869,84133.5511
tanzania,Single dose shipments,2067,83679.5896,76101.8977,91242.6374
tanzania,Single dose shipments,2068,90479.2023,82511.9838,98468.8746
tanzania,Single dose shipments,2069,97273.9338,88859.5894,105681.4441
tanzania,Single dose shipments,2070,103995.4459,95235.5064,112918.4202
tanzania,Single dose shipments,2071,110902.4470,101637.7824,120280.3559
tanzania,Single dose shipments,2072,117736.2287,108060.5598,127379.6796
tanzania,Single dose shipments,2073,124462.6221,114411.0942,134538.5551
tanzania,Single dose shipments,2074,131013.2892,120610.3087,141440.6748
tanzania,Single dose shipments,2075,137549.3125,126938.3891,148177.8071
tanzania,Single dose shipments,2076,143953.5410,133039.0016,154971.5623
tanzania,Single dose shipments,2077,150099.0613,138727.6335,161408.9835
tanzania,Single dose shipments,2078,156049.3302,144290.3282,167571.1002
tanzania,Single dose shipments,2079,161736.0096,149550.3832,173518.4403
tanzania,Single dose shipments,2080,167163.9808,154692.3109,179221.7161
tanzania,Single dose shipments,2081,172523.6140,159640.9398,184753.1705
tanzania,Single dose shipments,2082,177463.4565,164396.2697,189998.5816
tanzania,Single dose shipments,2083,182281.2668,168698.6162,195202.0136
tanzania,Single dose shipments,2084,186742.7435,172988.2717,200029.5866
tanzania,Single dose shipments,2085,190989.4439,176955.7639,204510.5884
tanzania,Single dose shipments,2086,194992.0803,180772.9128,208680.1648
tanzania,Single dose shipments,2087,198604.2162,184286.4472,212498.2897
tanzania,Single dose shipments,2088,201972.2890,187429.0059,216177.7867
tanzania,Single dose shipments,2089,205213.4492,190492.4884,219754.7773
tanzania,Single dose shipments,2090,208225.1903,193323.6230,222940.2911
tanzania,Single dose shipments,2091,210958.6998,195771.0909,225858.3121
tanzania,Single dose shipments,2092,213506.7216,198063.3349,228603.5367
tanzania,Single dose shipments,2093,215830.2055,200188.6395,231071.5058
tanzania,Single dose shipments,2094,217890.1015,202071.8336,233269.0532
tanzania,Single dose shipments,2095,219744.9842,203750.0143,235245.9673
tanzania,Single dose shipments,2096,221365.5659,205272.9706,237004.2009
tanzania,Single dose shipments,2097,222844.5907,206590.9135,238751.6956
tanzania,Single dose shipments,2098,224113.7209,207768.2758,240196.5516
tanzania,Single dose shipments,2099,225221.7692,208797.2475,241456.8955
tanzania,Single dose shipments,2100,226193.1419,209633.8971,242511.2498
tanzania,Single dose shipments,2101,227008.3139,210400.2564,243502.1475
tanzania,Single dose shipments,2102,227711.2166,211005.5338,244362.2272
tanzania,Single dose shipments,2103,228316.4940,211551.2596,245047.5574
tanzania,Single dose shipments,2104,228804.6209,211949.5711,245596.2120
tanzania,Single dose shipments,2105,229170.7160,212259.0436,246097.0302
tanzania,Single dose shipments,2106,229473.3547,212472.8432,246449.4578
tanzania,Single dose shipments,2107,229717.4181,212685.6665,246793.0991
tanzania,Single dose shipments,2108,229917.5502,212857.4872,247056.6877
tanzania,Single dose shipments,2109,230039.5819,212953.1600,247224.6033
tanzania,Single dose shipments,2110,230146.9698,213036.1416,247362.2551
tanzania,Single dose shipments,2111,230229.9514,213083.9780,247470.6193
tanzania,Single dose shipments,2112,230288.5266,213103.5031,247548.7196
tanzania,Single dose shipments,2113,230312.9330,213113.2656,247587.7697
tanzania,Single dose shipments,2114,230332.4580,213113.2656,247617.0573
tanzania,Single dose shipments,2115,230332.4580,213113.2656,247626.8199
tanzania,Single dose shipments,2116,230332.4580,213113.2656,247626.8199
tanzania,Single dose shipments,2117,230332.4580,213113.2656,247626.8199
tanzania,Single dose shipments,2118,230332.4580,213113.2656,247626.8199
tanzania,Single dose shipments,2119,230332.4580,213113.2656,247626.8199
tanzania,Single dose shipments,2120,230332.4580,213113.2656,247626.8199
tanzania,Single dose shipments,2121,230332.4580,213113.2656,247626.8199
tanzania,Single dose shipments,2122,230332.4580,213113.2656,247626.8199
tanzania,Single dose shipments,2123,230332.4580,213113.2656,247626.8199
tanzania,Single dose shipments,2124,230332.4580,213113.2656,247626.8199
tanzania,Single dose shipments,2125,230332.4580,213113.2656,247626.8199
tanzania,Single dose actual,2024,0.0000,0.0000,0.0000
tanzania,Single dose actual,2025,0.0000,0.0000,0.0000
tanzania,Single dose actual,2026,0.0000,0.0000,0.0000
tanzania,Single dose actual,2027,0.0000,0.0000,0.0000
tanzania,Single dose actual,2028,0.0000,0.0000,0.0000
tanzania,Single dose actual,2029,0.0000,0.0000,0.9763
tanzania,Single dose actual,2030,0.0000,0.0000,10.7388
tanzania,Single dose actual,2031,0.0000,0.0000,20.5013
tanzania,Single dose actual,2032,4.8813,0.0000,40.0264
tanzania,Single dose actual,2033,14.6438,0.0000,59.5515
tanzania,Single dose actual,2034,34.1689,0.0000,89.8153
tanzania,Single dose actual,2035,53.6940,0.0000,150.3431
tanzania,Single dose actual,2036,92.7441,9.7625,208.9183
tanzania,Single dose actual,2037,156.2006,48.8127,296.7812
tanzania,Single dose actual,2038,234.3009,96.6491,407.0978
tanzania,Single dose actual,2039,346.5701,169.8682,582.8235
tanzania,Single dose actual,2040,483.2456,276.2798,787.8368
tanzania,Single dose actual,2041,663.8526,403.1928,1041.6628
tanzania,Single dose actual,2042,937.2036,568.1797,1363.8265
tanzania,Single dose actual,2043,1239.8423,819.0769,1765.0668
tanzania,Single dose actual,2044,1630.3438,1102.1905,2226.8348
tanzania,Single dose actual,2045,2074.5393,1481.9532,2727.6530
tanzania,Single dose actual,2046,2621.2414,1976.9139,3393.4582
tanzania,Single dose actual,2047,3285.0940,2540.2123,4155.9124
tanzania,Single dose actual,2048,4022.1656,3170.8723,5018.9209
tanzania,Single dose actual,2049,4847.1002,3921.6115,5991.2698
tanzania,Single dose actual,2050,5877.0481,4863.6966,7123.7244
tanzania,Single dose actual,2051,7048.5529,5945.3860,8368.4483
tanzania,Single dose actual,2052,8381.1396,7133.4871,9921.6685
tanzania,Single dose actual,2053,9894.3334,8468.0263,11650.6144
tanzania,Single dose actual,2054,11568.6091,9979.2675,13491.8295
tanzania,Single dose actual,2055,13423.4918,11675.0209,15575.1556
tanzania,Single dose actual,2056,15566.3690,13616.7901,17924.9984
tanzania,Single dose actual,2057,17865.4466,15794.8126,20417.3739
tanzania,Single dose actual,2058,20389.0621,18095.8424,23166.5034
tanzania,Single dose actual,2059,23273.8906,20738.5606,26192.8883
tanzania,Single dose actual,2060,26295.3942,23645.8428,29438.9298
tanzania,Single dose actual,2061,29682.9920,26893.8368,33012.9917
tanzania,Single dose actual,2062,33231.6714,30275.5771,36900.4305
tanzania,Single dose actual,2063,37092.7514,33905.2856,41071.9600
tanzania,Single dose actual,2064,41227.1825,37773.1990,45487.5528
tanzania,Single dose actual,2065,45634.9648,41885.1768,50013.4627
tanzania,Single dose actual,2066,50194.0670,46199.2384,54867.3945
tanzania,Single dose actual,2067,55065.5715,50726.1241,59975.1533
tanzania,Single dose actual,2068,60073.7521,55454.1189,65126.8437
tanzania,Single dose actual,2069,65408.9788,60319.7659,70749.0901
tanzania,Single dose actual,2070,70617.2921,65412.8808,76385.0041
tanzania,Single dose actual,2071,76142.8890,70626.0754,82145.8790
tanzania,Single dose actual,2072,81614.7918,75681.1163,87887.2288
tanzania,Single dose actual,2073,87233.1332,80716.6320,93656.8901
tanzania,Single dose actual,2074,92831.9494,86068.4551,99446.0765
tanzania,Single dose actual,2075,98430.7656,91406.6106,105231.3579
tanzania,Single dose actual,2076,103922.1935,96630.5441,111042.9982
tanzania,Single dose actual,2077,109467.3156,101860.3350,116918.0952
tanzania,Single dose actual,2078,114948.9809,107007.1441,122837.1239
tanzania,Single dose actual,2079,120176.8194,111936.2478,128392.0085
tanzania,Single dose actual,2080,125424.1830,116915.1406,133837.5523
tanzania,Single dose actual,2081,130378.6694,121654.8504,139137.6338
tanzania,Single dose actual,2082,135259.9365,126257.8843,144234.6538
tanzania,Single dose actual,2083,139897.1392,130645.1656,149179.3776
tanzania,Single dose actual,2084,144314.6841,134855.7443,153789.2452
tanzania,Single dose actual,2085,148556.5035,138881.8108,158271.2231
tanzania,Single dose actual,2086,152676.2907,142821.9672,162687.7920
tanzania,Single dose actual,2087,156610.5899,146480.9629,166794.8878
tanzania,Single dose actual,2088,160188.5567,149860.7507,170701.8522
tanzania,Single dose actual,2089,163629.8484,153032.5970,174438.9480
tanzania,Single dose actual,2090,166871.0085,156063.8631,177841.1896
tanzania,Single dose actual,2091,169887.6309,158773.9426,181035.4897
tanzania,Single dose actual,2092,172518.6340,161271.1994,183962.2970
tanzania,Single dose actual,2093,175071.5370,163613.2321,186689.9490
tanzania,Single dose actual,2094,177380.3772,165720.9644,189181.3482
tanzania,Single dose actual,2095,179454.9170,167590.4909,191421.8508
tanzania,Single dose actual,2096,181314.6809,169267.6953,193435.8627
tanzania,Single dose actual,2097,182964.5501,170850.2031,195193.1200
tanzania,Single dose actual,2098,184419.1686,172125.1909,196806.8679
tanzania,Single dose actual,2099,185707.8239,173313.2920,198240.0088
tanzania,Single dose actual,2100,186806.1096,174288.5696,199434.9437
tanzania,Single dose actual,2101,187762.8385,175113.5042,200469.7729
tanzania,Single dose actual,2102,188553.6041,175844.7183,201358.1640
tanzania,Single dose actual,2103,189188.1691,176408.0168,202060.0905
tanzania,Single dose actual,2104,189739.7525,176905.9062,202689.7742
tanzania,Single dose actual,2105,190183.9479,177247.5950,203247.2151
tanzania,Single dose actual,2106,190535.3993,177529.7323,203677.7430
tanzania,Single dose actual,2107,190823.3942,177744.5082,204009.6693
tanzania,Single dose actual,2108,191023.5262,177880.2075,204283.9966
tanzania,Single dose actual,2109,191189.4893,178016.8830,204489.0099
tanzania,Single dose actual,2110,191311.5211,178084.2445,204645.2105
tanzania,Single dose actual,2111,191374.9776,178132.0809,204743.8122
tanzania,Single dose actual,2112,191428.6715,178160.3923,204821.9125
tanzania,Single dose actual,2113,191457.9591,178178.9411,204860.9626
tanzania,Single dose actual,2114,191477.4842,178188.7037,204891.2265
tanzania,Single dose actual,2115,191482.3655,178188.7037,204910.7516
tanzania,Single dose actual,2116,191482.3655,178188.7037,204910.7516
tanzania,Single dose actual,2117,191482.3655,178188.7037,204910.7516
tanzania,Single dose actual,2118,191482.3655,178188.7037,204910.7516
tanzania,Single dose actual,2119,191482.3655,178188.7037,204910.7516
tanzania,Single dose actual,2120,191482.3655,178188.7037,204910.7516
tanzania,Single dose actual,2121,191482.3655,178188.7037,204910.7516
tanzania,Single dose actual,2122,191482.3655,178188.7037,204910.7516
tanzania,Single dose actual,2123,191482.3655,178188.7037,204910.7516
tanzania,Single dose actual,2124,191482.3655,178188.7037,204910.7516
tanzania,Single dose actual,2125,191482.3655,178188.7037,204910.7516
tanzania,Double dose,2024,0.0000,0.0000,0.0000
tanzania,Double dose,2025,0.0000,0.0000,0.0000
tanzania,Double dose,2026,0.0000,0.0000,0.0000
tanzania,Double dose,2027,0.0000,0.0000,0.0000
tanzania,Double dose,2028,0.0000,0.0000,0.9763
tanzania,Double dose,2029,0.0000,0.0000,10.7388
tanzania,Double dose,2030,0.0000,0.0000,20.5013
tanzania,Double dose,2031,9.7625,0.0000,40.0264
tanzania,Double dose,2032,19.5251,0.0000,69.3140
tanzania,Double dose,2033,53.6940,0.0000,137.6518
tanzania,Double dose,2034,102.5066,18.5488,205.9895
tanzania,Double dose,2035,175.7257,56.6227,305.5674
tanzania,Double dose,2036,273.3511,124.9605,433.4567
tanzania,Double dose,2037,419.7891,221.6096,651.1613
tanzania,Double dose,2038,619.9212,358.2851,915.7260
tanzania,Double dose,2039,888.3910,550.6071,1248.6286
tanzania,Double dose,2040,1254.4861,864.9609,1689.8953
tanzania,Double dose,2041,1732.8504,1280.8449,2286.3863
tanzania,Double dose,2042,2343.0091,1844.1434,3042.9831
tanzania,Double dose,2043,3060.5557,2486.5184,3952.8517
tanzania,Double dose,2044,3948.9467,3246.0439,4977.9184
tanzania,Double dose,2045,5047.2324,4249.6330,6271.4549
tanzania,Double dose,2046,6394.4630,5448.4729,7867.6302
tanzania,Double dose,2047,7995.5195,6860.1362,9636.6025
tanzania,Double dose,2048,9713.7267,8439.7152,11648.6619
tanzania,Double dose,2049,11817.5537,10288.7404,13986.7896
tanzania,Double dose,2050,14248.4253,12440.4039,16643.1753
tanzania,Double dose,2051,16874.5471,14894.7056,19515.3125
tanzania,Double dose,2052,19837.4757,17586.2363,22655.9188
tanzania,Double dose,2053,23239.7173,20618.4787,26444.7568
tanzania,Double dose,2054,26881.1408,24141.7761,30535.2561
tanzania,Double dose,2055,30908.1841,27849.5846,34872.7485
tanzania,Double dose,2056,35428.2364,32065.0452,39687.6303
tanzania,Double dose,2057,40299.7410,36565.5721,45193.7021
tanzania,Double dose,2058,45722.8309,41684.0697,50802.2809
tanzania,Double dose,2059,51336.2910,46888.4780,56750.5972
tanzania,Double dose,2060,57350.0166,52563.4422,63059.1525
tanzania,Double dose,2061,63807.9392,58501.9960,69904.6494
tanzania,Double dose,2062,70617.3145,64970.6575,77203.1293
tanzania,Double dose,2063,77743.9735,71773.1990,84892.1125
tanzania,Double dose,2064,85246.4907,78698.7489,92618.1894
tanzania,Double dose,2065,92919.8531,85770.7375,100697.6722
tanzania,Double dose,2066,100554.1653,92930.5892,108858.1857
tanzania,Double dose,2067,108466.7103,100320.8374,117057.7498
tanzania,Double dose,2068,116359.7284,107617.3645,125253.4089
tanzania,Double dose,2069,124233.2213,115082.7847,133415.8733
tanzania,Double dose,2070,132116.4770,122537.4661,141640.8182
tanzania,Double dose,2071,139906.9897,129766.6321,149753.4894
tanzania,Double dose,2072,147443.6764,136746.8524,157671.8919
tanzania,Double dose,2073,154916.9065,143655.8059,165652.7744
tanzania,Double dose,2074,162111.9034,150359.7455,173222.6530
tanzania,Double dose,2075,169209.2746,157122.2604,180451.8189
tanzania,Double dose,2076,175798.9920,163474.7473,187307.0783
tanzania,Double dose,2077,182266.6773,169584.1461,194252.1534
tanzania,Double dose,2078,188343.8596,175498.2934,200737.4113
tanzania,Double dose,2079,194245.3156,181007.2940,206805.8073
tanzania,Double dose,2080,199902.7072,186179.4858,212666.2604
tanzania,Double dose,2081,204979.2258,191065.6341,218093.2554
tanzania,Double dose,2082,209938.5935,195749.6974,223375.7642
tanzania,Double dose,2083,214653.8968,200033.4952,228297.0579
tanzania,Double dose,2084,219056.7980,204254.8129,232925.4743
tanzania,Double dose,2085,223181.4662,208108.0830,237261.9906
tanzania,Double dose,2086,226998.6147,211730.9580,241274.3895
tanzania,Double dose,2087,230625.3941,215028.7408,245066.1554
tanzania,Double dose,2088,233983.7044,218010.2181,248658.7660
tanzania,Double dose,2089,236995.4455,220877.4740,251988.7650
tanzania,Double dose,2090,239865.6302,223472.3559,255054.1999
tanzania,Double dose,2091,242462.4645,225966.6839,257768.1844
tanzania,Double dose,2092,244766.4233,228054.8909,260414.8076
tanzania,Double dose,2093,246865.3694,229943.9426,262799.7954
tanzania,Double dose,2094,248764.1836,231709.9862,264892.8838
tanzania,Double dose,2095,250521.4409,233336.4254,266769.2440
tanzania,Double dose,2096,252068.8035,234741.2550,268426.9234
tanzania,Double dose,2097,253425.7966,235989.8838,269871.7794
tanzania,Double dose,2098,254636.3515,237074.5020,271184.8410
tanzania,Double dose,2099,255646.7744,237991.2044,272271.4117
tanzania,Double dose,2100,256520.5216,238742.9199,273247.6656
tanzania,Double dose,2101,257272.2371,239404.8200,274138.9855
tanzania,Double dose,2102,257901.9208,239969.0947,274900.4635
tanzania,Double dose,2103,258448.6229,240465.0316,275574.0786
tanzania,Double dose,2104,258912.3434,240825.2692,276082.7068
tanzania,Double dose,2105,259273.5573,241135.7179,276514.2110
tanzania,Double dose,2106,259542.0271,241370.0188,276816.8497
tanzania,Double dose,2107,259747.0404,241539.8870,277100.9395
tanzania,Double dose,2108,259917.8848,241666.8000,277315.7153
tanzania,Double dose,2109,260054.5604,241754.6628,277503.1561
tanzania,Double dose,2110,260152.1858,241831.7869,277631.0453
tanzania,Double dose,2111,260210.7610,241861.0745,277719.8844
tanzania,Double dose,2112,260254.6924,241879.6233,277789.1984
tanzania,Double dose,2113,260283.9800,241898.1721,277829.2248
tanzania,Double dose,2114,260293.7426,241898.1721,277849.7262
tanzania,Double dose,2115,260293.7426,241898.1721,277859.4887
tanzania,Double dose,2116,260293.7426,241898.1721,277859.4887
tanzania,Double dose,2117,260293.7426,241898.1721,277859.4887
tanzania,Double dose,2118,260293.7426,241898.1721,277859.4887
tanzania,Double dose,2119,260293.7426,241898.1721,277859.4887
tanzania,Double dose,2120,260293.7426,241898.1721,277859.4887
tanzania,Double dose,2121,260293.7426,241898.1721,277859.4887
tanzania,Double dose,2122,260293.7426,241898.1721,277859.4887
tanzania,Double dose,2123,260293.7426,241898.1721,277859.4887
tanzania,Double dose,2124,260293.7426,241898.1721,277859.4887
tanzania,Double dose,2125,260293.7426,241898.1721,277859.4887
togo,No vaccination,2024,0.0000,0.0000,0.0000
togo,No vaccination,2025,0.0000,0.0000,0.0000
togo,No vaccination,2026,0.0000,0.0000,0.0000
togo,No vaccination,2027,0.0000,0.0000,0.0000
togo,No vaccination,2028,0.0000,0.0000,0.1658
togo,No vaccination,2029,0.0000,0.0000,1.9901
togo,No vaccination,2030,0.0000,0.0000,3.6484
togo,No vaccination,2031,1.6584,0.0000,6.9652
togo,No vaccination,2032,3.3168,0.0000,10.2820
togo,No vaccination,2033,7.4627,0.0000,20.2323
togo,No vaccination,2034,12.4379,3.1509,32.0068
togo,No vaccination,2035,19.9006,6.4677,46.9323
togo,No vaccination,2036,29.0217,11.2770,63.6820
togo,No vaccination,2037,40.6304,17.9106,82.0901
togo,No vaccination,2038,57.2143,29.1876,103.8149
togo,No vaccination,2039,77.1149,42.1230,132.3391
togo,No vaccination,2040,103.6491,55.2242,170.6478
togo,No vaccination,2041,136.8168,76.4515,215.4242
togo,No vaccination,2042,173.3012,97.8447,265.5075
togo,No vaccination,2043,216.4193,125.8714,318.5758
togo,No vaccination,2044,261.1957,162.1901,380.9311
togo,No vaccination,2045,318.4099,206.1373,451.0807
togo,No vaccination,2046,376.4534,252.4062,524.2155
togo,No vaccination,2047,437.8137,298.6752,617.2509
togo,No vaccination,2048,518.2453,353.2360,710.4521
togo,No vaccination,2049,592.8727,408.7919,798.5124
togo,No vaccination,2050,678.2795,478.9416,903.8198
togo,No vaccination,2051,769.4906,552.9056,1013.4390
togo,No vaccination,2052,862.3602,630.5180,1133.0086
togo,No vaccination,2053,962.6925,716.9198,1262.3626
togo,No vaccination,2054,1067.1707,803.9851,1390.7216
togo,No vaccination,2055,1174.1365,898.3472,1525.5483
togo,No vaccination,2056,1296.0278,1004.4838,1674.9688
togo,No vaccination,2057,1412.9440,1095.5291,1824.3893
togo,No vaccination,2058,1538.9812,1201.4999,1980.1116
togo,No vaccination,2059,1669.9936,1292.0477,2137.1607
togo,No vaccination,2060,1801.8352,1391.0533,2301.8383
togo,No vaccination,2061,1934.5060,1504.9843,2462.8675
togo,No vaccination,2062,2061.3724,1624.0564,2621.5749
togo,No vaccination,2063,2191.5556,1736.4948,2783.1016
togo,No vaccination,2064,2334.1767,1850.5917,2948.2768
togo,No vaccination,2065,2470.9935,1966.6787,3115.9395
togo,No vaccination,2066,2613.6146,2092.3842,3288.5774
togo,No vaccination,2067,2751.2605,2199.5159,3444.1339
togo,No vaccination,2068,2891.3941,2318.9196,3618.2643
togo,No vaccination,2069,3038.1611,2437.3283,3784.1028
togo,No vaccination,2070,3170.0027,2553.4152,3938.6643
togo,No vaccination,2071,3294.3816,2655.9034,4082.2805
togo,No vaccination,2072,3427.0524,2764.8593,4238.0028
togo,No vaccination,2073,3551.4312,2870.6642,4388.9158
togo,No vaccination,2074,3672.4933,2973.1524,4548.1208
togo,No vaccination,2075,3791.0678,3071.8263,4702.3506
togo,No vaccination,2076,3909.6423,3159.5549,4837.6748
togo,No vaccination,2077,4020.7541,3250.6002,4969.0189
togo,No vaccination,2078,4121.0864,3335.0120,5085.2717
togo,No vaccination,2079,4221.4187,3412.7902,5204.8412
togo,No vaccination,2080,4319.2634,3494.0511,5322.9182
togo,No vaccination,2081,4406.3286,3570.1710,5433.3666
togo,No vaccination,2082,4488.4187,3640.9840,5534.6940
togo,No vaccination,2083,4564.7044,3704.0026,5623.5834
togo,No vaccination,2084,4646.7944,3771.9964,5716.4529
togo,No vaccination,2085,4704.0087,3820.7530,5791.0803
togo,No vaccination,2086,4765.3690,3869.8412,5860.7324
togo,No vaccination,2087,4821.7540,3915.9443,5927.2337
togo,No vaccination,2088,4876.4808,3950.6045,5990.4181
togo,No vaccination,2089,4922.9155,3988.5815,6053.6026
togo,No vaccination,2090,4961.8876,4018.4325,6105.1784
togo,No vaccination,2091,4996.7137,4049.4443,6153.4374
togo,No vaccination,2092,5028.2230,4074.3200,6198.3796
togo,No vaccination,2093,5054.7572,4092.5623,6234.8641
togo,No vaccination,2094,5076.3162,4109.1461,6266.3734
togo,No vaccination,2095,5094.5584,4122.0815,6296.2243
togo,No vaccination,2096,5110.3130,4133.5244,6319.7734
togo,No vaccination,2097,5122.7509,4143.4747,6341.4983
togo,No vaccination,2098,5134.3596,4148.2840,6363.0573
togo,No vaccination,2099,5143.4807,4153.2592,6376.4902
togo,No vaccination,2100,5151.7727,4158.2343,6388.0989
togo,No vaccination,2101,5158.4062,4161.3852,6398.0492
togo,No vaccination,2102,5162.5522,4163.0436,6404.8486
togo,No vaccination,2103,5166.6981,4164.7020,6411.6479
togo,No vaccination,2104,5169.1857,4164.7020,6416.6231
togo,No vaccination,2105,5170.8441,4164.7020,6419.9399
togo,No vaccination,2106,5172.5025,4164.7020,6423.4225
togo,No vaccination,2107,5172.5025,4164.7020,6426.7392
togo,No vaccination,2108,5172.5025,4164.7020,6426.7392
togo,No vaccination,2109,5172.5025,4164.7020,6426.7392
togo,No vaccination,2110,5172.5025,4164.7020,6426.9051
togo,No vaccination,2111,5172.5025,4164.7020,6426.9051
togo,No vaccination,2112,5172.5025,4164.7020,6426.9051
togo,No vaccination,2113,5172.5025,4164.7020,6426.9051
togo,No vaccination,2114,5172.5025,4164.7020,6426.9051
togo,No vaccination,2115,5172.5025,4164.7020,6426.9051
togo,No vaccination,2116,5172.5025,4164.7020,6426.9051
togo,No vaccination,2117,5172.5025,4164.7020,6426.9051
togo,No vaccination,2118,5172.5025,4164.7020,6426.9051
togo,No vaccination,2119,5172.5025,4164.7020,6426.9051
togo,No vaccination,2120,5172.5025,4164.7020,6426.9051
togo,No vaccination,2121,5172.5025,4164.7020,6426.9051
togo,No vaccination,2122,5172.5025,4164.7020,6426.9051
togo,No vaccination,2123,5172.5025,4164.7020,6426.9051
togo,No vaccination,2124,5172.5025,4164.7020,6426.9051
togo,No vaccination,2125,5172.5025,4164.7020,6426.9051
togo,Single dose shipments,2024,0.0000,0.0000,0.0000
togo,Single dose shipments,2025,0.0000,0.0000,0.0000
togo,Single dose shipments,2026,0.0000,0.0000,0.0000
togo,Single dose shipments,2027,0.0000,0.0000,0.0000
togo,Single dose shipments,2028,0.0000,0.0000,0.1658
togo,Single dose shipments,2029,0.0000,0.0000,0.3317
togo,Single dose shipments,2030,0.0000,0.0000,1.9901
togo,Single dose shipments,2031,0.0000,0.0000,5.3068
togo,Single dose shipments,2032,1.6584,0.0000,8.6236
togo,Single dose shipments,2033,3.3168,0.0000,12.1062
togo,Single dose shipments,2034,4.9752,0.0000,15.4230
togo,Single dose shipments,2035,7.4627,0.0000,20.5640
togo,Single dose shipments,2036,10.7795,1.4925,25.7050
togo,Single dose shipments,2037,14.0963,1.4925,35.6553
togo,Single dose shipments,2038,19.0714,4.6435,45.6056
togo,Single dose shipments,2039,24.0466,6.3019,53.8975
togo,Single dose shipments,2040,29.0217,9.4528,62.3553
togo,Single dose shipments,2041,33.9969,11.1112,72.4714
togo,Single dose shipments,2042,41.4596,12.7696,84.4118
togo,Single dose shipments,2043,50.5807,17.5789,100.9956
togo,Single dose shipments,2044,59.7019,20.8957,114.5944
togo,Single dose shipments,2045,69.6522,24.0466,134.4950
togo,Single dose shipments,2046,82.9193,28.8559,151.0789
togo,Single dose shipments,2047,94.5279,32.0068,171.3112
togo,Single dose shipments,2048,106.1366,38.6404,192.8702
togo,Single dose shipments,2049,117.7453,41.9571,207.7956
togo,Single dose shipments,2050,130.1832,48.4248,226.2037
togo,Single dose shipments,2051,140.9627,53.4000,246.2702
togo,Single dose shipments,2052,153.4006,61.6919,272.8043
togo,Single dose shipments,2053,167.4969,68.1596,291.2124
togo,Single dose shipments,2054,180.7640,74.7932,316.2540
togo,Single dose shipments,2055,196.5186,83.0851,335.3255
togo,Single dose shipments,2056,212.2733,91.2112,355.2261
togo,Single dose shipments,2057,227.1987,99.5031,376.9509
togo,Single dose shipments,2058,243.7826,107.7950,395.3590
togo,Single dose shipments,2059,257.8789,114.2627,420.5664
togo,Single dose shipments,2060,274.4627,125.7056,443.9497
togo,Single dose shipments,2061,290.2174,132.1733,468.8255
togo,Single dose shipments,2062,303.4845,138.8068,495.6913
togo,Single dose shipments,2063,319.2391,148.5913,525.5422
togo,Single dose shipments,2064,331.6770,155.2248,547.5987
togo,Single dose shipments,2065,345.7733,161.8584,566.0068
togo,Single dose shipments,2066,360.6987,170.1503,587.7317
togo,Single dose shipments,2067,376.4534,178.4422,616.0900
togo,Single dose shipments,2068,391.3789,186.7342,640.3025
togo,Single dose shipments,2069,407.1335,196.5186,664.0174
togo,Single dose shipments,2070,422.0590,204.4789,684.0838
togo,Single dose shipments,2071,437.8136,210.9466,707.4671
togo,Single dose shipments,2072,454.3975,219.2385,729.3577
togo,Single dose shipments,2073,466.8354,224.2137,749.5900
togo,Single dose shipments,2074,480.1025,232.3397,769.9882
togo,Single dose shipments,2075,491.7112,238.9733,788.2304
togo,Single dose shipments,2076,503.3199,245.6068,806.4726
togo,Single dose shipments,2077,516.5869,252.2404,829.8559
togo,Single dose shipments,2078,526.5372,257.2155,848.2640
togo,Single dose shipments,2079,536.4876,262.0248,868.1646
togo,Single dose shipments,2080,546.4379,265.3416,883.0900
togo,Single dose shipments,2081,554.7298,268.6584,896.5230
togo,Single dose shipments,2082,563.0217,273.3019,909.7900
togo,Single dose shipments,2083,570.4844,277.9453,923.0571
togo,Single dose shipments,2084,577.1180,279.6037,934.8316
togo,Single dose shipments,2085,582.0931,281.2621,943.6211
togo,Single dose shipments,2086,588.7267,282.9205,955.3956
togo,Single dose shipments,2087,593.7018,284.5789,965.6776
togo,Single dose shipments,2088,597.0186,286.2373,977.4521
togo,Single dose shipments,2089,600.3354,286.2373,982.7590
togo,Single dose shipments,2090,603.6521,286.2373,989.3925
togo,Single dose shipments,2091,606.9689,286.2373,996.1919
togo,Single dose shipments,2092,610.2857,286.2373,1001.3329
togo,Single dose shipments,2093,611.9441,286.2373,1004.8155
togo,Single dose shipments,2094,613.6025,286.2373,1009.7907
togo,Single dose shipments,2095,615.2608,286.2373,1011.6149
togo,Single dose shipments,2096,616.9192,286.2373,1015.0975
togo,Single dose shipments,2097,618.5776,286.2373,1018.4143
togo,Single dose shipments,2098,619.4068,286.2373,1020.2385
togo,Single dose shipments,2099,619.4068,286.2373,1023.5552
togo,Single dose shipments,2100,619.4068,286.2373,1025.2136
togo,Single dose shipments,2101,619.4068,286.2373,1026.8720
togo,Single dose shipments,2102,619.4068,286.2373,1026.8720
togo,Single dose shipments,2103,619.4068,286.2373,1027.0379
togo,Single dose shipments,2104,619.4068,286.2373,1027.0379
togo,Single dose shipments,2105,619.4068,286.2373,1027.0379
togo,Single dose shipments,2106,619.4068,286.2373,1027.0379
togo,Single dose shipments,2107,619.4068,286.2373,1028.6962
togo,Single dose shipments,2108,619.4068,286.2373,1028.6962
togo,Single dose shipments,2109,619.4068,286.2373,1028.6962
togo,Single dose shipments,2110,619.4068,286.2373,1028.6962
togo,Single dose shipments,2111,619.4068,286.2373,1028.6962
togo,Single dose shipments,2112,619.4068,286.2373,1028.6962
togo,Single dose shipments,2113,619.4068,286.2373,1028.6962
togo,Single dose shipments,2114,619.4068,286.2373,1028.6962
togo,Single dose shipments,2115,619.4068,286.2373,1028.6962
togo,Single dose shipments,2116,619.4068,286.2373,1028.6962
togo,Single dose shipments,2117,619.4068,286.2373,1028.6962
togo,Single dose shipments,2118,619.4068,286.2373,1028.6962
togo,Single dose shipments,2119,619.4068,286.2373,1028.6962
togo,Single dose shipments,2120,619.4068,286.2373,1028.6962
togo,Single dose shipments,2121,619.4068,286.2373,1028.6962
togo,Single dose shipments,2122,619.4068,286.2373,1028.6962
togo,Single dose shipments,2123,619.4068,286.2373,1028.6962
togo,Single dose shipments,2124,619.4068,286.2373,1028.6962
togo,Single dose shipments,2125,619.4068,286.2373,1028.6962
togo,Single dose actual,2024,0.0000,0.0000,0.0000
togo,Single dose actual,2025,0.0000,0.0000,0.0000
togo,Single dose actual,2026,0.0000,0.0000,0.0000
togo,Single dose actual,2027,0.0000,0.0000,0.0000
togo,Single dose actual,2028,0.0000,0.0000,0.1658
togo,Single dose actual,2029,0.0000,0.0000,1.8242
togo,Single dose actual,2030,0.0000,0.0000,3.6484
togo,Single dose actual,2031,1.6584,0.0000,7.1311
togo,Single dose actual,2032,3.3168,0.0000,10.4478
togo,Single dose actual,2033,5.8043,0.0000,15.4230
togo,Single dose actual,2034,8.2919,0.0000,22.0565
togo,Single dose actual,2035,11.6087,1.6584,27.0317
togo,Single dose actual,2036,16.5839,4.8093,38.6404
togo,Single dose actual,2037,26.5342,9.6186,52.2391
togo,Single dose actual,2038,34.8261,14.5938,68.8230
togo,Single dose actual,2039,48.0932,21.2273,87.0652
togo,Single dose actual,2040,63.0186,31.1776,105.9708
togo,Single dose actual,2041,79.6025,44.1130,127.6956
togo,Single dose actual,2042,92.8696,52.4050,151.0789
togo,Single dose actual,2043,110.2826,60.6969,183.0857
togo,Single dose actual,2044,131.8416,75.1248,224.7112
togo,Single dose actual,2045,155.0590,91.7087,260.0348
togo,Single dose actual,2046,182.4224,108.2925,303.1528
togo,Single dose actual,2047,212.2733,123.0522,346.2708
togo,Single dose actual,2048,242.1242,140.9627,386.2379
togo,Single dose actual,2049,277.7795,162.3559,437.8137
togo,Single dose actual,2050,313.4348,185.5733,481.0975
togo,Single dose actual,2051,349.9192,211.9416,527.6981
togo,Single dose actual,2052,390.5497,239.9683,580.7665
togo,Single dose actual,2053,432.0093,267.8292,638.8099
togo,Single dose actual,2054,468.4938,299.0068,692.5416
togo,Single dose actual,2055,514.0994,330.3503,750.7509
togo,Single dose actual,2056,559.7050,360.2012,809.7894
togo,Single dose actual,2057,603.6522,394.6956,867.9987
togo,Single dose actual,2058,650.9161,424.2149,927.7006
togo,Single dose actual,2059,698.1801,460.6994,990.2217
togo,Single dose actual,2060,744.6149,497.0180,1063.3565
togo,Single dose actual,2061,792.7081,526.8689,1133.1745
togo,Single dose actual,2062,844.9472,564.8460,1210.1236
togo,Single dose actual,2063,891.3820,597.5161,1275.1323
togo,Single dose actual,2064,940.3043,628.8596,1342.1310
togo,Single dose actual,2065,992.5435,661.8615,1411.9490
togo,Single dose actual,2066,1040.6366,697.8484,1475.4652
togo,Single dose actual,2067,1087.0714,734.1671,1546.7757
togo,Single dose actual,2068,1136.8230,768.4956,1610.9552
togo,Single dose actual,2069,1186.5745,800.0050,1677.7882
togo,Single dose actual,2070,1234.6677,831.3484,1742.6310
togo,Single dose actual,2071,1277.7857,861.1994,1819.4142
togo,Single dose actual,2072,1320.9037,895.6938,1874.6385
togo,Single dose actual,2073,1364.0217,928.5298,1931.1894
togo,Single dose actual,2074,1410.4565,959.2099,1982.7652
togo,Single dose actual,2075,1449.4286,988.8950,2034.3409
togo,Single dose actual,2076,1485.0838,1015.0975,2092.7161
togo,Single dose actual,2077,1521.5683,1044.6168,2142.6335
togo,Single dose actual,2078,1558.0528,1067.8341,2191.2242
togo,Single dose actual,2079,1589.5621,1092.2124,2237.8248
togo,Single dose actual,2080,1620.2422,1112.1130,2281.4403
togo,Single dose actual,2081,1650.0932,1132.0137,2324.7242
togo,Single dose actual,2082,1674.9689,1150.2559,2359.8819
togo,Single dose actual,2083,1699.0155,1165.0155,2394.7080
togo,Single dose actual,2084,1723.8913,1179.7751,2428.0416
togo,Single dose actual,2085,1745.4503,1194.5348,2458.0583
togo,Single dose actual,2086,1763.6925,1205.8118,2481.7732
togo,Single dose actual,2087,1781.1056,1215.7621,2503.6639
togo,Single dose actual,2088,1797.6894,1224.0540,2530.1981
togo,Single dose actual,2089,1810.9565,1230.5217,2556.7322
togo,Single dose actual,2090,1822.5652,1236.9894,2578.2913
togo,Single dose actual,2091,1830.8571,1241.9646,2598.5235
togo,Single dose actual,2092,1840.8074,1246.9397,2615.1074
togo,Single dose actual,2093,1849.0994,1251.9149,2630.0329
togo,Single dose actual,2094,1856.5621,1255.2317,2639.9832
togo,Single dose actual,2095,1863.1956,1256.8900,2653.2503
togo,Single dose actual,2096,1868.1708,1260.0410,2663.3664
togo,Single dose actual,2097,1873.1460,1261.6994,2670.1658
togo,Single dose actual,2098,1876.4627,1261.6994,2675.3068
togo,Single dose actual,2099,1879.7795,1261.6994,2680.4478
togo,Single dose actual,2100,1883.0963,1263.1919,2683.9304
togo,Single dose actual,2101,1884.7546,1263.1919,2687.2471
togo,Single dose actual,2102,1886.4130,1263.1919,2690.5639
togo,Single dose actual,2103,1888.0714,1263.1919,2692.2223
togo,Single dose actual,2104,1888.0714,1263.1919,2695.5391
togo,Single dose actual,2105,1888.0714,1263.1919,2697.1975
togo,Single dose actual,2106,1888.0714,1263.1919,2697.1975
togo,Single dose actual,2107,1888.0714,1263.1919,2697.1975
togo,Single dose actual,2108,1888.0714,1263.1919,2698.8558
togo,Single dose actual,2109,1888.0714,1263.1919,2698.8558
togo,Single dose actual,2110,1888.0714,1263.1919,2698.8558
togo,Single dose actual,2111,1888.0714,1263.1919,2698.8558
togo,Single dose actual,2112,1888.0714,1263.1919,2698.8558
togo,Single dose actual,2113,1888.0714,1263.1919,2698.8558
togo,Single dose actual,2114,1888.0714,1263.1919,2698.8558
togo,Single dose actual,2115,1888.0714,1263.1919,2698.8558
togo,Single dose actual,2116,1888.0714,1263.1919,2698.8558
togo,Single dose actual,2117,1888.0714,1263.1919,2698.8558
togo,Single dose actual,2118,1888.0714,1263.1919,2698.8558
togo,Single dose actual,2119,1888.0714,1263.1919,2698.8558
togo,Single dose actual,2120,1888.0714,1263.1919,2698.8558
togo,Single dose actual,2121,1888.0714,1263.1919,2698.8558
togo,Single dose actual,2122,1888.0714,1263.1919,2698.8558
togo,Single dose actual,2123,1888.0714,1263.1919,2698.8558
togo,Single dose actual,2124,1888.0714,1263.1919,2698.8558
togo,Single dose actual,2125,1888.0714,1263.1919,2698.8558
togo,Double dose,2024,0.0000,0.0000,0.0000
togo,Double dose,2025,0.0000,0.0000,0.0000
togo,Double dose,2026,0.0000,0.0000,0.0000
togo,Double dose,2027,0.0000,0.0000,0.0000
togo,Double dose,2028,0.0000,0.0000,0.0000
togo,Double dose,2029,0.0000,0.0000,1.6584
togo,Double dose,2030,0.0000,0.0000,3.3168
togo,Double dose,2031,0.8292,0.0000,6.6335
togo,Double dose,2032,2.4876,0.0000,9.9503
togo,Double dose,2033,4.1460,0.0000,13.2671
togo,Double dose,2034,7.4627,1.6584,20.0665
togo,Double dose,2035,11.6087,1.6584,28.3584
togo,Double dose,2036,17.4130,4.8093,38.6404
togo,Double dose,2037,25.7050,8.1261,50.4149
togo,Double dose,2038,33.9969,11.4429,62.1894
togo,Double dose,2039,44.7764,19.7348,79.1050
togo,Double dose,2040,58.8727,27.8609,99.1714
togo,Double dose,2041,75.4565,40.9621,120.7304
togo,Double dose,2042,95.3571,55.8876,148.9230
togo,Double dose,2043,116.0870,73.6323,175.7888
togo,Double dose,2044,140.9627,93.3671,207.2981
togo,Double dose,2045,169.9845,113.1019,245.4410
togo,Double dose,2046,199.0062,134.4950,281.9255
togo,Double dose,2047,232.1739,157.5466,323.3851
togo,Double dose,2048,266.1708,184.0807,369.9857
togo,Double dose,2049,298.5093,212.2733,418.2447
togo,Double dose,2050,336.6522,243.4509,465.0112
togo,Double dose,2051,381.4286,276.4528,524.7130
togo,Double dose,2052,426.2050,310.7814,577.7814
togo,Double dose,2053,474.2981,348.4267,637.9807
togo,Double dose,2054,526.5373,387.7304,696.6876
togo,Double dose,2055,577.9472,425.7074,761.6963
togo,Double dose,2056,629.3571,463.8503,820.7348
togo,Double dose,2057,681.5963,508.4609,889.3919
togo,Double dose,2058,737.1522,552.9056,956.0590
togo,Double dose,2059,787.7329,595.6919,1017.7509
togo,Double dose,2060,844.1180,639.6391,1086.2422
togo,Double dose,2061,902.1615,689.2248,1152.5776
togo,Double dose,2062,961.0342,725.3776,1221.2348
togo,Double dose,2063,1017.4192,773.3050,1294.3695
togo,Double dose,2064,1081.2671,822.5590,1366.3434
togo,Double dose,2065,1138.4814,865.0137,1435.0006
togo,Double dose,2066,1194.0373,906.4733,1509.7937
togo,Double dose,2067,1248.7640,947.7671,1583.4260
togo,Double dose,2068,1307.6366,991.7143,1668.0037
togo,Double dose,2069,1361.5342,1033.1739,1735.9975
togo,Double dose,2070,1417.9192,1076.1261,1804.4888
togo,Double dose,2071,1470.9876,1112.4447,1869.4975
togo,Double dose,2072,1526.5435,1152.0801,1942.4664
togo,Double dose,2073,1577.9534,1187.9012,2007.3092
togo,Double dose,2074,1626.8758,1230.1901,2070.6596
togo,Double dose,2075,1681.6025,1264.8503,2128.8689
togo,Double dose,2076,1730.5248,1301.3348,2185.4198
togo,Double dose,2077,1775.3012,1332.5124,2250.2627
togo,Double dose,2078,1815.9317,1360.0416,2296.8633
togo,Double dose,2079,1857.3913,1391.5509,2345.7856
togo,Double dose,2080,1894.7050,1415.9292,2397.5273
togo,Double dose,2081,1929.5310,1445.6143,2439.3186
togo,Double dose,2082,1963.5279,1470.3242,2485.7533
togo,Double dose,2083,1995.0373,1493.2099,2525.5546
togo,Double dose,2084,2024.0590,1514.6031,2565.5217
togo,Double dose,2085,2050.5932,1536.1621,2602.0061
togo,Double dose,2086,2073.8105,1549.4292,2633.6813
togo,Double dose,2087,2095.3695,1565.6814,2667.0148
togo,Double dose,2088,2114.4410,1578.7826,2692.2223
togo,Double dose,2089,2131.8540,1590.3913,2717.2639
togo,Double dose,2090,2147.6087,1600.3416,2738.8229
togo,Double dose,2091,2162.5341,1608.4677,2758.8894
togo,Double dose,2092,2176.6304,1620.0764,2782.1068
togo,Double dose,2093,2186.5807,1625.0515,2797.1981
togo,Double dose,2094,2198.1894,1629.8609,2812.2894
togo,Double dose,2095,2208.1397,1634.8360,2824.0639
togo,Double dose,2096,2213.9441,1637.9869,2834.1800
togo,Double dose,2097,2219.7484,1637.9869,2844.1304
togo,Double dose,2098,2223.0652,1639.4795,2850.9297
togo,Double dose,2099,2226.3820,1639.4795,2859.2217
togo,Double dose,2100,2229.6987,1639.4795,2866.0210
togo,Double dose,2101,2231.3571,1639.4795,2870.9962
togo,Double dose,2102,2233.0155,1639.4795,2874.3130
togo,Double dose,2103,2234.6739,1639.4795,2877.6297
togo,Double dose,2104,2234.6739,1639.4795,2879.4540
togo,Double dose,2105,2234.6739,1639.4795,2881.1123
togo,Double dose,2106,2234.6739,1639.4795,2882.7707
togo,Double dose,2107,2234.6739,1639.4795,2882.9366
togo,Double dose,2108,2234.6739,1639.4795,2884.5950
togo,Double dose,2109,2234.6739,1639.4795,2884.7608
togo,Double dose,2110,2234.6739,1639.4795,2884.7608
togo,Double dose,2111,2234.6739,1639.4795,2884.7608
togo,Double dose,2112,2234.6739,1639.4795,2884.7608
togo,Double dose,2113,2234.6739,1639.4795,2884.7608
togo,Double dose,2114,2234.6739,1639.4795,2884.7608
togo,Double dose,2115,2234.6739,1639.4795,2884.7608
togo,Double dose,2116,2234.6739,1639.4795,2884.7608
togo,Double dose,2117,2234.6739,1639.4795,2884.7608
togo,Double dose,2118,2234.6739,1639.4795,2884.7608
togo,Double dose,2119,2234.6739,1639.4795,2884.7608
togo,Double dose,2120,2234.6739,1639.4795,2884.7608
togo,Double dose,2121,2234.6739,1639.4795,2884.7608
togo,Double dose,2122,2234.6739,1639.4795,2884.7608
togo,Double dose,2123,2234.6739,1639.4795,2884.7608
togo,Double dose,2124,2234.6739,1639.4795,2884.7608
togo,Double dose,2125,2234.6739,1639.4795,2884.7608
zambia,No vaccination,2024,0.0000,0.0000,0.0000
zambia,No vaccination,2025,0.0000,0.0000,0.0000
zambia,No vaccination,2026,0.0000,0.0000,0.3105
zambia,No vaccination,2027,1.5523,0.0000,6.5195
zambia,No vaccination,2028,4.6568,2.7941,18.9375
zambia,No vaccination,2029,13.9703,5.8986,34.7705
zambia,No vaccination,2030,29.4928,11.7971,54.0185
zambia,No vaccination,2031,54.3289,24.2152,94.6876
zambia,No vaccination,2032,88.4785,45.6363,150.8792
zambia,No vaccination,2033,141.2552,73.5769,219.7993
zambia,No vaccination,2034,215.7634,135.6671,307.0360
zambia,No vaccination,2035,312.0033,205.5186,425.0074
zambia,No vaccination,2036,450.1539,310.7615,586.4419
zambia,No vaccination,2037,619.3497,440.2195,785.4411
zambia,No vaccination,2038,830.4564,615.9348,1041.8736
zambia,No vaccination,2039,1103.6533,832.3192,1349.2201
zambia,No vaccination,2040,1415.6566,1101.7906,1719.5880
zambia,No vaccination,2041,1797.5112,1411.3103,2144.5954
zambia,No vaccination,2042,2216.6200,1779.5051,2641.6272
zambia,No vaccination,2043,2714.8937,2207.6169,3185.2267
zambia,No vaccination,2044,3278.3620,2688.1949,3811.7166
zambia,No vaccination,2045,3891.5025,3222.4809,4520.1654
zambia,No vaccination,2046,4582.2556,3798.0568,5273.9401
zambia,No vaccination,2047,5308.7106,4459.0067,6118.9873
zambia,No vaccination,2048,6177.9729,5214.0232,7076.4177
zambia,No vaccination,2049,7087.5939,5946.0663,8098.7325
zambia,No vaccination,2050,8056.2006,6871.5203,9136.5698
zambia,No vaccination,2051,9082.2408,7835.1598,10285.2384
zambia,No vaccination,2052,10218.4915,8852.5072,11494.1349
zambia,No vaccination,2053,11393.5486,9907.4194,12769.4680
zambia,No vaccination,2054,12663.2936,11094.2737,14174.8807
zambia,No vaccination,2055,14018.4130,12361.2247,15628.1030
zambia,No vaccination,2056,15443.3842,13671.9494,17169.8042
zambia,No vaccination,2057,16916.4755,15071.4635,18789.1185
zambia,No vaccination,2058,18457.8662,16457.6281,20536.3391
zambia,No vaccination,2059,20098.6017,17942.5165,22298.1509
zambia,No vaccination,2060,21838.6819,19517.7466,24164.8954
zambia,No vaccination,2061,23631.5390,21193.8736,26071.6882
zambia,No vaccination,2062,25470.9640,22904.4609,28069.7540
zambia,No vaccination,2063,27315.0457,24598.2837,30047.9511
zambia,No vaccination,2064,29235.1882,26394.5558,32102.8294
zambia,No vaccination,2065,31183.2713,28235.5330,34245.2547
zambia,No vaccination,2066,33194.9969,30105.3822,36373.7090
zambia,No vaccination,2067,35223.7967,31991.0641,38526.3787
zambia,No vaccination,2068,37255.7013,33931.3858,40754.7986
zambia,No vaccination,2069,39301.5765,35833.8326,42956.2094
zambia,No vaccination,2070,41316.4065,37773.8440,45055.7916
zambia,No vaccination,2071,43250.5192,39639.6574,47169.0348
zambia,No vaccination,2072,45218.7817,41502.6765,49284.1404
zambia,No vaccination,2073,47142.0286,43326.5788,51257.3702
zambia,No vaccination,2074,49009.3942,45102.0506,53302.9345
zambia,No vaccination,2075,50845.7146,46851.4443,55203.2081
zambia,No vaccination,2076,52616.8400,48483.7976,57124.9025
zambia,No vaccination,2077,54341.3976,50088.2102,58905.3415
zambia,No vaccination,2078,55944.8788,51623.3919,60613.1345
zambia,No vaccination,2079,57478.5083,53052.3990,62250.4550
zambia,No vaccination,2080,58957.8086,54420.5573,63830.6523
zambia,No vaccination,2081,60336.2119,55664.8453,65310.5736
zambia,No vaccination,2082,61643.2112,56878.7090,66670.9706
zambia,No vaccination,2083,62874.1497,58015.8910,67975.4863
zambia,No vaccination,2084,64002.6391,59080.1167,69194.0067
zambia,No vaccination,2085,65050.4110,60069.5236,70330.2573
zambia,No vaccination,2086,66017.4654,60962.0698,71351.9511
zambia,No vaccination,2087,66878.9665,61781.3496,72308.7607
zambia,No vaccination,2088,67665.9594,62537.2974,73143.8735
zambia,No vaccination,2089,68400.1756,63200.4204,73965.0159
zambia,No vaccination,2090,69066.0927,63824.1162,74682.7783
zambia,No vaccination,2091,69659.0539,64365.2321,75305.8532
zambia,No vaccination,2092,70196.1339,64846.4310,75892.9158
zambia,No vaccination,2093,70660.2580,65268.0233,76408.2643
zambia,No vaccination,2094,71063.8442,65627.8360,76862.4540
zambia,No vaccination,2095,71420.8628,65930.5257,77266.6611
zambia,No vaccination,2096,71718.8958,66190.9941,77607.2258
zambia,No vaccination,2097,71964.1521,66417.0024,77902.4647
zambia,No vaccination,2098,72186.1246,66621.2792,78163.5540
zambia,No vaccination,2099,72378.6042,66795.1318,78389.8728
zambia,No vaccination,2100,72543.1433,66938.8706,78573.3493
zambia,No vaccination,2101,72673.5327,67041.0090,78738.5093
zambia,No vaccination,2102,72779.0860,67133.8338,78868.8987
zambia,No vaccination,2103,72864.4600,67204.6166,78975.3834
zambia,No vaccination,2104,72924.9980,67253.9783,79065.4142
zambia,No vaccination,2105,72980.8792,67291.2325,79130.9193
zambia,No vaccination,2106,73018.1333,67318.5522,79186.8005
zambia,No vaccination,2107,73050.7306,67336.8688,79230.2636
zambia,No vaccination,2108,73069.3577,67348.6659,79255.0997
zambia,No vaccination,2109,73084.8803,67357.6690,79277.1417
zambia,No vaccination,2110,73094.1938,67360.7735,79292.6643
zambia,No vaccination,2111,73100.4028,67360.7735,79305.0823
zambia,No vaccination,2112,73103.5073,67360.7735,79314.3959
zambia,No vaccination,2113,73106.6118,67360.7735,79323.7094
zambia,No vaccination,2114,73106.6118,67360.7735,79327.1244
zambia,No vaccination,2115,73106.6118,67360.7735,79330.2289
zambia,No vaccination,2116,73106.6118,67360.7735,79330.2289
zambia,No vaccination,2117,73106.6118,67360.7735,79330.2289
zambia,No vaccination,2118,73106.6118,67360.7735,79330.2289
zambia,No vaccination,2119,73106.6118,67360.7735,79330.2289
zambia,No vaccination,2120,73106.6118,67360.7735,79330.2289
zambia,No vaccination,2121,73106.6118,67360.7735,79330.2289
zambia,No vaccination,2122,73106.6118,67360.7735,79330.2289
zambia,No vaccination,2123,73106.6118,67360.7735,79330.2289
zambia,No vaccination,2124,73106.6118,67360.7735,79330.2289
zambia,No vaccination,2125,73106.6118,67360.7735,79330.2289
zambia,Single dose shipments,2024,0.0000,0.0000,0.0000
zambia,Single dose shipments,2025,0.0000,0.0000,0.0000
zambia,Single dose shipments,2026,0.0000,0.0000,0.0000
zambia,Single dose shipments,2027,0.0000,0.0000,3.1045
zambia,Single dose shipments,2028,3.1045,0.0000,6.2090
zambia,Single dose shipments,2029,6.2090,0.0000,12.7285
zambia,Single dose shipments,2030,10.8658,2.7941,25.4570
zambia,Single dose shipments,2031,17.0748,5.8986,38.1855
zambia,Single dose shipments,2032,26.3883,9.0031,54.3289
zambia,Single dose shipments,2033,38.8064,9.0031,83.2009
zambia,Single dose shipments,2034,58.9857,21.1107,114.5564
zambia,Single dose shipments,2035,86.9263,38.4959,151.8105
zambia,Single dose shipments,2036,124.1804,60.2275,201.7932
zambia,Single dose shipments,2037,164.5390,91.2726,270.4028
zambia,Single dose shipments,2038,215.7634,125.1118,345.2215
zambia,Single dose shipments,2039,282.5104,174.4735,451.0853
zambia,Single dose shipments,2040,360.1232,234.0801,554.4655
zambia,Single dose shipments,2041,450.1539,295.8598,667.1592
zambia,Single dose shipments,2042,555.7073,378.1293,807.4830
zambia,Single dose shipments,2043,675.2309,455.7421,965.1922
zambia,Single dose shipments,2044,818.0384,567.5044,1136.2507
zambia,Single dose shipments,2045,965.5026,663.1233,1310.4137
zambia,Single dose shipments,2046,1136.2507,786.6828,1524.3144
zambia,Single dose shipments,2047,1302.3420,916.7618,1760.5677
zambia,Single dose shipments,2048,1502.5829,1074.1605,2016.6897
zambia,Single dose shipments,2049,1715.2418,1222.2456,2296.4061
zambia,Single dose shipments,2050,1965.1549,1397.0295,2600.9585
zambia,Single dose shipments,2051,2233.6950,1589.8196,2924.1380
zambia,Single dose shipments,2052,2505.3397,1803.4099,3276.1894
zambia,Single dose shipments,2053,2811.1339,2026.3137,3664.2530
zambia,Single dose shipments,2054,3160.3912,2304.4778,4057.9048
zambia,Single dose shipments,2055,3548.4549,2592.8868,4501.8496
zambia,Single dose shipments,2056,3967.5636,2908.9259,4959.1438
zambia,Single dose shipments,2057,4392.8814,3233.6577,5440.6532
zambia,Single dose shipments,2058,4867.8713,3621.4109,5987.0467
zambia,Single dose shipments,2059,5363.0405,4041.7614,6555.7927
zambia,Single dose shipments,2060,5920.2998,4510.2318,7177.0049
zambia,Single dose shipments,2061,6494.6339,4972.4932,7837.3339
zambia,Single dose shipments,2062,7110.8789,5527.5794,8520.9467
zambia,Single dose shipments,2063,7764.3780,6109.6748,9269.7541
zambia,Single dose shipments,2064,8445.8176,6699.2210,10086.5503
zambia,Single dose shipments,2065,9207.9744,7325.0900,10916.6958
zambia,Single dose shipments,2066,9980.9970,7966.7919,11843.3915
zambia,Single dose shipments,2067,10802.1395,8683.6229,12723.8301
zambia,Single dose shipments,2068,11638.8045,9385.2418,13636.5555
zambia,Single dose shipments,2069,12478.5740,10108.5923,14578.4634
zambia,Single dose shipments,2070,13355.5977,10892.1702,15516.6458
zambia,Single dose shipments,2071,14266.7709,11705.2410,16514.1243
zambia,Single dose shipments,2072,15153.1080,12500.3056,17486.7669
zambia,Single dose shipments,2073,16067.3857,13353.1140,18457.2362
zambia,Single dose shipments,2074,16997.1860,14211.2001,19469.6166
zambia,Single dose shipments,2075,17923.8817,15025.5127,20471.4415
zambia,Single dose shipments,2076,18819.5324,15862.7986,21454.0186
zambia,Single dose shipments,2077,19735.3624,16666.5558,22414.5535
zambia,Single dose shipments,2078,20596.8635,17417.2260,23398.9932
zambia,Single dose shipments,2079,21469.2303,18192.4217,24346.4893
zambia,Single dose shipments,2080,22299.6863,18920.7394,25235.3100
zambia,Single dose shipments,2081,23091.3360,19652.7825,26080.9781
zambia,Single dose shipments,2082,23853.4928,20345.7088,26924.7834
zambia,Single dose shipments,2083,24569.0820,20993.3093,27716.7435
zambia,Single dose shipments,2084,25270.7009,21625.6977,28497.2169
zambia,Single dose shipments,2085,25928.8567,22204.6886,29213.7375
zambia,Single dose shipments,2086,26540.4449,22747.0463,29870.6515
zambia,Single dose shipments,2087,27079.0772,23234.4542,30481.6188
zambia,Single dose shipments,2088,27586.6644,23705.7187,31032.3587
zambia,Single dose shipments,2089,28064.7588,24129.1738,31566.0238
zambia,Single dose shipments,2090,28513.3604,24510.7180,32059.9512
zambia,Single dose shipments,2091,28902.9763,24850.3513,32469.7464
zambia,Single dose shipments,2092,29255.3382,25172.2890,32867.1236
zambia,Single dose shipments,2093,29571.9982,25466.9070,33230.3512
zambia,Single dose shipments,2094,29856.0608,25696.3303,33554.1516
zambia,Single dose shipments,2095,30090.4513,25891.6040,33833.5575
zambia,Single dose shipments,2096,30313.9761,26081.9105,34078.8137
zambia,Single dose shipments,2097,30498.6944,26220.3716,34297.0608
zambia,Single dose shipments,2098,30647.7109,26340.5162,34468.1193
zambia,Single dose shipments,2099,30787.4139,26445.1381,34627.6912
zambia,Single dose shipments,2100,30877.4447,26528.9599,34740.3849
zambia,Single dose shipments,2101,30958.1619,26599.7427,34842.8337
zambia,Single dose shipments,2102,31031.1179,26652.5194,34936.5899
zambia,Single dose shipments,2103,31088.5513,26686.6690,35011.4086
zambia,Single dose shipments,2104,31132.0145,26720.8186,35070.7047
zambia,Single dose shipments,2105,31170.8209,26745.3443,35123.4814
zambia,Single dose shipments,2106,31198.7614,26766.7654,35163.8400
zambia,Single dose shipments,2107,31220.4930,26779.1834,35195.5060
zambia,Single dose shipments,2108,31239.1201,26788.4970,35220.6526
zambia,Single dose shipments,2109,31251.5381,26794.3955,35239.5901
zambia,Single dose shipments,2110,31256.1949,26794.3955,35252.3186
zambia,Single dose shipments,2111,31262.4039,26794.3955,35267.8411
zambia,Single dose shipments,2112,31265.5084,26794.3955,35277.1546
zambia,Single dose shipments,2113,31267.0607,26794.3955,35280.2592
zambia,Single dose shipments,2114,31267.0607,26794.3955,35283.3637
zambia,Single dose shipments,2115,31267.0607,26794.3955,35283.6741
zambia,Single dose shipments,2116,31267.0607,26794.3955,35283.6741
zambia,Single dose shipments,2117,31267.0607,26794.3955,35283.6741
zambia,Single dose shipments,2118,31267.0607,26794.3955,35283.6741
zambia,Single dose shipments,2119,31267.0607,26794.3955,35283.6741
zambia,Single dose shipments,2120,31267.0607,26794.3955,35283.6741
zambia,Single dose shipments,2121,31267.0607,26794.3955,35283.6741
zambia,Single dose shipments,2122,31267.0607,26794.3955,35283.6741
zambia,Single dose shipments,2123,31267.0607,26794.3955,35283.6741
zambia,Single dose shipments,2124,31267.0607,26794.3955,35283.6741
zambia,Single dose shipments,2125,31267.0607,26794.3955,35283.6741
zambia,Single dose actual,2024,0.0000,0.0000,0.0000
zambia,Single dose actual,2025,0.0000,0.0000,0.0000
zambia,Single dose actual,2026,0.0000,0.0000,0.0000
zambia,Single dose actual,2027,0.0000,0.0000,3.4150
zambia,Single dose actual,2028,3.1045,0.0000,9.6240
zambia,Single dose actual,2029,9.3135,0.0000,22.0420
zambia,Single dose actual,2030,15.5226,2.7941,34.4601
zambia,Single dose actual,2031,29.4928,8.6926,56.8125
zambia,Single dose actual,2032,48.1199,20.8002,81.6486
zambia,Single dose actual,2033,72.9560,32.9078,126.0431
zambia,Single dose actual,2034,104.0011,54.3289,166.7122
zambia,Single dose actual,2035,155.2255,82.2695,235.3219
zambia,Single dose actual,2036,225.0770,128.8372,322.8690
zambia,Single dose actual,2037,308.8987,187.2020,425.9388
zambia,Single dose actual,2038,395.8250,252.0862,560.0536
zambia,Single dose actual,2039,513.7964,328.4572,705.0342
zambia,Single dose actual,2040,662.8129,447.6703,881.9913
zambia,Single dose actual,2041,835.1132,590.4778,1090.6144
zambia,Single dose actual,2042,1029.1451,745.7033,1330.2826
zambia,Single dose actual,2043,1260.4311,916.1409,1594.1659
zambia,Single dose actual,2044,1499.4784,1095.8921,1880.7122
zambia,Single dose actual,2045,1774.2275,1313.5182,2216.3097
zambia,Single dose actual,2046,2081.5740,1549.1506,2549.1131
zambia,Single dose actual,2047,2419.9656,1800.6159,2926.6215
zambia,Single dose actual,2048,2767.6706,2091.8189,3340.7630
zambia,Single dose actual,2049,3166.6001,2410.3416,3800.5408
zambia,Single dose actual,2050,3582.6043,2776.9842,4257.2141
zambia,Single dose actual,2051,4042.0717,3152.6299,4806.7122
zambia,Single dose actual,2052,4545.0021,3558.3892,5372.6641
zambia,Single dose actual,2053,5066.5596,3986.5010,6003.8107
zambia,Single dose actual,2054,5620.7144,4482.6016,6624.7125
zambia,Single dose actual,2055,6216.7801,4951.6929,7317.3283
zambia,Single dose actual,2056,6881.1449,5481.3221,8063.0313
zambia,Single dose actual,2057,7547.0620,6069.0056,8825.8090
zambia,Single dose actual,2058,8329.3982,6729.9555,9655.9547
zambia,Single dose actual,2059,9139.6748,7404.2548,10542.2919
zambia,Single dose actual,2060,9949.9515,8145.9218,11461.5369
zambia,Single dose actual,2061,10856.4680,8967.0643,12442.8722
zambia,Single dose actual,2062,11797.1340,9767.0961,13481.0199
zambia,Single dose actual,2063,12793.6813,10601.2775,14586.8463
zambia,Single dose actual,2064,13822.8262,11541.6331,15765.9393
zambia,Single dose actual,2065,14893.8819,12473.6065,16922.9901
zambia,Single dose actual,2066,15991.3259,13507.4079,18116.0534
zambia,Single dose actual,2067,17146.2037,14569.1500,19395.1120
zambia,Single dose actual,2068,18299.5292,15639.2743,20631.9491
zambia,Single dose actual,2069,19524.2586,16723.0586,21955.0919
zambia,Single dose actual,2070,20699.3157,17856.5152,23231.9774
zambia,Single dose actual,2071,21934.9110,18957.3742,24574.6787
zambia,Single dose actual,2072,23158.0882,20027.4984,25900.6156
zambia,Single dose actual,2073,24407.6538,21160.6445,27215.6866
zambia,Single dose actual,2074,25605.9948,22301.8623,28542.8653
zambia,Single dose actual,2075,26815.2017,23412.6557,29844.5869
zambia,Single dose actual,2076,28004.2291,24515.3776,31093.8421
zambia,Single dose actual,2077,29165.3159,25594.5050,32327.5747
zambia,Single dose actual,2078,30293.8052,26664.3188,33521.8798
zambia,Single dose actual,2079,31405.2196,27627.3372,34717.1163
zambia,Single dose actual,2080,32468.5140,28589.1140,35844.6742
zambia,Single dose actual,2081,33477.4794,29507.7380,36921.9389
zambia,Single dose actual,2082,34450.7428,30382.2780,37978.4032
zambia,Single dose actual,2083,35340.1844,31217.0803,38929.3141
zambia,Single dose actual,2084,36181.5062,31970.8550,39796.4033
zambia,Single dose actual,2085,36971.6036,32722.1460,40638.3460
zambia,Single dose actual,2086,37702.7153,33404.8275,41412.6104
zambia,Single dose actual,2087,38373.2892,34025.4187,42138.1340
zambia,Single dose actual,2088,38986.4296,34546.9762,42804.0511
zambia,Single dose actual,2089,39537.4799,35079.0891,43434.2664
zambia,Single dose actual,2090,40060.5897,35526.1384,44018.8454
zambia,Single dose actual,2091,40535.5796,35937.4859,44522.7072
zambia,Single dose actual,2092,40929.8523,36303.8180,44970.3774
zambia,Single dose actual,2093,41307.0502,36634.7587,45389.1757
zambia,Single dose actual,2094,41626.8147,36898.0212,45765.4422
zambia,Single dose actual,2095,41917.0863,37155.0746,46082.7231
zambia,Single dose actual,2096,42145.2678,37359.0409,46371.7530
zambia,Single dose actual,2097,42351.7178,37538.1712,46614.2153
zambia,Single dose actual,2098,42525.5703,37680.6682,46821.2861
zambia,Single dose actual,2099,42679.2436,37807.9531,46995.1386
zambia,Single dose actual,2100,42801.8717,37903.5720,47157.1941
zambia,Single dose actual,2101,42902.7683,37974.6653,47281.3745
zambia,Single dose actual,2102,42980.3811,38036.7555,47383.8233
zambia,Single dose actual,2103,43042.4713,38088.9112,47458.6420
zambia,Single dose actual,2104,43092.1434,38125.8549,47521.0426
zambia,Single dose actual,2105,43126.2930,38150.3805,47571.0252
zambia,Single dose actual,2106,43157.3381,38175.2166,47617.5929
zambia,Single dose actual,2107,43185.2787,38190.7392,47655.4679
zambia,Single dose actual,2108,43203.9058,38200.0527,47683.4085
zambia,Single dose actual,2109,43214.7716,38205.9513,47699.2415
zambia,Single dose actual,2110,43220.9806,38208.7453,47708.8655
zambia,Single dose actual,2111,43227.1896,38208.7453,47718.1790
zambia,Single dose actual,2112,43230.2941,38208.7453,47724.3880
zambia,Single dose actual,2113,43231.8464,38208.7453,47727.4925
zambia,Single dose actual,2114,43231.8464,38208.7453,47730.5971
zambia,Single dose actual,2115,43231.8464,38208.7453,47730.5971
zambia,Single dose actual,2116,43231.8464,38208.7453,47730.5971
zambia,Single dose actual,2117,43231.8464,38208.7453,47730.5971
zambia,Single dose actual,2118,43231.8464,38208.7453,47730.5971
zambia,Single dose actual,2119,43231.8464,38208.7453,47730.5971
zambia,Single dose actual,2120,43231.8464,38208.7453,47730.5971
zambia,Single dose actual,2121,43231.8464,38208.7453,47730.5971
zambia,Single dose actual,2122,43231.8464,38208.7453,47730.5971
zambia,Single dose actual,2123,43231.8464,38208.7453,47730.5971
zambia,Single dose actual,2124,43231.8464,38208.7453,47730.5971
zambia,Single dose actual,2125,43231.8464,38208.7453,47730.5971
zambia,Double dose,2024,0.0000,0.0000,0.0000
zambia,Double dose,2025,0.0000,0.0000,0.0000
zambia,Double dose,2026,0.0000,0.0000,0.3105
zambia,Double dose,2027,0.0000,0.0000,6.5195
zambia,Double dose,2028,3.1045,0.0000,12.7285
zambia,Double dose,2029,7.7613,0.0000,25.4570
zambia,Double dose,2030,13.9703,2.7941,37.8750
zambia,Double dose,2031,27.9406,11.7971,62.7111
zambia,Double dose,2032,43.4631,21.1107,87.8576
zambia,Double dose,2033,79.1650,39.7377,137.8402
zambia,Double dose,2034,124.1804,58.0543,199.9304
zambia,Double dose,2035,180.0616,98.1025,274.7491
zambia,Double dose,2036,256.1221,156.4673,370.9889
zambia,Double dose,2037,343.0484,227.5606,495.4798
zambia,Double dose,2038,461.0197,314.1764,627.4215
zambia,Double dose,2039,600.7227,428.4224,821.7638
zambia,Double dose,2040,776.1275,564.0895,1029.7660
zambia,Double dose,2041,968.6071,714.9686,1262.9147
zambia,Double dose,2042,1206.1022,881.3704,1549.4610
zambia,Double dose,2043,1452.9107,1091.2353,1839.4222
zambia,Double dose,2044,1730.7644,1311.6555,2210.1007
zambia,Double dose,2045,2055.1857,1565.9149,2567.1193
zambia,Double dose,2046,2402.8907,1831.6610,2993.3684
zambia,Double dose,2047,2783.1931,2160.1181,3431.4146
zambia,Double dose,2048,3192.9884,2517.7576,3891.5029
zambia,Double dose,2049,3644.6944,2917.9289,4395.0542
zambia,Double dose,2050,4150.7294,3317.4792,4966.5943
zambia,Double dose,2051,4667.6301,3780.6720,5544.0329
zambia,Double dose,2052,5234.2030,4297.2622,6185.7349
zambia,Double dose,2053,5850.4480,4816.0257,6894.1837
zambia,Double dose,2054,6494.6335,5374.5268,7688.0065
zambia,Double dose,2055,7211.7750,5956.6222,8483.0711
zambia,Double dose,2056,7984.7976,6602.3600,9312.9062
zambia,Double dose,2057,8768.6859,7309.5670,10167.5773
zambia,Double dose,2058,9600.6942,8061.7894,11095.8254
zambia,Double dose,2059,10504.1061,8895.3499,12072.5038
zambia,Double dose,2060,11413.7271,9739.1553,13084.5737
zambia,Double dose,2061,12418.0357,10591.0324,14154.3876
zambia,Double dose,2062,13450.2848,11557.4661,15266.1124
zambia,Double dose,2063,14538.4152,12561.4642,16426.8887
zambia,Double dose,2064,15701.0543,13629.4154,17659.0690
zambia,Double dose,2065,16868.3501,14682.7754,18891.8702
zambia,Double dose,2066,18133.4384,15832.9963,20277.4139
zambia,Double dose,2067,19376.7949,16980.1127,21579.7565
zambia,Double dose,2068,20638.7787,18130.9545,22919.6637
zambia,Double dose,2069,21930.2553,19362.8243,24294.0311
zambia,Double dose,2070,23200.0004,20531.3619,25680.5062
zambia,Double dose,2071,24552.0152,21757.9541,27158.2543
zambia,Double dose,2072,25877.6417,23026.7677,28542.5562
zambia,Double dose,2073,27179.9842,24283.1633,29941.1389
zambia,Double dose,2074,28469.9086,25518.7586,31355.2442
zambia,Double dose,2075,29727.2355,26707.7860,32719.3667
zambia,Double dose,2076,30989.2193,27903.9539,34059.5844
zambia,Double dose,2077,32203.0829,29044.8612,35395.1453
zambia,Double dose,2078,33365.7220,30148.8247,36638.5019
zambia,Double dose,2079,34517.4952,31242.8539,37849.5715
zambia,Double dose,2080,35607.1779,32263.6163,39054.1215
zambia,Double dose,2081,36656.5020,33216.7004,40227.6264
zambia,Double dose,2082,37653.0493,34106.7630,41304.8911
zambia,Double dose,2083,38585.9541,34979.1298,42332.1732
zambia,Double dose,2084,39467.6344,35782.8871,43257.6273
zambia,Double dose,2085,40281.0156,36512.1361,44131.5464
zambia,Double dose,2086,41026.0977,37225.2417,44952.3784
zambia,Double dose,2087,41713.7463,37883.0871,45697.7709
zambia,Double dose,2088,42326.8868,38478.2214,46381.6941
zambia,Double dose,2089,42915.1912,39045.7256,47024.9483
zambia,Double dose,2090,43430.5397,39532.8231,47577.2404
zambia,Double dose,2091,43907.0818,39969.9380,48108.1115
zambia,Double dose,2092,44337.0563,40350.2404,48585.5850
zambia,Double dose,2093,44709.5975,40696.0827,48999.7265
zambia,Double dose,2094,45043.3323,40995.6679,49375.6826
zambia,Double dose,2095,45325.8427,41242.1660,49686.7545
zambia,Double dose,2096,45580.4125,41471.5894,49983.2352
zambia,Double dose,2097,45800.8327,41657.5495,50241.8409
zambia,Double dose,2098,45996.4169,41802.5301,50456.6730
zambia,Double dose,2099,46154.7469,41939.1286,50641.0809
zambia,Double dose,2100,46286.6886,42044.6819,50812.1394
zambia,Double dose,2101,46398.4509,42140.6113,50933.2153
zambia,Double dose,2102,46485.3772,42208.9105,51035.6641
zambia,Double dose,2103,46549.0196,42264.7917,51117.0023
zambia,Double dose,2104,46601.7963,42308.2548,51182.5074
zambia,Double dose,2105,46648.3640,42336.1954,51244.9081
zambia,Double dose,2106,46680.9613,42357.9270,51288.9921
zambia,Double dose,2107,46705.7974,42373.1391,51326.8672
zambia,Double dose,2108,46724.4245,42382.1422,51355.1182
zambia,Double dose,2109,46736.8425,42388.0407,51376.8498
zambia,Double dose,2110,46747.7083,42391.1452,51392.6828
zambia,Double dose,2111,46753.9173,42393.9393,51405.1008
zambia,Double dose,2112,46757.0218,42393.9393,51411.3098
zambia,Double dose,2113,46760.1263,42393.9393,51417.5188
zambia,Double dose,2114,46760.1263,42393.9393,51420.6234
zambia,Double dose,2115,46760.1263,42393.9393,51420.9338
zambia,Double dose,2116,46760.1263,42393.9393,51420.9338
zambia,Double dose,2117,46760.1263,42393.9393,51420.9338
zambia,Double dose,2118,46760.1263,42393.9393,51420.9338
zambia,Double dose,2119,46760.1263,42393.9393,51420.9338
zambia,Double dose,2120,46760.1263,42393.9393,51420.9338
zambia,Double dose,2121,46760.1263,42393.9393,51420.9338
zambia,Double dose,2122,46760.1263,42393.9393,51420.9338
zambia,Double dose,2123,46760.1263,42393.9393,51420.9338
zambia,Double dose,2124,46760.1263,42393.9393,51420.9338
zambia,Double dose,2125,46760.1263,42393.9393,51420.9338
