location,scenario,year,cum_med,cum_lb,cum_ub
bangladesh,No vaccination,2024,0.0000,0.0000,0.0000
bangladesh,No vaccination,2025,0.0000,0.0000,0.0000
bangladesh,No vaccination,2026,0.0000,0.0000,0.0000
bangladesh,No vaccination,2027,0.0000,0.0000,0.0000
bangladesh,No vaccination,2028,0.0000,0.0000,0.0000
bangladesh,No vaccination,2029,0.0000,0.0000,0.0000
bangladesh,No vaccination,2030,0.0000,0.0000,0.0000
bangladesh,No vaccination,2031,0.0000,0.0000,0.0000
bangladesh,No vaccination,2032,0.0000,0.0000,51.1125
bangladesh,No vaccination,2033,0.0000,0.0000,102.2250
bangladesh,No vaccination,2034,0.0000,0.0000,153.3374
bangladesh,No vaccination,2035,0.0000,0.0000,204.4499
bangladesh,No vaccination,2036,0.0000,0.0000,316.8974
bangladesh,No vaccination,2037,51.1125,0.0000,475.3460
bangladesh,No vaccination,2038,127.7812,0.0000,628.6835
bangladesh,No vaccination,2039,230.0061,0.0000,833.1334
bangladesh,No vaccination,2040,357.7873,51.1125,1139.8082
bangladesh,No vaccination,2041,613.3497,153.3374,1599.8205
bangladesh,No vaccination,2042,792.2434,250.4511,1962.7191
bangladesh,No vaccination,2043,1201.1432,398.6773,2484.0664
bangladesh,No vaccination,2044,1610.0430,654.2397,3204.7523
bangladesh,No vaccination,2045,2146.7240,1063.1395,3935.6607
bangladesh,No vaccination,2046,2887.8549,1569.1530,4855.6853
bangladesh,No vaccination,2047,3756.7670,2080.2778,5949.4923
bangladesh,No vaccination,2048,4625.6792,2729.4062,7283.5281
bangladesh,No vaccination,2049,5699.0412,3291.6435,8622.6750
bangladesh,No vaccination,2050,7079.0781,4206.5568,10564.9493
bangladesh,No vaccination,2051,8663.5650,5331.0313,12471.4449
bangladesh,No vaccination,2052,10631.3956,6838.8495,14771.5066
bangladesh,No vaccination,2053,12599.2261,8510.2276,17342.4645
bangladesh,No vaccination,2054,14950.4003,10483.1693,20720.9996
bangladesh,No vaccination,2055,17710.4744,12578.7811,23956.4198
bangladesh,No vaccination,2056,20751.6672,15170.1840,27610.9623
bangladesh,No vaccination,2057,23946.1971,17925.1468,31536.4009
bangladesh,No vaccination,2058,27754.0772,21083.8983,35901.4064
bangladesh,No vaccination,2059,31996.4133,24605.5484,40864.4278
bangladesh,No vaccination,2060,36494.3114,28224.3121,46031.8991
bangladesh,No vaccination,2061,41580.0027,32195.7519,52063.1703
bangladesh,No vaccination,2062,46640.1378,36586.3140,58150.6652
bangladesh,No vaccination,2063,52185.8410,41539.1131,64698.1720
bangladesh,No vaccination,2064,57910.4376,46645.2494,71680.1350
bangladesh,No vaccination,2065,63737.2591,51552.0470,79142.5542
bangladesh,No vaccination,2066,69742.9742,56898.4116,86507.8598
bangladesh,No vaccination,2067,76413.1509,62444.1148,93873.1655
bangladesh,No vaccination,2068,82699.9843,68495.8310,100839.7942
bangladesh,No vaccination,2069,89063.4863,74082.4241,108015.9839
bangladesh,No vaccination,2070,95478.1008,79955.2468,115534.6271
bangladesh,No vaccination,2071,101994.9404,85516.2837,122889.7105
bangladesh,No vaccination,2072,108486.2234,91486.2200,130071.0113
bangladesh,No vaccination,2073,114721.9444,96750.8049,137589.6543
bangladesh,No vaccination,2074,120906.5529,102163.6155,144760.7326
bangladesh,No vaccination,2075,127014.4928,107612.2051,151660.9151
bangladesh,No vaccination,2076,133122.4327,112815.4548,158469.0953
bangladesh,No vaccination,2077,138923.6980,118049.3722,165108.6045
bangladesh,No vaccination,2078,144648.2947,123206.6206,171502.7739
bangladesh,No vaccination,2079,149785.0984,127704.5189,177442.0430
bangladesh,No vaccination,2080,154768.5649,132325.0869,183478.4255
bangladesh,No vaccination,2081,159470.9130,136250.5256,188865.6802
bangladesh,No vaccination,2082,164071.0360,140324.1902,194288.7136
bangladesh,No vaccination,2083,168798.9400,144300.7413,199302.8473
bangladesh,No vaccination,2084,173092.3884,147817.2800,204638.9895
bangladesh,No vaccination,2085,177309.1680,151691.6063,209504.8970
bangladesh,No vaccination,2086,181117.0479,154804.3566,213982.3503
bangladesh,No vaccination,2087,184643.8093,157881.3280,218490.4709
bangladesh,No vaccination,2088,188196.1267,160999.1895,222375.0193
bangladesh,No vaccination,2089,191313.9882,163600.8149,225968.2267
bangladesh,No vaccination,2090,194329.6248,166054.2141,229551.2117
bangladesh,No vaccination,2091,197089.6989,168405.3883,232924.6355
bangladesh,No vaccination,2092,199824.2167,170603.2250,235965.8283
bangladesh,No vaccination,2093,202277.6159,172688.6143,238884.3511
bangladesh,No vaccination,2094,204552.1213,174421.3274,241603.5352
bangladesh,No vaccination,2095,206724.4018,176148.9292,244179.6043
bangladesh,No vaccination,2096,208615.5636,177477.8537,246592.1135
bangladesh,No vaccination,2097,210276.7192,178755.6656,248943.2877
bangladesh,No vaccination,2098,211886.7623,179977.2539,250844.6720
bangladesh,No vaccination,2099,213394.5805,181081.2834,252694.9438
bangladesh,No vaccination,2100,214519.0550,181991.0855,254258.9857
bangladesh,No vaccination,2101,215617.9733,182952.0001,255690.1351
bangladesh,No vaccination,2102,216640.2228,183657.3522,257085.5058
bangladesh,No vaccination,2103,217662.4724,184367.8157,258271.3153
bangladesh,No vaccination,2104,218378.0471,184981.1654,259242.4524
bangladesh,No vaccination,2105,219093.6217,185492.2901,260172.6995
bangladesh,No vaccination,2106,219579.1902,185747.8525,261000.7216
bangladesh,No vaccination,2107,219988.0901,186044.3049,261716.2963
bangladesh,No vaccination,2108,220345.8774,186345.8685,262329.6460
bangladesh,No vaccination,2109,220678.1085,186499.2059,262743.6570
bangladesh,No vaccination,2110,220882.5584,186596.3196,263101.4444
bangladesh,No vaccination,2111,220984.7834,186647.4321,263357.0068
bangladesh,No vaccination,2112,221087.0083,186698.5446,263561.4567
bangladesh,No vaccination,2113,221138.1208,186698.5446,263714.7941
bangladesh,No vaccination,2114,221138.1208,186698.5446,263817.0190
bangladesh,No vaccination,2115,221138.1208,186698.5446,263868.1315
bangladesh,No vaccination,2116,221138.1208,186698.5446,263868.1315
bangladesh,No vaccination,2117,221138.1208,186698.5446,263868.1315
bangladesh,No vaccination,2118,221138.1208,186698.5446,263868.1315
bangladesh,No vaccination,2119,221138.1208,186698.5446,263868.1315
bangladesh,No vaccination,2120,221138.1208,186698.5446,263868.1315
bangladesh,No vaccination,2121,221138.1208,186698.5446,263868.1315
bangladesh,No vaccination,2122,221138.1208,186698.5446,263868.1315
bangladesh,No vaccination,2123,221138.1208,186698.5446,263868.1315
bangladesh,No vaccination,2124,221138.1208,186698.5446,263868.1315
bangladesh,No vaccination,2125,221138.1208,186698.5446,263868.1315
bangladesh,Single dose shipments,2024,0.0000,0.0000,0.0000
bangladesh,Single dose shipments,2025,0.0000,0.0000,0.0000
bangladesh,Single dose shipments,2026,0.0000,0.0000,0.0000
bangladesh,Single dose shipments,2027,0.0000,0.0000,0.0000
bangladesh,Single dose shipments,2028,0.0000,0.0000,0.0000
bangladesh,Single dose shipments,2029,0.0000,0.0000,0.0000
bangladesh,Single dose shipments,2030,0.0000,0.0000,0.0000
bangladesh,Single dose shipments,2031,0.0000,0.0000,0.0000
bangladesh,Single dose shipments,2032,0.0000,0.0000,0.0000
bangladesh,Single dose shipments,2033,0.0000,0.0000,51.1125
bangladesh,Single dose shipments,2034,0.0000,0.0000,102.2250
bangladesh,Single dose shipments,2035,51.1125,0.0000,153.3374
bangladesh,Single dose shipments,2036,102.2250,0.0000,255.5624
bangladesh,Single dose shipments,2037,127.7812,0.0000,357.7873
bangladesh,Single dose shipments,2038,178.8937,0.0000,511.1248
bangladesh,Single dose shipments,2039,230.0061,0.0000,613.3497
bangladesh,Single dose shipments,2040,332.2311,46.0012,776.9096
bangladesh,Single dose shipments,2041,460.0123,97.1137,981.3595
bangladesh,Single dose shipments,2042,613.3497,199.3387,1242.0332
bangladesh,Single dose shipments,2043,843.3559,296.4524,1553.8193
bangladesh,Single dose shipments,2044,1098.9182,393.5661,1911.6066
bangladesh,Single dose shipments,2045,1405.5931,638.9060,2284.7277
bangladesh,Single dose shipments,2046,1763.3804,884.2458,2898.0774
bangladesh,Single dose shipments,2047,2121.1678,1037.5833,3368.3122
bangladesh,Single dose shipments,2048,2683.4050,1242.0332,4160.5556
bangladesh,Single dose shipments,2049,3347.8672,1599.8205,4988.5778
bangladesh,Single dose shipments,2050,4012.3294,2054.7216,5857.4899
bangladesh,Single dose shipments,2051,4804.5728,2652.7375,6879.7394
bangladesh,Single dose shipments,2052,5724.5974,3255.8648,8009.3252
bangladesh,Single dose shipments,2053,6823.5157,4017.4407,9389.3622
bangladesh,Single dose shipments,2054,7973.5465,4922.1315,11014.7390
bangladesh,Single dose shipments,2055,9379.1396,5939.2699,12905.9008
bangladesh,Single dose shipments,2056,10861.4016,7114.8569,14899.2876
bangladesh,Single dose shipments,2057,12497.0009,8280.2213,16902.8969
bangladesh,Single dose shipments,2058,14362.6065,9736.9270,19172.2911
bangladesh,Single dose shipments,2059,16253.7683,11352.0814,21799.4727
bangladesh,Single dose shipments,2060,18502.7175,12885.4558,24574.8806
bangladesh,Single dose shipments,2061,20802.7792,14761.2838,27248.0634
bangladesh,Single dose shipments,2062,23358.4034,16836.4506,30345.4799
bangladesh,Single dose shipments,2063,25939.5837,18773.6136,33468.4527
bangladesh,Single dose shipments,2064,28725.2141,20715.8879,36606.7591
bangladesh,Single dose shipments,2065,31638.6256,23010.8384,40097.7418
bangladesh,Single dose shipments,2066,34194.2498,25259.7876,43690.9492
bangladesh,Single dose shipments,2067,36954.3239,27406.5118,47197.2656
bangladesh,Single dose shipments,2068,39816.6230,29497.0124,50790.4732
bangladesh,Single dose shipments,2069,42755.5908,31883.9653,54276.3444
bangladesh,Single dose shipments,2070,45541.2211,34178.9157,57700.8807
bangladesh,Single dose shipments,2071,48582.4139,36453.4212,61288.9770
bangladesh,Single dose shipments,2072,51265.8192,38830.1516,64514.1748
bangladesh,Single dose shipments,2073,54153.6746,41058.6559,68092.0483
bangladesh,Single dose shipments,2074,56964.8611,43404.7188,71307.0236
bangladesh,Single dose shipments,2075,59724.9352,45582.1106,74639.5575
bangladesh,Single dose shipments,2076,62357.2281,47621.4986,78283.8776
bangladesh,Single dose shipments,2077,64861.7398,49553.5504,81273.9579
bangladesh,Single dose shipments,2078,67519.5889,51736.0534,84453.1544
bangladesh,Single dose shipments,2079,70075.2130,53570.9914,87540.3484
bangladesh,Single dose shipments,2080,72528.6122,55508.1545,90591.7636
bangladesh,Single dose shipments,2081,74675.3365,56985.3051,93418.2839
bangladesh,Single dose shipments,2082,76643.1670,58411.3433,95774.5694
bangladesh,Single dose shipments,2083,78534.3288,60082.7214,98089.9648
bangladesh,Single dose shipments,2084,80553.2718,61605.8733,100553.5865
bangladesh,Single dose shipments,2085,82316.6524,62929.6865,102909.8719
bangladesh,Single dose shipments,2086,84028.9205,64100.1623,105107.7087
bangladesh,Single dose shipments,2087,85664.5199,65270.6380,106947.7580
bangladesh,Single dose shipments,2088,87197.8943,66384.8900,108941.1448
bangladesh,Single dose shipments,2089,88552.3750,67299.8033,110689.1916
bangladesh,Single dose shipments,2090,89957.9681,68373.1654,112381.0147
bangladesh,Single dose shipments,2091,91159.1114,69180.7426,114072.8378
bangladesh,Single dose shipments,2092,92385.8109,69998.5422,115509.0985
bangladesh,Single dose shipments,2093,93561.3979,70811.2306,117011.8054
bangladesh,Single dose shipments,2094,94558.0912,71572.8065,118422.5099
bangladesh,Single dose shipments,2095,95324.7783,72227.0462,119444.7594
bangladesh,Single dose shipments,2096,96117.0217,72789.2835,120574.3452
bangladesh,Single dose shipments,2097,96883.7089,73351.5207,121596.5947
bangladesh,Single dose shipments,2098,97599.2835,73806.4217,122669.9568
bangladesh,Single dose shipments,2099,98212.6333,74159.0978,123589.9814
bangladesh,Single dose shipments,2100,98774.8705,74613.9989,124617.3421
bangladesh,Single dose shipments,2101,99311.5515,74971.7862,125343.1393
bangladesh,Single dose shipments,2102,99669.3389,75222.2373,126068.9365
bangladesh,Single dose shipments,2103,100078.2387,75477.7997,126687.3975
bangladesh,Single dose shipments,2104,100436.0260,75677.1384,127198.5222
bangladesh,Single dose shipments,2105,100691.5884,75825.3646,127607.4220
bangladesh,Single dose shipments,2106,100896.0383,75973.5908,127970.3206
bangladesh,Single dose shipments,2107,101100.4882,76075.8157,128230.9943
bangladesh,Single dose shipments,2108,101304.9381,76126.9282,128537.6691
bangladesh,Single dose shipments,2109,101356.0506,76126.9282,128742.1190
bangladesh,Single dose shipments,2110,101432.7193,76178.0407,128849.4552
bangladesh,Single dose shipments,2111,101483.8318,76178.0407,128956.7914
bangladesh,Single dose shipments,2112,101534.9442,76178.0407,129059.0164
bangladesh,Single dose shipments,2113,101534.9442,76178.0407,129110.1289
bangladesh,Single dose shipments,2114,101534.9442,76178.0407,129161.2413
bangladesh,Single dose shipments,2115,101534.9442,76178.0407,129212.3538
bangladesh,Single dose shipments,2116,101534.9442,76178.0407,129212.3538
bangladesh,Single dose shipments,2117,101534.9442,76178.0407,129212.3538
bangladesh,Single dose shipments,2118,101534.9442,76178.0407,129212.3538
bangladesh,Single dose shipments,2119,101534.9442,76178.0407,129212.3538
bangladesh,Single dose shipments,2120,101534.9442,76178.0407,129212.3538
bangladesh,Single dose shipments,2121,101534.9442,76178.0407,129212.3538
bangladesh,Single dose shipments,2122,101534.9442,76178.0407,129212.3538
bangladesh,Single dose shipments,2123,101534.9442,76178.0407,129212.3538
bangladesh,Single dose shipments,2124,101534.9442,76178.0407,129212.3538
bangladesh,Single dose shipments,2125,101534.9442,76178.0407,129212.3538
bangladesh,Single dose actual,2024,0.0000,0.0000,0.0000
bangladesh,Single dose actual,2025,0.0000,0.0000,0.0000
bangladesh,Single dose actual,2026,0.0000,0.0000,0.0000
bangladesh,Single dose actual,2027,0.0000,0.0000,0.0000
bangladesh,Single dose actual,2028,0.0000,0.0000,0.0000
bangladesh,Single dose actual,2029,0.0000,0.0000,0.0000
bangladesh,Single dose actual,2030,0.0000,0.0000,0.0000
bangladesh,Single dose actual,2031,0.0000,0.0000,0.0000
bangladesh,Single dose actual,2032,0.0000,0.0000,51.1125
bangladesh,Single dose actual,2033,0.0000,0.0000,56.2237
bangladesh,Single dose actual,2034,0.0000,0.0000,66.4462
bangladesh,Single dose actual,2035,0.0000,0.0000,117.5587
bangladesh,Single dose actual,2036,25.5562,0.0000,173.7824
bangladesh,Single dose actual,2037,76.6687,0.0000,276.0074
bangladesh,Single dose actual,2038,127.7812,0.0000,383.3436
bangladesh,Single dose actual,2039,178.8937,0.0000,536.6810
bangladesh,Single dose actual,2040,306.6749,0.0000,843.3559
bangladesh,Single dose actual,2041,408.8998,0.0000,1047.8058
bangladesh,Single dose actual,2042,562.2372,51.1125,1303.3681
bangladesh,Single dose actual,2043,741.1309,102.2250,1717.3792
bangladesh,Single dose actual,2044,945.5808,153.3374,2029.1653
bangladesh,Single dose actual,2045,1252.2557,306.6749,2540.2901
bangladesh,Single dose actual,2046,1610.0430,460.0123,3010.5249
bangladesh,Single dose actual,2047,2070.0553,710.4634,3731.2108
bangladesh,Single dose actual,2048,2581.1801,1058.0283,4554.1217
bangladesh,Single dose actual,2049,3296.7547,1512.9293,5325.9201
bangladesh,Single dose actual,2050,4088.9981,2018.9428,6358.3922
bangladesh,Single dose actual,2051,5009.0227,2673.1825,7590.2029
bangladesh,Single dose actual,2052,6082.3848,3429.6472,8980.4624
bangladesh,Single dose actual,2053,7257.9718,4232.1131,10416.7230
bangladesh,Single dose actual,2054,8484.6713,5187.9164,11914.3187
bangladesh,Single dose actual,2055,9813.5957,6251.0559,13713.4780
bangladesh,Single dose actual,2056,11295.8576,7324.4180,15558.6386
bangladesh,Single dose actual,2057,13212.5757,8755.5674,17756.4754
bangladesh,Single dose actual,2058,15154.8500,10370.7218,20291.6545
bangladesh,Single dose actual,2059,17429.3554,12088.1011,23107.9524
bangladesh,Single dose actual,2060,19831.6421,13647.0318,25924.2502
bangladesh,Single dose actual,2061,22336.1538,15599.5285,28817.2167
bangladesh,Single dose actual,2062,24917.3342,17884.2565,32103.7495
bangladesh,Single dose actual,2063,27370.7333,19754.9733,35589.6206
bangladesh,Single dose actual,2064,30207.4762,21942.5875,39090.8256
bangladesh,Single dose actual,2065,32839.7691,24247.7605,42694.2557
bangladesh,Single dose actual,2066,35932.0743,26634.7134,46456.1345
bangladesh,Single dose actual,2067,38973.2670,28679.2127,50008.4520
bangladesh,Single dose actual,2068,42218.9096,31163.2794,53708.9959
bangladesh,Single dose actual,2069,45413.4399,33764.9048,57404.4285
bangladesh,Single dose actual,2070,48607.9701,35850.2940,61099.8610
bangladesh,Single dose actual,2071,51776.9441,38308.8045,64938.4085
bangladesh,Single dose actual,2072,54818.1369,40797.9824,68695.1761
bangladesh,Single dose actual,2073,57961.5546,42939.5954,72227.0488
bangladesh,Single dose actual,2074,61079.4161,45076.0971,75661.8077
bangladesh,Single dose actual,2075,63967.2715,47319.9351,79137.4566
bangladesh,Single dose actual,2076,66727.3456,49195.7632,82362.6543
bangladesh,Single dose actual,2077,69487.4197,51587.8274,85638.9646
bangladesh,Single dose actual,2078,72043.0438,53841.8878,88511.4861
bangladesh,Single dose actual,2079,74470.8867,55625.7134,91537.3452
bangladesh,Single dose actual,2080,76822.0609,57659.9902,94195.1941
bangladesh,Single dose actual,2081,79326.5726,59694.2669,97108.6055
bangladesh,Single dose actual,2082,81601.0780,61631.4300,99781.7884
bangladesh,Single dose actual,2083,83747.8023,63384.5881,102204.5201
bangladesh,Single dose actual,2084,85690.0766,64810.6263,104422.8018
bangladesh,Single dose actual,2085,87606.7946,66226.4420,106671.7510
bangladesh,Single dose actual,2086,89370.1752,67494.0314,108782.6965
bangladesh,Single dose actual,2087,91056.8871,68761.6209,110730.0821
bangladesh,Single dose actual,2088,92743.5989,69865.6504,112830.8051
bangladesh,Single dose actual,2089,94353.6421,71071.9049,114640.1869
bangladesh,Single dose actual,2090,95708.1228,72196.3794,116275.7863
bangladesh,Single dose actual,2091,96934.8223,73259.5190,118013.6106
bangladesh,Single dose actual,2092,98212.6342,74174.4323,119649.2100
bangladesh,Single dose actual,2093,99388.2212,75038.2332,121136.5831
bangladesh,Single dose actual,2094,100436.0270,75896.9228,122388.8389
bangladesh,Single dose actual,2095,101458.2766,76597.1637,123671.7621
bangladesh,Single dose actual,2096,102327.1887,77154.2897,124903.5728
bangladesh,Single dose actual,2097,103068.3196,77655.1920,126043.3811
bangladesh,Single dose actual,2098,103630.5568,78012.9793,127116.7431
bangladesh,Single dose actual,2099,104295.0190,78421.8791,128041.8789
bangladesh,Single dose actual,2100,104933.9250,78825.6677,128961.9035
bangladesh,Single dose actual,2101,105470.6060,79132.3425,129677.4782
bangladesh,Single dose actual,2102,105956.1745,79387.9049,130295.9392
bangladesh,Single dose actual,2103,106441.7431,79689.4685,131016.6251
bangladesh,Single dose actual,2104,106722.8617,79832.5835,131476.6374
bangladesh,Single dose actual,2105,107029.5365,79985.9209,131936.6497
bangladesh,Single dose actual,2106,107285.0989,80134.1471,132396.6620
bangladesh,Single dose actual,2107,107438.4363,80236.3720,132703.3368
bangladesh,Single dose actual,2108,107591.7738,80282.3733,132964.0104
bangladesh,Single dose actual,2109,107719.5550,80282.3733,133219.5728
bangladesh,Single dose actual,2110,107770.6674,80282.3733,133429.1340
bangladesh,Single dose actual,2111,107821.7799,80282.3733,133582.4714
bangladesh,Single dose actual,2112,107821.7799,80282.3733,133689.8076
bangladesh,Single dose actual,2113,107821.7799,80282.3733,133792.0326
bangladesh,Single dose actual,2114,107821.7799,80282.3733,133797.1438
bangladesh,Single dose actual,2115,107821.7799,80282.3733,133802.2551
bangladesh,Single dose actual,2116,107821.7799,80282.3733,133802.2551
bangladesh,Single dose actual,2117,107821.7799,80282.3733,133802.2551
bangladesh,Single dose actual,2118,107821.7799,80282.3733,133802.2551
bangladesh,Single dose actual,2119,107821.7799,80282.3733,133802.2551
bangladesh,Single dose actual,2120,107821.7799,80282.3733,133802.2551
bangladesh,Single dose actual,2121,107821.7799,80282.3733,133802.2551
bangladesh,Single dose actual,2122,107821.7799,80282.3733,133802.2551
bangladesh,Single dose actual,2123,107821.7799,80282.3733,133802.2551
bangladesh,Single dose actual,2124,107821.7799,80282.3733,133802.2551
bangladesh,Single dose actual,2125,107821.7799,80282.3733,133802.2551
bangladesh,Double dose,2024,0.0000,0.0000,0.0000
bangladesh,Double dose,2025,0.0000,0.0000,0.0000
bangladesh,Double dose,2026,0.0000,0.0000,0.0000
bangladesh,Double dose,2027,0.0000,0.0000,0.0000
bangladesh,Double dose,2028,0.0000,0.0000,0.0000
bangladesh,Double dose,2029,0.0000,0.0000,0.0000
bangladesh,Double dose,2030,0.0000,0.0000,0.0000
bangladesh,Double dose,2031,0.0000,0.0000,0.0000
bangladesh,Double dose,2032,0.0000,0.0000,5.1112
bangladesh,Double dose,2033,0.0000,0.0000,10.2225
bangladesh,Double dose,2034,0.0000,0.0000,66.4462
bangladesh,Double dose,2035,25.5562,0.0000,173.7824
bangladesh,Double dose,2036,51.1125,0.0000,276.0074
bangladesh,Double dose,2037,102.2250,0.0000,434.4560
bangladesh,Double dose,2038,178.8937,0.0000,587.7935
bangladesh,Double dose,2039,281.1186,51.1125,792.2434
bangladesh,Double dose,2040,434.4560,97.1137,1104.0295
bangladesh,Double dose,2041,587.7935,148.2262,1410.7043
bangladesh,Double dose,2042,792.2434,199.3387,1819.6042
bangladesh,Double dose,2043,1098.9182,301.5636,2330.7289
bangladesh,Double dose,2044,1456.7056,454.9010,2749.8512
bangladesh,Double dose,2045,1840.0492,710.4634,3419.4247
bangladesh,Double dose,2046,2402.2864,1068.2508,4140.1106
bangladesh,Double dose,2047,2964.5236,1523.1518,5019.2452
bangladesh,Double dose,2048,3756.7670,2034.2766,6317.5022
bangladesh,Double dose,2049,4574.5667,2596.5138,7508.4230
bangladesh,Double dose,2050,5673.4849,3465.4259,8960.0175
bangladesh,Double dose,2051,6925.7406,4472.3417,10544.5043
bangladesh,Double dose,2052,8459.1150,5688.8187,12435.6661
bangladesh,Double dose,2053,10094.7144,7053.5219,14265.4930
bangladesh,Double dose,2054,12088.1012,8525.5613,16882.4521
bangladesh,Double dose,2055,14285.9379,10355.3881,19581.1911
bangladesh,Double dose,2056,16637.1121,12333.4411,22596.8275
bangladesh,Double dose,2057,19192.7363,14469.9429,25724.9115
bangladesh,Double dose,2058,22285.0415,17061.3458,29461.2340
bangladesh,Double dose,2059,25632.9091,19560.7462,33488.8977
bangladesh,Double dose,2060,29083.0017,22601.9390,37838.5698
bangladesh,Double dose,2061,32686.4318,25857.8042,42556.2511
bangladesh,Double dose,2062,36698.7617,29328.3416,47360.8235
bangladesh,Double dose,2063,41119.9911,33141.3328,52277.8436
bangladesh,Double dose,2064,45592.3332,37220.1090,57762.2119
bangladesh,Double dose,2065,49988.0064,41155.7700,62832.5695
bangladesh,Double dose,2066,54715.9103,45024.9848,68899.6195
bangladesh,Double dose,2067,59392.7019,49405.3240,74634.4387
bangladesh,Double dose,2068,64069.4933,53545.4353,80042.1383
bangladesh,Double dose,2069,69206.2970,57777.5486,86093.8543
bangladesh,Double dose,2070,74087.5385,62060.7742,92488.0238
bangladesh,Double dose,2071,78866.5551,66139.5503,98233.0654
bangladesh,Double dose,2072,83492.2345,70208.1040,103574.3188
bangladesh,Double dose,2073,88399.0322,74547.5535,108956.4618
bangladesh,Double dose,2074,93050.2675,78518.9933,114343.7164
bangladesh,Double dose,2075,97573.7218,82342.2070,119761.6385
bangladesh,Double dose,2076,102122.7325,86119.4196,124969.9996
bangladesh,Double dose,2077,106595.0744,89799.5184,130393.0330
bangladesh,Double dose,2078,110837.4103,93627.8433,135110.7147
bangladesh,Double dose,2079,114900.8526,97052.3797,139690.3928
bangladesh,Double dose,2080,118734.2889,100574.0295,144101.4000
bangladesh,Double dose,2081,122542.1689,103840.1172,148343.7358
bangladesh,Double dose,2082,125941.1490,106702.4163,152754.7424
bangladesh,Double dose,2083,129212.3479,109513.6029,156593.2896
bangladesh,Double dose,2084,132406.8782,112115.2282,160273.3879
bangladesh,Double dose,2085,135499.1834,114757.7436,163881.9292
bangladesh,Double dose,2086,138335.9262,116899.3566,167260.4644
bangladesh,Double dose,2087,141044.8878,119097.1934,170184.0985
bangladesh,Double dose,2088,143498.2870,120932.1314,173399.0736
bangladesh,Double dose,2089,145926.1299,123017.5207,176271.5952
bangladesh,Double dose,2090,148532.8665,124995.5737,179287.2318
bangladesh,Double dose,2091,150398.4721,126472.7244,181648.6284
bangladesh,Double dose,2092,152442.9714,128052.1000,183953.8014
bangladesh,Double dose,2093,154359.6894,129631.4756,186212.9731
bangladesh,Double dose,2094,156071.9575,131001.2901,188206.3599
bangladesh,Double dose,2095,157605.3319,132069.5409,190261.0817
bangladesh,Double dose,2096,158985.3689,133183.7929,192106.2422
bangladesh,Double dose,2097,160263.1808,134246.9324,193803.1766
bangladesh,Double dose,2098,161515.4366,135218.0695,195310.9948
bangladesh,Double dose,2099,162512.1299,135984.7567,196813.7017
bangladesh,Double dose,2100,163432.1545,136700.3314,198050.6237
bangladesh,Double dose,2101,164249.9541,137308.5698,199185.3207
bangladesh,Double dose,2102,164863.3038,137865.6958,200110.4566
bangladesh,Double dose,2103,165553.3223,138269.4844,201081.5936
bangladesh,Double dose,2104,166090.0033,138622.1605,201766.5008
bangladesh,Double dose,2105,166575.5718,138928.8353,202446.2968
bangladesh,Double dose,2106,166984.4716,139133.2852,202972.7553
bangladesh,Double dose,2107,167342.2589,139332.6239,203488.9913
bangladesh,Double dose,2108,167546.7088,139429.7376,203851.8899
bangladesh,Double dose,2109,167802.2712,139577.9638,204158.5647
bangladesh,Double dose,2110,167955.6087,139629.0763,204419.2384
bangladesh,Double dose,2111,168057.8336,139675.0775,204628.7995
bangladesh,Double dose,2112,168108.9461,139675.0775,204787.2482
bangladesh,Double dose,2113,168134.5023,139675.0775,204899.6956
bangladesh,Double dose,2114,168134.5023,139675.0775,205001.9206
bangladesh,Double dose,2115,168134.5023,139675.0775,205053.0331
bangladesh,Double dose,2116,168134.5023,139675.0775,205053.0331
bangladesh,Double dose,2117,168134.5023,139675.0775,205053.0331
bangladesh,Double dose,2118,168134.5023,139675.0775,205053.0331
bangladesh,Double dose,2119,168134.5023,139675.0775,205053.0331
bangladesh,Double dose,2120,168134.5023,139675.0775,205053.0331
bangladesh,Double dose,2121,168134.5023,139675.0775,205053.0331
bangladesh,Double dose,2122,168134.5023,139675.0775,205053.0331
bangladesh,Double dose,2123,168134.5023,139675.0775,205053.0331
bangladesh,Double dose,2124,168134.5023,139675.0775,205053.0331
bangladesh,Double dose,2125,168134.5023,139675.0775,205053.0331
burkina faso,No vaccination,2024,0.0000,0.0000,0.0000
burkina faso,No vaccination,2025,0.0000,0.0000,0.0000
burkina faso,No vaccination,2026,0.0000,0.0000,0.0000
burkina faso,No vaccination,2027,0.0000,0.0000,0.0000
burkina faso,No vaccination,2028,0.0000,0.0000,4.7442
burkina faso,No vaccination,2029,0.0000,0.0000,9.4884
burkina faso,No vaccination,2030,0.0000,0.0000,14.2326
burkina faso,No vaccination,2031,0.0000,0.0000,23.7210
burkina faso,No vaccination,2032,7.1163,0.0000,33.2094
burkina faso,No vaccination,2033,14.2326,4.2698,48.3909
burkina faso,No vaccination,2034,28.4652,9.0140,72.5864
burkina faso,No vaccination,2035,52.1863,9.0140,111.0144
burkina faso,No vaccination,2036,87.7678,27.5164,168.4193
burkina faso,No vaccination,2037,128.0936,46.0188,231.0428
burkina faso,No vaccination,2038,182.6519,83.4980,307.4245
burkina faso,No vaccination,2039,249.0708,124.2982,402.7831
burkina faso,No vaccination,2040,334.4665,180.7542,522.3371
burkina faso,No vaccination,2041,434.0948,260.4569,660.3935
burkina faso,No vaccination,2042,562.1884,359.6108,841.6221
burkina faso,No vaccination,2043,704.5146,463.5089,1022.3764
burkina faso,No vaccination,2044,889.5386,589.2304,1279.0380
burkina faso,No vaccination,2045,1098.2837,726.8123,1549.9322
burkina faso,No vaccination,2046,1318.8892,882.8967,1846.9195
burkina faso,No vaccination,2047,1558.4716,1071.2417,2198.4652
burkina faso,No vaccination,2048,1845.4961,1297.5403,2583.6948
burkina faso,No vaccination,2049,2134.8927,1537.5972,2989.7989
burkina faso,No vaccination,2050,2481.2198,1812.2867,3411.0845
burkina faso,No vaccination,2051,2879.7332,2103.5810,3891.1983
burkina faso,No vaccination,2052,3290.1071,2420.9684,4393.1354
burkina faso,No vaccination,2053,3762.1558,2763.0257,4924.9609
burkina faso,No vaccination,2054,4238.9486,3133.5482,5514.1914
burkina faso,No vaccination,2055,4727.6019,3539.1779,6089.1892
burkina faso,No vaccination,2056,5242.3483,3967.1054,6678.4197
burkina faso,No vaccination,2057,5785.5600,4418.2795,7260.5338
burkina faso,No vaccination,2058,6333.5159,4874.6722,7902.4249
burkina faso,No vaccination,2059,6855.3787,5358.1069,8543.8416
burkina faso,No vaccination,2060,7441.2882,5858.6208,9160.5884
burkina faso,No vaccination,2061,8048.5466,6388.5487,9835.6889
burkina faso,No vaccination,2062,8660.5492,6890.4858,10524.5476
burkina faso,No vaccination,2063,9265.4355,7414.2462,11182.5690
burkina faso,No vaccination,2064,9872.6939,7917.1321,11880.4416
burkina faso,No vaccination,2065,10449.1150,8452.7530,12555.0677
burkina faso,No vaccination,2066,11054.0013,8969.8716,13259.5823
burkina faso,No vaccination,2067,11654.1434,9434.8038,13977.8550
burkina faso,No vaccination,2068,12209.2156,9922.5083,14637.2997
burkina faso,No vaccination,2069,12792.7530,10417.3291,15312.8746
burkina faso,No vaccination,2070,13352.5694,10881.7870,15987.9751
burkina faso,No vaccination,2071,13883.9206,11340.0773,16571.9869
burkina faso,No vaccination,2072,14391.5507,11751.4001,17201.5431
burkina faso,No vaccination,2073,14913.4135,12186.9183,17785.0805
burkina faso,No vaccination,2074,15385.4621,12569.3014,18331.6131
burkina faso,No vaccination,2075,15845.6501,12966.8659,18835.9223
burkina faso,No vaccination,2076,16289.2335,13316.9884,19364.4269
burkina faso,No vaccination,2077,16720.9563,13662.8411,19849.7593
burkina faso,No vaccination,2078,17107.6092,13980.7029,20313.2683
burkina faso,No vaccination,2079,17475.2852,14297.1415,20741.1958
burkina faso,No vaccination,2080,17812.1239,14590.8079,21146.8255
burkina faso,No vaccination,2081,18134.7300,14853.1625,21506.4363
burkina faso,No vaccination,2082,18440.7313,15065.2285,21870.7914
burkina faso,No vaccination,2083,18706.4068,15307.1830,22213.3231
burkina faso,No vaccination,2084,18974.4545,15500.2722,22522.1710
burkina faso,No vaccination,2085,19221.1532,15680.0776,22807.2978
burkina faso,No vaccination,2086,19441.7588,15836.1620,23053.9965
burkina faso,No vaccination,2087,19631.5270,15972.7951,23282.6672
burkina faso,No vaccination,2088,19797.5742,16105.1584,23496.6309
burkina faso,No vaccination,2089,19944.6446,16204.7868,23669.7944
burkina faso,No vaccination,2090,20067.9940,16294.4523,23831.5718
burkina faso,No vaccination,2091,20188.9712,16375.1038,23979.5911
burkina faso,No vaccination,2092,20290.9717,16445.7924,24108.6335
burkina faso,No vaccination,2093,20381.1116,16497.9787,24213.9548
burkina faso,No vaccination,2094,20452.2747,16545.4208,24309.3134
burkina faso,No vaccination,2095,20513.9493,16592.8628,24394.7091
burkina faso,No vaccination,2096,20568.5077,16621.3280,24471.5652
burkina faso,No vaccination,2097,20615.9498,16653.5886,24548.4214
burkina faso,No vaccination,2098,20653.9034,16672.5655,24606.7751
burkina faso,No vaccination,2099,20682.3686,16677.3097,24649.4729
burkina faso,No vaccination,2100,20710.8339,16694.8632,24692.1708
burkina faso,No vaccination,2101,20727.4386,16704.3517,24712.0965
burkina faso,No vaccination,2102,20741.6712,16709.0959,24735.8175
burkina faso,No vaccination,2103,20751.1596,16713.8401,24755.2687
burkina faso,No vaccination,2104,20760.6480,16718.1098,24769.5014
burkina faso,No vaccination,2105,20763.0201,16718.1098,24778.9898
burkina faso,No vaccination,2106,20763.0201,16718.1098,24783.7340
burkina faso,No vaccination,2107,20763.0201,16718.1098,24788.4782
burkina faso,No vaccination,2108,20763.0201,16718.1098,24793.2224
burkina faso,No vaccination,2109,20763.0201,16718.1098,24793.2224
burkina faso,No vaccination,2110,20763.0201,16718.1098,24797.9666
burkina faso,No vaccination,2111,20763.0201,16718.1098,24798.4410
burkina faso,No vaccination,2112,20763.0201,16718.1098,24798.4410
burkina faso,No vaccination,2113,20763.0201,16718.1098,24798.4410
burkina faso,No vaccination,2114,20763.0201,16718.1098,24798.4410
burkina faso,No vaccination,2115,20763.0201,16718.1098,24798.4410
burkina faso,No vaccination,2116,20763.0201,16718.1098,24798.4410
burkina faso,No vaccination,2117,20763.0201,16718.1098,24798.4410
burkina faso,No vaccination,2118,20763.0201,16718.1098,24798.4410
burkina faso,No vaccination,2119,20763.0201,16718.1098,24798.4410
burkina faso,No vaccination,2120,20763.0201,16718.1098,24798.4410
burkina faso,No vaccination,2121,20763.0201,16718.1098,24798.4410
burkina faso,No vaccination,2122,20763.0201,16718.1098,24798.4410
burkina faso,No vaccination,2123,20763.0201,16718.1098,24798.4410
burkina faso,No vaccination,2124,20763.0201,16718.1098,24798.4410
burkina faso,No vaccination,2125,20763.0201,16718.1098,24798.4410
burkina faso,Single dose shipments,2024,0.0000,0.0000,0.0000
burkina faso,Single dose shipments,2025,0.0000,0.0000,0.0000
burkina faso,Single dose shipments,2026,0.0000,0.0000,0.0000
burkina faso,Single dose shipments,2027,0.0000,0.0000,0.0000
burkina faso,Single dose shipments,2028,0.0000,0.0000,0.4744
burkina faso,Single dose shipments,2029,0.0000,0.0000,5.2186
burkina faso,Single dose shipments,2030,0.0000,0.0000,9.9628
burkina faso,Single dose shipments,2031,0.0000,0.0000,14.7070
burkina faso,Single dose shipments,2032,4.7442,0.0000,24.6699
burkina faso,Single dose shipments,2033,9.4884,0.0000,38.9025
burkina faso,Single dose shipments,2034,21.3489,4.7442,53.6095
burkina faso,Single dose shipments,2035,35.5815,9.0140,82.0748
burkina faso,Single dose shipments,2036,49.8142,18.0280,115.7586
burkina faso,Single dose shipments,2037,78.2794,37.0048,154.1867
burkina faso,Single dose shipments,2038,116.2330,55.5072,206.8474
burkina faso,Single dose shipments,2039,163.6751,74.4840,278.4849
burkina faso,Single dose shipments,2040,218.2335,102.4748,349.6480
burkina faso,Single dose shipments,2041,279.9082,135.6843,459.2391
burkina faso,Single dose shipments,2042,355.8154,191.1915,569.7791
burkina faso,Single dose shipments,2043,443.5833,247.6476,704.5146
burkina faso,Single dose shipments,2044,540.8395,313.1176,831.1849
burkina faso,Single dose shipments,2045,645.2120,402.7831,1011.9391
burkina faso,Single dose shipments,2046,782.7940,504.3091,1231.5959
burkina faso,Single dose shipments,2047,918.0038,608.2072,1449.8293
burkina faso,Single dose shipments,2048,1079.3068,730.6077,1670.9094
burkina faso,Single dose shipments,2049,1250.0983,847.3152,1899.5801
burkina faso,Single dose shipments,2050,1461.2154,989.1669,2146.7532
burkina faso,Single dose shipments,2051,1688.9373,1140.5071,2422.3916
burkina faso,Single dose shipments,2052,1904.7987,1319.8381,2701.3509
burkina faso,Single dose shipments,2053,2134.8927,1478.2946,2994.5429
burkina faso,Single dose shipments,2054,2367.3588,1671.8582,3300.0698
burkina faso,Single dose shipments,2055,2618.8017,1890.0916,3639.2806
burkina faso,Single dose shipments,2056,2882.1052,2102.6321,3973.2728
burkina faso,Single dose shipments,2057,3159.6412,2318.9679,4386.4932
burkina faso,Single dose shipments,2058,3422.9447,2534.8292,4744.2064
burkina faso,Single dose shipments,2059,3712.3413,2746.8952,5140.3477
burkina faso,Single dose shipments,2060,4018.3426,2974.1427,5511.8191
burkina faso,Single dose shipments,2061,4324.3439,3211.3530,5863.8392
burkina faso,Single dose shipments,2062,4620.8568,3439.0749,6258.5573
burkina faso,Single dose shipments,2063,4929.2302,3666.7968,6619.5914
burkina faso,Single dose shipments,2064,5239.9758,3907.8025,7010.5141
burkina faso,Single dose shipments,2065,5522.2560,4154.0268,7390.0506
burkina faso,Single dose shipments,2066,5814.0247,4386.4929,7748.7127
burkina faso,Single dose shipments,2067,6096.3050,4594.2891,8130.1469
burkina faso,Single dose shipments,2068,6383.3295,4816.3179,8504.4648
burkina faso,Single dose shipments,2069,6644.2609,5022.6909,8851.7407
burkina faso,Single dose shipments,2070,6919.4248,5249.4639,9186.6817
burkina faso,Single dose shipments,2071,7173.2399,5443.0276,9510.2366
burkina faso,Single dose shipments,2072,7436.5433,5646.0796,9828.5729
burkina faso,Single dose shipments,2073,7697.4746,5831.1036,10147.8580
burkina faso,Single dose shipments,2074,7925.1965,6019.4486,10462.8733
burkina faso,Single dose shipments,2075,8162.4069,6188.8167,10738.9861
burkina faso,Single dose shipments,2076,8378.2682,6358.6593,11000.3919
burkina faso,Single dose shipments,2077,8591.7575,6518.5390,11266.5419
burkina faso,Single dose shipments,2078,8786.2699,6660.3908,11507.0731
burkina faso,Single dose shipments,2079,8968.9219,6801.7681,11716.7670
burkina faso,Single dose shipments,2080,9130.2249,6932.7082,11935.9493
burkina faso,Single dose shipments,2081,9289.1558,7045.6203,12145.6432
burkina faso,Single dose shipments,2082,9429.1098,7145.2486,12332.5649
burkina faso,Single dose shipments,2083,9561.9476,7249.1467,12513.3192
burkina faso,Single dose shipments,2084,9680.5528,7329.3238,12669.8780
burkina faso,Single dose shipments,2085,9789.6695,7409.9753,12822.6414
burkina faso,Single dose shipments,2086,9896.4141,7485.8826,12960.6978
burkina faso,Single dose shipments,2087,9986.5540,7555.6224,13090.6891
burkina faso,Single dose shipments,2088,10067.2055,7606.8599,13210.7175
burkina faso,Single dose shipments,2089,10138.3686,7663.3159,13298.9597
burkina faso,Single dose shipments,2090,10204.7875,7706.0138,13393.8438
burkina faso,Single dose shipments,2091,10261.7180,7743.9674,13480.1884
burkina faso,Single dose shipments,2092,10306.7879,7771.9582,13548.0305
burkina faso,Single dose shipments,2093,10349.4858,7800.4235,13609.7052
burkina faso,Single dose shipments,2094,10389.8115,7823.6701,13676.1241
burkina faso,Single dose shipments,2095,10418.2768,7837.4283,13723.5661
burkina faso,Single dose shipments,2096,10437.2536,7846.4423,13762.9430
burkina faso,Single dose shipments,2097,10458.6025,7855.9307,13800.8967
burkina faso,Single dose shipments,2098,10472.8352,7860.6749,13824.6177
burkina faso,Single dose shipments,2099,10484.6957,7865.4191,13848.3387
burkina faso,Single dose shipments,2100,10494.1841,7865.4191,13867.7900
burkina faso,Single dose shipments,2101,10498.9283,7865.4191,13882.4970
burkina faso,Single dose shipments,2102,10503.6725,7865.4191,13896.7296
burkina faso,Single dose shipments,2103,10503.6725,7865.4191,13901.9483
burkina faso,Single dose shipments,2104,10503.6725,7865.4191,13911.9111
burkina faso,Single dose shipments,2105,10503.6725,7865.4191,13921.3995
burkina faso,Single dose shipments,2106,10503.6725,7865.4191,13926.1437
burkina faso,Single dose shipments,2107,10503.6725,7865.4191,13930.8879
burkina faso,Single dose shipments,2108,10503.6725,7865.4191,13931.3624
burkina faso,Single dose shipments,2109,10503.6725,7865.4191,13931.3624
burkina faso,Single dose shipments,2110,10503.6725,7865.4191,13931.3624
burkina faso,Single dose shipments,2111,10503.6725,7865.4191,13931.3624
burkina faso,Single dose shipments,2112,10503.6725,7865.4191,13931.3624
burkina faso,Single dose shipments,2113,10503.6725,7865.4191,13931.3624
burkina faso,Single dose shipments,2114,10503.6725,7865.4191,13931.3624
burkina faso,Single dose shipments,2115,10503.6725,7865.4191,13931.3624
burkina faso,Single dose shipments,2116,10503.6725,7865.4191,13931.3624
burkina faso,Single dose shipments,2117,10503.6725,7865.4191,13931.3624
burkina faso,Single dose shipments,2118,10503.6725,7865.4191,13931.3624
burkina faso,Single dose shipments,2119,10503.6725,7865.4191,13931.3624
burkina faso,Single dose shipments,2120,10503.6725,7865.4191,13931.3624
burkina faso,Single dose shipments,2121,10503.6725,7865.4191,13931.3624
burkina faso,Single dose shipments,2122,10503.6725,7865.4191,13931.3624
burkina faso,Single dose shipments,2123,10503.6725,7865.4191,13931.3624
burkina faso,Single dose shipments,2124,10503.6725,7865.4191,13931.3624
burkina faso,Single dose shipments,2125,10503.6725,7865.4191,13931.3624
burkina faso,Single dose actual,2024,0.0000,0.0000,0.0000
burkina faso,Single dose actual,2025,0.0000,0.0000,0.0000
burkina faso,Single dose actual,2026,0.0000,0.0000,0.0000
burkina faso,Single dose actual,2027,0.0000,0.0000,4.7442
burkina faso,Single dose actual,2028,0.0000,0.0000,9.4884
burkina faso,Single dose actual,2029,0.0000,0.0000,14.2326
burkina faso,Single dose actual,2030,0.0000,0.0000,23.7210
burkina faso,Single dose actual,2031,0.0000,0.0000,33.2094
burkina faso,Single dose actual,2032,4.7442,0.0000,43.6467
burkina faso,Single dose actual,2033,14.2326,4.2698,58.3537
burkina faso,Single dose actual,2034,23.7210,9.0140,82.0748
burkina faso,Single dose actual,2035,45.0700,18.5024,115.2842
burkina faso,Single dose actual,2036,68.7910,31.7862,148.4936
burkina faso,Single dose actual,2037,99.6283,46.0188,196.4101
burkina faso,Single dose actual,2038,139.9541,69.7398,253.3406
burkina faso,Single dose actual,2039,189.7682,93.4609,321.1827
burkina faso,Single dose actual,2040,251.4429,145.6471,407.0529
burkina faso,Single dose actual,2041,332.0944,197.3590,516.1696
burkina faso,Single dose actual,2042,415.1180,244.3266,616.2724
burkina faso,Single dose actual,2043,519.4906,310.2711,758.5985
burkina faso,Single dose actual,2044,640.4678,395.6668,941.2505
burkina faso,Single dose actual,2045,787.5382,509.5277,1108.2465
burkina faso,Single dose actual,2046,946.4691,632.4027,1318.8892
burkina faso,Single dose actual,2047,1114.8884,772.3567,1568.4345
burkina faso,Single dose actual,2048,1297.5403,928.9155,1841.2264
burkina faso,Single dose actual,2049,1520.5180,1103.9767,2117.8136
burkina faso,Single dose actual,2050,1750.6120,1298.0147,2412.9032
burkina faso,Single dose actual,2051,2002.0549,1496.7970,2719.8534
burkina faso,Single dose actual,2052,2284.3352,1743.4957,3111.7249
burkina faso,Single dose actual,2053,2571.3597,1956.0361,3464.2195
burkina faso,Single dose actual,2054,2901.0821,2188.5022,3860.8352
burkina faso,Single dose actual,2055,3226.0602,2437.0986,4267.4137
burkina faso,Single dose actual,2056,3579.5036,2733.6115,4662.6062
burkina faso,Single dose actual,2057,3925.8307,3011.6220,5101.4453
burkina faso,Single dose actual,2058,4257.9252,3276.3487,5531.2705
burkina faso,Single dose actual,2059,4630.3454,3579.0291,5987.6632
burkina faso,Single dose actual,2060,5000.3936,3858.9373,6467.3025
burkina faso,Single dose actual,2061,5363.3254,4189.6085,6909.4626
burkina faso,Single dose actual,2062,5749.9783,4459.5538,7361.1112
burkina faso,Single dose actual,2063,6122.3985,4766.5040,7833.1598
burkina faso,Single dose actual,2064,6520.9119,5082.9426,8317.0689
burkina faso,Single dose actual,2065,6900.4484,5360.4786,8788.6431
burkina faso,Single dose actual,2066,7282.3571,5635.6426,9288.6825
burkina faso,Single dose actual,2067,7650.0331,5938.3230,9772.5917
burkina faso,Single dose actual,2068,8024.8255,6269.4686,10215.7006
burkina faso,Single dose actual,2069,8378.2689,6554.5954,10623.7024
burkina faso,Single dose actual,2070,8724.5960,6858.2246,11082.4673
burkina faso,Single dose actual,2071,9070.9231,7136.7095,11520.3576
burkina faso,Single dose actual,2072,9410.1339,7392.4222,11900.3685
burkina faso,Single dose actual,2073,9725.6236,7629.1581,12324.9751
burkina faso,Single dose actual,2074,10029.2528,7866.3684,12698.3442
burkina faso,Single dose actual,2075,10330.5099,8093.6159,13064.5969
burkina faso,Single dose actual,2076,10615.1623,8328.9285,13415.6683
burkina faso,Single dose actual,2077,10885.5821,8536.7247,13759.1488
burkina faso,Single dose actual,2078,11167.8624,8749.2652,14095.9875
burkina faso,Single dose actual,2079,11393.2122,8939.0334,14390.6027
burkina faso,Single dose actual,2080,11628.0504,9109.8248,14661.9713
burkina faso,Single dose actual,2081,11834.4233,9250.7277,14943.7772
burkina faso,Single dose actual,2082,12031.3079,9411.5563,15209.9271
burkina faso,Single dose actual,2083,12225.8203,9534.4312,15435.2769
burkina faso,Single dose actual,2084,12396.6117,9657.3062,15649.7150
burkina faso,Single dose actual,2085,12543.6821,9765.4741,15829.9948
burkina faso,Single dose actual,2086,12671.7757,9874.1164,15988.9257
burkina faso,Single dose actual,2087,12799.8692,9954.7679,16165.8846
burkina faso,Single dose actual,2088,12913.7302,10034.4705,16324.3411
burkina faso,Single dose actual,2089,13015.7306,10114.6476,16467.6161
burkina faso,Single dose actual,2090,13098.7542,10175.8479,16591.9143
burkina faso,Single dose actual,2091,13169.9173,10231.3551,16692.4915
burkina faso,Single dose actual,2092,13241.0804,10283.0669,16783.1058
burkina faso,Single dose actual,2093,13298.0108,10324.8159,16856.6410
burkina faso,Single dose actual,2094,13357.3134,10366.5650,16928.2785
burkina faso,Single dose actual,2095,13392.8950,10390.2860,16980.9392
burkina faso,Single dose actual,2096,13423.7323,10413.5326,17033.1255
burkina faso,Single dose actual,2097,13452.1975,10427.7652,17076.2977
burkina faso,Single dose actual,2098,13473.5465,10432.0350,17114.2514
burkina faso,Single dose actual,2099,13492.5233,10436.7792,17142.7166
burkina faso,Single dose actual,2100,13502.0117,10441.5234,17166.9121
burkina faso,Single dose actual,2101,13511.5001,10441.5234,17186.3633
burkina faso,Single dose actual,2102,13516.2443,10441.5234,17200.5959
burkina faso,Single dose actual,2103,13520.9885,10441.5234,17210.5588
burkina faso,Single dose actual,2104,13525.7327,10441.5234,17220.5216
burkina faso,Single dose actual,2105,13530.4769,10441.5234,17230.0100
burkina faso,Single dose actual,2106,13532.8490,10441.5234,17239.4984
burkina faso,Single dose actual,2107,13532.8490,10441.5234,17244.2426
burkina faso,Single dose actual,2108,13532.8490,10441.5234,17244.2426
burkina faso,Single dose actual,2109,13532.8490,10441.5234,17248.9868
burkina faso,Single dose actual,2110,13532.8490,10441.5234,17248.9868
burkina faso,Single dose actual,2111,13532.8490,10441.5234,17248.9868
burkina faso,Single dose actual,2112,13532.8490,10441.5234,17248.9868
burkina faso,Single dose actual,2113,13532.8490,10441.5234,17248.9868
burkina faso,Single dose actual,2114,13532.8490,10441.5234,17248.9868
burkina faso,Single dose actual,2115,13532.8490,10441.5234,17248.9868
burkina faso,Single dose actual,2116,13532.8490,10441.5234,17248.9868
burkina faso,Single dose actual,2117,13532.8490,10441.5234,17248.9868
burkina faso,Single dose actual,2118,13532.8490,10441.5234,17248.9868
burkina faso,Single dose actual,2119,13532.8490,10441.5234,17248.9868
burkina faso,Single dose actual,2120,13532.8490,10441.5234,17248.9868
burkina faso,Single dose actual,2121,13532.8490,10441.5234,17248.9868
burkina faso,Single dose actual,2122,13532.8490,10441.5234,17248.9868
burkina faso,Single dose actual,2123,13532.8490,10441.5234,17248.9868
burkina faso,Single dose actual,2124,13532.8490,10441.5234,17248.9868
burkina faso,Single dose actual,2125,13532.8490,10441.5234,17248.9868
burkina faso,Double dose,2024,0.0000,0.0000,0.0000
burkina faso,Double dose,2025,0.0000,0.0000,0.0000
burkina faso,Double dose,2026,0.0000,0.0000,0.0000
burkina faso,Double dose,2027,0.0000,0.0000,0.4744
burkina faso,Double dose,2028,0.0000,0.0000,5.2186
burkina faso,Double dose,2029,0.0000,0.0000,9.9628
burkina faso,Double dose,2030,0.0000,0.0000,14.7070
burkina faso,Double dose,2031,0.0000,0.0000,19.9257
burkina faso,Double dose,2032,4.7442,0.0000,29.4141
burkina faso,Double dose,2033,9.4884,0.0000,44.1211
burkina faso,Double dose,2034,18.9768,4.7442,73.5352
burkina faso,Double dose,2035,33.2094,9.4884,102.4749
burkina faso,Double dose,2036,54.5584,18.9768,146.1215
burkina faso,Double dose,2037,92.5120,27.9908,207.7962
burkina faso,Double dose,2038,142.3262,61.2003,278.9593
burkina faso,Double dose,2039,204.0009,103.8981,379.0621
burkina faso,Double dose,2040,268.0476,146.5960,470.1508
burkina faso,Double dose,2041,348.6991,203.0520,584.4862
burkina faso,Double dose,2042,455.4438,278.4849,736.3008
burkina faso,Double dose,2043,585.9094,381.9086,888.5898
burkina faso,Double dose,2044,732.9798,485.8067,1088.7953
burkina faso,Double dose,2045,908.5154,618.1700,1307.9776
burkina faso,Double dose,2046,1098.2837,773.3056,1530.9553
burkina faso,Double dose,2047,1323.6335,928.9155,1798.5285
burkina faso,Double dose,2048,1570.3322,1109.1953,2126.3532
burkina faso,Double dose,2049,1838.3798,1318.8892,2474.1036
burkina faso,Double dose,2050,2127.7764,1559.4205,2844.1517
burkina faso,Double dose,2051,2436.1498,1791.8866,3208.0324
burkina faso,Double dose,2052,2787.2211,2084.6041,3616.9830
burkina faso,Double dose,2053,3162.0135,2373.5263,4036.3709
burkina faso,Double dose,2054,3541.5500,2686.1695,4463.8240
burkina faso,Double dose,2055,3944.8076,3007.8267,4926.8586
burkina faso,Double dose,2056,4362.2979,3357.9492,5409.8189
burkina faso,Double dose,2057,4794.0207,3716.6112,5885.1884
burkina faso,Double dose,2058,5213.8830,4075.7477,6407.0512
burkina faso,Double dose,2059,5662.2106,4444.8470,6897.6022
burkina faso,Double dose,2060,6110.5382,4842.4115,7407.6045
burkina faso,Double dose,2061,6594.4473,5249.4645,7927.5696
burkina faso,Double dose,2062,7075.9843,5641.8104,8493.0790
burkina faso,Double dose,2063,7548.0329,6020.3981,9074.7187
burkina faso,Double dose,2064,7993.9884,6416.5394,9595.1583
burkina faso,Double dose,2065,8458.9207,6818.8481,10129.8304
burkina faso,Double dose,2066,8911.9925,7212.1429,10641.7303
burkina faso,Double dose,2067,9372.1806,7619.1959,11160.7466
burkina faso,Double dose,2068,9827.6245,7993.0394,11668.3767
burkina faso,Double dose,2069,10254.6031,8381.1155,12190.7139
burkina faso,Double dose,2070,10634.1396,8707.9913,12720.6418
burkina faso,Double dose,2071,11020.7925,9053.8440,13176.5600
burkina faso,Double dose,2072,11416.9338,9400.1711,13633.4272
burkina faso,Double dose,2073,11801.2146,9746.0238,14079.3826
burkina faso,Double dose,2074,12159.4022,10054.3972,14522.9660
burkina faso,Double dose,2075,12524.7061,10351.3846,14936.1865
burkina faso,Double dose,2076,12859.1727,10619.9066,15316.1974
burkina faso,Double dose,2077,13172.2903,10870.8751,15686.2456
burkina faso,Double dose,2078,13464.0590,11126.5878,16048.7030
burkina faso,Double dose,2079,13762.9440,11374.7098,16415.4302
burkina faso,Double dose,2080,14045.2243,11578.2362,16728.5478
burkina faso,Double dose,2081,14296.6673,11762.7859,17018.4188
burkina faso,Double dose,2082,14519.6449,11954.9262,17288.8386
burkina faso,Double dose,2083,14728.3900,12114.8059,17540.7559
burkina faso,Double dose,2084,14939.5072,12279.9043,17788.4035
burkina faso,Double dose,2085,15117.4149,12425.5514,18035.5766
burkina faso,Double dose,2086,15295.3226,12534.1937,18244.3217
burkina faso,Double dose,2087,15442.3930,12641.4128,18444.0528
burkina faso,Double dose,2088,15579.9749,12741.0411,18596.8162
burkina faso,Double dose,2089,15693.8359,12840.1950,18749.1052
burkina faso,Double dose,2090,15798.2084,12925.1163,18900.9198
burkina faso,Double dose,2091,15893.0925,12991.5352,19023.3203
burkina faso,Double dose,2092,15968.9998,13048.4656,19109.6649
burkina faso,Double dose,2093,16033.0466,13094.9589,19214.5118
burkina faso,Double dose,2094,16087.6050,13128.1683,19288.0470
burkina faso,Double dose,2095,16135.0470,13160.9033,19344.9775
burkina faso,Double dose,2096,16177.7449,13184.6244,19397.6382
burkina faso,Double dose,2097,16206.2101,13203.6012,19449.8244
burkina faso,Double dose,2098,16234.6754,13217.8338,19492.9967
burkina faso,Double dose,2099,16258.3964,13232.0664,19531.4248
burkina faso,Double dose,2100,16277.3732,13241.0804,19560.3644
burkina faso,Double dose,2101,16291.6058,13245.8246,19579.8157
burkina faso,Double dose,2102,16301.0942,13245.8246,19594.5227
burkina faso,Double dose,2103,16308.2106,13245.8246,19604.4855
burkina faso,Double dose,2104,16312.9548,13245.8246,19614.4484
burkina faso,Double dose,2105,16312.9548,13245.8246,19623.9368
burkina faso,Double dose,2106,16312.9548,13245.8246,19629.1554
burkina faso,Double dose,2107,16312.9548,13245.8246,19633.8996
burkina faso,Double dose,2108,16312.9548,13245.8246,19639.1182
burkina faso,Double dose,2109,16312.9548,13245.8246,19639.5927
burkina faso,Double dose,2110,16312.9548,13245.8246,19639.5927
burkina faso,Double dose,2111,16312.9548,13245.8246,19639.5927
burkina faso,Double dose,2112,16312.9548,13245.8246,19639.5927
burkina faso,Double dose,2113,16312.9548,13245.8246,19639.5927
burkina faso,Double dose,2114,16312.9548,13245.8246,19639.5927
burkina faso,Double dose,2115,16312.9548,13245.8246,19639.5927
burkina faso,Double dose,2116,16312.9548,13245.8246,19639.5927
burkina faso,Double dose,2117,16312.9548,13245.8246,19639.5927
burkina faso,Double dose,2118,16312.9548,13245.8246,19639.5927
burkina faso,Double dose,2119,16312.9548,13245.8246,19639.5927
burkina faso,Double dose,2120,16312.9548,13245.8246,19639.5927
burkina faso,Double dose,2121,16312.9548,13245.8246,19639.5927
burkina faso,Double dose,2122,16312.9548,13245.8246,19639.5927
burkina faso,Double dose,2123,16312.9548,13245.8246,19639.5927
burkina faso,Double dose,2124,16312.9548,13245.8246,19639.5927
burkina faso,Double dose,2125,16312.9548,13245.8246,19639.5927
cambodia,No vaccination,2024,0.0000,0.0000,0.0000
cambodia,No vaccination,2025,0.0000,0.0000,0.0000
cambodia,No vaccination,2026,0.0000,0.0000,0.0000
cambodia,No vaccination,2027,0.0000,0.0000,0.0000
cambodia,No vaccination,2028,0.0000,0.0000,0.0000
cambodia,No vaccination,2029,0.0000,0.0000,0.0000
cambodia,No vaccination,2030,0.0000,0.0000,0.0000
cambodia,No vaccination,2031,0.0000,0.0000,0.0000
cambodia,No vaccination,2032,0.0000,0.0000,5.3905
cambodia,No vaccination,2033,0.0000,0.0000,10.7810
cambodia,No vaccination,2034,0.0000,0.0000,21.5621
cambodia,No vaccination,2035,5.3905,0.0000,32.8822
cambodia,No vaccination,2036,10.7810,0.0000,49.5928
cambodia,No vaccination,2037,21.5621,5.3905,65.7643
cambodia,No vaccination,2038,37.7336,10.7810,93.2560
cambodia,No vaccination,2039,59.2957,21.0230,141.7706
cambodia,No vaccination,2040,91.6388,37.1946,190.8243
cambodia,No vaccination,2041,134.7630,57.6785,250.6591
cambodia,No vaccination,2042,172.4966,79.2406,305.1033
cambodia,No vaccination,2043,226.4018,100.8027,391.8907
cambodia,No vaccination,2044,296.4785,142.8487,484.0685
cambodia,No vaccination,2045,371.9458,196.7539,587.5665
cambodia,No vaccination,2046,468.9751,250.1200,751.9773
cambodia,No vaccination,2047,584.8712,319.6577,892.1308
cambodia,No vaccination,2048,700.7674,399.9764,1043.6043
cambodia,No vaccination,2049,832.8351,507.7868,1217.1790
cambodia,No vaccination,2050,975.6838,609.1286,1389.6756
cambodia,No vaccination,2051,1126.6183,722.3294,1595.0543
cambodia,No vaccination,2052,1299.1149,840.9208,1838.1667
cambodia,No vaccination,2053,1482.3925,958.9732,2076.4276
cambodia,No vaccination,2054,1687.2322,1108.8296,2360.5079
cambodia,No vaccination,2055,1900.1577,1265.1546,2613.8623
cambodia,No vaccination,2056,2118.4736,1410.1596,2889.8568
cambodia,No vaccination,2057,2355.6564,1606.9135,3213.8269
cambodia,No vaccination,2058,2614.4013,1778.8710,3502.2197
cambodia,No vaccination,2059,2865.0604,1954.6019,3802.4715
cambodia,No vaccination,2060,3115.7195,2142.7310,4104.3405
cambodia,No vaccination,2061,3371.7691,2328.7039,4440.1698
cambodia,No vaccination,2062,3646.6856,2555.1056,4777.0772
cambodia,No vaccination,2063,3900.0399,2754.0157,5112.3674
cambodia,No vaccination,2064,4161.4800,2936.2153,5431.4861
cambodia,No vaccination,2065,4441.7870,3123.8053,5752.2220
cambodia,No vaccination,2066,4700.5319,3311.3953,6071.3406
cambodia,No vaccination,2067,4953.8862,3515.6960,6384.5297
cambodia,No vaccination,2068,5215.3263,3736.7072,6692.3283
cambodia,No vaccination,2069,5468.6807,3892.4932,7011.4470
cambodia,No vaccination,2070,5705.8635,4073.0755,7319.2456
cambodia,No vaccination,2071,5956.5226,4277.9152,7622.1927
cambodia,No vaccination,2072,6212.5722,4433.7012,7940.7723
cambodia,No vaccination,2073,6465.9266,4620.2131,8238.8680
cambodia,No vaccination,2074,6689.6331,4792.1707,8554.2133
cambodia,No vaccination,2075,6918.7301,4952.2691,8807.5677
cambodia,No vaccination,2076,7145.1319,5106.9769,9061.4611
cambodia,No vaccination,2077,7352.6668,5262.2239,9309.4249
cambodia,No vaccination,2078,7541.3349,5412.6193,9530.4362
cambodia,No vaccination,2079,7738.0889,5531.2107,9789.1810
cambodia,No vaccination,2080,7907.8902,5664.8956,9999.4112
cambodia,No vaccination,2081,8058.8247,5788.3384,10195.0870
cambodia,No vaccination,2082,8220.5402,5900.4612,10401.5439
cambodia,No vaccination,2083,8371.4747,6001.2639,10591.2901
cambodia,No vaccination,2084,8514.3235,6106.9181,10759.4743
cambodia,No vaccination,2085,8662.5627,6214.1894,10928.1975
cambodia,No vaccination,2086,8783.8494,6283.7271,11085.6007
cambodia,No vaccination,2087,8891.6598,6358.6553,11242.4647
cambodia,No vaccination,2088,9010.2512,6427.6539,11410.1098
cambodia,No vaccination,2089,9112.6710,6485.8715,11529.7794
cambodia,No vaccination,2090,9198.9193,6550.0187,11660.7689
cambodia,No vaccination,2091,9279.7771,6613.0877,11769.1184
cambodia,No vaccination,2092,9349.8538,6661.0633,11871.5382
cambodia,No vaccination,2093,9411.8448,6709.0389,11963.7161
cambodia,No vaccination,2094,9471.1405,6751.6240,12045.1129
cambodia,No vaccination,2095,9530.4362,6783.4281,12121.6583
cambodia,No vaccination,2096,9584.3413,6820.6227,12187.9616
cambodia,No vaccination,2097,9632.8560,6851.8877,12248.3354
cambodia,No vaccination,2098,9675.9801,6878.3012,12302.7797
cambodia,No vaccination,2099,9713.7138,6894.4728,12351.2943
cambodia,No vaccination,2100,9740.6664,6910.6443,12384.7155
cambodia,No vaccination,2101,9767.6190,6926.8159,12428.3787
cambodia,No vaccination,2102,9789.1810,6937.0579,12461.7999
cambodia,No vaccination,2103,9805.3526,6941.9093,12494.1431
cambodia,No vaccination,2104,9818.8289,6947.2998,12526.4862
cambodia,No vaccination,2105,9826.9147,6947.2998,12548.0482
cambodia,No vaccination,2106,9837.6957,6952.6904,12569.6103
cambodia,No vaccination,2107,9843.0862,6952.6904,12580.9304
cambodia,No vaccination,2108,9845.7815,6952.6904,12586.8600
cambodia,No vaccination,2109,9845.7815,6952.6904,12597.6410
cambodia,No vaccination,2110,9845.7815,6952.6904,12603.5706
cambodia,No vaccination,2111,9845.7815,6952.6904,12608.9611
cambodia,No vaccination,2112,9845.7815,6952.6904,12614.3516
cambodia,No vaccination,2113,9845.7815,6952.6904,12614.8907
cambodia,No vaccination,2114,9845.7815,6952.6904,12614.8907
cambodia,No vaccination,2115,9845.7815,6952.6904,12614.8907
cambodia,No vaccination,2116,9845.7815,6952.6904,12614.8907
cambodia,No vaccination,2117,9845.7815,6952.6904,12614.8907
cambodia,No vaccination,2118,9845.7815,6952.6904,12614.8907
cambodia,No vaccination,2119,9845.7815,6952.6904,12614.8907
cambodia,No vaccination,2120,9845.7815,6952.6904,12614.8907
cambodia,No vaccination,2121,9845.7815,6952.6904,12614.8907
cambodia,No vaccination,2122,9845.7815,6952.6904,12614.8907
cambodia,No vaccination,2123,9845.7815,6952.6904,12614.8907
cambodia,No vaccination,2124,9845.7815,6952.6904,12614.8907
cambodia,No vaccination,2125,9845.7815,6952.6904,12614.8907
cambodia,Single dose shipments,2024,0.0000,0.0000,0.0000
cambodia,Single dose shipments,2025,0.0000,0.0000,0.0000
cambodia,Single dose shipments,2026,0.0000,0.0000,0.0000
cambodia,Single dose shipments,2027,0.0000,0.0000,0.0000
cambodia,Single dose shipments,2028,0.0000,0.0000,0.0000
cambodia,Single dose shipments,2029,0.0000,0.0000,0.0000
cambodia,Single dose shipments,2030,0.0000,0.0000,0.0000
cambodia,Single dose shipments,2031,0.0000,0.0000,0.5391
cambodia,Single dose shipments,2032,0.0000,0.0000,5.9296
cambodia,Single dose shipments,2033,0.0000,0.0000,11.3201
cambodia,Single dose shipments,2034,2.6953,0.0000,22.1011
cambodia,Single dose shipments,2035,8.0858,0.0000,32.8822
cambodia,Single dose shipments,2036,16.1716,0.0000,54.9833
cambodia,Single dose shipments,2037,26.9526,0.0000,81.9359
cambodia,Single dose shipments,2038,43.1241,5.3905,104.0370
cambodia,Single dose shipments,2039,59.2957,10.7810,136.9192
cambodia,Single dose shipments,2040,75.4673,21.0230,180.0433
cambodia,Single dose shipments,2041,102.4198,31.8041,224.2456
cambodia,Single dose shipments,2042,132.0677,47.9756,273.2993
cambodia,Single dose shipments,2043,175.1918,79.7797,327.7435
cambodia,Single dose shipments,2044,234.4875,112.1228,409.6794
cambodia,Single dose shipments,2045,283.0022,143.9268,491.6153
cambodia,Single dose shipments,2046,355.7742,187.0510,583.2541
cambodia,Single dose shipments,2047,423.1557,224.7846,692.1425
cambodia,Single dose shipments,2048,509.4040,278.1507,810.7339
cambodia,Single dose shipments,2049,590.2617,331.5169,921.2396
cambodia,Single dose shipments,2050,692.6816,406.4451,1057.6197
cambodia,Single dose shipments,2051,795.1014,486.7638,1182.1406
cambodia,Single dose shipments,2052,913.6928,573.0121,1339.5438
cambodia,Single dose shipments,2053,1048.4558,679.7443,1522.8214
cambodia,Single dose shipments,2054,1169.7424,771.3832,1696.3961
cambodia,Single dose shipments,2055,1307.2007,862.4829,1858.6507
cambodia,Single dose shipments,2056,1436.5731,953.5827,2031.6863
cambodia,Single dose shipments,2057,1571.3361,1044.6824,2210.1125
cambodia,Single dose shipments,2058,1733.0516,1157.3443,2398.7806
cambodia,Single dose shipments,2059,1881.2908,1259.7641,2571.8162
cambodia,Single dose shipments,2060,2037.6159,1367.5745,2766.4139
cambodia,Single dose shipments,2061,2175.0741,1469.9943,2942.6839
cambodia,Single dose shipments,2062,2339.4849,1577.8047,3144.2893
cambodia,Single dose shipments,2063,2485.0289,1679.1464,3332.9574
cambodia,Single dose shipments,2064,2641.3539,1796.1207,3527.0161
cambodia,Single dose shipments,2065,2792.2884,1898.0015,3738.3244
cambodia,Single dose shipments,2066,2940.5277,2010.1242,3940.4688
cambodia,Single dose shipments,2067,3086.0717,2117.3955,4114.0435
cambodia,Single dose shipments,2068,3250.4825,2207.9563,4308.6412
cambodia,Single dose shipments,2069,3393.3312,2315.2276,4492.9969
cambodia,Single dose shipments,2070,3549.6562,2427.8894,4666.5716
cambodia,Single dose shipments,2071,3692.5050,2535.1607,4844.9977
cambodia,Single dose shipments,2072,3824.5727,2631.1119,5006.7133
cambodia,Single dose shipments,2073,3953.9451,2717.3602,5191.0690
cambodia,Single dose shipments,2074,4080.6223,2813.3114,5332.3006
cambodia,Single dose shipments,2075,4204.6042,2886.0834,5483.7742
cambodia,Single dose shipments,2076,4312.4146,2966.9412,5646.0288
cambodia,Single dose shipments,2077,4422.9202,3041.8694,5781.3308
cambodia,Single dose shipments,2078,4519.9495,3090.3841,5911.2422
cambodia,Single dose shipments,2079,4614.2836,3149.1407,6032.5289
cambodia,Single dose shipments,2080,4703.2271,3207.3583,6162.9794
cambodia,Single dose shipments,2081,4781.3896,3260.7245,6271.8679
cambodia,Single dose shipments,2082,4870.3332,3318.4030,6375.3659
cambodia,Single dose shipments,2083,4956.5815,3377.1596,6478.8638
cambodia,Single dose shipments,2084,5021.2677,3424.5962,6565.1121
cambodia,Single dose shipments,2085,5096.7349,3477.9623,6668.6101
cambodia,Single dose shipments,2086,5164.1164,3515.1569,6756.4755
cambodia,Single dose shipments,2087,5234.1932,3557.2030,6837.3333
cambodia,Single dose shipments,2088,5290.7936,3594.3975,6912.8005
cambodia,Single dose shipments,2089,5344.6988,3631.5921,6983.4163
cambodia,Single dose shipments,2090,5387.8229,3658.0056,7048.6416
cambodia,Single dose shipments,2091,5425.5566,3684.9582,7108.4763
cambodia,Single dose shipments,2092,5463.2902,3706.5203,7174.7797
cambodia,Single dose shipments,2093,5495.6333,3727.5433,7228.6849
cambodia,Single dose shipments,2094,5525.2811,3743.1758,7277.1996
cambodia,Single dose shipments,2095,5552.2337,3758.8083,7317.6284
cambodia,Single dose shipments,2096,5573.7958,3769.0503,7360.7526
cambodia,Single dose shipments,2097,5595.3579,3779.2923,7393.0957
cambodia,Single dose shipments,2098,5619.6152,3784.6828,7425.9779
cambodia,Single dose shipments,2099,5635.7868,3790.0733,7458.3210
cambodia,Single dose shipments,2100,5646.5678,3795.4639,7491.2031
cambodia,Single dose shipments,2101,5657.3488,3800.3153,7513.8433
cambodia,Single dose shipments,2102,5668.1299,3805.7058,7530.0149
cambodia,Single dose shipments,2103,5678.9109,3810.5573,7551.5769
cambodia,Single dose shipments,2104,5684.3014,3810.5573,7567.7485
cambodia,Single dose shipments,2105,5689.6919,3810.5573,7578.5295
cambodia,Single dose shipments,2106,5692.3872,3810.5573,7589.3106
cambodia,Single dose shipments,2107,5697.7777,3810.5573,7595.2401
cambodia,Single dose shipments,2108,5697.7777,3810.5573,7600.6306
cambodia,Single dose shipments,2109,5697.7777,3810.5573,7606.0212
cambodia,Single dose shipments,2110,5697.7777,3810.5573,7611.4117
cambodia,Single dose shipments,2111,5697.7777,3810.5573,7611.9507
cambodia,Single dose shipments,2112,5697.7777,3810.5573,7612.4898
cambodia,Single dose shipments,2113,5697.7777,3810.5573,7612.4898
cambodia,Single dose shipments,2114,5697.7777,3810.5573,7612.4898
cambodia,Single dose shipments,2115,5697.7777,3810.5573,7612.4898
cambodia,Single dose shipments,2116,5697.7777,3810.5573,7612.4898
cambodia,Single dose shipments,2117,5697.7777,3810.5573,7612.4898
cambodia,Single dose shipments,2118,5697.7777,3810.5573,7612.4898
cambodia,Single dose shipments,2119,5697.7777,3810.5573,7612.4898
cambodia,Single dose shipments,2120,5697.7777,3810.5573,7612.4898
cambodia,Single dose shipments,2121,5697.7777,3810.5573,7612.4898
cambodia,Single dose shipments,2122,5697.7777,3810.5573,7612.4898
cambodia,Single dose shipments,2123,5697.7777,3810.5573,7612.4898
cambodia,Single dose shipments,2124,5697.7777,3810.5573,7612.4898
cambodia,Single dose shipments,2125,5697.7777,3810.5573,7612.4898
cambodia,Single dose actual,2024,0.0000,0.0000,0.0000
cambodia,Single dose actual,2025,0.0000,0.0000,0.0000
cambodia,Single dose actual,2026,0.0000,0.0000,0.0000
cambodia,Single dose actual,2027,0.0000,0.0000,0.0000
cambodia,Single dose actual,2028,0.0000,0.0000,0.0000
cambodia,Single dose actual,2029,0.0000,0.0000,0.0000
cambodia,Single dose actual,2030,0.0000,0.0000,0.5391
cambodia,Single dose actual,2031,0.0000,0.0000,5.9296
cambodia,Single dose actual,2032,0.0000,0.0000,11.3201
cambodia,Single dose actual,2033,0.0000,0.0000,22.1011
cambodia,Single dose actual,2034,2.6953,0.0000,32.8822
cambodia,Single dose actual,2035,2.6953,0.0000,43.6632
cambodia,Single dose actual,2036,10.7810,0.0000,66.8424
cambodia,Single dose actual,2037,21.5621,4.8515,88.9436
cambodia,Single dose actual,2038,37.7336,10.2420,116.4352
cambodia,Single dose actual,2039,61.9910,20.4840,149.3174
cambodia,Single dose actual,2040,86.2483,30.7260,193.5196
cambodia,Single dose actual,2041,118.5914,41.5070,259.2839
cambodia,Single dose actual,2042,161.7155,63.0691,319.1187
cambodia,Single dose actual,2043,199.4492,84.6311,395.1250
cambodia,Single dose actual,2044,247.9638,111.5837,481.9123
cambodia,Single dose actual,2045,318.0406,148.7783,569.7778
cambodia,Single dose actual,2046,398.8983,196.2149,673.8148
cambodia,Single dose actual,2047,490.5372,249.5810,793.4843
cambodia,Single dose actual,2048,584.8712,313.1891,918.0052
cambodia,Single dose actual,2049,692.6816,383.2658,1074.8693
cambodia,Single dose actual,2050,805.8825,434.4758,1225.8038
cambodia,Single dose actual,2051,910.9976,509.4040,1366.4964
cambodia,Single dose actual,2052,1043.0653,609.6676,1530.3681
cambodia,Single dose actual,2053,1188.6093,716.9389,1730.3563
cambodia,Single dose actual,2054,1344.9343,823.6712,1909.3215
cambodia,Single dose actual,2055,1495.8688,929.8644,2120.0908
cambodia,Single dose actual,2056,1652.1938,1047.3777,2358.3517
cambodia,Single dose actual,2057,1819.2999,1154.6490,2561.0352
cambodia,Single dose actual,2058,2007.9680,1277.5528,2792.8275
cambodia,Single dose actual,2059,2172.3788,1400.4566,3040.7913
cambodia,Single dose actual,2060,2358.3517,1537.9148,3278.5132
cambodia,Single dose actual,2061,2552.4104,1685.6150,3510.8445
cambodia,Single dose actual,2062,2743.7738,1836.0105,3754.4959
cambodia,Single dose actual,2063,2935.1372,1959.4534,4015.3970
cambodia,Single dose actual,2064,3129.1958,2098.5287,4268.7514
cambodia,Single dose actual,2065,3323.2545,2224.1278,4522.6448
cambodia,Single dose actual,2066,3495.7510,2348.1097,4754.9761
cambodia,Single dose actual,2067,3679.0287,2466.1621,4994.8542
cambodia,Single dose actual,2068,3854.2205,2583.1363,5216.9435
cambodia,Single dose actual,2069,4018.6313,2711.9697,5461.1340
cambodia,Single dose actual,2070,4166.8706,2819.2410,5682.6843
cambodia,Single dose actual,2071,4363.6245,2930.8247,5898.3050
cambodia,Single dose actual,2072,4517.2542,3038.0961,6125.2458
cambodia,Single dose actual,2073,4662.7982,3145.3674,6327.9293
cambodia,Single dose actual,2074,4808.3422,3247.7872,6507.9726
cambodia,Single dose actual,2075,4951.1910,3333.4964,6680.4692
cambodia,Single dose actual,2076,5091.3444,3438.6116,6863.7468
cambodia,Single dose actual,2077,5220.7169,3538.8752,7027.0795
cambodia,Single dose actual,2078,5347.3940,3614.3424,7194.1856
cambodia,Single dose actual,2079,5447.1186,3694.6612,7366.6822
cambodia,Single dose actual,2080,5560.3195,3763.1207,7523.0072
cambodia,Single dose actual,2081,5676.2157,3838.0490,7658.3092
cambodia,Single dose actual,2082,5762.4639,3912.4381,7777.9787
cambodia,Single dose actual,2083,5867.5790,3982.5148,7924.6008
cambodia,Single dose actual,2084,5956.5226,4046.6620,8053.9732
cambodia,Single dose actual,2085,6037.3804,4094.6376,8152.6197
cambodia,Single dose actual,2086,6112.8476,4143.1523,8271.2111
cambodia,Single dose actual,2087,6177.5338,4191.6669,8358.5375
cambodia,Single dose actual,2088,6242.2201,4240.1816,8450.7154
cambodia,Single dose actual,2089,6304.2110,4277.9152,8543.9713
cambodia,Single dose actual,2090,6360.8115,4309.7193,8619.9776
cambodia,Single dose actual,2091,6414.7166,4342.0624,8690.5934
cambodia,Single dose actual,2092,6465.9266,4374.4055,8756.3577
cambodia,Single dose actual,2093,6514.4412,4401.3581,8816.1925
cambodia,Single dose actual,2094,6554.8701,4428.3107,8876.5663
cambodia,Single dose actual,2095,6592.6037,4454.1852,8935.8620
cambodia,Single dose actual,2096,6622.2516,4475.2082,8989.7672
cambodia,Single dose actual,2097,6654.5947,4496.7703,9032.8913
cambodia,Single dose actual,2098,6676.1568,4507.5513,9071.1640
cambodia,Single dose actual,2099,6697.7188,4517.7933,9119.6787
cambodia,Single dose actual,2100,6713.8904,4523.1838,9152.5608
cambodia,Single dose actual,2101,6724.6714,4528.5743,9179.5134
cambodia,Single dose actual,2102,6735.4525,4533.9648,9201.0755
cambodia,Single dose actual,2103,6740.8430,4533.9648,9212.3956
cambodia,Single dose actual,2104,6746.2335,4533.9648,9228.5671
cambodia,Single dose actual,2105,6751.6240,4533.9648,9245.2777
cambodia,Single dose actual,2106,6751.6240,4533.9648,9256.5978
cambodia,Single dose actual,2107,6757.0145,4533.9648,9267.3789
cambodia,Single dose actual,2108,6757.0145,4533.9648,9272.7694
cambodia,Single dose actual,2109,6757.0145,4533.9648,9278.1599
cambodia,Single dose actual,2110,6757.0145,4533.9648,9283.5504
cambodia,Single dose actual,2111,6757.0145,4533.9648,9284.0895
cambodia,Single dose actual,2112,6757.0145,4533.9648,9284.6285
cambodia,Single dose actual,2113,6757.0145,4533.9648,9284.6285
cambodia,Single dose actual,2114,6757.0145,4533.9648,9284.6285
cambodia,Single dose actual,2115,6757.0145,4533.9648,9284.6285
cambodia,Single dose actual,2116,6757.0145,4533.9648,9284.6285
cambodia,Single dose actual,2117,6757.0145,4533.9648,9284.6285
cambodia,Single dose actual,2118,6757.0145,4533.9648,9284.6285
cambodia,Single dose actual,2119,6757.0145,4533.9648,9284.6285
cambodia,Single dose actual,2120,6757.0145,4533.9648,9284.6285
cambodia,Single dose actual,2121,6757.0145,4533.9648,9284.6285
cambodia,Single dose actual,2122,6757.0145,4533.9648,9284.6285
cambodia,Single dose actual,2123,6757.0145,4533.9648,9284.6285
cambodia,Single dose actual,2124,6757.0145,4533.9648,9284.6285
cambodia,Single dose actual,2125,6757.0145,4533.9648,9284.6285
cambodia,Double dose,2024,0.0000,0.0000,0.0000
cambodia,Double dose,2025,0.0000,0.0000,0.0000
cambodia,Double dose,2026,0.0000,0.0000,0.0000
cambodia,Double dose,2027,0.0000,0.0000,0.0000
cambodia,Double dose,2028,0.0000,0.0000,0.5391
cambodia,Double dose,2029,0.0000,0.0000,0.5391
cambodia,Double dose,2030,0.0000,0.0000,1.0781
cambodia,Double dose,2031,0.0000,0.0000,6.4686
cambodia,Double dose,2032,0.0000,0.0000,11.8591
cambodia,Double dose,2033,0.0000,0.0000,17.2497
cambodia,Double dose,2034,5.3905,0.0000,28.0307
cambodia,Double dose,2035,10.7810,0.0000,45.2804
cambodia,Double dose,2036,18.8668,0.0000,67.3815
cambodia,Double dose,2037,35.0384,5.3905,94.3341
cambodia,Double dose,2038,51.2099,16.1716,126.6772
cambodia,Double dose,2039,78.1625,32.3431,176.2699
cambodia,Double dose,2040,107.8104,47.9756,224.7846
cambodia,Double dose,2041,153.6298,69.5377,285.6975
cambodia,Double dose,2042,202.1444,80.3187,367.6333
cambodia,Double dose,2043,261.4401,100.8027,444.1787
cambodia,Double dose,2044,320.7358,138.5363,532.5832
cambodia,Double dose,2045,388.1173,185.9729,624.2220
cambodia,Double dose,2046,468.9751,245.2686,748.2039
cambodia,Double dose,2047,566.0044,309.4157,864.6391
cambodia,Double dose,2048,671.1195,384.8830,1011.8003
cambodia,Double dose,2049,768.1488,460.3503,1161.1176
cambodia,Double dose,2050,913.6928,562.2310,1350.3248
cambodia,Double dose,2051,1064.6273,668.9633,1547.6178
cambodia,Double dose,2052,1207.4761,770.8441,1741.6764
cambodia,Double dose,2053,1379.9727,898.5994,1958.3753
cambodia,Double dose,2054,1555.1645,1037.1357,2188.0113
cambodia,Double dose,2055,1749.2232,1165.4300,2452.6858
cambodia,Double dose,2056,1921.7197,1321.7551,2673.6970
cambodia,Double dose,2057,2121.1689,1488.3221,2964.7850
cambodia,Double dose,2058,2328.7039,1617.1555,3256.9511
cambodia,Double dose,2059,2544.3246,1772.9414,3530.2504
cambodia,Double dose,2060,2776.1169,1933.0398,3821.3383
cambodia,Double dose,2061,2980.9566,2097.9897,4097.8719
cambodia,Double dose,2062,3210.0536,2280.1892,4357.1559
cambodia,Double dose,2063,3428.3696,2441.3657,4648.7829
cambodia,Double dose,2064,3649.3808,2598.7688,4906.9887
cambodia,Double dose,2065,3867.6968,2773.9607,5184.0613
cambodia,Double dose,2066,4099.4891,2956.1602,5470.8369
cambodia,Double dose,2067,4344.7577,3138.8987,5744.1362
cambodia,Double dose,2068,4554.9879,3282.8256,6000.1858
cambodia,Double dose,2069,4759.8276,3454.2441,6264.8602
cambodia,Double dose,2070,4964.6673,3593.3194,6511.7460
cambodia,Double dose,2071,5158.7259,3736.7072,6776.9595
cambodia,Double dose,2072,5352.7846,3887.6417,7025.4624
cambodia,Double dose,2073,5533.3669,4031.0295,7235.6926
cambodia,Double dose,2074,5705.8635,4165.7925,7472.8754
cambodia,Double dose,2075,5891.8364,4288.6963,7693.8866
cambodia,Double dose,2076,6072.4187,4423.4592,7905.7340
cambodia,Double dose,2077,6231.4390,4529.1134,8099.7926
cambodia,Double dose,2078,6387.7641,4640.1581,8294.9294
cambodia,Double dose,2079,6538.6986,4768.9914,8494.3786
cambodia,Double dose,2080,6673.4615,4876.2628,8672.8047
cambodia,Double dose,2081,6805.5292,4960.8939,8842.6060
cambodia,Double dose,2082,6924.1206,5057.3842,9010.2512
cambodia,Double dose,2083,7056.1883,5137.7029,9183.2868
cambodia,Double dose,2084,7174.7797,5217.4826,9325.0574
cambodia,Double dose,2085,7279.8948,5292.9498,9459.8204
cambodia,Double dose,2086,7376.9241,5372.7295,9583.8023
cambodia,Double dose,2087,7473.9535,5441.7281,9702.3937
cambodia,Double dose,2088,7552.1160,5495.0942,9806.4307
cambodia,Double dose,2089,7638.3643,5552.2337,9914.2411
cambodia,Double dose,2090,7713.8315,5605.5999,10017.7390
cambodia,Double dose,2091,7786.6035,5637.4039,10110.4559
cambodia,Double dose,2092,7848.5945,5674.5985,10197.2433
cambodia,Double dose,2093,7907.8902,5701.0120,10283.4915
cambodia,Double dose,2094,7948.3191,5732.2770,10348.1778
cambodia,Double dose,2095,8002.2243,5764.6202,10413.4030
cambodia,Double dose,2096,8050.7389,5780.7917,10478.6283
cambodia,Double dose,2097,8083.0820,5796.9633,10528.7601
cambodia,Double dose,2098,8115.4251,5813.1348,10577.2748
cambodia,Double dose,2099,8147.7682,5829.3064,10620.3989
cambodia,Double dose,2100,8174.7208,5840.0874,10659.2107
cambodia,Double dose,2101,8190.8924,5845.4779,10686.1633
cambodia,Double dose,2102,8209.7592,5850.8684,10718.5064
cambodia,Double dose,2103,8220.5402,5850.8684,10751.3885
cambodia,Double dose,2104,8231.3213,5850.8684,10768.0991
cambodia,Double dose,2105,8236.7118,5850.8684,10784.8097
cambodia,Double dose,2106,8242.1023,5850.8684,10800.9813
cambodia,Double dose,2107,8242.1023,5850.8684,10811.7623
cambodia,Double dose,2108,8242.1023,5850.8684,10817.1528
cambodia,Double dose,2109,8242.1023,5850.8684,10822.5434
cambodia,Double dose,2110,8242.1023,5850.8684,10828.4729
cambodia,Double dose,2111,8242.1023,5850.8684,10834.4025
cambodia,Double dose,2112,8242.1023,5850.8684,10834.9416
cambodia,Double dose,2113,8242.1023,5850.8684,10835.4806
cambodia,Double dose,2114,8242.1023,5850.8684,10835.4806
cambodia,Double dose,2115,8242.1023,5850.8684,10835.4806
cambodia,Double dose,2116,8242.1023,5850.8684,10835.4806
cambodia,Double dose,2117,8242.1023,5850.8684,10835.4806
cambodia,Double dose,2118,8242.1023,5850.8684,10835.4806
cambodia,Double dose,2119,8242.1023,5850.8684,10835.4806
cambodia,Double dose,2120,8242.1023,5850.8684,10835.4806
cambodia,Double dose,2121,8242.1023,5850.8684,10835.4806
cambodia,Double dose,2122,8242.1023,5850.8684,10835.4806
cambodia,Double dose,2123,8242.1023,5850.8684,10835.4806
cambodia,Double dose,2124,8242.1023,5850.8684,10835.4806
cambodia,Double dose,2125,8242.1023,5850.8684,10835.4806
cameroon,No vaccination,2024,0.0000,0.0000,0.0000
cameroon,No vaccination,2025,0.0000,0.0000,0.0000
cameroon,No vaccination,2026,0.0000,0.0000,0.0000
cameroon,No vaccination,2027,0.0000,0.0000,0.0000
cameroon,No vaccination,2028,0.0000,0.0000,10.2402
cameroon,No vaccination,2029,2.5600,0.0000,20.9923
cameroon,No vaccination,2030,7.6801,0.0000,36.3526
cameroon,No vaccination,2031,17.9203,4.6081,52.2249
cameroon,No vaccination,2032,35.8406,14.3362,83.4574
cameroon,No vaccination,2033,69.1211,29.6965,145.4104
cameroon,No vaccination,2034,130.5621,55.2969,227.3317
cameroon,No vaccination,2035,212.4835,106.4977,331.7814
cameroon,No vaccination,2036,345.6056,203.2673,485.3839
cameroon,No vaccination,2037,501.7682,325.6373,664.5868
cameroon,No vaccination,2038,721.9318,493.5761,941.0713
cameroon,No vaccination,2039,1011.2165,727.0519,1280.5329
cameroon,No vaccination,2040,1372.1824,1041.9370,1720.8602
cameroon,No vaccination,2041,1804.8296,1418.2632,2218.0204
cameroon,No vaccination,2042,2344.9985,1883.1669,2839.5987
cameroon,No vaccination,2043,2992.6893,2471.4647,3542.5865
cameroon,No vaccination,2044,3750.4620,3114.0353,4384.3285
cameroon,No vaccination,2045,4600.3962,3887.6803,5376.6011
cameroon,No vaccination,2046,5614.1731,4740.6865,6504.0440
cameroon,No vaccination,2047,6791.7928,5759.0715,7761.5370
cameroon,No vaccination,2048,8069.2542,6971.5078,9210.5213
cameroon,No vaccination,2049,9536.1588,8281.2258,10826.4204
cameroon,No vaccination,2050,11100.3450,9658.0168,12526.8010
cameroon,No vaccination,2051,12802.7735,11267.7718,14384.8801
cameroon,No vaccination,2052,14674.1649,12924.6316,16433.9376
cameroon,No vaccination,2053,16678.6780,14691.0613,18610.9972
cameroon,No vaccination,2054,18908.4744,16716.0548,20979.5471
cameroon,No vaccination,2055,21163.8710,18787.6410,23433.6020
cameroon,No vaccination,2056,23485.8285,20860.7633,25922.4732
cameroon,No vaccination,2057,26061.2287,23127.4239,28591.0584
cameroon,No vaccination,2058,28575.1882,25451.9414,31310.3322
cameroon,No vaccination,2059,31265.7897,27929.0365,34198.0558
cameroon,No vaccination,2060,33976.8714,30482.9325,37067.8592
cameroon,No vaccination,2061,36713.5533,32940.5714,40074.8802
cameroon,No vaccination,2062,39539.8363,35444.2908,43026.6045
cameroon,No vaccination,2063,42317.4787,38041.1952,46037.7215
cameroon,No vaccination,2064,45138.6416,40632.4676,49029.3823
cameroon,No vaccination,2065,47908.6040,43247.2923,51943.2182
cameroon,No vaccination,2066,50624.8057,45801.7002,54824.2858
cameroon,No vaccination,2067,53366.6077,48338.1880,57722.7615
cameroon,No vaccination,2068,55962.4882,50797.3630,60565.4286
cameroon,No vaccination,2069,58583.9689,53217.1135,63341.0230
cameroon,No vaccination,2070,61097.9284,55609.7277,66133.0016
cameroon,No vaccination,2071,63645.1683,58065.8306,68793.3948
cameroon,No vaccination,2072,66074.6469,60326.8593,71363.6749
cameroon,No vaccination,2073,68445.2449,62560.2394,73924.2270
cameroon,No vaccination,2074,70639.2008,64618.5136,76311.7211
cameroon,No vaccination,2075,72822.9167,66586.1626,78643.9186
cameroon,No vaccination,2076,74917.0312,68521.5551,80835.3142
cameroon,No vaccination,2077,76926.6648,70383.7303,82919.7007
cameroon,No vaccination,2078,78785.2559,72092.3030,84934.9662
cameroon,No vaccination,2079,80561.9258,73722.0264,86889.8145
cameroon,No vaccination,2080,82187.5530,75264.7082,88690.0366
cameroon,No vaccination,2081,83738.9390,76687.0681,90386.8331
cameroon,No vaccination,2082,85228.8839,78063.3471,91948.9713
cameroon,No vaccination,2083,86578.0265,79301.8958,93413.8278
cameroon,No vaccination,2084,87842.6877,80488.7317,94745.0501
cameroon,No vaccination,2085,89030.5476,81583.4060,96066.0323
cameroon,No vaccination,2086,90121.1258,82611.5192,97231.8757
cameroon,No vaccination,2087,91093.9421,83486.0298,98272.2771
cameroon,No vaccination,2088,91966.9167,84288.3472,99246.6294
cameroon,No vaccination,2089,92778.4502,85060.4561,100117.5560
cameroon,No vaccination,2090,93505.5023,85719.4110,100896.3210
cameroon,No vaccination,2091,94163.4333,86308.2208,101641.8054
cameroon,No vaccination,2092,94744.5629,86855.5579,102271.5759
cameroon,No vaccination,2093,95261.6915,87289.7411,102846.0494
cameroon,No vaccination,2094,95730.1793,87712.6600,103358.5699
cameroon,No vaccination,2095,96119.3057,88069.0179,103798.3852
cameroon,No vaccination,2096,96462.3513,88364.9587,104191.6077
cameroon,No vaccination,2097,96756.7561,88617.8908,104520.8291
cameroon,No vaccination,2098,96999.9601,88837.0304,104812.6738
cameroon,No vaccination,2099,97209.8835,89005.9932,105059.4618
cameroon,No vaccination,2100,97378.8462,89159.0837,105265.2892
cameroon,No vaccination,2101,97527.3286,89271.2135,105446.5401
cameroon,No vaccination,2102,97637.4104,89356.7189,105586.3184
cameroon,No vaccination,2103,97724.4518,89427.3760,105709.7124
cameroon,No vaccination,2104,97798.6931,89483.1849,105817.2342
cameroon,No vaccination,2105,97849.8939,89524.1456,105896.0835
cameroon,No vaccination,2106,97895.9747,89544.6260,105958.0365
cameroon,No vaccination,2107,97924.1351,89559.4742,106004.1172
cameroon,No vaccination,2108,97944.6155,89569.2024,106034.8377
cameroon,No vaccination,2109,97959.9757,89578.9305,106065.5582
cameroon,No vaccination,2110,97970.2159,89578.9305,106086.0386
cameroon,No vaccination,2111,97977.8960,89578.9305,106101.3988
cameroon,No vaccination,2112,97983.0161,89578.9305,106111.6390
cameroon,No vaccination,2113,97983.0161,89578.9305,106116.7591
cameroon,No vaccination,2114,97983.0161,89578.9305,106121.8792
cameroon,No vaccination,2115,97983.0161,89578.9305,106121.8792
cameroon,No vaccination,2116,97983.0161,89578.9305,106121.8792
cameroon,No vaccination,2117,97983.0161,89578.9305,106121.8792
cameroon,No vaccination,2118,97983.0161,89578.9305,106121.8792
cameroon,No vaccination,2119,97983.0161,89578.9305,106121.8792
cameroon,No vaccination,2120,97983.0161,89578.9305,106121.8792
cameroon,No vaccination,2121,97983.0161,89578.9305,106121.8792
cameroon,No vaccination,2122,97983.0161,89578.9305,106121.8792
cameroon,No vaccination,2123,97983.0161,89578.9305,106121.8792
cameroon,No vaccination,2124,97983.0161,89578.9305,106121.8792
cameroon,No vaccination,2125,97983.0161,89578.9305,106121.8792
cameroon,Single dose shipments,2024,0.0000,0.0000,0.0000
cameroon,Single dose shipments,2025,0.0000,0.0000,0.0000
cameroon,Single dose shipments,2026,0.0000,0.0000,0.0000
cameroon,Single dose shipments,2027,0.0000,0.0000,0.5120
cameroon,Single dose shipments,2028,0.0000,0.0000,5.6321
cameroon,Single dose shipments,2029,0.0000,0.0000,11.2642
cameroon,Single dose shipments,2030,7.6801,0.0000,31.7445
cameroon,Single dose shipments,2031,17.9203,0.0000,57.8569
cameroon,Single dose shipments,2032,28.1605,0.0000,88.5774
cameroon,Single dose shipments,2033,56.3209,20.4803,140.2903
cameroon,Single dose shipments,2034,107.5218,50.6888,217.6036
cameroon,Single dose shipments,2035,171.5228,90.6255,320.5172
cameroon,Single dose shipments,2036,284.1646,162.3067,470.0237
cameroon,Single dose shipments,2037,430.0870,270.8524,639.4984
cameroon,Single dose shipments,2038,622.0901,433.1591,860.1740
cameroon,Single dose shipments,2039,872.9742,622.6021,1156.6269
cameroon,Single dose shipments,2040,1182.7393,862.7341,1515.0328
cameroon,Single dose shipments,2041,1574.4258,1184.2753,1992.2247
cameroon,Single dose shipments,2042,2048.0336,1562.1375,2594.8587
cameroon,Single dose shipments,2043,2595.8827,2036.7694,3202.1008
cameroon,Single dose shipments,2044,3261.4938,2571.8183,3976.2577
cameroon,Single dose shipments,2045,4019.2664,3236.9173,4827.2159
cameroon,Single dose shipments,2046,4861.5205,3999.2981,5861.9852
cameroon,Single dose shipments,2047,5862.4972,4873.8087,6991.4761
cameroon,Single dose shipments,2048,6960.7556,5825.6326,8231.0488
cameroon,Single dose shipments,2049,8174.2159,6892.6584,9583.2635
cameroon,Single dose shipments,2050,9518.2384,8072.8382,11040.9519
cameroon,Single dose shipments,2051,10997.9432,9473.1816,12653.7790
cameroon,Single dose shipments,2052,12569.8095,10941.6222,14451.9532
cameroon,Single dose shipments,2053,14272.2381,12509.3925,16325.9045
cameroon,Single dose shipments,2054,16015.6274,14151.9161,18184.4955
cameroon,Single dose shipments,2055,17953.5796,16004.8752,20224.3370
cameroon,Single dose shipments,2056,20034.8939,17957.6758,22473.0774
cameroon,Single dose shipments,2057,22190.4493,19897.1642,24789.9148
cameroon,Single dose shipments,2058,24381.8448,21922.1582,27101.6321
cameroon,Single dose shipments,2059,26629.5613,23971.7282,29467.1100
cameroon,Single dose shipments,2060,29007.8392,26149.8118,31996.4297
cameroon,Single dose shipments,2061,31439.8778,28259.7987,34670.1350
cameroon,Single dose shipments,2062,33861.6764,30459.8985,37276.7675
cameroon,Single dose shipments,2063,36234.8343,32762.3997,39819.3992
cameroon,Single dose shipments,2064,38733.4337,35034.1804,42440.8799
cameroon,Single dose shipments,2065,41142.4321,37334.1215,45058.2645
cameroon,Single dose shipments,2066,43571.9107,39606.4144,47702.7855
cameroon,Single dose shipments,2067,46075.6301,41836.7228,50336.0423
cameroon,Single dose shipments,2068,48433.4279,44050.1350,52969.8112
cameroon,Single dose shipments,2069,50724.6650,46226.1708,55476.0906
cameroon,Single dose shipments,2070,53061.9824,48425.2466,57940.8976
cameroon,Single dose shipments,2071,55291.7787,50416.4480,60403.6566
cameroon,Single dose shipments,2072,57521.5749,52484.4505,62775.2786
cameroon,Single dose shipments,2073,59613.1295,54440.3233,65046.0354
cameroon,Single dose shipments,2074,61679.0836,56420.2602,67294.7760
cameroon,Single dose shipments,2075,63668.2368,58225.6026,69402.2028
cameroon,Single dose shipments,2076,65580.5888,60022.7527,71394.4279
cameroon,Single dose shipments,2077,67385.4191,61726.2053,73376.4131
cameroon,Single dose shipments,2078,69162.0889,63394.8413,75211.9638
cameroon,Single dose shipments,2079,70820.9966,64917.0428,76955.8651
cameroon,Single dose shipments,2080,72385.1828,66376.2673,78657.7817
cameroon,Single dose shipments,2081,73800.8865,67702.3695,80158.4788
cameroon,Single dose shipments,2082,75167.9494,68939.3822,81690.9205
cameroon,Single dose shipments,2083,76453.0909,70126.2180,83116.3524
cameroon,Single dose shipments,2084,77625.5905,71216.7963,84420.4382
cameroon,Single dose shipments,2085,78693.1284,72197.8047,85584.7457
cameroon,Single dose shipments,2086,79676.1848,73085.1155,86660.9877
cameroon,Single dose shipments,2087,80649.0011,73969.8663,87685.0048
cameroon,Single dose shipments,2088,81478.4550,74735.8311,88582.0438
cameroon,Single dose shipments,2089,82243.9077,75420.3865,89426.8579
cameroon,Single dose shipments,2090,82917.1989,76006.1242,90167.2223
cameroon,Single dose shipments,2091,83531.6092,76568.8215,90864.0659
cameroon,Single dose shipments,2092,84094.8185,77093.1182,91509.7086
cameroon,Single dose shipments,2093,84588.9067,77517.0612,92074.9660
cameroon,Single dose shipments,2094,85001.0735,77884.1713,92542.4297
cameroon,Single dose shipments,2095,85377.3997,78240.0171,92968.4208
cameroon,Single dose shipments,2096,85697.4049,78501.1414,93373.4194
cameroon,Single dose shipments,2097,85968.7693,78746.3934,93681.6485
cameroon,Single dose shipments,2098,86204.2932,78955.2928,93958.1330
cameroon,Single dose shipments,2099,86398.8563,79107.8712,94194.6808
cameroon,Single dose shipments,2100,86555.0189,79240.4814,94410.2364
cameroon,Single dose shipments,2101,86690.7011,79337.2510,94575.1030
cameroon,Single dose shipments,2102,86803.3429,79427.8765,94718.4654
cameroon,Single dose shipments,2103,86882.7042,79489.3175,94821.8911
cameroon,Single dose shipments,2104,86949.2653,79534.8862,94910.4685
cameroon,Single dose shipments,2105,87008.1463,79570.2148,94992.9019
cameroon,Single dose shipments,2106,87046.5469,79590.1831,95049.7348
cameroon,Single dose shipments,2107,87077.2674,79610.1514,95095.8155
cameroon,Single dose shipments,2108,87097.7477,79620.3916,95126.5360
cameroon,Single dose shipments,2109,87107.9879,79625.5117,95147.0164
cameroon,Single dose shipments,2110,87118.2281,79625.5117,95162.3766
cameroon,Single dose shipments,2111,87123.3482,79625.5117,95172.6168
cameroon,Single dose shipments,2112,87123.3482,79625.5117,95183.3690
cameroon,Single dose shipments,2113,87125.9082,79625.5117,95193.6091
cameroon,Single dose shipments,2114,87125.9082,79625.5117,95199.2412
cameroon,Single dose shipments,2115,87125.9082,79625.5117,95199.7532
cameroon,Single dose shipments,2116,87125.9082,79625.5117,95199.7532
cameroon,Single dose shipments,2117,87125.9082,79625.5117,95199.7532
cameroon,Single dose shipments,2118,87125.9082,79625.5117,95199.7532
cameroon,Single dose shipments,2119,87125.9082,79625.5117,95199.7532
cameroon,Single dose shipments,2120,87125.9082,79625.5117,95199.7532
cameroon,Single dose shipments,2121,87125.9082,79625.5117,95199.7532
cameroon,Single dose shipments,2122,87125.9082,79625.5117,95199.7532
cameroon,Single dose shipments,2123,87125.9082,79625.5117,95199.7532
cameroon,Single dose shipments,2124,87125.9082,79625.5117,95199.7532
cameroon,Single dose shipments,2125,87125.9082,79625.5117,95199.7532
cameroon,Single dose actual,2024,0.0000,0.0000,0.0000
cameroon,Single dose actual,2025,0.0000,0.0000,0.0000
cameroon,Single dose actual,2026,0.0000,0.0000,0.0000
cameroon,Single dose actual,2027,0.0000,0.0000,0.5120
cameroon,Single dose actual,2028,0.0000,0.0000,5.6321
cameroon,Single dose actual,2029,0.0000,0.0000,15.8723
cameroon,Single dose actual,2030,5.1201,0.0000,26.6244
cameroon,Single dose actual,2031,15.3603,4.6081,52.2249
cameroon,Single dose actual,2032,35.8406,14.8482,82.9454
cameroon,Single dose actual,2033,71.6812,40.4487,129.0261
cameroon,Single dose actual,2034,128.0021,86.0174,221.6996
cameroon,Single dose actual,2035,212.4835,147.4584,318.9812
cameroon,Single dose actual,2036,320.0052,224.2597,472.5837
cameroon,Single dose actual,2037,465.9276,331.2694,652.8106
cameroon,Single dose actual,2038,657.9307,483.3359,919.5670
cameroon,Single dose actual,2039,921.6150,705.0355,1226.7720
cameroon,Single dose actual,2040,1236.5002,965.6478,1595.4181
cameroon,Single dose actual,2041,1630.7467,1308.1814,2040.8655
cameroon,Single dose actual,2042,2155.5554,1691.1637,2635.8193
cameroon,Single dose actual,2043,2739.2451,2185.2519,3337.7830
cameroon,Single dose actual,2044,3427.8966,2727.4689,4128.3242
cameroon,Single dose actual,2045,4216.3897,3415.6083,5072.4680
cameroon,Single dose actual,2046,5138.0051,4201.5414,6103.1412
cameroon,Single dose actual,2047,6105.7013,5075.5400,7238.7762
cameroon,Single dose actual,2048,7247.4804,6058.0845,8503.9494
cameroon,Single dose actual,2049,8486.5411,7081.5896,9904.8049
cameroon,Single dose actual,2050,9845.9239,8294.0259,11487.4234
cameroon,Single dose actual,2051,11248.8274,9603.2318,13131.9950
cameroon,Single dose actual,2052,12892.3750,11077.3045,14967.0338
cameroon,Single dose actual,2053,14646.0044,12675.7953,16891.1621
cameroon,Single dose actual,2054,16430.3542,14365.9357,18924.3482
cameroon,Single dose actual,2055,18388.7865,16062.7320,21083.4877
cameroon,Single dose actual,2056,20393.2997,17801.5132,23344.5164
cameroon,Single dose actual,2057,22461.8140,19734.3454,25648.5533
cameroon,Single dose actual,2058,24642.9697,21770.0915,28083.1520
cameroon,Single dose actual,2059,26893.2463,23906.7024,30495.7342
cameroon,Single dose actual,2060,29233.1239,26114.4826,33030.1739
cameroon,Single dose actual,2061,31708.6830,28273.6220,35672.6469
cameroon,Single dose actual,2062,34153.5218,30482.4259,38276.7194
cameroon,Single dose actual,2063,36606.0407,32689.1814,40888.9839
cameroon,Single dose actual,2064,39048.3194,34889.2813,43547.8408
cameroon,Single dose actual,2065,41498.2782,37080.1651,46229.7382
cameroon,Single dose actual,2066,43902.1565,39357.0657,48887.5713
cameroon,Single dose actual,2067,46313.7149,41562.2854,51457.8515
cameroon,Single dose actual,2068,48697.1130,43747.0253,54013.7955
cameroon,Single dose actual,2069,51024.1905,45967.0932,56490.3786
cameroon,Single dose actual,2070,53300.0674,48088.3444,58909.6171
cameroon,Single dose actual,2071,55527.3038,50166.5867,61350.8718
cameroon,Single dose actual,2072,57726.3796,52204.8923,63647.7410
cameroon,Single dose actual,2073,59866.5745,54149.5005,65932.3220
cameroon,Single dose actual,2074,61904.3683,56069.5327,68213.3187
cameroon,Single dose actual,2075,63903.7616,57916.3477,70288.4893
cameroon,Single dose actual,2076,65770.0329,59689.4334,72313.4827
cameroon,Single dose actual,2077,67546.7028,61315.5727,74239.1469
cameroon,Single dose actual,2078,69259.3715,62966.8004,76058.3135
cameroon,Single dose actual,2079,70877.3186,64409.6406,77768.4222
cameroon,Single dose actual,2080,72415.9044,65881.1533,79427.8420
cameroon,Single dose actual,2081,73862.3287,67230.8079,80951.5796
cameroon,Single dose actual,2082,75167.9505,68444.2682,82366.2593
cameroon,Single dose actual,2083,76424.9316,69620.3519,83769.1628
cameroon,Single dose actual,2084,77576.9508,70639.2489,85065.0565
cameroon,Single dose actual,2085,78639.3686,71638.1776,86259.0604
cameroon,Single dose actual,2086,79622.4250,72546.4808,87317.8941
cameroon,Single dose actual,2087,80521.0001,73379.0067,88318.8709
cameroon,Single dose actual,2088,81335.0937,74130.1232,89226.1500
cameroon,Single dose actual,2089,82108.2266,74832.5989,90066.3561
cameroon,Single dose actual,2090,82784.0778,75457.2493,90820.5447
cameroon,Single dose actual,2091,83401.0481,75968.2338,91533.2605
cameroon,Single dose actual,2092,83951.4572,76439.2816,92148.1828
cameroon,Single dose actual,2093,84450.6655,76858.1045,92696.0318
cameroon,Single dose actual,2094,84855.1521,77193.4700,93162.9836
cameroon,Single dose actual,2095,85208.4379,77500.1630,93569.5183
cameroon,Single dose actual,2096,85525.8831,77744.9030,93948.4045
cameroon,Single dose actual,2097,85804.9277,77974.2827,94272.5058
cameroon,Single dose actual,2098,86025.0913,78137.1014,94564.8626
cameroon,Single dose actual,2099,86214.5344,78294.7999,94800.8984
cameroon,Single dose actual,2100,86383.4971,78433.0422,95016.9660
cameroon,Single dose actual,2101,86514.0592,78524.6917,95171.5925
cameroon,Single dose actual,2102,86611.3408,78595.8608,95289.8664
cameroon,Single dose actual,2103,86698.3822,78651.6698,95413.2604
cameroon,Single dose actual,2104,86754.7032,78692.1184,95495.6938
cameroon,Single dose actual,2105,86805.9040,78727.4470,95562.2548
cameroon,Single dose actual,2106,86846.8647,78747.9273,95628.8159
cameroon,Single dose actual,2107,86877.5852,78763.2876,95685.1369
cameroon,Single dose actual,2108,86892.9454,78773.5278,95716.3694
cameroon,Single dose actual,2109,86903.1856,78778.6478,95736.8497
cameroon,Single dose actual,2110,86913.4258,78778.6478,95752.2100
cameroon,Single dose actual,2111,86918.5458,78778.6478,95762.9621
cameroon,Single dose actual,2112,86918.5458,78778.6478,95768.0822
cameroon,Single dose actual,2113,86918.5458,78778.6478,95773.2023
cameroon,Single dose actual,2114,86918.5458,78778.6478,95773.2023
cameroon,Single dose actual,2115,86918.5458,78778.6478,95778.3224
cameroon,Single dose actual,2116,86918.5458,78778.6478,95778.3224
cameroon,Single dose actual,2117,86918.5458,78778.6478,95778.3224
cameroon,Single dose actual,2118,86918.5458,78778.6478,95778.3224
cameroon,Single dose actual,2119,86918.5458,78778.6478,95778.3224
cameroon,Single dose actual,2120,86918.5458,78778.6478,95778.3224
cameroon,Single dose actual,2121,86918.5458,78778.6478,95778.3224
cameroon,Single dose actual,2122,86918.5458,78778.6478,95778.3224
cameroon,Single dose actual,2123,86918.5458,78778.6478,95778.3224
cameroon,Single dose actual,2124,86918.5458,78778.6478,95778.3224
cameroon,Single dose actual,2125,86918.5458,78778.6478,95778.3224
cameroon,Double dose,2024,0.0000,0.0000,0.0000
cameroon,Double dose,2025,0.0000,0.0000,0.0000
cameroon,Double dose,2026,0.0000,0.0000,0.5120
cameroon,Double dose,2027,0.0000,0.0000,5.6321
cameroon,Double dose,2028,0.0000,0.0000,10.7522
cameroon,Double dose,2029,5.1201,0.0000,20.9923
cameroon,Double dose,2030,10.2402,0.0000,36.3526
cameroon,Double dose,2031,20.4803,5.1201,57.3449
cameroon,Double dose,2032,40.9607,10.2402,88.0654
cameroon,Double dose,2033,71.6812,25.0884,144.8984
cameroon,Double dose,2034,120.3220,60.9290,222.7236
cameroon,Double dose,2035,202.2433,122.3700,336.3895
cameroon,Double dose,2036,320.0052,219.1396,481.2879
cameroon,Double dose,2037,481.2879,331.2694,676.3630
cameroon,Double dose,2038,701.4514,479.7518,939.0233
cameroon,Double dose,2039,983.0560,709.1316,1265.1727
cameroon,Double dose,2040,1336.3418,998.9283,1656.8591
cameroon,Double dose,2041,1761.3088,1356.8222,2130.4670
cameroon,Double dose,2042,2304.0378,1808.9256,2786.3499
cameroon,Double dose,2043,2923.5681,2345.5105,3527.2262
cameroon,Double dose,2044,3676.2207,3012.6576,4405.3209
cameroon,Double dose,2045,4492.8743,3698.2371,5363.8010
cameroon,Double dose,2046,5509.2113,4532.2990,6491.2438
cameroon,Double dose,2047,6622.8299,5440.0902,7721.6004
cameroon,Double dose,2048,7861.8907,6537.3245,9135.7681
cameroon,Double dose,2049,9216.1534,7761.5370,10646.7054
cameroon,Double dose,2050,10744.4990,9114.2636,12393.1667
cameroon,Double dose,2051,12441.8075,10601.1366,14271.2138
cameroon,Double dose,2052,14180.0767,12173.5149,16264.9750
cameroon,Double dose,2053,16120.5890,13923.5603,18399.5383
cameroon,Double dose,2054,18155.8228,15781.6395,20657.4948
cameroon,Double dose,2055,20367.6987,17817.3849,23019.9007
cameroon,Double dose,2056,22648.6957,19955.5322,25416.0989
cameroon,Double dose,2057,25009.0533,22257.5213,27878.3459
cameroon,Double dose,2058,27433.4118,24447.8932,30628.3400
cameroon,Double dose,2059,29972.9716,26843.0675,33413.6625
cameroon,Double dose,2060,32630.2927,29286.3702,36228.1693
cameroon,Double dose,2061,35228.7331,31725.0649,39049.8442
cameroon,Double dose,2062,37932.1348,34278.4489,41876.6392
cameroon,Double dose,2063,40645.7765,36903.0016,44705.9942
cameroon,Double dose,2064,43374.7784,39406.2091,47674.1027
cameroon,Double dose,2065,45980.8989,41857.7039,50503.4577
cameroon,Double dose,2066,48653.5802,44315.3428,53285.1962
cameroon,Double dose,2067,51339.0616,46757.6216,56118.1352
cameroon,Double dose,2068,53899.1016,49203.4844,58898.3376
cameroon,Double dose,2069,56436.1014,51593.0265,61718.4765
cameroon,Double dose,2070,58903.9805,53928.8078,64370.1656
cameroon,Double dose,2071,61305.2988,56184.7165,66978.3342
cameroon,Double dose,2072,63657.9765,58351.0238,69474.8855
cameroon,Double dose,2073,65898.0129,60490.7069,71897.1960
cameroon,Double dose,2074,68143.1693,62521.3329,74292.3700
cameroon,Double dose,2075,70278.2443,64497.6858,76571.8309
cameroon,Double dose,2076,72310.9180,66353.2050,78739.1623
cameroon,Double dose,2077,74205.3496,68120.6586,80729.3396
cameroon,Double dose,2078,76043.4602,69778.0304,82737.9488
cameroon,Double dose,2079,77753.5689,71369.8651,84574.0116
cameroon,Double dose,2080,79361.2759,72863.9062,86309.7207
cameroon,Double dose,2081,80835.8606,74218.6809,87846.2585
cameroon,Double dose,2082,82259.2445,75536.0789,89390.9884
cameroon,Double dose,2083,83590.4668,76815.5883,90809.7642
cameroon,Double dose,2084,84793.6869,77915.8947,92085.1775
cameroon,Double dose,2085,85927.7859,78919.4315,93320.1422
cameroon,Double dose,2086,86969.7233,79859.9913,94427.1047
cameroon,Double dose,2087,87904.1389,80723.7497,95523.3150
cameroon,Double dose,2088,88800.1539,81545.0114,96498.6913
cameroon,Double dose,2089,89591.2071,82270.5275,97371.6659
cameroon,Double dose,2090,90274.7385,82883.4017,98142.2388
cameroon,Double dose,2091,90942.9096,83460.9473,98895.4034
cameroon,Double dose,2092,91518.9192,83965.7876,99571.2546
cameroon,Double dose,2093,92005.3272,84411.2350,100104.2555
cameroon,Double dose,2094,92455.8947,84815.2097,100609.6078
cameroon,Double dose,2095,92819.4206,85121.9027,101020.2386
cameroon,Double dose,2096,93147.1060,85422.9636,101380.1805
cameroon,Double dose,2097,93433.8307,85657.4634,101714.5220
cameroon,Double dose,2098,93682.1547,85879.6750,102011.9989
cameroon,Double dose,2099,93881.8380,86048.6378,102244.4507
cameroon,Double dose,2100,94048.2407,86186.3680,102431.3337
cameroon,Double dose,2101,94186.4829,86303.1059,102601.3205
cameroon,Double dose,2102,94294.0047,86394.7554,102735.4666
cameroon,Double dose,2103,94386.1662,86466.4366,102848.6205
cameroon,Double dose,2104,94455.2873,86511.4933,102931.0538
cameroon,Double dose,2105,94503.9281,86536.5818,103003.2470
cameroon,Double dose,2106,94550.0089,86566.7902,103064.6880
cameroon,Double dose,2107,94573.0493,86577.0304,103105.6487
cameroon,Double dose,2108,94588.4095,86586.7586,103137.3932
cameroon,Double dose,2109,94598.6497,86591.8787,103157.8735
cameroon,Double dose,2110,94606.3298,86596.9987,103178.3539
cameroon,Double dose,2111,94611.4499,86596.9987,103188.5941
cameroon,Double dose,2112,94611.4499,86596.9987,103194.2261
cameroon,Double dose,2113,94611.4499,86596.9987,103199.3462
cameroon,Double dose,2114,94611.4499,86596.9987,103204.4663
cameroon,Double dose,2115,94611.4499,86596.9987,103204.9783
cameroon,Double dose,2116,94611.4499,86596.9987,103204.9783
cameroon,Double dose,2117,94611.4499,86596.9987,103204.9783
cameroon,Double dose,2118,94611.4499,86596.9987,103204.9783
cameroon,Double dose,2119,94611.4499,86596.9987,103204.9783
cameroon,Double dose,2120,94611.4499,86596.9987,103204.9783
cameroon,Double dose,2121,94611.4499,86596.9987,103204.9783
cameroon,Double dose,2122,94611.4499,86596.9987,103204.9783
cameroon,Double dose,2123,94611.4499,86596.9987,103204.9783
cameroon,Double dose,2124,94611.4499,86596.9987,103204.9783
cameroon,Double dose,2125,94611.4499,86596.9987,103204.9783
cote divoire,No vaccination,2024,0.0000,0.0000,0.0000
cote divoire,No vaccination,2025,0.0000,0.0000,0.0000
cote divoire,No vaccination,2026,0.0000,0.0000,0.0000
cote divoire,No vaccination,2027,0.0000,0.0000,0.0000
cote divoire,No vaccination,2028,0.0000,0.0000,0.3608
cote divoire,No vaccination,2029,0.0000,0.0000,3.9690
cote divoire,No vaccination,2030,0.0000,0.0000,4.3298
cote divoire,No vaccination,2031,0.0000,0.0000,7.9380
cote divoire,No vaccination,2032,3.6082,0.0000,19.4841
cote divoire,No vaccination,2033,10.8245,0.0000,30.3086
cote divoire,No vaccination,2034,19.8449,3.6082,45.8238
cote divoire,No vaccination,2035,34.2776,14.4327,64.2254
cote divoire,No vaccination,2036,55.9266,28.5046,97.0598
cote divoire,No vaccination,2037,86.5961,46.5454,140.7187
cote divoire,No vaccination,2038,133.5023,79.0189,202.0576
cote divoire,No vaccination,2039,191.2331,124.8427,288.6537
cote divoire,No vaccination,2040,270.6128,182.2126,380.3012
cote divoire,No vaccination,2041,371.6416,257.2626,500.0925
cote divoire,No vaccination,2042,501.5358,357.9306,651.9965
cote divoire,No vaccination,2043,660.2953,487.1031,848.6418
cote divoire,No vaccination,2044,858.7447,649.1100,1078.4823
cote divoire,No vaccination,2045,1107.7084,864.1569,1360.2804
cote divoire,No vaccination,2046,1398.1661,1112.7599,1728.3137
cote divoire,No vaccination,2047,1773.4158,1458.0618,2153.7170
cote divoire,No vaccination,2048,2229.8493,1883.1042,2654.8918
cote divoire,No vaccination,2049,2778.2912,2372.7329,3235.8072
cote divoire,No vaccination,2050,3425.9577,2913.2367,3948.4207
cote divoire,No vaccination,2051,4167.4366,3566.3155,4799.9488
cote divoire,No vaccination,2052,4982.8830,4313.9283,5733.3823
cote divoire,No vaccination,2053,5915.5949,5148.4980,6728.1548
cote divoire,No vaccination,2054,6918.6663,6088.0654,7844.1622
cote divoire,No vaccination,2055,8089.5181,7203.3510,9119.6513
cote divoire,No vaccination,2056,9401.0890,8385.7489,10506.6333
cote divoire,No vaccination,2057,10795.6482,9686.4953,11989.9538
cote divoire,No vaccination,2058,12354.3798,11152.4965,13587.2929
cote divoire,No vaccination,2059,14044.8100,12702.9292,15373.3401
cote divoire,No vaccination,2060,15801.9917,14370.2672,17230.1076
cote divoire,No vaccination,2061,17649.3781,16141.5208,19182.8527
cote divoire,No vaccination,2062,19653.7203,18035.0919,21273.0692
cote divoire,No vaccination,2063,21667.0825,19953.5591,23431.8405
cote divoire,No vaccination,2064,23772.4530,21983.5188,25627.0543
cote divoire,No vaccination,2065,25917.5134,24019.2519,27939.8940
cote divoire,No vaccination,2066,28073.3983,26104.4167,30258.1460
cote divoire,No vaccination,2067,30306.8587,28237.9308,32623.3036
cote divoire,No vaccination,2068,32583.6170,30353.7652,34955.9883
cote divoire,No vaccination,2069,34818.8814,32475.0120,37359.3928
cote divoire,No vaccination,2070,37059.5582,34617.5466,39729.9631
cote divoire,No vaccination,2071,39276.7814,36701.9898,42077.8021
cote divoire,No vaccination,2072,41432.6665,38742.7739,44368.9930
cote divoire,No vaccination,2073,43552.4698,40774.8986,46653.3284
cote divoire,No vaccination,2074,45605.5216,42709.9631,48854.3155
cote divoire,No vaccination,2075,47548.5247,44582.2459,50976.6445
cote divoire,No vaccination,2076,49446.4253,46421.6943,52978.1000
cote divoire,No vaccination,2077,51273.9660,48148.9281,54909.9179
cote divoire,No vaccination,2078,53052.7968,49812.6578,56800.2415
cote divoire,No vaccination,2079,54671.0634,51363.4514,58562.4747
cote divoire,No vaccination,2080,56246.0318,52846.0503,60195.5349
cote divoire,No vaccination,2081,57709.1465,54228.7024,61755.7097
cote divoire,No vaccination,2082,59058.6034,55522.5932,63165.7841
cote divoire,No vaccination,2083,60301.6188,56672.5176,64482.0456
cote divoire,No vaccination,2084,61490.5114,57785.6384,65727.2259
cote divoire,No vaccination,2085,62578.3750,58785.8231,66882.9233
cote divoire,No vaccination,2086,63568.8177,59697.6076,67911.2519
cote divoire,No vaccination,2087,64461.8397,60523.5177,68887.2621
cote divoire,No vaccination,2088,65284.5025,61272.2130,69785.3355
cote divoire,No vaccination,2089,66031.3936,61946.2191,70591.4007
cote divoire,No vaccination,2090,66709.7296,62512.7018,71298.9628
cote divoire,No vaccination,2091,67297.8613,63055.7313,71937.9697
cote divoire,No vaccination,2092,67803.0051,63515.7730,72507.3389
cote divoire,No vaccination,2093,68266.6549,63901.1256,73031.2452
cote divoire,No vaccination,2094,68654.5332,64234.5205,73465.6688
cote divoire,No vaccination,2095,68977.4644,64533.2770,73831.1765
cote divoire,No vaccination,2096,69271.5303,64767.8081,74158.0767
cote divoire,No vaccination,2097,69509.6696,64961.9277,74454.6683
cote divoire,No vaccination,2098,69709.9230,65130.4293,74672.2410
cote divoire,No vaccination,2099,69868.6826,65266.8181,74853.3712
cote divoire,No vaccination,2100,69993.1645,65371.4551,75019.3470
cote divoire,No vaccination,2101,70097.8014,65454.4430,75149.2412
cote divoire,No vaccination,2102,70173.5730,65508.5656,75247.3834
cote divoire,No vaccination,2103,70234.9119,65559.0800,75334.3403
cote divoire,No vaccination,2104,70287.2304,65591.5535,75403.6172
cote divoire,No vaccination,2105,70319.7039,65616.0891,75447.2761
cote divoire,No vaccination,2106,70341.3530,65630.1610,75480.1105
cote divoire,No vaccination,2107,70357.5897,65637.3773,75502.4811
cote divoire,No vaccination,2108,70368.4143,65640.9855,75524.1301
cote divoire,No vaccination,2109,70379.2388,65644.5936,75542.8926
cote divoire,No vaccination,2110,70382.8469,65644.5936,75550.1090
cote divoire,No vaccination,2111,70382.8469,65644.5936,75554.0780
cote divoire,No vaccination,2112,70382.8469,65644.5936,75561.2943
cote divoire,No vaccination,2113,70382.8469,65644.5936,75564.9025
cote divoire,No vaccination,2114,70382.8469,65644.5936,75564.9025
cote divoire,No vaccination,2115,70382.8469,65644.5936,75565.2633
cote divoire,No vaccination,2116,70382.8469,65644.5936,75565.2633
cote divoire,No vaccination,2117,70382.8469,65644.5936,75565.2633
cote divoire,No vaccination,2118,70382.8469,65644.5936,75565.2633
cote divoire,No vaccination,2119,70382.8469,65644.5936,75565.2633
cote divoire,No vaccination,2120,70382.8469,65644.5936,75565.2633
cote divoire,No vaccination,2121,70382.8469,65644.5936,75565.2633
cote divoire,No vaccination,2122,70382.8469,65644.5936,75565.2633
cote divoire,No vaccination,2123,70382.8469,65644.5936,75565.2633
cote divoire,No vaccination,2124,70382.8469,65644.5936,75565.2633
cote divoire,No vaccination,2125,70382.8469,65644.5936,75565.2633
cote divoire,Single dose shipments,2024,0.0000,0.0000,0.0000
cote divoire,Single dose shipments,2025,0.0000,0.0000,0.0000
cote divoire,Single dose shipments,2026,0.0000,0.0000,0.0000
cote divoire,Single dose shipments,2027,0.0000,0.0000,0.0000
cote divoire,Single dose shipments,2028,0.0000,0.0000,0.0000
cote divoire,Single dose shipments,2029,0.0000,0.0000,3.9690
cote divoire,Single dose shipments,2030,0.0000,0.0000,11.1853
cote divoire,Single dose shipments,2031,0.0000,0.0000,15.1543
cote divoire,Single dose shipments,2032,3.6082,0.0000,22.7315
cote divoire,Single dose shipments,2033,10.8245,3.6082,33.5560
cote divoire,Single dose shipments,2034,23.4531,7.2163,51.5968
cote divoire,Single dose shipments,2035,41.4940,14.4327,76.8540
cote divoire,Single dose shipments,2036,55.9266,21.2882,100.3072
cote divoire,Single dose shipments,2037,84.7920,35.7209,143.6052
cote divoire,Single dose shipments,2038,129.8942,57.3699,201.6968
cote divoire,Single dose shipments,2039,180.4085,93.0908,270.2520
cote divoire,Single dose shipments,2040,236.3352,135.6672,357.2089
cote divoire,Single dose shipments,2041,322.9313,203.8617,465.8149
cote divoire,Single dose shipments,2042,427.5683,293.7051,607.2552
cote divoire,Single dose shipments,2043,573.6992,394.0123,788.0245
cote divoire,Single dose shipments,2044,736.0669,537.2567,990.4429
cote divoire,Single dose shipments,2045,957.9694,713.6962,1254.2002
cote divoire,Single dose shipments,2046,1208.7372,925.1350,1545.7403
cote divoire,Single dose shipments,2047,1517.2358,1191.0572,1887.7949
cote divoire,Single dose shipments,2048,1894.2895,1520.8439,2314.2806
cote divoire,Single dose shipments,2049,2321.8577,1904.3924,2783.3427
cote divoire,Single dose shipments,2050,2819.7852,2368.0423,3327.8155
cote divoire,Single dose shipments,2051,3371.8352,2880.0416,3944.0909
cote divoire,Single dose shipments,2052,4035.7384,3502.0901,4662.4776
cote divoire,Single dose shipments,2053,4775.4132,4175.0138,5484.0578
cote divoire,Single dose shipments,2054,5598.0760,4946.4405,6376.7191
cote divoire,Single dose shipments,2055,6528.9838,5792.9171,7376.1822
cote divoire,Single dose shipments,2056,7532.0552,6687.3824,8480.2825
cote divoire,Single dose shipments,2057,8645.1761,7718.2368,9642.1138
cote divoire,Single dose shipments,2058,9828.6564,8802.8531,10981.4677
cote divoire,Single dose shipments,2059,11113.1659,9989.5808,12324.7906
cote divoire,Single dose shipments,2060,12482.4678,11295.3786,13848.5228
cote divoire,Single dose shipments,2061,13958.2111,12650.6086,15384.8836
cote divoire,Single dose shipments,2062,15484.4690,14077.2806,17020.8303
cote divoire,Single dose shipments,2063,17079.2824,15585.1367,18788.4758
cote divoire,Single dose shipments,2064,18802.1864,17091.9104,20614.2129
cote divoire,Single dose shipments,2065,20548.5436,18711.6203,22415.0534
cote divoire,Single dose shipments,2066,22309.3335,20396.6384,24311.8715
cote divoire,Single dose shipments,2067,24073.7316,22030.7810,26211.9373
cote divoire,Single dose shipments,2068,25885.0360,23730.9534,28126.0745
cote divoire,Single dose shipments,2069,27784.7409,25426.7960,30083.1492
cote divoire,Single dose shipments,2070,29684.4459,27186.1424,32118.8822
cote divoire,Single dose shipments,2071,31544.4605,28909.7675,34069.1013
cote divoire,Single dose shipments,2072,33292.6218,30581.7961,35912.8793
cote divoire,Single dose shipments,2073,35006.5053,32234.3404,37736.4515
cote divoire,Single dose shipments,2074,36714.9766,33858.7410,39512.7565
cote divoire,Single dose shipments,2075,38376.5414,35351.8036,41295.9172
cote divoire,Single dose shipments,2076,39991.1998,36870.8451,43013.4089
cote divoire,Single dose shipments,2077,41506.6332,38302.9294,44656.2112
cote divoire,Single dose shipments,2078,42933.6660,39607.6447,46211.3345
cote divoire,Single dose shipments,2079,44302.9679,40918.8548,47675.8925
cote divoire,Single dose shipments,2080,45601.9101,42140.9428,49077.3072
cote divoire,Single dose shipments,2081,46835.9051,43284.7331,50411.9705
cote divoire,Single dose shipments,2082,47988.7158,44315.2266,51679.5215
cote divoire,Single dose shipments,2083,49035.0853,45315.4114,52807.0751
cote divoire,Single dose shipments,2084,50021.9199,46242.3502,53889.1656
cote divoire,Single dose shipments,2085,50931.1787,47075.1159,54903.4222
cote divoire,Single dose shipments,2086,51757.4496,47850.5116,55857.7831
cote divoire,Single dose shipments,2087,52524.1857,48533.8989,56689.1054
cote divoire,Single dose shipments,2088,53224.1706,49187.3385,57439.9656
cote divoire,Single dose shipments,2089,53855.6004,49764.2849,58135.6207
cote divoire,Single dose shipments,2090,54414.8667,50275.2017,58755.1435
cote divoire,Single dose shipments,2091,54921.8146,50750.7585,59316.5748
cote divoire,Single dose shipments,2092,55374.6399,51142.6058,59800.7912
cote divoire,Single dose shipments,2093,55757.1060,51470.2277,60224.7512
cote divoire,Single dose shipments,2094,56094.4699,51768.2625,60593.1453
cote divoire,Single dose shipments,2095,56392.1439,52016.8655,60933.0350
cote divoire,Single dose shipments,2096,56651.9322,52218.9230,61221.6886
cote divoire,Single dose shipments,2097,56861.2061,52401.8573,61475.7038
cote divoire,Single dose shipments,2098,57039.8105,52556.2870,61681.7303
cote divoire,Single dose shipments,2099,57169.7047,52671.3877,61863.2213
cote divoire,Single dose shipments,2100,57283.3621,52757.9838,62012.5996
cote divoire,Single dose shipments,2101,57378.9786,52829.7864,62124.8137
cote divoire,Single dose shipments,2102,57443.9257,52873.0844,62204.5543
cote divoire,Single dose shipments,2103,57499.8524,52916.3825,62269.8622
cote divoire,Single dose shipments,2104,57543.1504,52940.9180,62327.9537
cote divoire,Single dose shipments,2105,57572.0158,52962.2063,62364.0355
cote divoire,Single dose shipments,2106,57593.6648,52976.6389,62393.2616
cote divoire,Single dose shipments,2107,57606.2934,52980.2471,62414.9107
cote divoire,Single dose shipments,2108,57617.1179,52983.8553,62436.5597
cote divoire,Single dose shipments,2109,57622.5302,52983.8553,62447.7450
cote divoire,Single dose shipments,2110,57626.1383,52983.8553,62458.5695
cote divoire,Single dose shipments,2111,57626.1383,52983.8553,62465.7859
cote divoire,Single dose shipments,2112,57626.1383,52983.8553,62469.3940
cote divoire,Single dose shipments,2113,57626.1383,52983.8553,62473.0022
cote divoire,Single dose shipments,2114,57626.1383,52983.8553,62473.0022
cote divoire,Single dose shipments,2115,57626.1383,52983.8553,62476.6104
cote divoire,Single dose shipments,2116,57626.1383,52983.8553,62476.6104
cote divoire,Single dose shipments,2117,57626.1383,52983.8553,62476.6104
cote divoire,Single dose shipments,2118,57626.1383,52983.8553,62476.6104
cote divoire,Single dose shipments,2119,57626.1383,52983.8553,62476.6104
cote divoire,Single dose shipments,2120,57626.1383,52983.8553,62476.6104
cote divoire,Single dose shipments,2121,57626.1383,52983.8553,62476.6104
cote divoire,Single dose shipments,2122,57626.1383,52983.8553,62476.6104
cote divoire,Single dose shipments,2123,57626.1383,52983.8553,62476.6104
cote divoire,Single dose shipments,2124,57626.1383,52983.8553,62476.6104
cote divoire,Single dose shipments,2125,57626.1383,52983.8553,62476.6104
cote divoire,Single dose actual,2024,0.0000,0.0000,0.0000
cote divoire,Single dose actual,2025,0.0000,0.0000,0.0000
cote divoire,Single dose actual,2026,0.0000,0.0000,0.0000
cote divoire,Single dose actual,2027,0.0000,0.0000,0.0000
cote divoire,Single dose actual,2028,0.0000,0.0000,3.6082
cote divoire,Single dose actual,2029,0.0000,0.0000,7.2163
cote divoire,Single dose actual,2030,0.0000,0.0000,11.1853
cote divoire,Single dose actual,2031,0.0000,0.0000,18.7625
cote divoire,Single dose actual,2032,1.8041,0.0000,26.3396
cote divoire,Single dose actual,2033,9.0204,0.0000,33.9168
cote divoire,Single dose actual,2034,16.2368,3.2474,48.7103
cote divoire,Single dose actual,2035,27.0613,10.1029,67.1120
cote divoire,Single dose actual,2036,41.4940,20.5666,92.3692
cote divoire,Single dose actual,2037,70.3593,38.6074,143.2444
cote divoire,Single dose actual,2038,106.4410,63.1430,198.4494
cote divoire,Single dose actual,2039,158.7595,94.5341,270.6128
cote divoire,Single dose actual,2040,216.4903,130.2550,350.7142
cote divoire,Single dose actual,2041,303.0864,187.6249,452.1038
cote divoire,Single dose actual,2042,398.7029,256.1801,587.0494
cote divoire,Single dose actual,2043,528.5971,346.0236,738.9534
cote divoire,Single dose actual,2044,685.5525,468.3406,926.9391
cote divoire,Single dose actual,2045,871.3733,615.1932,1150.6457
cote divoire,Single dose actual,2046,1118.5330,827.7144,1443.2683
cote divoire,Single dose actual,2047,1399.9702,1056.8332,1773.4159
cote divoire,Single dose actual,2048,1717.4892,1326.7244,2192.3244
cote divoire,Single dose actual,2049,2103.5634,1661.2018,2625.6657
cote divoire,Single dose actual,2050,2572.6255,2086.9658,3135.8609
cote divoire,Single dose actual,2051,3110.2429,2541.9561,3731.9306
cote divoire,Single dose actual,2052,3707.3950,3025.0900,4389.3391
cote divoire,Single dose actual,2053,4355.0615,3587.6037,5136.9519
cote divoire,Single dose actual,2054,5091.1281,4259.8058,5949.8726
cote divoire,Single dose actual,2055,5888.5337,4999.1198,6837.4824
cote divoire,Single dose actual,2056,6745.4740,5724.0011,7864.3677
cote divoire,Single dose actual,2057,7743.1330,6620.6314,8932.0254
cote divoire,Single dose actual,2058,8829.1925,7626.2284,10130.6601
cote divoire,Single dose actual,2059,9994.6321,8690.6388,11384.1393
cote divoire,Single dose actual,2060,11255.6884,9845.2537,12738.2868
cote divoire,Single dose actual,2061,12579.8879,11074.9188,14168.2061
cote divoire,Single dose actual,2062,13949.1898,12335.9752,15645.0319
cote divoire,Single dose actual,2063,15428.5413,13717.9057,17201.9594
cote divoire,Single dose actual,2064,16924.1296,15100.9186,18798.2161
cote divoire,Single dose actual,2065,18473.8408,16547.0748,20488.6464
cote divoire,Single dose actual,2066,20016.3355,17988.1796,22165.3656
cote divoire,Single dose actual,2067,21641.8185,19527.0661,23862.2906
cote divoire,Single dose actual,2068,23296.1669,21091.2100,25634.6267
cote divoire,Single dose actual,2069,24919.8458,22657.1579,27399.0248
cote divoire,Single dose actual,2070,26538.1125,24201.0959,29107.8569
cote divoire,Single dose actual,2071,28185.2445,25697.4059,30848.0801
cote divoire,Single dose actual,2072,29772.8415,27221.8597,32525.8818
cote divoire,Single dose actual,2073,31356.8304,28713.4790,34242.2911
cote divoire,Single dose actual,2074,32897.5210,30187.4183,35874.6296
cote divoire,Single dose actual,2075,34411.1503,31617.6984,37441.2992
cote divoire,Single dose actual,2076,35858.0281,32992.0518,38989.9278
cote divoire,Single dose actual,2077,37292.2773,34321.3028,40496.3407
cote divoire,Single dose actual,2078,38630.9096,35569.3696,41943.2185
cote divoire,Single dose actual,2079,39843.2555,36687.1812,43294.4795
cote divoire,Single dose actual,2080,41041.1686,37814.3740,44622.6480
cote divoire,Single dose actual,2081,42183.1548,38894.6603,45814.0664
cote divoire,Single dose actual,2082,43261.9979,39868.5054,46931.1562
cote divoire,Single dose actual,2083,44275.8937,40795.4442,47997.0099
cote divoire,Single dose actual,2084,45201.3893,41685.2189,49029.3074
cote divoire,Single dose actual,2085,46078.1745,42508.9641,49948.6692
cote divoire,Single dose actual,2086,46866.5596,43251.5254,50774.2184
cote divoire,Single dose actual,2087,47584.5855,43911.8205,51574.5105
cote divoire,Single dose actual,2088,48230.4479,44511.4984,52292.8971
cote divoire,Single dose actual,2089,48851.0531,45090.9705,52970.5114
cote divoire,Single dose actual,2090,49385.0622,45576.6301,53544.5713
cote divoire,Single dose actual,2091,49861.3407,46016.8269,54067.0343
cote divoire,Single dose actual,2092,50254.6312,46365.0153,54526.7151
cote divoire,Single dose actual,2093,50622.6646,46696.2453,54952.8400
cote divoire,Single dose actual,2094,50941.9876,46992.8369,55328.8114
cote divoire,Single dose actual,2095,51219.8168,47227.3680,55631.8977
cote divoire,Single dose actual,2096,51475.9969,47428.3431,55913.3350
cote divoire,Single dose actual,2097,51670.8381,47593.9582,56134.8766
cote divoire,Single dose actual,2098,51815.1649,47709.4196,56323.2231
cote divoire,Single dose actual,2099,51955.8836,47816.2215,56486.6733
cote divoire,Single dose actual,2100,52064.1287,47903.9001,56624.1446
cote divoire,Single dose actual,2101,52147.1167,47965.2390,56725.5342
cote divoire,Single dose actual,2102,52219.2801,48019.0007,56812.1303
cote divoire,Single dose actual,2103,52269.7945,48054.3608,56877.0774
cote divoire,Single dose actual,2104,52307.6803,48079.2572,56927.9526
cote divoire,Single dose actual,2105,52332.9375,48093.3290,56971.2506
cote divoire,Single dose actual,2106,52352.7824,48100.1846,57000.1160
cote divoire,Single dose actual,2107,52365.4110,48103.7927,57021.7650
cote divoire,Single dose actual,2108,52372.6273,48107.0401,57040.1667
cote divoire,Single dose actual,2109,52379.8437,48110.6483,57051.3520
cote divoire,Single dose actual,2110,52383.4519,48110.6483,57058.9292
cote divoire,Single dose actual,2111,52383.4519,48110.6483,57066.1455
cote divoire,Single dose actual,2112,52383.4519,48110.6483,57070.1145
cote divoire,Single dose actual,2113,52383.4519,48110.6483,57073.7227
cote divoire,Single dose actual,2114,52383.4519,48110.6483,57077.3309
cote divoire,Single dose actual,2115,52383.4519,48110.6483,57077.3309
cote divoire,Single dose actual,2116,52383.4519,48110.6483,57077.3309
cote divoire,Single dose actual,2117,52383.4519,48110.6483,57077.3309
cote divoire,Single dose actual,2118,52383.4519,48110.6483,57077.3309
cote divoire,Single dose actual,2119,52383.4519,48110.6483,57077.3309
cote divoire,Single dose actual,2120,52383.4519,48110.6483,57077.3309
cote divoire,Single dose actual,2121,52383.4519,48110.6483,57077.3309
cote divoire,Single dose actual,2122,52383.4519,48110.6483,57077.3309
cote divoire,Single dose actual,2123,52383.4519,48110.6483,57077.3309
cote divoire,Single dose actual,2124,52383.4519,48110.6483,57077.3309
cote divoire,Single dose actual,2125,52383.4519,48110.6483,57077.3309
cote divoire,Double dose,2024,0.0000,0.0000,0.0000
cote divoire,Double dose,2025,0.0000,0.0000,0.0000
cote divoire,Double dose,2026,0.0000,0.0000,0.0000
cote divoire,Double dose,2027,0.0000,0.0000,0.0000
cote divoire,Double dose,2028,0.0000,0.0000,3.6082
cote divoire,Double dose,2029,0.0000,0.0000,3.9690
cote divoire,Double dose,2030,0.0000,0.0000,7.9380
cote divoire,Double dose,2031,3.6082,0.0000,15.1543
cote divoire,Double dose,2032,7.2163,0.0000,22.3707
cote divoire,Double dose,2033,12.6286,3.6082,33.1952
cote divoire,Double dose,2034,19.8449,7.2163,51.2360
cote divoire,Double dose,2035,34.2776,14.0719,76.4932
cote divoire,Double dose,2036,55.9266,24.5356,108.9668
cote divoire,Double dose,2037,88.4002,45.8238,149.0175
cote divoire,Double dose,2038,133.5023,78.2973,203.5008
cote divoire,Double dose,2039,191.2331,121.5954,283.6022
cote divoire,Double dose,2040,270.6128,175.7179,377.7755
cote divoire,Double dose,2041,360.8171,237.0568,508.0305
cote divoire,Double dose,2042,490.7113,341.3330,667.5116
cote divoire,Double dose,2043,654.8830,456.7945,867.4043
cote divoire,Double dose,2044,860.5488,641.8936,1118.1721
cote divoire,Double dose,2045,1109.5125,843.9512,1407.5474
cote divoire,Double dose,2046,1403.5784,1094.7190,1737.6950
cote divoire,Double dose,2047,1771.6118,1434.2478,2147.9439
cote divoire,Double dose,2048,2195.5717,1801.5596,2671.4894
cote divoire,Double dose,2049,2697.1074,2243.1996,3211.6324
cote divoire,Double dose,2050,3305.0840,2793.8063,3879.8655
cote divoire,Double dose,2051,3972.5954,3387.3503,4678.3535
cote divoire,Double dose,2052,4751.9601,4068.5727,5537.4587
cote divoire,Double dose,2053,5637.7658,4866.3391,6516.7162
cote divoire,Double dose,2054,6615.5799,5735.1864,7612.8785
cote divoire,Double dose,2055,7723.2885,6749.0823,8782.2870
cote divoire,Double dose,2056,8886.9239,7840.9149,10077.6210
cote divoire,Double dose,2057,10166.0211,9062.6420,11496.3550
cote divoire,Double dose,2058,11569.6008,10359.0585,12969.9334
cote divoire,Double dose,2059,13063.3850,11761.5557,14554.2831
cote divoire,Double dose,2060,14701.4966,13276.6282,16284.7643
cote divoire,Double dose,2061,16409.9679,14867.8335,18104.3676
cote divoire,Double dose,2062,18233.9010,16561.1503,20046.2882
cote divoire,Double dose,2063,20039.7933,18272.8689,21891.5097
cote divoire,Double dose,2064,21977.3839,20079.8436,23947.8094
cote divoire,Double dose,2065,23940.2318,21926.5083,26095.0348
cote divoire,Double dose,2066,25899.4716,23823.6876,28213.0338
cote divoire,Double dose,2067,27972.3685,25731.6913,30358.8161
cote divoire,Double dose,2068,30065.1106,27737.8373,32542.1231
cote divoire,Double dose,2069,32134.3995,29735.6843,34720.0179
cote divoire,Double dose,2070,34216.3171,31686.9861,36892.5004
cote divoire,Double dose,2071,36300.0386,33668.2357,39059.5708
cote divoire,Double dose,2072,38336.8540,35604.0224,41241.7954
cote divoire,Double dose,2073,40323.1551,37489.2945,43276.8068
cote divoire,Double dose,2074,42226.4682,39324.4130,45284.3959
cote divoire,Double dose,2075,44118.9567,41053.4509,47263.8417
cote divoire,Double dose,2076,45903.1998,42718.6239,49171.4846
cote divoire,Double dose,2077,47609.8670,44344.8285,50980.9850
cote divoire,Double dose,2078,49271.4318,45849.4373,52727.7030
cote divoire,Double dose,2079,50831.9675,47302.8099,54366.8971
cote divoire,Double dose,2080,52311.3190,48694.8433,55926.7111
cote divoire,Double dose,2081,53677.0126,49917.6529,57348.6925
cote divoire,Double dose,2082,54961.5222,51094.9994,58723.7675
cote divoire,Double dose,2083,56148.6107,52176.0074,60034.6167
cote divoire,Double dose,2084,57236.4742,53185.2127,61219.9012
cote divoire,Double dose,2085,58264.8027,54121.5328,62348.1764
cote divoire,Double dose,2086,59201.1228,54960.7931,63354.8559
cote divoire,Double dose,2087,60027.3937,55745.2092,64288.2894
cote divoire,Double dose,2088,60783.3053,56448.0807,65154.6110
cote divoire,Double dose,2089,61481.4862,57082.3970,65898.2548
cote divoire,Double dose,2090,62078.6383,57660.4258,66553.1376
cote divoire,Double dose,2091,62621.6679,58141.3949,67141.6301
cote divoire,Double dose,2092,63121.3994,58559.2210,67690.4328
cote divoire,Double dose,2093,63552.5757,58938.0788,68149.3920
cote divoire,Double dose,2094,63898.9601,59237.1961,68553.1463
cote divoire,Double dose,2095,64202.0464,59499.1493,68921.5404
cote divoire,Double dose,2096,64454.6183,59736.9277,69229.6782
cote divoire,Double dose,2097,64674.7167,59927.4392,69497.7652
cote divoire,Double dose,2098,64867.7538,60089.8068,69728.6881
cote divoire,Double dose,2099,65019.2970,60201.2993,69909.4575
cote divoire,Double dose,2100,65145.5830,60295.1118,70057.7533
cote divoire,Double dose,2101,65243.0036,60370.1617,70177.1838
cote divoire,Double dose,2102,65322.3834,60434.7480,70282.1816
cote divoire,Double dose,2103,65380.1141,60484.9016,70362.6438
cote divoire,Double dose,2104,65428.8244,60524.5915,70421.0962
cote divoire,Double dose,2105,65461.2980,60545.8797,70460.7860
cote divoire,Double dose,2106,65482.9470,60559.9515,70497.5894
cote divoire,Double dose,2107,65497.3797,60566.8071,70519.5992
cote divoire,Double dose,2108,65506.4001,60570.0544,70541.6091
cote divoire,Double dose,2109,65510.0083,60570.0544,70552.7944
cote divoire,Double dose,2110,65513.6165,60570.0544,70563.6189
cote divoire,Double dose,2111,65515.4205,60570.0544,70567.5879
cote divoire,Double dose,2112,65515.4205,60570.0544,70571.1961
cote divoire,Double dose,2113,65515.4205,60570.0544,70574.8042
cote divoire,Double dose,2114,65515.4205,60570.0544,70578.4124
cote divoire,Double dose,2115,65515.4205,60570.0544,70578.4124
cote divoire,Double dose,2116,65515.4205,60570.0544,70578.4124
cote divoire,Double dose,2117,65515.4205,60570.0544,70578.4124
cote divoire,Double dose,2118,65515.4205,60570.0544,70578.4124
cote divoire,Double dose,2119,65515.4205,60570.0544,70578.4124
cote divoire,Double dose,2120,65515.4205,60570.0544,70578.4124
cote divoire,Double dose,2121,65515.4205,60570.0544,70578.4124
cote divoire,Double dose,2122,65515.4205,60570.0544,70578.4124
cote divoire,Double dose,2123,65515.4205,60570.0544,70578.4124
cote divoire,Double dose,2124,65515.4205,60570.0544,70578.4124
cote divoire,Double dose,2125,65515.4205,60570.0544,70578.4124
ethiopia,No vaccination,2024,0.0000,0.0000,0.0000
ethiopia,No vaccination,2025,0.0000,0.0000,0.0000
ethiopia,No vaccination,2026,0.0000,0.0000,0.0000
ethiopia,No vaccination,2027,0.0000,0.0000,0.0000
ethiopia,No vaccination,2028,0.0000,0.0000,0.0000
ethiopia,No vaccination,2029,0.0000,0.0000,21.1200
ethiopia,No vaccination,2030,0.0000,0.0000,42.2400
ethiopia,No vaccination,2031,21.1200,0.0000,65.4720
ethiopia,No vaccination,2032,42.2400,0.0000,128.8320
ethiopia,No vaccination,2033,84.4800,0.0000,194.3040
ethiopia,No vaccination,2034,126.7200,19.0080,280.8960
ethiopia,No vaccination,2035,200.6400,61.2480,388.6080
ethiopia,No vaccination,2036,306.2400,103.4880,591.3600
ethiopia,No vaccination,2037,475.2000,206.9760,868.0320
ethiopia,No vaccination,2038,707.5200,346.3680,1186.9441
ethiopia,No vaccination,2039,982.0800,555.4560,1611.4561
ethiopia,No vaccination,2040,1362.2401,764.5440,2059.2001
ethiopia,No vaccination,2041,1784.6401,1017.9840,2654.7841
ethiopia,No vaccination,2042,2312.6401,1396.0321,3341.1841
ethiopia,No vaccination,2043,2956.8001,1957.8241,4126.8481
ethiopia,No vaccination,2044,3717.1201,2566.0801,5121.6001
ethiopia,No vaccination,2045,4561.9201,3360.1921,6190.2721
ethiopia,No vaccination,2046,5470.0801,4097.2800,7415.2320
ethiopia,No vaccination,2047,6663.3601,5066.6880,8874.6239
ethiopia,No vaccination,2048,8110.0800,6327.5520,10631.8077
ethiopia,No vaccination,2049,9820.7998,7799.6159,12513.5996
ethiopia,No vaccination,2050,11637.1196,9417.4077,14568.5753
ethiopia,No vaccination,2051,13801.9194,11463.9355,16919.2310
ethiopia,No vaccination,2052,16315.1990,13863.1672,19677.5026
ethiopia,No vaccination,2053,19166.3986,16353.2149,22856.0621
ethiopia,No vaccination,2054,22439.9981,19367.0384,26450.6856
ethiopia,No vaccination,2055,25998.7176,22568.8299,30271.2930
ethiopia,No vaccination,2056,30095.9970,26300.7333,34708.6044
ethiopia,No vaccination,2057,34510.0764,30433.9167,39595.7718
ethiopia,No vaccination,2058,39547.1957,35249.2760,44949.6910
ethiopia,No vaccination,2059,45006.7149,40353.9792,51085.0501
ethiopia,No vaccination,2060,51099.8340,46035.2583,57708.2811
ethiopia,No vaccination,2061,57625.9130,52086.1374,64559.6080
ethiopia,No vaccination,2062,64553.2722,58525.6244,72048.7589
ethiopia,No vaccination,2063,71829.1113,65157.3037,79956.0862
ethiopia,No vaccination,2064,79432.3106,72017.0786,88182.3276
ethiopia,No vaccination,2065,87172.7895,79356.2780,96615.5450
ethiopia,No vaccination,2066,95546.8704,86748.2777,105923.1338
ethiopia,No vaccination,2067,104174.3926,94858.3591,115304.6430
ethiopia,No vaccination,2068,112928.6347,103213.4324,124700.9362
ethiopia,No vaccination,2069,121767.3574,111329.8486,134190.1587
ethiopia,No vaccination,2070,130922.8818,119910.9060,144141.9110
ethiopia,No vaccination,2071,140215.6867,128246.9708,153947.9346
ethiopia,No vaccination,2072,149371.2109,136840.6998,163644.1335
ethiopia,No vaccination,2073,158463.3755,145540.0295,173129.1312
ethiopia,No vaccination,2074,167629.4595,154220.3513,182871.7949
ethiopia,No vaccination,2075,176457.6224,162689.4725,192132.9196
ethiopia,No vaccination,2076,185285.7845,171110.0182,201391.9321
ethiopia,No vaccination,2077,193744.3453,179000.4500,210287.6787
ethiopia,No vaccination,2078,201938.9072,186648.0012,219162.3059
ethiopia,No vaccination,2079,209932.8277,194035.7762,227673.6679
ethiopia,No vaccination,2080,217599.3872,201015.9351,236111.1088
ethiopia,No vaccination,2081,224769.6262,207793.3420,244083.9097
ethiopia,No vaccination,2082,231950.4250,214275.0690,251704.0055
ethiopia,No vaccination,2083,238666.5840,220351.2921,258732.7404
ethiopia,No vaccination,2084,244907.5430,226262.7792,265467.9078
ethiopia,No vaccination,2085,250926.7421,231409.7225,272061.5707
ethiopia,No vaccination,2086,256576.3413,236537.6577,278279.2978
ethiopia,No vaccination,2087,261782.4206,241380.4731,283857.0890
ethiopia,No vaccination,2088,266618.8999,245657.2724,289115.9683
ethiopia,No vaccination,2089,271128.0193,249902.3918,294172.0956
ethiopia,No vaccination,2090,275225.2987,253697.6553,298630.5270
ethiopia,No vaccination,2091,278931.8582,257260.5987,302727.8064
ethiopia,No vaccination,2092,282321.6176,260363.1263,306432.2538
ethiopia,No vaccination,2093,285489.6172,263277.6858,310026.8772
ethiopia,No vaccination,2094,288245.7768,265801.5255,313154.7487
ethiopia,No vaccination,2095,290822.4164,268122.6132,316155.9003
ethiopia,No vaccination,2096,293124.4961,270190.2610,318675.5160
ethiopia,No vaccination,2097,295331.5359,272084.7248,321214.1396
ethiopia,No vaccination,2098,297084.4957,273634.9327,323250.1074
ethiopia,No vaccination,2099,298679.0556,274986.6126,325115.0032
ethiopia,No vaccination,2100,299988.4955,276186.2285,326658.8751
ethiopia,No vaccination,2101,301128.9755,277199.9885,327991.5470
ethiopia,No vaccination,2102,302111.0554,277958.1965,329098.2350
ethiopia,No vaccination,2103,302945.2954,278612.9165,330050.7469
ethiopia,No vaccination,2104,303504.9754,279115.5725,330838.5229
ethiopia,No vaccination,2105,303959.0555,279514.7406,331434.1070
ethiopia,No vaccination,2106,304402.5755,279831.5406,331962.1070
ethiopia,No vaccination,2107,304698.2555,280038.5166,332388.7310
ethiopia,No vaccination,2108,304898.8955,280205.3646,332665.4030
ethiopia,No vaccination,2109,305067.8555,280332.0846,332897.7230
ethiopia,No vaccination,2110,305194.5755,280374.3246,333068.7950
ethiopia,No vaccination,2111,305300.1755,280437.6846,333199.7390
ethiopia,No vaccination,2112,305363.5355,280456.6926,333286.3310
ethiopia,No vaccination,2113,305384.6555,280456.6926,333370.8110
ethiopia,No vaccination,2114,305384.6555,280456.6926,333413.0511
ethiopia,No vaccination,2115,305384.6555,280456.6926,333436.2831
ethiopia,No vaccination,2116,305384.6555,280456.6926,333436.2831
ethiopia,No vaccination,2117,305384.6555,280456.6926,333436.2831
ethiopia,No vaccination,2118,305384.6555,280456.6926,333436.2831
ethiopia,No vaccination,2119,305384.6555,280456.6926,333436.2831
ethiopia,No vaccination,2120,305384.6555,280456.6926,333436.2831
ethiopia,No vaccination,2121,305384.6555,280456.6926,333436.2831
ethiopia,No vaccination,2122,305384.6555,280456.6926,333436.2831
ethiopia,No vaccination,2123,305384.6555,280456.6926,333436.2831
ethiopia,No vaccination,2124,305384.6555,280456.6926,333436.2831
ethiopia,No vaccination,2125,305384.6555,280456.6926,333436.2831
ethiopia,Single dose shipments,2024,0.0000,0.0000,0.0000
ethiopia,Single dose shipments,2025,0.0000,0.0000,0.0000
ethiopia,Single dose shipments,2026,0.0000,0.0000,0.0000
ethiopia,Single dose shipments,2027,0.0000,0.0000,0.0000
ethiopia,Single dose shipments,2028,0.0000,0.0000,0.0000
ethiopia,Single dose shipments,2029,0.0000,0.0000,2.1120
ethiopia,Single dose shipments,2030,0.0000,0.0000,23.2320
ethiopia,Single dose shipments,2031,0.0000,0.0000,23.2320
ethiopia,Single dose shipments,2032,0.0000,0.0000,25.3440
ethiopia,Single dose shipments,2033,0.0000,0.0000,46.4640
ethiopia,Single dose shipments,2034,0.0000,0.0000,69.6960
ethiopia,Single dose shipments,2035,0.0000,0.0000,111.9360
ethiopia,Single dose shipments,2036,10.5600,0.0000,154.1760
ethiopia,Single dose shipments,2037,31.6800,0.0000,196.4160
ethiopia,Single dose shipments,2038,52.8000,0.0000,283.0080
ethiopia,Single dose shipments,2039,84.4800,0.0000,367.4880
ethiopia,Single dose shipments,2040,116.1600,19.0080,454.0800
ethiopia,Single dose shipments,2041,168.9600,38.0160,540.6720
ethiopia,Single dose shipments,2042,221.7600,38.0160,648.3840
ethiopia,Single dose shipments,2043,295.6800,78.1440,777.2160
ethiopia,Single dose shipments,2044,380.1600,120.3840,929.2800
ethiopia,Single dose shipments,2045,485.7600,181.6320,1079.2320
ethiopia,Single dose shipments,2046,612.4800,266.1120,1250.3040
ethiopia,Single dose shipments,2047,781.4400,350.5920,1526.9761
ethiopia,Single dose shipments,2048,960.9600,492.0960,1780.4161
ethiopia,Single dose shipments,2049,1161.6000,635.7120,2038.0801
ethiopia,Single dose shipments,2050,1436.1601,846.9120,2420.3521
ethiopia,Single dose shipments,2051,1742.4001,1075.0080,2863.8721
ethiopia,Single dose shipments,2052,2080.3201,1328.4480,3290.4961
ethiopia,Single dose shipments,2053,2481.6001,1643.1361,3841.7282
ethiopia,Single dose shipments,2054,2935.6801,1997.9521,4376.0642
ethiopia,Single dose shipments,2055,3453.1201,2439.3601,5121.6002
ethiopia,Single dose shipments,2056,3981.1202,2880.7681,5755.2002
ethiopia,Single dose shipments,2057,4572.4802,3345.4081,6536.6402
ethiopia,Single dose shipments,2058,5280.0002,3890.3042,7404.6722
ethiopia,Single dose shipments,2059,5998.0802,4481.6642,8382.5282
ethiopia,Single dose shipments,2060,6916.8002,5193.4082,9461.7601
ethiopia,Single dose shipments,2061,7898.8802,5993.8562,10566.3361
ethiopia,Single dose shipments,2062,8944.3201,6815.4242,11778.6241
ethiopia,Single dose shipments,2063,10137.6001,7786.9442,13140.8640
ethiopia,Single dose shipments,2064,11309.7600,8861.9521,14581.2479
ethiopia,Single dose shipments,2065,12661.4399,9932.7361,16186.3677
ethiopia,Single dose shipments,2066,14087.0398,11136.5760,17730.2396
ethiopia,Single dose shipments,2067,15565.4397,12359.4240,19457.8555
ethiopia,Single dose shipments,2068,17107.1996,13742.7839,21316.4153
ethiopia,Single dose shipments,2069,18733.4395,15115.5838,23170.7511
ethiopia,Single dose shipments,2070,20528.6393,16762.9437,25261.6309
ethiopia,Single dose shipments,2071,22207.6792,18237.1196,27168.7667
ethiopia,Single dose shipments,2072,24055.6790,19857.0234,29217.4064
ethiopia,Single dose shipments,2073,25903.6788,21514.9433,31289.2782
ethiopia,Single dose shipments,2074,27730.5586,23141.1831,33635.7099
ethiopia,Single dose shipments,2075,29631.3584,24788.5430,35644.2217
ethiopia,Single dose shipments,2076,31542.7182,26520.3828,37781.5654
ethiopia,Single dose shipments,2077,33538.5580,28273.3427,40032.9572
ethiopia,Single dose shipments,2078,35523.8378,30066.4305,42313.9169
ethiopia,Single dose shipments,2079,37509.1176,31796.1584,44548.4126
ethiopia,Single dose shipments,2080,39462.7174,33502.6542,46708.9883
ethiopia,Single dose shipments,2081,41469.1171,35340.0940,48865.3401
ethiopia,Single dose shipments,2082,43359.3570,37067.7099,51104.0598
ethiopia,Single dose shipments,2083,45133.4368,38582.0138,53218.1716
ethiopia,Single dose shipments,2084,46854.7166,39997.0537,55184.4434
ethiopia,Single dose shipments,2085,48597.1165,41517.6936,57233.0831
ethiopia,Single dose shipments,2086,50265.5963,42970.7495,59142.3309
ethiopia,Single dose shipments,2087,51912.9562,44436.4774,61087.4827
ethiopia,Single dose shipments,2088,53401.9161,45813.5013,62819.3226
ethiopia,Single dose shipments,2089,54827.5160,47099.7092,64386.4264
ethiopia,Single dose shipments,2090,56200.3159,48292.9892,66021.1143
ethiopia,Single dose shipments,2091,57488.6359,49410.2371,67607.2262
ethiopia,Single dose shipments,2092,58681.9158,50423.9971,69024.3781
ethiopia,Single dose shipments,2093,59780.1558,51382.8451,70295.8020
ethiopia,Single dose shipments,2094,60688.3158,52185.4050,71486.9700
ethiopia,Single dose shipments,2095,61638.7157,52985.8530,72587.3220
ethiopia,Single dose shipments,2096,62483.5157,53744.0610,73630.6499
ethiopia,Single dose shipments,2097,63233.2757,54392.4451,74570.4899
ethiopia,Single dose shipments,2098,63898.5558,54983.8051,75396.2819
ethiopia,Single dose shipments,2099,64468.7958,55465.3411,76093.2419
ethiopia,Single dose shipments,2100,64996.7958,55822.2691,76705.7219
ethiopia,Single dose shipments,2101,65471.9958,56200.3171,77254.8419
ethiopia,Single dose shipments,2102,65820.4758,56472.7651,77704.6980
ethiopia,Single dose shipments,2103,66105.5959,56702.9731,78086.9700
ethiopia,Single dose shipments,2104,66316.7959,56829.6931,78405.8820
ethiopia,Single dose shipments,2105,66559.6759,56954.3011,78722.6820
ethiopia,Single dose shipments,2106,66718.0759,57057.7891,78976.1220
ethiopia,Single dose shipments,2107,66887.0359,57140.1572,79250.6820
ethiopia,Single dose shipments,2108,67013.7559,57201.4052,79421.7540
ethiopia,Single dose shipments,2109,67087.6759,57222.5252,79529.4660
ethiopia,Single dose shipments,2110,67140.4759,57241.5332,79613.9460
ethiopia,Single dose shipments,2111,67161.5959,57241.5332,79677.3060
ethiopia,Single dose shipments,2112,67172.1559,57241.5332,79719.5460
ethiopia,Single dose shipments,2113,67193.2759,57241.5332,79740.6660
ethiopia,Single dose shipments,2114,67193.2759,57241.5332,79742.7780
ethiopia,Single dose shipments,2115,67193.2759,57241.5332,79763.8980
ethiopia,Single dose shipments,2116,67193.2759,57241.5332,79763.8980
ethiopia,Single dose shipments,2117,67193.2759,57241.5332,79763.8980
ethiopia,Single dose shipments,2118,67193.2759,57241.5332,79763.8980
ethiopia,Single dose shipments,2119,67193.2759,57241.5332,79763.8980
ethiopia,Single dose shipments,2120,67193.2759,57241.5332,79763.8980
ethiopia,Single dose shipments,2121,67193.2759,57241.5332,79763.8980
ethiopia,Single dose shipments,2122,67193.2759,57241.5332,79763.8980
ethiopia,Single dose shipments,2123,67193.2759,57241.5332,79763.8980
ethiopia,Single dose shipments,2124,67193.2759,57241.5332,79763.8980
ethiopia,Single dose shipments,2125,67193.2759,57241.5332,79763.8980
ethiopia,Single dose actual,2024,0.0000,0.0000,0.0000
ethiopia,Single dose actual,2025,0.0000,0.0000,0.0000
ethiopia,Single dose actual,2026,0.0000,0.0000,0.0000
ethiopia,Single dose actual,2027,0.0000,0.0000,0.0000
ethiopia,Single dose actual,2028,0.0000,0.0000,0.0000
ethiopia,Single dose actual,2029,0.0000,0.0000,0.0000
ethiopia,Single dose actual,2030,0.0000,0.0000,21.1200
ethiopia,Single dose actual,2031,0.0000,0.0000,42.2400
ethiopia,Single dose actual,2032,0.0000,0.0000,63.3600
ethiopia,Single dose actual,2033,21.1200,0.0000,105.6000
ethiopia,Single dose actual,2034,42.2400,0.0000,190.0800
ethiopia,Single dose actual,2035,84.4800,0.0000,253.4400
ethiopia,Single dose actual,2036,147.8400,21.1200,361.1520
ethiopia,Single dose actual,2037,200.6400,42.2400,508.9920
ethiopia,Single dose actual,2038,285.1200,84.4800,656.8320
ethiopia,Single dose actual,2039,411.8400,126.7200,806.7840
ethiopia,Single dose actual,2040,559.6800,211.2000,1020.0960
ethiopia,Single dose actual,2041,739.2000,314.6880,1279.8721
ethiopia,Single dose actual,2042,971.5200,462.5280,1681.1521
ethiopia,Single dose actual,2043,1256.6400,652.6080,2042.3041
ethiopia,Single dose actual,2044,1584.0001,884.9280,2466.8161
ethiopia,Single dose actual,2045,1932.4801,1136.2560,2933.5681
ethiopia,Single dose actual,2046,2354.8801,1429.8241,3510.1442
ethiopia,Single dose actual,2047,2882.8801,1828.9921,4166.9762
ethiopia,Single dose actual,2048,3463.6801,2251.3921,4910.4002
ethiopia,Single dose actual,2049,4171.2002,2775.1681,5717.1842
ethiopia,Single dose actual,2050,4942.0802,3408.7681,6646.4641
ethiopia,Single dose actual,2051,5797.4401,4061.3761,7729.9201
ethiopia,Single dose actual,2052,6747.8401,4863.9361,9092.1600
ethiopia,Single dose actual,2053,7909.4401,5850.2401,10410.0480
ethiopia,Single dose actual,2054,9240.0000,6883.0081,11956.0319
ethiopia,Single dose actual,2055,10750.0799,8186.1120,13778.6877
ethiopia,Single dose actual,2056,12365.7597,9679.2959,15586.5595
ethiopia,Single dose actual,2057,14203.1996,11345.6637,17679.5513
ethiopia,Single dose actual,2058,16251.8393,13052.1596,20030.2070
ethiopia,Single dose actual,2059,18511.6790,15001.5354,22714.5586
ethiopia,Single dose actual,2060,20887.6787,17022.7192,25491.8382
ethiopia,Single dose actual,2061,23506.5584,19316.3509,28435.9658
ethiopia,Single dose actual,2062,26262.7180,21802.1745,31595.5173
ethiopia,Single dose actual,2063,29346.2375,24562.5582,35150.0128
ethiopia,Single dose actual,2064,32609.2770,27447.5497,38892.4762
ethiopia,Single dose actual,2065,36104.6365,30619.7732,42721.5316
ethiopia,Single dose actual,2066,39800.6359,34007.4207,46630.8430
ethiopia,Single dose actual,2067,43633.9153,37344.3802,50687.9945
ethiopia,Single dose actual,2068,47636.1547,40955.8997,54943.6739
ethiopia,Single dose actual,2069,51627.8341,44603.3231,59188.7932
ethiopia,Single dose actual,2070,55630.0736,48273.9786,63687.3526
ethiopia,Single dose actual,2071,59759.0330,52046.0100,68483.7040
ethiopia,Single dose actual,2072,63750.7124,55858.1694,73130.1033
ethiopia,Single dose actual,2073,67795.1919,59469.6888,77970.8066
ethiopia,Single dose actual,2074,72061.4313,63241.7203,82646.7740
ethiopia,Single dose actual,2075,76232.6308,66891.2558,87164.3414
ethiopia,Single dose actual,2076,80530.5501,70762.5512,91882.5488
ethiopia,Single dose actual,2077,84596.1496,74395.1907,96275.5082
ethiopia,Single dose actual,2078,88714.5490,78038.3901,100905.0116
ethiopia,Single dose actual,2079,92611.1884,81753.3976,105186.0349
ethiopia,Single dose actual,2080,96381.1079,85174.8371,109471.2824
ethiopia,Single dose actual,2081,100224.9473,88754.6765,113745.9698
ethiopia,Single dose actual,2082,103804.7867,92036.7240,117617.2652
ethiopia,Single dose actual,2083,107289.5862,95187.8275,121509.6807
ethiopia,Single dose actual,2084,110626.5456,98271.3471,125057.8402
ethiopia,Single dose actual,2085,113868.4651,101352.7546,128593.3276
ethiopia,Single dose actual,2086,116835.8247,103882.9303,131765.5512
ethiopia,Single dose actual,2087,119813.7442,106535.6019,135020.1427
ethiopia,Single dose actual,2088,122527.6639,108934.8336,138067.7582
ethiopia,Single dose actual,2089,125030.3835,111078.5133,140918.9578
ethiopia,Single dose actual,2090,127353.5832,113236.9771,143476.5894
ethiopia,Single dose actual,2091,129455.0230,115004.7209,145833.5811
ethiopia,Single dose actual,2092,131493.1028,116795.6967,148017.3889
ethiopia,Single dose actual,2093,133277.7426,118271.9846,150087.1486
ethiopia,Single dose actual,2094,134925.1024,119640.5605,151966.8284
ethiopia,Single dose actual,2095,136445.7423,120926.7685,153749.3563
ethiopia,Single dose actual,2096,137807.9822,122065.1364,155250.9882
ethiopia,Single dose actual,2097,139022.3822,123076.7844,156625.9001
ethiopia,Single dose actual,2098,140099.5021,123940.5924,158005.0360
ethiopia,Single dose actual,2099,141071.0221,124743.1524,159147.6279
ethiopia,Single dose actual,2100,141873.5821,125414.7684,160123.3719
ethiopia,Single dose actual,2101,142507.1821,125940.6564,160993.5159
ethiopia,Single dose actual,2102,143066.8622,126424.3045,161753.8359
ethiopia,Single dose actual,2103,143584.3022,126783.3445,162457.1319
ethiopia,Single dose actual,2104,143932.7822,127011.4405,163006.2519
ethiopia,Single dose actual,2105,144260.1422,127286.0005,163451.8840
ethiopia,Single dose actual,2106,144492.4622,127429.6165,163747.5640
ethiopia,Single dose actual,2107,144682.5422,127535.2165,164045.3560
ethiopia,Single dose actual,2108,144809.2622,127617.5845,164279.7880
ethiopia,Single dose actual,2109,144946.5422,127680.9445,164490.9880
ethiopia,Single dose actual,2110,145031.0222,127721.0725,164617.7080
ethiopia,Single dose actual,2111,145073.2622,127740.0805,164702.1880
ethiopia,Single dose actual,2112,145115.5023,127740.0805,164765.5480
ethiopia,Single dose actual,2113,145136.6223,127740.0805,164807.7880
ethiopia,Single dose actual,2114,145136.6223,127740.0805,164828.9080
ethiopia,Single dose actual,2115,145136.6223,127740.0805,164850.0280
ethiopia,Single dose actual,2116,145136.6223,127740.0805,164850.0280
ethiopia,Single dose actual,2117,145136.6223,127740.0805,164850.0280
ethiopia,Single dose actual,2118,145136.6223,127740.0805,164850.0280
ethiopia,Single dose actual,2119,145136.6223,127740.0805,164850.0280
ethiopia,Single dose actual,2120,145136.6223,127740.0805,164850.0280
ethiopia,Single dose actual,2121,145136.6223,127740.0805,164850.0280
ethiopia,Single dose actual,2122,145136.6223,127740.0805,164850.0280
ethiopia,Single dose actual,2123,145136.6223,127740.0805,164850.0280
ethiopia,Single dose actual,2124,145136.6223,127740.0805,164850.0280
ethiopia,Single dose actual,2125,145136.6223,127740.0805,164850.0280
ethiopia,Double dose,2024,0.0000,0.0000,0.0000
ethiopia,Double dose,2025,0.0000,0.0000,0.0000
ethiopia,Double dose,2026,0.0000,0.0000,0.0000
ethiopia,Double dose,2027,0.0000,0.0000,0.0000
ethiopia,Double dose,2028,0.0000,0.0000,0.0000
ethiopia,Double dose,2029,0.0000,0.0000,2.1120
ethiopia,Double dose,2030,0.0000,0.0000,25.3440
ethiopia,Double dose,2031,0.0000,0.0000,46.4640
ethiopia,Double dose,2032,0.0000,0.0000,67.5840
ethiopia,Double dose,2033,10.5600,0.0000,109.8240
ethiopia,Double dose,2034,42.2400,0.0000,194.3040
ethiopia,Double dose,2035,84.4800,0.0000,261.8880
ethiopia,Double dose,2036,147.8400,19.0080,411.8400
ethiopia,Double dose,2037,211.2000,40.1280,582.9120
ethiopia,Double dose,2038,316.8000,103.4880,794.1120
ethiopia,Double dose,2039,432.9600,185.8560,1007.4240
ethiopia,Double dose,2040,644.1600,329.4720,1260.8640
ethiopia,Double dose,2041,876.4800,454.0800,1558.6561
ethiopia,Double dose,2042,1172.1600,620.9280,1981.0561
ethiopia,Double dose,2043,1446.7201,853.2480,2447.8081
ethiopia,Double dose,2044,1795.2001,1104.5760,2895.5521
ethiopia,Double dose,2045,2249.2801,1374.9120,3489.0241
ethiopia,Double dose,2046,2682.2401,1712.8321,4103.6162
ethiopia,Double dose,2047,3284.1601,2156.3521,4868.1602
ethiopia,Double dose,2048,4012.8002,2701.2481,5755.2001
ethiopia,Double dose,2049,4815.3601,3313.7281,6796.4161
ethiopia,Double dose,2050,5776.3201,4137.4081,7941.1201
ethiopia,Double dose,2051,6811.2001,5001.2161,9195.6480
ethiopia,Double dose,2052,7972.8000,6010.7521,10547.3279
ethiopia,Double dose,2053,9313.9200,7231.4881,12141.8878
ethiopia,Double dose,2054,10771.1999,8386.7520,13920.1917
ethiopia,Double dose,2055,12439.6797,9863.0399,15928.7034
ethiopia,Double dose,2056,14393.2795,11552.6398,18025.9192
ethiopia,Double dose,2057,16621.4392,13430.2076,20511.7429
ethiopia,Double dose,2058,18997.4389,15599.2313,23048.2545
ethiopia,Double dose,2059,21479.0386,17791.4871,26002.9421
ethiopia,Double dose,2060,24298.5582,20205.5028,29073.7896
ethiopia,Double dose,2061,27308.1577,22902.5264,32412.8611
ethiopia,Double dose,2062,30676.7972,25935.3579,36064.5086
ethiopia,Double dose,2063,34267.1967,29137.1494,40066.7479
ethiopia,Double dose,2064,38015.9961,32607.1649,44362.5553
ethiopia,Double dose,2065,41838.7156,36182.7803,48641.4667
ethiopia,Double dose,2066,45925.4350,39887.2278,53051.3221
ethiopia,Double dose,2067,50202.2343,43477.6273,57636.4735
ethiopia,Double dose,2068,54605.7537,47355.2587,62354.6809
ethiopia,Double dose,2069,59019.8331,51450.4261,67239.7362
ethiopia,Double dose,2070,63634.5525,55803.2574,72464.8235
ethiopia,Double dose,2071,68291.5119,60151.8649,77472.3749
ethiopia,Double dose,2072,73096.3112,64523.7042,82585.5262
ethiopia,Double dose,2073,77922.2305,68994.8076,87787.3814
ethiopia,Double dose,2074,82621.4299,73231.4789,92904.7568
ethiopia,Double dose,2075,87373.4292,77634.9983,98022.1321
ethiopia,Double dose,2076,92188.7885,82011.0618,103221.8753
ethiopia,Double dose,2077,96877.4279,86338.5491,108313.9067
ethiopia,Double dose,2078,101418.2273,90497.0765,113298.2259
ethiopia,Double dose,2079,105800.6266,94564.7879,118126.2573
ethiopia,Double dose,2080,110214.7061,98550.1314,122787.4407
ethiopia,Double dose,2081,114480.9454,102476.3388,127330.3521
ethiopia,Double dose,2082,118546.5449,106111.0903,131847.9195
ethiopia,Double dose,2083,122274.2243,109486.0658,135894.5108
ethiopia,Double dose,2084,126023.0237,112715.3133,140143.8542
ethiopia,Double dose,2085,129571.1832,115841.0728,144158.7656
ethiopia,Double dose,2086,132823.6627,118776.7524,147835.7571
ethiopia,Double dose,2087,135928.3022,121560.3680,151286.7646
ethiopia,Double dose,2088,138895.6618,124181.3596,154406.1881
ethiopia,Double dose,2089,141725.7414,126730.5433,157597.4196
ethiopia,Double dose,2090,144344.6210,129068.5270,160326.1232
ethiopia,Double dose,2091,146868.4607,131408.6227,163075.9468
ethiopia,Double dose,2092,148980.4604,133421.3584,165422.3785
ethiopia,Double dose,2093,150986.8602,135129.9663,167730.7942
ethiopia,Double dose,2094,152739.8200,136732.9742,169669.6100
ethiopia,Double dose,2095,154355.4999,138179.6941,171534.5059
ethiopia,Double dose,2096,155812.7798,139436.3340,173164.9697
ethiopia,Double dose,2097,157101.0997,140466.9900,174647.5936
ethiopia,Double dose,2098,158262.6997,141417.3900,175916.9056
ethiopia,Double dose,2099,159234.2197,142196.7180,177101.7375
ethiopia,Double dose,2100,159994.5397,142849.3260,178043.6895
ethiopia,Double dose,2101,160786.5397,143520.9420,179019.4335
ethiopia,Double dose,2102,161430.6997,144025.7100,179805.0975
ethiopia,Double dose,2103,161958.6997,144445.9980,180459.8175
ethiopia,Double dose,2104,162381.0997,144781.8060,181032.1695
ethiopia,Double dose,2105,162740.1397,145012.0141,181435.5616
ethiopia,Double dose,2106,162993.5798,145221.1021,181794.6016
ethiopia,Double dose,2107,163204.7798,145326.7021,182096.6176
ethiopia,Double dose,2108,163363.1798,145430.1901,182333.1616
ethiopia,Double dose,2109,163468.7798,145491.4381,182546.4736
ethiopia,Double dose,2110,163553.2598,145531.5661,182673.1936
ethiopia,Double dose,2111,163595.4998,145552.6861,182780.9056
ethiopia,Double dose,2112,163616.6198,145552.6861,182844.2656
ethiopia,Double dose,2113,163637.7398,145552.6861,182909.7376
ethiopia,Double dose,2114,163637.7398,145552.6861,182930.8576
ethiopia,Double dose,2115,163637.7398,145552.6861,182951.9776
ethiopia,Double dose,2116,163637.7398,145552.6861,182951.9776
ethiopia,Double dose,2117,163637.7398,145552.6861,182951.9776
ethiopia,Double dose,2118,163637.7398,145552.6861,182951.9776
ethiopia,Double dose,2119,163637.7398,145552.6861,182951.9776
ethiopia,Double dose,2120,163637.7398,145552.6861,182951.9776
ethiopia,Double dose,2121,163637.7398,145552.6861,182951.9776
ethiopia,Double dose,2122,163637.7398,145552.6861,182951.9776
ethiopia,Double dose,2123,163637.7398,145552.6861,182951.9776
ethiopia,Double dose,2124,163637.7398,145552.6861,182951.9776
ethiopia,Double dose,2125,163637.7398,145552.6861,182951.9776
gambia,No vaccination,2024,0.0000,0.0000,0.0000
gambia,No vaccination,2025,0.0000,0.0000,0.0000
gambia,No vaccination,2026,0.0000,0.0000,0.3927
gambia,No vaccination,2027,0.0000,0.0000,0.7854
gambia,No vaccination,2028,0.3927,0.0000,1.9636
gambia,No vaccination,2029,1.1781,0.3534,3.5737
gambia,No vaccination,2030,2.1599,0.7069,5.9692
gambia,No vaccination,2031,4.5162,2.2385,9.1502
gambia,No vaccination,2032,8.2469,4.5554,15.0408
gambia,No vaccination,2033,13.5485,8.0506,21.4420
gambia,No vaccination,2034,21.2064,13.9412,31.8489
gambia,No vaccination,2035,32.9877,22.1882,46.8504
gambia,No vaccination,2036,48.4998,34.5978,68.4888
gambia,No vaccination,2037,70.0989,52.8982,96.0571
gambia,No vaccination,2038,96.0178,75.8325,127.7489
gambia,No vaccination,2039,129.7910,103.9113,166.7058
gambia,No vaccination,2040,171.6147,139.1768,214.3809
gambia,No vaccination,2041,223.6489,180.3329,274.3872
gambia,No vaccination,2042,285.5009,234.4877,346.1355
gambia,No vaccination,2043,354.0289,295.6721,425.3060
gambia,No vaccination,2044,430.6076,368.2058,514.7263
gambia,No vaccination,2045,517.2004,443.9990,609.8410
gambia,No vaccination,2046,614.0037,532.6339,720.4677
gambia,No vaccination,2047,721.9993,630.8510,836.8673
gambia,No vaccination,2048,833.1365,730.8745,963.1633
gambia,No vaccination,2049,954.4843,838.3988,1096.0960
gambia,No vaccination,2050,1088.2025,954.6414,1236.4903
gambia,No vaccination,2051,1223.0988,1079.2487,1386.1919
gambia,No vaccination,2052,1362.7077,1206.9191,1536.6003
gambia,No vaccination,2053,1505.6546,1342.7186,1692.7423
gambia,No vaccination,2054,1654.2958,1479.7749,1848.4916
gambia,No vaccination,2055,1805.8824,1618.9125,2013.3519
gambia,No vaccination,2056,1959.6289,1764.5691,2173.8923
gambia,No vaccination,2057,2111.4118,1909.6367,2336.1999
gambia,No vaccination,2058,2264.3729,2054.1544,2500.3532
gambia,No vaccination,2059,2414.5850,2195.4127,2657.2021
gambia,No vaccination,2060,2561.4590,2330.0341,2817.9389
gambia,No vaccination,2061,2707.3512,2467.3653,2972.7849
gambia,No vaccination,2062,2849.5127,2595.1928,3126.0602
gambia,No vaccination,2063,2989.7107,2724.9839,3279.7674
gambia,No vaccination,2064,3124.9997,2853.5968,3422.8714
gambia,No vaccination,2065,3256.5580,2980.0105,3563.6977
gambia,No vaccination,2066,3385.3673,3097.5883,3702.7567
gambia,No vaccination,2067,3511.2312,3211.1604,3837.6531
gambia,No vaccination,2068,3627.2774,3321.0410,3963.9097
gambia,No vaccination,2069,3745.0908,3427.8191,4092.2478
gambia,No vaccination,2070,3857.6025,3529.0208,4210.4538
gambia,No vaccination,2071,3965.2054,3631.4399,4326.7356
gambia,No vaccination,2072,4062.7941,3722.4310,4435.5559
gambia,No vaccination,2073,4160.1865,3810.6732,4542.4519
gambia,No vaccination,2074,4248.9392,3888.1944,4637.4880
gambia,No vaccination,2075,4334.1575,3968.8965,4729.4217
gambia,No vaccination,2076,4416.0378,4043.4331,4816.6035
gambia,No vaccination,2077,4490.6528,4112.4716,4897.1093
gambia,No vaccination,2078,4562.7153,4175.8159,4974.0807
gambia,No vaccination,2079,4630.2616,4234.6833,5044.8079
gambia,No vaccination,2080,4690.5427,4293.0401,5110.5084
gambia,No vaccination,2081,4748.0749,4345.2707,5173.8134
gambia,No vaccination,2082,4801.8763,4393.0243,5236.0189
gambia,No vaccination,2083,4853.3214,4436.9687,5294.4935
gambia,No vaccination,2084,4899.8576,4478.1641,5343.6217
gambia,No vaccination,2085,4944.4303,4517.3566,5394.3206
gambia,No vaccination,2086,4985.4686,4552.6613,5441.2496
gambia,No vaccination,2087,5021.9908,4584.8244,5482.7591
gambia,No vaccination,2088,5055.1748,4612.6283,5523.3262
gambia,No vaccination,2089,5085.0209,4636.9371,5558.1204
gambia,No vaccination,2090,5112.5107,4661.5994,5588.8697
gambia,No vaccination,2091,5135.4842,4681.0778,5616.4380
gambia,No vaccination,2092,5157.2797,4700.5563,5641.3751
gambia,No vaccination,2093,5177.3080,4716.6182,5664.2309
gambia,No vaccination,2094,5194.7836,4731.5019,5685.1231
gambia,No vaccination,2095,5210.0993,4743.2833,5703.3449
gambia,No vaccination,2096,5223.6479,4753.8865,5719.1319
gambia,No vaccination,2097,5234.2511,4762.0941,5733.3088
gambia,No vaccination,2098,5243.8725,4769.9091,5744.6974
gambia,No vaccination,2099,5251.7267,4775.2892,5754.9471
gambia,No vaccination,2100,5258.7955,4779.9232,5763.2333
gambia,No vaccination,2101,5264.2935,4782.6722,5770.7734
gambia,No vaccination,2102,5268.4169,4785.7746,5777.4888
gambia,No vaccination,2103,5271.7550,4788.0916,5781.8478
gambia,No vaccination,2104,5275.0930,4790.3693,5785.7750
gambia,No vaccination,2105,5276.6639,4791.9009,5789.3094
gambia,No vaccination,2106,5278.0383,4792.6863,5791.7049
gambia,No vaccination,2107,5279.2165,4793.0790,5793.7470
gambia,No vaccination,2108,5280.1983,4793.4325,5795.7105
gambia,No vaccination,2109,5280.5910,4793.7859,5797.3207
gambia,No vaccination,2110,5280.9837,4793.7859,5798.1454
gambia,No vaccination,2111,5280.9837,4793.7859,5798.5381
gambia,No vaccination,2112,5280.9837,4793.7859,5798.9700
gambia,No vaccination,2113,5280.9837,4793.7859,5799.3628
gambia,No vaccination,2114,5280.9837,4793.7859,5799.4020
gambia,No vaccination,2115,5280.9837,4793.7859,5799.7947
gambia,No vaccination,2116,5280.9837,4793.7859,5799.7947
gambia,No vaccination,2117,5280.9837,4793.7859,5799.7947
gambia,No vaccination,2118,5280.9837,4793.7859,5799.7947
gambia,No vaccination,2119,5280.9837,4793.7859,5799.7947
gambia,No vaccination,2120,5280.9837,4793.7859,5799.7947
gambia,No vaccination,2121,5280.9837,4793.7859,5799.7947
gambia,No vaccination,2122,5280.9837,4793.7859,5799.7947
gambia,No vaccination,2123,5280.9837,4793.7859,5799.7947
gambia,No vaccination,2124,5280.9837,4793.7859,5799.7947
gambia,No vaccination,2125,5280.9837,4793.7859,5799.7947
gambia,Single dose shipments,2024,0.0000,0.0000,0.0000
gambia,Single dose shipments,2025,0.0000,0.0000,0.0000
gambia,Single dose shipments,2026,0.0000,0.0000,0.3927
gambia,Single dose shipments,2027,0.0000,0.0000,0.7854
gambia,Single dose shipments,2028,0.3927,0.0000,1.5708
gambia,Single dose shipments,2029,0.7854,0.0000,2.7490
gambia,Single dose shipments,2030,1.5708,0.3534,4.7125
gambia,Single dose shipments,2031,3.1417,1.1389,7.4615
gambia,Single dose shipments,2032,5.8907,2.7097,12.1740
gambia,Single dose shipments,2033,10.2105,5.4194,17.3186
gambia,Single dose shipments,2034,15.7084,10.0141,25.5655
gambia,Single dose shipments,2035,23.7590,16.2582,36.6792
gambia,Single dose shipments,2036,34.3622,25.2513,51.6808
gambia,Single dose shipments,2037,49.0889,36.9934,70.5309
gambia,Single dose shipments,2038,67.5463,51.9164,92.2478
gambia,Single dose shipments,2039,87.5746,69.1564,115.3392
gambia,Single dose shipments,2040,114.4753,92.2478,145.5780
gambia,Single dose shipments,2041,144.1249,116.8708,180.7649
gambia,Single dose shipments,2042,178.0944,146.6383,217.6797
gambia,Single dose shipments,2043,216.3838,179.1155,260.1710
gambia,Single dose shipments,2044,258.2075,213.2421,308.2781
gambia,Single dose shipments,2045,304.9401,256.1261,359.1735
gambia,Single dose shipments,2046,355.7962,301.4842,414.9777
gambia,Single dose shipments,2047,408.8121,348.5703,473.9236
gambia,Single dose shipments,2048,464.3807,398.2875,534.9509
gambia,Single dose shipments,2049,525.0546,450.3609,601.1227
gambia,Single dose shipments,2050,587.6920,509.5425,670.0827
gambia,Single dose shipments,2051,654.4528,569.0382,747.2504
gambia,Single dose shipments,2052,722.5882,630.2618,827.2064
gambia,Single dose shipments,2053,797.2032,693.8024,904.6883
gambia,Single dose shipments,2054,870.0511,759.3459,987.2361
gambia,Single dose shipments,2055,943.4881,827.9525,1069.4698
gambia,Single dose shipments,2056,1018.8886,894.2814,1151.5464
gambia,Single dose shipments,2057,1094.6818,964.9694,1233.2696
gambia,Single dose shipments,2058,1170.2787,1033.1047,1316.2102
gambia,Single dose shipments,2059,1247.0537,1104.1461,1396.4411
gambia,Single dose shipments,2060,1321.2761,1172.2029,1476.6327
gambia,Single dose shipments,2061,1396.4802,1239.9456,1558.1595
gambia,Single dose shipments,2062,1471.4880,1308.9842,1639.7648
gambia,Single dose shipments,2063,1544.9250,1374.7240,1718.0321
gambia,Single dose shipments,2064,1619.5401,1439.1286,1799.1270
gambia,Single dose shipments,2065,1688.2645,1502.5906,1873.3886
gambia,Single dose shipments,2066,1757.9707,1562.6754,1946.5899
gambia,Single dose shipments,2067,1821.7862,1621.0715,2020.5374
gambia,Single dose shipments,2068,1885.6018,1679.2713,2089.6546
gambia,Single dose shipments,2069,1946.8647,1735.6646,2154.8446
gambia,Single dose shipments,2070,2005.3786,1791.0368,2219.4455
gambia,Single dose shipments,2071,2060.3581,1842.0892,2284.6748
gambia,Single dose shipments,2072,2113.3741,1890.7461,2346.7624
gambia,Single dose shipments,2073,2166.9791,1937.4002,2406.1403
gambia,Single dose shipments,2074,2219.4060,1982.5227,2464.3008
gambia,Single dose shipments,2075,2265.9423,2022.1079,2518.0236
gambia,Single dose shipments,2076,2309.5332,2060.5151,2566.0522
gambia,Single dose shipments,2077,2350.7679,2096.1732,2611.0569
gambia,Single dose shipments,2078,2390.4317,2128.7683,2653.3911
gambia,Single dose shipments,2079,2426.1684,2159.9888,2692.3480
gambia,Single dose shipments,2080,2462.8868,2187.4786,2733.9754
gambia,Single dose shipments,2081,2493.9110,2215.3610,2770.8117
gambia,Single dose shipments,2082,2524.3461,2242.7330,2805.0561
gambia,Single dose shipments,2083,2553.0140,2268.5341,2838.1616
gambia,Single dose shipments,2084,2580.1111,2292.0182,2870.4425
gambia,Single dose shipments,2085,2604.2628,2312.7534,2899.5816
gambia,Single dose shipments,2086,2627.2364,2333.1351,2927.4641
gambia,Single dose shipments,2087,2647.4610,2350.3358,2950.6341
gambia,Single dose shipments,2088,2667.0966,2365.2588,2973.8826
gambia,Single dose shipments,2089,2683.9832,2377.6685,2992.7720
gambia,Single dose shipments,2090,2699.1025,2390.1960,3010.0512
gambia,Single dose shipments,2091,2713.6328,2402.6057,3026.9378
gambia,Single dose shipments,2092,2726.7887,2411.5987,3041.5074
gambia,Single dose shipments,2093,2738.9627,2421.7700,3056.1162
gambia,Single dose shipments,2094,2748.7805,2429.6242,3069.8611
gambia,Single dose shipments,2095,2757.8128,2436.2217,3081.7210
gambia,Single dose shipments,2096,2765.2743,2441.6804,3090.7926
gambia,Single dose shipments,2097,2771.1650,2445.9610,3098.4112
gambia,Single dose shipments,2098,2776.6630,2450.2808,3106.2654
gambia,Single dose shipments,2099,2781.7682,2454.1686,3113.7269
gambia,Single dose shipments,2100,2785.6953,2456.8390,3119.6176
gambia,Single dose shipments,2101,2788.2479,2457.6245,3124.3301
gambia,Single dose shipments,2102,2791.1933,2459.5880,3128.2573
gambia,Single dose shipments,2103,2793.5495,2460.7269,3131.4382
gambia,Single dose shipments,2104,2795.1204,2461.5123,3133.4803
gambia,Single dose shipments,2105,2796.2985,2461.9050,3135.0512
gambia,Single dose shipments,2106,2797.0839,2462.2977,3137.0147
gambia,Single dose shipments,2107,2797.8693,2462.2977,3138.3107
gambia,Single dose shipments,2108,2797.8693,2462.2977,3139.5281
gambia,Single dose shipments,2109,2798.2621,2462.2977,3140.3135
gambia,Single dose shipments,2110,2798.6548,2462.2977,3140.7062
gambia,Single dose shipments,2111,2798.6548,2462.2977,3141.0989
gambia,Single dose shipments,2112,2798.6548,2462.2977,3141.1382
gambia,Single dose shipments,2113,2798.6548,2462.2977,3141.1382
gambia,Single dose shipments,2114,2798.6548,2462.2977,3141.1774
gambia,Single dose shipments,2115,2798.6548,2462.2977,3141.1774
gambia,Single dose shipments,2116,2798.6548,2462.2977,3141.1774
gambia,Single dose shipments,2117,2798.6548,2462.2977,3141.1774
gambia,Single dose shipments,2118,2798.6548,2462.2977,3141.1774
gambia,Single dose shipments,2119,2798.6548,2462.2977,3141.1774
gambia,Single dose shipments,2120,2798.6548,2462.2977,3141.1774
gambia,Single dose shipments,2121,2798.6548,2462.2977,3141.1774
gambia,Single dose shipments,2122,2798.6548,2462.2977,3141.1774
gambia,Single dose shipments,2123,2798.6548,2462.2977,3141.1774
gambia,Single dose shipments,2124,2798.6548,2462.2977,3141.1774
gambia,Single dose shipments,2125,2798.6548,2462.2977,3141.1774
gambia,Single dose actual,2024,0.0000,0.0000,0.0000
gambia,Single dose actual,2025,0.0000,0.0000,0.0000
gambia,Single dose actual,2026,0.0000,0.0000,0.3927
gambia,Single dose actual,2027,0.0000,0.0000,0.7854
gambia,Single dose actual,2028,0.3927,0.0000,1.5708
gambia,Single dose actual,2029,0.7854,0.0000,2.3955
gambia,Single dose actual,2030,1.9636,0.7462,4.0057
gambia,Single dose actual,2031,3.9271,1.5316,7.1866
gambia,Single dose actual,2032,6.2834,3.4951,11.1137
gambia,Single dose actual,2033,10.2105,6.2441,17.5149
gambia,Single dose actual,2034,15.7084,10.1712,25.8404
gambia,Single dose actual,2035,23.7590,16.8080,36.2080
gambia,Single dose actual,2036,35.1476,24.5444,50.8561
gambia,Single dose actual,2037,49.0889,35.3833,68.1746
gambia,Single dose actual,2038,67.1536,49.4423,90.9911
gambia,Single dose actual,2039,88.3600,68.1354,116.9886
gambia,Single dose actual,2040,113.6898,90.4021,146.3241
gambia,Single dose actual,2041,144.7140,117.1064,181.4718
gambia,Single dose actual,2042,179.4689,147.3059,220.5465
gambia,Single dose actual,2043,218.7400,184.4564,265.3548
gambia,Single dose actual,2044,264.6872,222.9028,315.6611
gambia,Single dose actual,2045,311.2235,265.9832,372.6042
gambia,Single dose actual,2046,365.6139,313.5405,432.4141
gambia,Single dose actual,2047,420.5934,362.2759,497.2506
gambia,Single dose actual,2048,479.3037,414.3494,566.8390
gambia,Single dose actual,2049,544.1010,470.3499,635.9562
gambia,Single dose actual,2050,611.2546,528.3141,709.9036
gambia,Single dose actual,2051,682.5317,591.8547,786.9928
gambia,Single dose actual,2052,754.3978,657.0054,866.3597
gambia,Single dose actual,2053,829.4056,720.2319,949.5752
gambia,Single dose actual,2054,905.5915,789.5454,1030.4737
gambia,Single dose actual,2055,983.7410,858.9374,1113.7284
gambia,Single dose actual,2056,1065.2285,931.0784,1203.0309
gambia,Single dose actual,2057,1143.5744,1003.6907,1285.5395
gambia,Single dose actual,2058,1222.1166,1073.2005,1373.7424
gambia,Single dose actual,2059,1298.8916,1143.2602,1458.7644
gambia,Single dose actual,2060,1378.6119,1213.4376,1544.2183
gambia,Single dose actual,2061,1458.9214,1284.8325,1627.9050
gambia,Single dose actual,2062,1534.7146,1352.7322,1708.8428
gambia,Single dose actual,2063,1610.9005,1422.7526,1794.2574
gambia,Single dose actual,2064,1687.2828,1491.5163,1881.5571
gambia,Single dose actual,2065,1759.9343,1554.6249,1958.6463
gambia,Single dose actual,2066,1827.8733,1616.2412,2034.9893
gambia,Single dose actual,2067,1895.6160,1675.3442,2110.8611
gambia,Single dose actual,2068,1961.1987,1736.5286,2181.9418
gambia,Single dose actual,2069,2025.7997,1793.0004,2254.1613
gambia,Single dose actual,2070,2085.2954,1848.2548,2322.1396
gambia,Single dose actual,2071,2144.9874,1902.3311,2388.5470
gambia,Single dose actual,2072,2203.8941,1954.5224,2453.3443
gambia,Single dose actual,2073,2257.4991,2001.2550,2514.1360
gambia,Single dose actual,2074,2308.3552,2046.7702,2573.6317
gambia,Single dose actual,2075,2359.0149,2091.7749,2629.2395
gambia,Single dose actual,2076,2403.3912,2133.4415,2678.7604
gambia,Single dose actual,2077,2447.1785,2172.6341,2726.7889
gambia,Single dose actual,2078,2487.8241,2208.3315,2772.8146
gambia,Single dose actual,2079,2526.7025,2240.8873,2815.0311
gambia,Single dose actual,2080,2564.4027,2274.8568,2855.8730
gambia,Single dose actual,2081,2600.3358,2306.5485,2894.2801
gambia,Single dose actual,2082,2632.7344,2335.5699,2930.8023
gambia,Single dose actual,2083,2662.3841,2360.6641,2964.3791
gambia,Single dose actual,2084,2690.6593,2385.9547,2994.2251
gambia,Single dose actual,2085,2715.2037,2407.5145,3024.4638
gambia,Single dose actual,2086,2738.1773,2425.9720,3052.5820
gambia,Single dose actual,2087,2759.7764,2443.9974,3077.3228
gambia,Single dose actual,2088,2779.6084,2460.2949,3099.3146
gambia,Single dose actual,2089,2797.2803,2473.6078,3118.9501
gambia,Single dose actual,2090,2813.5779,2487.7061,3139.4104
gambia,Single dose actual,2091,2827.7155,2499.4482,3155.1188
gambia,Single dose actual,2092,2840.4786,2509.1874,3170.8665
gambia,Single dose actual,2093,2852.6526,2517.4344,3184.2972
gambia,Single dose actual,2094,2862.8631,2525.9955,3197.3745
gambia,Single dose actual,2095,2872.6809,2534.3995,3209.1558
gambia,Single dose actual,2096,2880.5351,2539.8974,3218.6987
gambia,Single dose actual,2097,2886.6221,2544.5707,3226.9849
gambia,Single dose actual,2098,2892.5128,2548.6941,3234.8391
gambia,Single dose actual,2099,2898.0107,2552.9747,3241.9865
gambia,Single dose actual,2100,2901.9378,2555.6844,3248.2699
gambia,Single dose actual,2101,2905.2759,2558.0014,3253.0217
gambia,Single dose actual,2102,2907.4358,2559.5330,3256.5561
gambia,Single dose actual,2103,2909.3993,2560.6718,3259.6977
gambia,Single dose actual,2104,2910.9702,2561.0645,3262.0933
gambia,Single dose actual,2105,2911.9520,2561.4573,3264.1354
gambia,Single dose actual,2106,2912.3447,2561.4573,3265.7062
gambia,Single dose actual,2107,2913.1301,2561.4573,3267.2771
gambia,Single dose actual,2108,2913.5228,2561.4573,3268.4552
gambia,Single dose actual,2109,2913.9155,2561.4573,3269.2406
gambia,Single dose actual,2110,2913.9155,2561.4573,3270.0260
gambia,Single dose actual,2111,2913.9155,2561.4573,3270.4188
gambia,Single dose actual,2112,2913.9155,2561.4573,3270.8115
gambia,Single dose actual,2113,2913.9155,2561.4573,3271.2042
gambia,Single dose actual,2114,2913.9155,2561.4573,3271.2042
gambia,Single dose actual,2115,2913.9155,2561.4573,3271.2434
gambia,Single dose actual,2116,2913.9155,2561.4573,3271.2434
gambia,Single dose actual,2117,2913.9155,2561.4573,3271.2434
gambia,Single dose actual,2118,2913.9155,2561.4573,3271.2434
gambia,Single dose actual,2119,2913.9155,2561.4573,3271.2434
gambia,Single dose actual,2120,2913.9155,2561.4573,3271.2434
gambia,Single dose actual,2121,2913.9155,2561.4573,3271.2434
gambia,Single dose actual,2122,2913.9155,2561.4573,3271.2434
gambia,Single dose actual,2123,2913.9155,2561.4573,3271.2434
gambia,Single dose actual,2124,2913.9155,2561.4573,3271.2434
gambia,Single dose actual,2125,2913.9155,2561.4573,3271.2434
gambia,Double dose,2024,0.0000,0.0000,0.0000
gambia,Double dose,2025,0.0000,0.0000,0.0393
gambia,Double dose,2026,0.0000,0.0000,0.4320
gambia,Double dose,2027,0.0000,0.0000,0.8247
gambia,Double dose,2028,0.3927,0.0000,2.0028
gambia,Double dose,2029,0.9818,0.0000,3.2202
gambia,Double dose,2030,2.3563,0.7462,5.2231
gambia,Double dose,2031,4.3198,1.5316,8.7575
gambia,Double dose,2032,7.0688,3.4951,13.9020
gambia,Double dose,2033,12.5668,6.2441,21.4027
gambia,Double dose,2034,20.6173,11.6635,31.2205
gambia,Double dose,2035,31.0242,19.5177,43.9444
gambia,Double dose,2036,45.1618,31.6525,63.1872
gambia,Double dose,2037,64.2082,44.9654,85.6110
gambia,Double dose,2038,88.3600,66.3682,113.2971
gambia,Double dose,2039,118.4024,90.9519,146.1670
gambia,Double dose,2040,153.3537,121.8975,188.1478
gambia,Double dose,2041,193.4102,157.6342,235.8229
gambia,Double dose,2042,242.3027,202.7174,288.2106
gambia,Double dose,2043,298.6567,254.1233,349.9840
gambia,Double dose,2044,361.6868,310.2024,419.2975
gambia,Double dose,2045,431.0003,372.1722,497.2899
gambia,Double dose,2046,511.1133,443.9205,583.3722
gambia,Double dose,2047,597.7061,521.2453,680.4897
gambia,Double dose,2048,685.8698,602.1438,780.1205
gambia,Double dose,2049,780.3168,689.4434,878.8088
gambia,Double dose,2050,881.6363,781.1415,988.4930
gambia,Double dose,2051,987.4720,873.9391,1105.3639
gambia,Double dose,2052,1095.4675,973.6092,1221.8028
gambia,Double dose,2053,1209.5501,1075.6748,1343.9752
gambia,Double dose,2054,1321.4728,1178.5652,1463.0060
gambia,Double dose,2055,1436.5372,1290.0559,1585.5712
gambia,Double dose,2056,1555.9214,1401.0361,1714.2627
gambia,Double dose,2057,1675.1093,1510.9167,1841.1870
gambia,Double dose,2058,1794.1008,1621.3470,1970.5853
gambia,Double dose,2059,1909.7543,1728.3216,2101.5545
gambia,Double dose,2060,2023.4442,1835.0212,2226.2403
gambia,Double dose,2061,2141.0612,1942.6633,2351.9080
gambia,Double dose,2062,2252.3948,2049.1273,2474.0411
gambia,Double dose,2063,2363.1394,2151.0359,2593.3861
gambia,Double dose,2064,2471.1349,2251.8056,2710.0606
gambia,Double dose,2065,2575.7925,2347.7842,2819.5485
gambia,Double dose,2066,2676.7192,2440.3855,2927.2299
gambia,Double dose,2067,2776.0752,2529.0204,3033.0263
gambia,Double dose,2068,2870.7185,2612.0788,3131.5968
gambia,Double dose,2069,2963.0057,2696.9043,3230.2458
gambia,Double dose,2070,3052.9365,2777.4101,3324.4965
gambia,Double dose,2071,3133.4423,2854.3422,3411.2464
gambia,Double dose,2072,3213.1626,2927.2686,3500.3918
gambia,Double dose,2073,3290.1340,2995.9538,3583.0967
gambia,Double dose,2074,3361.6074,3063.8928,3662.1102
gambia,Double dose,2075,3432.4917,3127.6690,3737.5500
gambia,Double dose,2076,3497.2890,3187.2433,3807.5311
gambia,Double dose,2077,3556.5884,3242.8904,3875.3523
gambia,Double dose,2078,3613.1387,3292.6469,3940.2281
gambia,Double dose,2079,3669.6891,3346.3697,4001.8837
gambia,Double dose,2080,3718.5816,3390.9817,4057.2560
gambia,Double dose,2081,3766.2960,3434.6904,4109.1331
gambia,Double dose,2082,3810.4760,3474.8648,4159.0074
gambia,Double dose,2083,3849.9434,3509.7768,4204.6011
gambia,Double dose,2084,3889.2145,3544.2568,4249.0560
gambia,Double dose,2085,3923.3804,3575.3988,4286.9526
gambia,Double dose,2086,3955.3863,3604.2238,4323.1213
gambia,Double dose,2087,3984.6433,3630.8496,4356.1090
gambia,Double dose,2088,4010.9549,3654.3730,4387.9186
gambia,Double dose,2089,4035.1067,3675.5794,4418.2359
gambia,Double dose,2090,4055.7240,3694.3510,4443.8407
gambia,Double dose,2091,4074.5741,3711.2375,4466.3823
gambia,Double dose,2092,4091.8534,3726.1213,4487.2745
gambia,Double dose,2093,4109.1327,3739.8662,4506.9886
gambia,Double dose,2094,4123.0739,3750.7050,4524.4642
gambia,Double dose,2095,4135.2480,3760.9155,4539.0731
gambia,Double dose,2096,4147.0293,3769.4373,4553.2107
gambia,Double dose,2097,4156.4544,3776.8595,4565.5025
gambia,Double dose,2098,4163.9159,3782.7109,4575.0061
gambia,Double dose,2099,4170.3956,3787.0307,4582.8604
gambia,Double dose,2100,4176.0899,3790.5259,4591.1073
gambia,Double dose,2101,4180.8025,3793.6676,4597.7834
gambia,Double dose,2102,4184.5332,3796.0238,4602.5352
gambia,Double dose,2103,4187.2822,3797.9874,4606.9335
gambia,Double dose,2104,4188.8530,3799.1655,4610.5465
gambia,Double dose,2105,4190.4239,3799.9509,4612.9420
gambia,Double dose,2106,4191.4057,3800.3044,4615.3376
gambia,Double dose,2107,4192.1911,3800.6971,4616.9084
gambia,Double dose,2108,4192.5838,3800.6971,4618.4792
gambia,Double dose,2109,4193.3692,3801.0505,4619.6574
gambia,Double dose,2110,4193.7619,3801.0505,4620.4428
gambia,Double dose,2111,4193.7619,3801.0505,4620.8748
gambia,Double dose,2112,4193.7619,3801.0505,4621.3068
gambia,Double dose,2113,4193.7619,3801.0505,4621.6995
gambia,Double dose,2114,4193.7619,3801.0505,4621.6995
gambia,Double dose,2115,4193.7619,3801.0505,4621.6995
gambia,Double dose,2116,4193.7619,3801.0505,4621.6995
gambia,Double dose,2117,4193.7619,3801.0505,4621.6995
gambia,Double dose,2118,4193.7619,3801.0505,4621.6995
gambia,Double dose,2119,4193.7619,3801.0505,4621.6995
gambia,Double dose,2120,4193.7619,3801.0505,4621.6995
gambia,Double dose,2121,4193.7619,3801.0505,4621.6995
gambia,Double dose,2122,4193.7619,3801.0505,4621.6995
gambia,Double dose,2123,4193.7619,3801.0505,4621.6995
gambia,Double dose,2124,4193.7619,3801.0505,4621.6995
gambia,Double dose,2125,4193.7619,3801.0505,4621.6995
laos,No vaccination,2024,0.0000,0.0000,0.0000
laos,No vaccination,2025,0.0000,0.0000,0.0000
laos,No vaccination,2026,0.0000,0.0000,0.2098
laos,No vaccination,2027,0.0000,0.0000,0.2098
laos,No vaccination,2028,0.0000,0.0000,2.3075
laos,No vaccination,2029,0.0000,0.0000,4.4052
laos,No vaccination,2030,0.0000,0.0000,8.6007
laos,No vaccination,2031,2.0977,0.0000,10.6984
laos,No vaccination,2032,4.1954,0.0000,21.1870
laos,No vaccination,2033,8.3909,0.0000,31.6756
laos,No vaccination,2034,14.6840,1.8879,42.1642
laos,No vaccination,2035,22.0261,5.8736,54.7505
laos,No vaccination,2036,28.3192,9.8593,69.6443
laos,No vaccination,2037,41.9544,15.7329,89.5727
laos,No vaccination,2038,56.6385,21.8163,117.6822
laos,No vaccination,2039,75.5180,34.1929,149.1480
laos,No vaccination,2040,97.5440,46.5694,183.3408
laos,No vaccination,2041,124.8144,63.1414,225.2952
laos,No vaccination,2042,162.5734,91.6704,269.7669
laos,No vaccination,2043,197.1858,120.6190,314.0288
laos,No vaccination,2044,239.1402,145.5818,370.6673
laos,No vaccination,2045,288.4367,177.0477,434.0185
laos,No vaccination,2046,347.1728,216.0653,512.8928
laos,No vaccination,2047,403.8113,261.5858,586.5228
laos,No vaccination,2048,468.8407,309.8334,675.6760
laos,No vaccination,2049,538.0655,361.8569,776.7861
laos,No vaccination,2050,617.7789,420.3833,871.3933
laos,No vaccination,2051,713.2252,495.9013,999.9836
laos,No vaccination,2052,807.6226,562.6088,1108.2261
laos,No vaccination,2053,909.3621,644.4199,1242.4802
laos,No vaccination,2054,1014.2482,720.5672,1368.3435
laos,No vaccination,2055,1119.1342,805.7347,1514.1351
laos,No vaccination,2056,1226.1180,892.9999,1638.3202
laos,No vaccination,2057,1354.0790,979.0064,1786.2095
laos,No vaccination,2058,1485.1865,1072.9843,1937.6650
laos,No vaccination,2059,1614.1964,1177.0313,2104.2240
laos,No vaccination,2060,1746.3528,1272.8972,2263.2313
laos,No vaccination,2061,1866.9718,1371.2803,2412.3793
laos,No vaccination,2062,2002.2748,1469.2439,2569.9181
laos,No vaccination,2063,2133.3824,1583.9892,2733.5404
laos,No vaccination,2064,2262.3922,1685.9384,2884.7861
laos,No vaccination,2065,2390.3532,1792.7125,3058.0578
laos,No vaccination,2066,2520.4119,1909.5555,3226.5048
laos,No vaccination,2067,2648.3729,2014.0220,3367.6815
laos,No vaccination,2068,2775.2850,2120.7960,3517.0392
laos,No vaccination,2069,2895.9040,2218.9694,3680.6614
laos,No vaccination,2070,3018.6207,2318.8209,3827.5019
laos,No vaccination,2071,3144.4839,2413.6379,3970.3567
laos,No vaccination,2072,3263.0052,2508.8744,4098.5275
laos,No vaccination,2073,3373.1355,2590.4758,4230.6839
laos,No vaccination,2074,3480.1193,2668.0915,4358.6449
laos,No vaccination,2075,3578.7122,2751.5808,4483.0398
laos,No vaccination,2076,3677.3051,2820.8056,4601.3512
laos,No vaccination,2077,3769.6048,2891.7085,4718.8236
laos,No vaccination,2078,3867.1488,2962.1920,4834.4080
laos,No vaccination,2079,3952.1066,3023.0259,4931.9521
laos,No vaccination,2080,4028.6734,3079.4546,5032.8525
laos,No vaccination,2081,4107.3379,3133.1562,5129.5574
laos,No vaccination,2082,4181.8070,3189.7947,5220.3887
laos,No vaccination,2083,4245.7875,3246.0136,5302.1999
laos,No vaccination,2084,4309.7680,3290.0658,5375.8299
laos,No vaccination,2085,4366.4065,3337.0547,5440.8592
laos,No vaccination,2086,4419.8984,3370.4085,5513.0208
laos,No vaccination,2087,4473.3902,3413.8313,5582.4554
laos,No vaccination,2088,4521.6378,3453.0587,5643.7088
laos,No vaccination,2089,4564.6411,3488.3004,5694.2639
laos,No vaccination,2090,4604.4978,3519.7662,5741.2529
laos,No vaccination,2091,4642.2568,3542.8412,5788.8711
laos,No vaccination,2092,4673.7226,3565.7063,5826.8399
laos,No vaccination,2093,4706.2373,3590.4594,5866.9064
laos,No vaccination,2094,4734.5565,3611.4366,5902.5676
laos,No vaccination,2095,4761.8269,3627.7989,5938.4387
laos,No vaccination,2096,4783.8530,3642.2731,5972.2120
laos,No vaccination,2097,4806.9279,3654.8595,6001.9996
laos,No vaccination,2098,4821.6119,3665.3481,6025.4941
laos,No vaccination,2099,4834.1983,3673.5292,6044.5833
laos,No vaccination,2100,4844.6869,3681.9201,6063.6726
laos,No vaccination,2101,4855.1755,3688.0035,6082.7619
laos,No vaccination,2102,4862.5175,3692.1989,6095.3482
laos,No vaccination,2103,4870.9084,3696.3944,6108.1443
laos,No vaccination,2104,4877.2016,3698.4921,6118.6329
laos,No vaccination,2105,4882.4459,3698.4921,6127.2336
laos,No vaccination,2106,4884.5436,3698.4921,6133.5267
laos,No vaccination,2107,4886.6413,3698.4921,6139.8199
laos,No vaccination,2108,4888.7390,3698.4921,6141.9176
laos,No vaccination,2109,4888.7390,3698.4921,6144.2251
laos,No vaccination,2110,4888.7390,3698.4921,6144.4349
laos,No vaccination,2111,4888.7390,3698.4921,6146.5326
laos,No vaccination,2112,4888.7390,3698.4921,6148.6303
laos,No vaccination,2113,4888.7390,3698.4921,6150.7280
laos,No vaccination,2114,4888.7390,3698.4921,6150.7280
laos,No vaccination,2115,4888.7390,3698.4921,6150.7280
laos,No vaccination,2116,4888.7390,3698.4921,6150.7280
laos,No vaccination,2117,4888.7390,3698.4921,6150.7280
laos,No vaccination,2118,4888.7390,3698.4921,6150.7280
laos,No vaccination,2119,4888.7390,3698.4921,6150.7280
laos,No vaccination,2120,4888.7390,3698.4921,6150.7280
laos,No vaccination,2121,4888.7390,3698.4921,6150.7280
laos,No vaccination,2122,4888.7390,3698.4921,6150.7280
laos,No vaccination,2123,4888.7390,3698.4921,6150.7280
laos,No vaccination,2124,4888.7390,3698.4921,6150.7280
laos,No vaccination,2125,4888.7390,3698.4921,6150.7280
laos,Single dose shipments,2024,0.0000,0.0000,0.0000
laos,Single dose shipments,2025,0.0000,0.0000,0.0000
laos,Single dose shipments,2026,0.0000,0.0000,0.2098
laos,Single dose shipments,2027,0.0000,0.0000,0.2098
laos,Single dose shipments,2028,0.0000,0.0000,0.2098
laos,Single dose shipments,2029,0.0000,0.0000,0.2098
laos,Single dose shipments,2030,0.0000,0.0000,0.2098
laos,Single dose shipments,2031,0.0000,0.0000,0.2098
laos,Single dose shipments,2032,0.0000,0.0000,0.2098
laos,Single dose shipments,2033,0.0000,0.0000,2.3075
laos,Single dose shipments,2034,0.0000,0.0000,2.5173
laos,Single dose shipments,2035,0.0000,0.0000,4.6150
laos,Single dose shipments,2036,0.0000,0.0000,6.7127
laos,Single dose shipments,2037,1.0489,0.0000,9.0202
laos,Single dose shipments,2038,1.0489,0.0000,11.1179
laos,Single dose shipments,2039,1.0489,0.0000,13.2156
laos,Single dose shipments,2040,1.0489,0.0000,15.3134
laos,Single dose shipments,2041,1.0489,0.0000,19.5088
laos,Single dose shipments,2042,1.0489,0.0000,21.8163
laos,Single dose shipments,2043,1.0489,0.0000,26.0117
laos,Single dose shipments,2044,3.1466,0.0000,30.4170
laos,Single dose shipments,2045,5.2443,0.0000,34.6124
laos,Single dose shipments,2046,7.3420,0.0000,38.8078
laos,Single dose shipments,2047,9.4397,0.0000,45.1010
laos,Single dose shipments,2048,11.5375,0.0000,49.2964
laos,Single dose shipments,2049,13.6352,0.0000,55.5896
laos,Single dose shipments,2050,15.7329,0.0000,62.0925
laos,Single dose shipments,2051,17.8306,0.0000,68.3857
laos,Single dose shipments,2052,20.9772,0.0000,72.7909
laos,Single dose shipments,2053,20.9772,0.0000,81.1818
laos,Single dose shipments,2054,23.0749,0.0000,87.6847
laos,Single dose shipments,2055,25.1727,0.0000,93.9779
laos,Single dose shipments,2056,27.2704,0.0000,102.5786
laos,Single dose shipments,2057,30.4170,0.0000,111.1792
laos,Single dose shipments,2058,34.6124,0.0000,121.6678
laos,Single dose shipments,2059,36.7101,0.0000,129.0098
laos,Single dose shipments,2060,38.8078,0.0000,137.6105
laos,Single dose shipments,2061,41.9544,0.0000,144.3232
laos,Single dose shipments,2062,46.1499,0.0000,154.8118
laos,Single dose shipments,2063,48.2476,0.0000,163.2027
laos,Single dose shipments,2064,50.3453,0.0000,171.8034
laos,Single dose shipments,2065,52.4430,0.0000,180.1942
laos,Single dose shipments,2066,54.5407,0.0000,186.9069
laos,Single dose shipments,2067,56.6385,0.0000,193.4099
laos,Single dose shipments,2068,59.7851,0.0000,199.9128
laos,Single dose shipments,2069,61.8828,0.0000,206.2060
laos,Single dose shipments,2070,66.0782,0.0000,214.5969
laos,Single dose shipments,2071,68.1759,0.0000,225.2952
laos,Single dose shipments,2072,70.2737,0.0000,233.6861
laos,Single dose shipments,2073,71.3225,0.0000,239.9793
laos,Single dose shipments,2074,73.4202,0.0000,246.4822
laos,Single dose shipments,2075,76.5668,0.0000,254.8731
laos,Single dose shipments,2076,78.6645,0.0000,261.1663
laos,Single dose shipments,2077,80.7623,0.0000,267.4594
laos,Single dose shipments,2078,82.8600,0.0000,273.9624
laos,Single dose shipments,2079,84.9577,0.0000,278.1578
laos,Single dose shipments,2080,87.0554,0.0000,284.6608
laos,Single dose shipments,2081,87.0554,0.0000,288.8562
laos,Single dose shipments,2082,87.0554,0.0000,293.2614
laos,Single dose shipments,2083,87.0554,0.0000,297.4569
laos,Single dose shipments,2084,88.1043,0.0000,301.6523
laos,Single dose shipments,2085,88.1043,0.0000,305.8477
laos,Single dose shipments,2086,90.2020,0.0000,312.3507
laos,Single dose shipments,2087,90.2020,0.0000,318.6438
laos,Single dose shipments,2088,90.2020,0.0000,320.9513
laos,Single dose shipments,2089,90.2020,0.0000,325.1468
laos,Single dose shipments,2090,91.2509,0.0000,327.4543
laos,Single dose shipments,2091,92.2997,0.0000,331.8595
laos,Single dose shipments,2092,92.2997,0.0000,334.1670
laos,Single dose shipments,2093,94.3974,0.0000,336.4745
laos,Single dose shipments,2094,94.3974,0.0000,340.6699
laos,Single dose shipments,2095,94.3974,0.0000,342.7676
laos,Single dose shipments,2096,94.3974,0.0000,344.8653
laos,Single dose shipments,2097,94.3974,0.0000,347.1728
laos,Single dose shipments,2098,94.3974,0.0000,349.2706
laos,Single dose shipments,2099,94.3974,0.0000,351.3683
laos,Single dose shipments,2100,94.3974,0.0000,351.5781
laos,Single dose shipments,2101,94.3974,0.0000,353.6758
laos,Single dose shipments,2102,94.3974,0.0000,355.7735
laos,Single dose shipments,2103,94.3974,0.0000,355.9833
laos,Single dose shipments,2104,94.3974,0.0000,356.1930
laos,Single dose shipments,2105,94.3974,0.0000,356.1930
laos,Single dose shipments,2106,94.3974,0.0000,356.1930
laos,Single dose shipments,2107,94.3974,0.0000,356.1930
laos,Single dose shipments,2108,94.3974,0.0000,356.1930
laos,Single dose shipments,2109,94.3974,0.0000,356.1930
laos,Single dose shipments,2110,94.3974,0.0000,356.1930
laos,Single dose shipments,2111,94.3974,0.0000,356.1930
laos,Single dose shipments,2112,94.3974,0.0000,356.1930
laos,Single dose shipments,2113,94.3974,0.0000,356.1930
laos,Single dose shipments,2114,94.3974,0.0000,356.1930
laos,Single dose shipments,2115,94.3974,0.0000,356.1930
laos,Single dose shipments,2116,94.3974,0.0000,356.1930
laos,Single dose shipments,2117,94.3974,0.0000,356.1930
laos,Single dose shipments,2118,94.3974,0.0000,356.1930
laos,Single dose shipments,2119,94.3974,0.0000,356.1930
laos,Single dose shipments,2120,94.3974,0.0000,356.1930
laos,Single dose shipments,2121,94.3974,0.0000,356.1930
laos,Single dose shipments,2122,94.3974,0.0000,356.1930
laos,Single dose shipments,2123,94.3974,0.0000,356.1930
laos,Single dose shipments,2124,94.3974,0.0000,356.1930
laos,Single dose shipments,2125,94.3974,0.0000,356.1930
laos,Single dose actual,2024,0.0000,0.0000,0.0000
laos,Single dose actual,2025,0.0000,0.0000,0.0000
laos,Single dose actual,2026,0.0000,0.0000,0.2098
laos,Single dose actual,2027,0.0000,0.0000,0.2098
laos,Single dose actual,2028,0.0000,0.0000,0.4195
laos,Single dose actual,2029,0.0000,0.0000,0.6293
laos,Single dose actual,2030,0.0000,0.0000,0.8391
laos,Single dose actual,2031,0.0000,0.0000,2.9368
laos,Single dose actual,2032,0.0000,0.0000,7.1323
laos,Single dose actual,2033,2.0977,0.0000,11.3277
laos,Single dose actual,2034,4.1954,0.0000,19.7186
laos,Single dose actual,2035,8.3909,0.0000,28.3192
laos,Single dose actual,2036,14.6840,1.8879,38.8078
laos,Single dose actual,2037,20.9772,3.9857,49.2964
laos,Single dose actual,2038,27.2704,7.9713,61.8828
laos,Single dose actual,2039,34.6124,14.0547,78.8743
laos,Single dose actual,2040,45.1010,18.2502,95.6561
laos,Single dose actual,2041,56.6385,24.3336,114.7453
laos,Single dose actual,2042,71.3225,28.5290,138.0300
laos,Single dose actual,2043,86.0066,36.9199,157.7486
laos,Single dose actual,2044,102.7883,45.1010,185.2288
laos,Single dose actual,2045,121.6678,57.4776,216.6946
laos,Single dose actual,2046,146.8405,67.9662,248.9995
laos,Single dose actual,2047,172.0131,80.3427,286.9682
laos,Single dose actual,2048,197.1858,95.0268,318.8536
laos,Single dose actual,2049,224.4562,117.6822,362.9058
laos,Single dose actual,2050,255.9220,140.7571,409.2654
laos,Single dose actual,2051,287.3878,163.6222,461.7084
laos,Single dose actual,2052,318.8536,187.9558,508.2778
laos,Single dose actual,2053,359.7592,212.9187,567.2238
laos,Single dose actual,2054,397.5181,237.8816,624.4916
laos,Single dose actual,2055,437.3748,262.8445,675.2564
laos,Single dose actual,2056,477.2316,294.1005,731.0558
laos,Single dose actual,2057,516.0394,321.1611,784.1281
laos,Single dose actual,2058,559.0427,348.2217,838.8787
laos,Single dose actual,2059,600.9971,375.2823,904.1178
laos,Single dose actual,2060,647.1470,408.4263,959.2879
laos,Single dose actual,2061,692.2480,439.6823,1018.0240
laos,Single dose actual,2062,733.1535,475.1338,1074.8723
laos,Single dose actual,2063,778.2545,506.1801,1127.5251
laos,Single dose actual,2064,828.5998,543.3098,1192.7642
laos,Single dose actual,2065,873.7008,574.5658,1250.0320
laos,Single dose actual,2066,919.8507,610.0173,1313.1734
laos,Single dose actual,2067,958.6585,635.1899,1372.1194
laos,Single dose actual,2068,1005.8573,664.1385,1435.6803
laos,Single dose actual,2069,1044.6651,693.2968,1487.7038
laos,Single dose actual,2070,1086.6195,716.3718,1542.2446
laos,Single dose actual,2071,1128.5740,743.6421,1601.1905
laos,Single dose actual,2072,1167.3818,770.9125,1656.3606
laos,Single dose actual,2073,1204.0919,802.3783,1704.8179
laos,Single dose actual,2074,1235.5577,821.0480,1752.0167
laos,Single dose actual,2075,1270.1701,843.9132,1796.0688
laos,Single dose actual,2076,1303.7337,864.6806,1838.6525
laos,Single dose actual,2077,1336.2483,881.4624,1885.2220
laos,Single dose actual,2078,1363.5187,899.7126,1923.1907
laos,Single dose actual,2079,1389.7402,922.5777,1967.6624
laos,Single dose actual,2080,1414.9129,938.9400,2009.6168
laos,Single dose actual,2081,1442.1833,955.5120,2047.7953
laos,Single dose actual,2082,1467.3559,974.1817,2085.7641
laos,Single dose actual,2083,1491.4797,984.6703,2117.6495
laos,Single dose actual,2084,1512.4569,997.2566,2149.1153
laos,Single dose actual,2085,1533.4341,1011.7309,2187.0840
laos,Single dose actual,2086,1552.3136,1024.3172,2214.5642
laos,Single dose actual,2087,1569.0954,1036.9035,2246.0300
laos,Single dose actual,2088,1585.8772,1047.1824,2271.4124
laos,Single dose actual,2089,1600.5612,1055.5733,2294.4873
laos,Single dose actual,2090,1615.2452,1061.6566,2313.3668
laos,Single dose actual,2091,1628.8804,1067.7400,2332.8756
laos,Single dose actual,2092,1643.5645,1074.0332,2351.7551
laos,Single dose actual,2093,1651.9554,1078.2286,2366.6489
laos,Single dose actual,2094,1662.4440,1084.3120,2381.5428
laos,Single dose actual,2095,1670.8349,1088.5075,2396.2268
laos,Single dose actual,2096,1677.1280,1092.4931,2409.0229
laos,Single dose actual,2097,1683.4212,1094.3811,2419.5115
laos,Single dose actual,2098,1689.7143,1098.3668,2430.4197
laos,Single dose actual,2099,1692.8609,1098.3668,2436.9226
laos,Single dose actual,2100,1697.0564,1100.4645,2443.2158
laos,Single dose actual,2101,1701.2518,1100.4645,2451.8164
laos,Single dose actual,2102,1703.3495,1100.4645,2458.1096
laos,Single dose actual,2103,1705.4473,1100.4645,2462.3050
laos,Single dose actual,2104,1707.5450,1100.4645,2466.9200
laos,Single dose actual,2105,1708.5938,1100.4645,2471.3252
laos,Single dose actual,2106,1708.5938,1100.4645,2475.7304
laos,Single dose actual,2107,1709.6427,1100.4645,2477.8282
laos,Single dose actual,2108,1709.6427,1100.4645,2480.1357
laos,Single dose actual,2109,1709.6427,1100.4645,2482.2334
laos,Single dose actual,2110,1709.6427,1100.4645,2482.2334
laos,Single dose actual,2111,1709.6427,1100.4645,2482.2334
laos,Single dose actual,2112,1709.6427,1100.4645,2484.3311
laos,Single dose actual,2113,1709.6427,1100.4645,2484.3311
laos,Single dose actual,2114,1709.6427,1100.4645,2484.3311
laos,Single dose actual,2115,1709.6427,1100.4645,2484.3311
laos,Single dose actual,2116,1709.6427,1100.4645,2484.3311
laos,Single dose actual,2117,1709.6427,1100.4645,2484.3311
laos,Single dose actual,2118,1709.6427,1100.4645,2484.3311
laos,Single dose actual,2119,1709.6427,1100.4645,2484.3311
laos,Single dose actual,2120,1709.6427,1100.4645,2484.3311
laos,Single dose actual,2121,1709.6427,1100.4645,2484.3311
laos,Single dose actual,2122,1709.6427,1100.4645,2484.3311
laos,Single dose actual,2123,1709.6427,1100.4645,2484.3311
laos,Single dose actual,2124,1709.6427,1100.4645,2484.3311
laos,Single dose actual,2125,1709.6427,1100.4645,2484.3311
laos,Double dose,2024,0.0000,0.0000,0.0000
laos,Double dose,2025,0.0000,0.0000,0.0000
laos,Double dose,2026,0.0000,0.0000,0.2098
laos,Double dose,2027,0.0000,0.0000,0.2098
laos,Double dose,2028,0.0000,0.0000,0.2098
laos,Double dose,2029,0.0000,0.0000,2.3075
laos,Double dose,2030,0.0000,0.0000,4.4052
laos,Double dose,2031,0.0000,0.0000,6.7127
laos,Double dose,2032,0.0000,0.0000,8.8104
laos,Double dose,2033,1.0489,0.0000,13.0059
laos,Double dose,2034,3.1466,0.0000,17.4111
laos,Double dose,2035,5.2443,0.0000,21.6065
laos,Double dose,2036,9.4397,1.8879,27.8997
laos,Double dose,2037,14.6840,3.7759,34.4026
laos,Double dose,2038,18.8795,5.8736,46.9890
laos,Double dose,2039,24.1238,7.7616,59.5753
laos,Double dose,2040,32.5147,9.8593,74.2593
laos,Double dose,2041,45.1010,14.0547,93.3486
laos,Double dose,2042,55.5896,16.1525,114.5356
laos,Double dose,2043,68.1759,22.2358,139.7082
laos,Double dose,2044,80.7623,30.4170,165.0907
laos,Double dose,2045,97.5440,40.6958,192.3610
laos,Double dose,2046,115.3747,50.9746,217.7435
laos,Double dose,2047,137.4007,63.3512,249.4190
laos,Double dose,2048,162.5734,75.9375,283.1923
laos,Double dose,2049,186.6972,90.6216,317.1754
laos,Double dose,2050,210.8210,105.0958,350.7390
laos,Double dose,2051,240.1891,129.6392,389.1273
laos,Double dose,2052,269.5572,146.2112,427.0960
laos,Double dose,2053,303.1207,169.2861,477.6511
laos,Double dose,2054,334.5865,191.9415,524.2205
laos,Double dose,2055,367.1012,210.4014,577.0831
laos,Double dose,2056,402.7625,235.3643,625.7502
laos,Double dose,2057,438.4237,262.4249,676.3053
laos,Double dose,2058,471.9872,287.5976,728.3288
laos,Double dose,2059,512.8928,314.6582,779.0936
laos,Double dose,2060,550.6518,341.7188,823.3555
laos,Double dose,2061,590.5085,362.4862,871.6031
laos,Double dose,2062,630.3652,383.4634,930.7589
laos,Double dose,2063,668.1242,412.6217,979.4260
laos,Double dose,2064,704.8343,437.7944,1036.2742
laos,Double dose,2065,743.6421,466.7429,1082.6339
laos,Double dose,2066,784.5477,495.4817,1133.8183
laos,Double dose,2067,823.3555,516.4589,1186.6808
laos,Double dose,2068,856.9191,543.5195,1235.1382
laos,Double dose,2069,894.6780,570.7899,1283.5955
laos,Double dose,2070,925.0950,591.7671,1327.8575
laos,Double dose,2071,959.7074,612.7443,1374.0073
laos,Double dose,2072,996.4175,629.1066,1422.2549
laos,Double dose,2073,1027.8833,656.1672,1460.6432
laos,Double dose,2074,1057.2514,672.9489,1497.1435
laos,Double dose,2075,1089.7661,689.5209,1539.0980
laos,Double dose,2076,1115.9876,706.3027,1578.9547
laos,Double dose,2077,1141.1603,720.9867,1612.7280
laos,Double dose,2078,1165.2841,739.6565,1644.8231
laos,Double dose,2079,1188.3590,754.1307,1676.4987
laos,Double dose,2080,1207.2385,770.7027,1704.1886
laos,Double dose,2081,1232.4111,783.2891,1739.8499
laos,Double dose,2082,1252.3395,795.8754,1765.4421
laos,Double dose,2083,1269.1213,808.4617,1791.0343
laos,Double dose,2084,1288.0008,820.6285,1816.4167
laos,Double dose,2085,1302.6848,831.1171,1843.8968
laos,Double dose,2086,1319.4666,839.2982,1865.0838
laos,Double dose,2087,1333.1018,849.5770,1884.3829
laos,Double dose,2088,1349.8835,859.8559,1909.7653
laos,Double dose,2089,1364.5676,865.9393,1933.2598
laos,Double dose,2090,1375.0562,872.0227,1950.6709
laos,Double dose,2091,1383.4471,874.1204,1963.4669
laos,Double dose,2092,1396.0334,880.2038,1980.4585
laos,Double dose,2093,1404.4243,886.4969,1995.5621
laos,Double dose,2094,1412.8152,890.4826,2012.5536
laos,Double dose,2095,1419.1083,894.6780,2025.1399
laos,Double dose,2096,1425.4015,896.7758,2035.6286
laos,Double dose,2097,1429.5969,898.6637,2042.3413
laos,Double dose,2098,1434.8412,900.5517,2050.9419
laos,Double dose,2099,1439.0367,902.6494,2057.4449
laos,Double dose,2100,1442.1833,902.6494,2065.8357
laos,Double dose,2101,1444.2810,902.6494,2072.1289
laos,Double dose,2102,1446.3787,902.6494,2078.6318
laos,Double dose,2103,1448.4764,902.6494,2082.8273
laos,Double dose,2104,1448.4764,902.6494,2085.1348
laos,Double dose,2105,1448.4764,902.6494,2087.2325
laos,Double dose,2106,1448.4764,902.6494,2089.3302
laos,Double dose,2107,1448.4764,902.6494,2091.4279
laos,Double dose,2108,1448.4764,902.6494,2093.5257
laos,Double dose,2109,1448.4764,902.6494,2095.6234
laos,Double dose,2110,1448.4764,902.6494,2095.6234
laos,Double dose,2111,1448.4764,902.6494,2095.6234
laos,Double dose,2112,1448.4764,902.6494,2095.6234
laos,Double dose,2113,1448.4764,902.6494,2095.6234
laos,Double dose,2114,1448.4764,902.6494,2095.6234
laos,Double dose,2115,1448.4764,902.6494,2095.6234
laos,Double dose,2116,1448.4764,902.6494,2095.6234
laos,Double dose,2117,1448.4764,902.6494,2095.6234
laos,Double dose,2118,1448.4764,902.6494,2095.6234
laos,Double dose,2119,1448.4764,902.6494,2095.6234
laos,Double dose,2120,1448.4764,902.6494,2095.6234
laos,Double dose,2121,1448.4764,902.6494,2095.6234
laos,Double dose,2122,1448.4764,902.6494,2095.6234
laos,Double dose,2123,1448.4764,902.6494,2095.6234
laos,Double dose,2124,1448.4764,902.6494,2095.6234
laos,Double dose,2125,1448.4764,902.6494,2095.6234
mali,No vaccination,2024,0.0000,0.0000,0.0000
mali,No vaccination,2025,0.0000,0.0000,0.0000
mali,No vaccination,2026,0.0000,0.0000,0.5363
mali,No vaccination,2027,0.0000,0.0000,5.8996
mali,No vaccination,2028,5.3633,0.0000,17.1626
mali,No vaccination,2029,10.7266,4.8270,28.4256
mali,No vaccination,2030,26.8166,10.1903,49.8788
mali,No vaccination,2031,42.9065,15.5536,92.7853
mali,No vaccination,2032,69.7231,36.4705,136.2281
mali,No vaccination,2033,115.3112,68.6504,195.7609
mali,No vaccination,2034,190.3976,124.9652,293.9095
mali,No vaccination,2035,273.5289,172.1623,412.4387
mali,No vaccination,2036,412.9750,256.9026,574.9470
mali,No vaccination,2037,571.1927,374.3592,812.0054
mali,No vaccination,2038,791.0885,540.6218,1107.5239
mali,No vaccination,2039,1043.1641,737.9917,1452.3848
mali,No vaccination,2040,1343.5096,979.3407,1841.2249
mali,No vaccination,2041,1724.3047,1261.4509,2314.2690
mali,No vaccination,2042,2169.4596,1629.9104,2907.4513
mali,No vaccination,2043,2695.0642,2082.0376,3541.3948
mali,No vaccination,2044,3255.5302,2566.8810,4277.2411
mali,No vaccination,2045,3853.5395,3068.8870,5078.5199
mali,No vaccination,2046,4572.2233,3663.1419,5942.0131
mali,No vaccination,2047,5390.1283,4326.5836,6844.1221
mali,No vaccination,2048,6280.4381,5050.6307,7852.9611
mali,No vaccination,2049,7221.6993,5843.3282,8983.5472
mali,No vaccination,2050,8272.9084,6751.3369,10121.1056
mali,No vaccination,2051,9380.4323,7682.4078,11416.8818
mali,No vaccination,2052,10509.4094,8653.1672,12667.6061
mali,No vaccination,2053,11657.1581,9674.8781,13966.0638
mali,No vaccination,2054,12936.3080,10775.9660,15325.1270
mali,No vaccination,2055,14236.9111,11821.2755,16760.3493
mali,No vaccination,2056,15534.8325,13024.8026,18166.0733
mali,No vaccination,2057,16835.4356,14247.6377,19682.8179
mali,No vaccination,2058,18203.0801,15427.0300,21226.9153
mali,No vaccination,2059,19568.0430,16642.8927,22852.5351
mali,No vaccination,2060,20975.9123,17775.6242,24365.5254
mali,No vaccination,2061,22373.0550,19007.5769,25965.9376
mali,No vaccination,2062,23754.1078,20256.1559,27459.6199
mali,No vaccination,2063,25116.3890,21515.4615,29009.0807
mali,No vaccination,2064,26449.1720,22751.1685,30404.0781
mali,No vaccination,2065,27792.6816,23918.2252,31847.3453
mali,No vaccination,2066,29034.2883,25086.3545,33245.0243
mali,No vaccination,2067,30316.1198,26265.7467,34666.3019
mali,No vaccination,2068,31546.9998,27371.6616,36025.9015
mali,No vaccination,2069,32710.8385,28395.5178,37303.9787
mali,No vaccination,2070,33850.5422,29431.7097,38555.2393
mali,No vaccination,2071,34925.8862,30436.7943,39761.4481
mali,No vaccination,2072,35969.0504,31427.9343,40957.4666
mali,No vaccination,2073,36963.9447,32316.6351,42053.1912
mali,No vaccination,2074,37907.8876,33179.5919,43072.7568
mali,No vaccination,2075,38806.2423,33982.4797,44061.2152
mali,No vaccination,2076,39645.6006,34722.6167,44966.0059
mali,No vaccination,2077,40431.3258,35465.4354,45835.3987
mali,No vaccination,2078,41198.2793,36128.3407,46662.4214
mali,No vaccination,2079,41914.2815,36710.7964,47447.0739
mali,No vaccination,2080,42552.5156,37261.0722,48166.8303
mali,No vaccination,2081,43118.3450,37786.1404,48881.7598
mali,No vaccination,2082,43686.8560,38262.9388,49501.2223
mali,No vaccination,2083,44182.9623,38702.1940,50096.5499
mali,No vaccination,2084,44654.9338,39093.1795,50682.2235
mali,No vaccination,2085,45089.3620,39486.8466,51182.6205
mali,No vaccination,2086,45486.2471,39819.3719,51644.9380
mali,No vaccination,2087,45813.4091,40111.1360,52023.0515
mali,No vaccination,2088,46132.5262,40351.9487,52395.8017
mali,No vaccination,2089,46422.1450,40560.0452,52707.9464
mali,No vaccination,2090,46668.8573,40763.8511,52996.4926
mali,No vaccination,2091,46880.7082,40935.4771,53256.0769
mali,No vaccination,2092,47044.2892,41058.2969,53460.4190
mali,No vaccination,2093,47197.1436,41191.3070,53637.4083
mali,No vaccination,2094,47331.2263,41286.2377,53805.2800
mali,No vaccination,2095,47441.1742,41376.8776,53944.7261
mali,No vaccination,2096,47529.6689,41440.7010,54068.0823
mali,No vaccination,2097,47612.8002,41487.3618,54175.8848
mali,No vaccination,2098,47671.7966,41529.7320,54267.0611
mali,No vaccination,2099,47714.7031,41561.3755,54327.1302
mali,No vaccination,2100,47746.8830,41582.2925,54386.1266
mali,No vaccination,2101,47768.3363,41598.3824,54429.0331
mali,No vaccination,2102,47789.7895,41613.3997,54461.7493
mali,No vaccination,2103,47800.5161,41618.7630,54488.5659
mali,No vaccination,2104,47813.9244,41618.7630,54504.6558
mali,No vaccination,2105,47819.2877,41618.7630,54520.7458
mali,No vaccination,2106,47824.6510,41618.7630,54532.0087
mali,No vaccination,2107,47827.3327,41618.7630,54542.7354
mali,No vaccination,2108,47827.3327,41618.7630,54548.0987
mali,No vaccination,2109,47827.3327,41618.7630,54553.4620
mali,No vaccination,2110,47827.3327,41618.7630,54558.8253
mali,No vaccination,2111,47827.3327,41618.7630,54558.8253
mali,No vaccination,2112,47827.3327,41618.7630,54558.8253
mali,No vaccination,2113,47827.3327,41618.7630,54558.8253
mali,No vaccination,2114,47827.3327,41618.7630,54558.8253
mali,No vaccination,2115,47827.3327,41618.7630,54558.8253
mali,No vaccination,2116,47827.3327,41618.7630,54558.8253
mali,No vaccination,2117,47827.3327,41618.7630,54558.8253
mali,No vaccination,2118,47827.3327,41618.7630,54558.8253
mali,No vaccination,2119,47827.3327,41618.7630,54558.8253
mali,No vaccination,2120,47827.3327,41618.7630,54558.8253
mali,No vaccination,2121,47827.3327,41618.7630,54558.8253
mali,No vaccination,2122,47827.3327,41618.7630,54558.8253
mali,No vaccination,2123,47827.3327,41618.7630,54558.8253
mali,No vaccination,2124,47827.3327,41618.7630,54558.8253
mali,No vaccination,2125,47827.3327,41618.7630,54558.8253
mali,Single dose shipments,2024,0.0000,0.0000,0.0000
mali,Single dose shipments,2025,0.0000,0.0000,0.0000
mali,Single dose shipments,2026,0.0000,0.0000,5.3633
mali,Single dose shipments,2027,0.0000,0.0000,10.7266
mali,Single dose shipments,2028,5.3633,0.0000,21.4532
mali,Single dose shipments,2029,13.4083,4.8270,37.5432
mali,Single dose shipments,2030,24.1349,4.8270,58.9964
mali,Single dose shipments,2031,40.2248,10.1903,86.3493
mali,Single dose shipments,2032,72.4047,26.2802,139.9824
mali,Single dose shipments,2033,109.9479,47.7335,209.7055
mali,Single dose shipments,2034,168.9443,84.7403,306.2451
mali,Single dose shipments,2035,265.4839,136.7645,434.9646
mali,Single dose shipments,2036,388.8401,226.3318,586.2100
mali,Single dose shipments,2037,547.0578,331.4527,806.1058
mali,Single dose shipments,2038,742.8187,489.6704,1085.5343
mali,Single dose shipments,2039,973.4411,655.3967,1413.2327
mali,Single dose shipments,2040,1257.6966,874.2198,1750.5850
mali,Single dose shipments,2041,1614.3568,1110.2055,2197.8852
mali,Single dose shipments,2042,2005.8786,1441.6582,2697.2095
mali,Single dose shipments,2043,2467.1234,1779.5468,3318.8173
mali,Single dose shipments,2044,3008.8179,2163.0236,3914.6813
mali,Single dose shipments,2045,3609.5088,2611.3965,4662.3269
mali,Single dose shipments,2046,4269.1962,3130.5651,5467.8963
mali,Single dose shipments,2047,4977.1533,3696.3945,6322.8082
mali,Single dose shipments,2048,5792.3767,4366.2721,7240.4709
mali,Single dose shipments,2049,6615.6451,5036.1497,8223.0296
mali,Single dose shipments,2050,7513.9998,5781.6501,9205.0520
mali,Single dose shipments,2051,8423.0811,6552.8943,10278.7870
mali,Single dose shipments,2052,9383.1139,7436.7681,11397.0375
mali,Single dose shipments,2053,10428.9597,8295.9706,12574.2844
mali,Single dose shipments,2054,11506.9854,9201.2977,13760.6490
mali,Single dose shipments,2055,12603.7827,10134.5139,14977.5844
mali,Single dose shipments,2056,13719.3515,11074.1661,16276.5786
mali,Single dose shipments,2057,14859.0553,12019.7180,17588.9809
mali,Single dose shipments,2058,16038.9838,13012.4670,18967.3521
mali,Single dose shipments,2059,17167.9610,14012.1883,20297.4534
mali,Single dose shipments,2060,18444.4292,15007.6190,21698.8867
mali,Single dose shipments,2061,19648.4927,16026.6482,23056.8773
mali,Single dose shipments,2062,20823.0579,17046.7501,24376.7883
mali,Single dose shipments,2063,22000.3049,18042.1808,25710.6440
mali,Single dose shipments,2064,23185.5968,19016.6945,26974.2402
mali,Single dose shipments,2065,24352.1171,20018.0248,28256.6080
mali,Single dose shipments,2066,25491.8208,21030.6181,29544.3392
mali,Single dose shipments,2067,26634.2062,21997.0869,30756.9840
mali,Single dose shipments,2068,27706.8686,22953.3654,31879.5251
mali,Single dose shipments,2069,28766.1227,23815.7859,33039.0732
mali,Single dose shipments,2070,29771.7436,24692.1510,34133.7251
mali,Single dose shipments,2071,30745.1847,25512.2014,35198.3425
mali,Single dose shipments,2072,31678.4010,26288.2726,36212.5447
mali,Single dose shipments,2073,32557.9841,27044.4996,37157.5603
mali,Single dose shipments,2074,33383.9341,27762.6470,38106.8664
mali,Single dose shipments,2075,34193.7942,28453.9779,39009.5118
mali,Single dose shipments,2076,34909.7963,29049.3055,39862.8147
mali,Single dose shipments,2077,35625.7984,29658.5777,40678.0381
mali,Single dose shipments,2078,36261.3509,30198.6632,41364.5420
mali,Single dose shipments,2079,36862.0418,30741.4304,42047.8279
mali,Single dose shipments,2080,37422.5079,31258.4536,42666.7541
mali,Single dose shipments,2081,37929.3408,31728.8161,43225.6112
mali,Single dose shipments,2082,38452.2637,32145.5454,43815.5755
mali,Single dose shipments,2083,38900.1003,32554.2298,44304.7095
mali,Single dose shipments,2084,39299.6670,32886.2188,44745.5737
mali,Single dose shipments,2085,39675.0988,33207.4811,45180.5383
mali,Single dose shipments,2086,40018.3508,33475.6467,45578.4961
mali,Single dose shipments,2087,40324.0595,33729.8677,45933.5473
mali,Single dose shipments,2088,40581.4985,33954.0541,46234.4291
mali,Single dose shipments,2089,40822.8475,34135.8704,46511.7123
mali,Single dose shipments,2090,41040.0616,34294.6244,46764.3243
mali,Single dose shipments,2091,41211.6876,34423.3439,46994.9467
mali,Single dose shipments,2092,41359.1787,34535.4371,47188.5623
mali,Single dose shipments,2093,41506.6698,34647.5303,47361.7972
mali,Single dose shipments,2094,41616.6177,34731.7343,47507.1430
mali,Single dose shipments,2095,41710.4756,34800.9211,47619.7725
mali,Single dose shipments,2096,41788.2436,34864.7445,47727.0388
mali,Single dose shipments,2097,41849.9217,34902.2877,47803.1978
mali,Single dose shipments,2098,41898.1915,34938.7582,47868.0939
mali,Single dose shipments,2099,41943.7797,34965.0384,47922.7996
mali,Single dose shipments,2100,41975.9595,34975.7650,47976.4328
mali,Single dose shipments,2101,41997.4128,34991.3186,48019.3392
mali,Single dose shipments,2102,42018.8660,34996.1456,48052.5918
mali,Single dose shipments,2103,42034.9560,35001.5089,48079.4083
mali,Single dose shipments,2104,42045.6826,35001.5089,48101.3979
mali,Single dose shipments,2105,42051.0459,35001.5089,48112.1245
mali,Single dose shipments,2106,42056.4092,35001.5089,48122.8512
mali,Single dose shipments,2107,42056.4092,35001.5089,48128.2145
mali,Single dose shipments,2108,42056.4092,35001.5089,48133.5778
mali,Single dose shipments,2109,42056.4092,35001.5089,48138.9411
mali,Single dose shipments,2110,42056.4092,35001.5089,48144.3044
mali,Single dose shipments,2111,42056.4092,35001.5089,48144.3044
mali,Single dose shipments,2112,42056.4092,35001.5089,48144.3044
mali,Single dose shipments,2113,42056.4092,35001.5089,48144.3044
mali,Single dose shipments,2114,42056.4092,35001.5089,48144.3044
mali,Single dose shipments,2115,42056.4092,35001.5089,48144.3044
mali,Single dose shipments,2116,42056.4092,35001.5089,48144.3044
mali,Single dose shipments,2117,42056.4092,35001.5089,48144.3044
mali,Single dose shipments,2118,42056.4092,35001.5089,48144.3044
mali,Single dose shipments,2119,42056.4092,35001.5089,48144.3044
mali,Single dose shipments,2120,42056.4092,35001.5089,48144.3044
mali,Single dose shipments,2121,42056.4092,35001.5089,48144.3044
mali,Single dose shipments,2122,42056.4092,35001.5089,48144.3044
mali,Single dose shipments,2123,42056.4092,35001.5089,48144.3044
mali,Single dose shipments,2124,42056.4092,35001.5089,48144.3044
mali,Single dose shipments,2125,42056.4092,35001.5089,48144.3044
mali,Single dose actual,2024,0.0000,0.0000,0.0000
mali,Single dose actual,2025,0.0000,0.0000,0.0000
mali,Single dose actual,2026,0.0000,0.0000,0.5363
mali,Single dose actual,2027,0.0000,0.0000,5.8996
mali,Single dose actual,2028,5.3633,0.0000,16.6263
mali,Single dose actual,2029,10.7266,0.0000,27.8892
mali,Single dose actual,2030,21.4532,4.8270,49.3425
mali,Single dose actual,2031,37.5432,9.6540,82.0587
mali,Single dose actual,2032,69.7231,25.2076,131.9375
mali,Single dose actual,2033,115.3112,57.3874,202.7332
mali,Single dose actual,2034,185.0343,94.9306,306.2451
mali,Single dose actual,2035,276.2106,153.3907,435.5009
mali,Single dose actual,2036,404.9300,233.8404,592.6460
mali,Single dose actual,2037,576.5560,325.0167,845.2579
mali,Single dose actual,2038,793.7701,491.2794,1115.5688
mali,Single dose actual,2039,1056.5724,671.4866,1454.5302
mali,Single dose actual,2040,1359.5995,923.0260,1840.1523
mali,Single dose actual,2041,1713.5781,1228.1984,2281.5528
mali,Single dose actual,2042,2131.9164,1574.1320,2802.3304
mali,Single dose actual,2043,2630.7044,1984.9617,3387.4677
mali,Single dose actual,2044,3183.1255,2467.1234,4076.1169
mali,Single dose actual,2045,3850.8578,3013.1086,4868.8144
mali,Single dose actual,2046,4534.6801,3596.6369,5807.9303
mali,Single dose actual,2047,5309.6786,4274.0231,6770.1084
mali,Single dose actual,2048,6213.3967,5006.1152,7812.1999
mali,Single dose actual,2049,7192.2011,5829.3836,8900.9522
mali,Single dose actual,2050,8224.6386,6667.1329,10065.3272
mali,Single dose actual,2051,9332.1625,7551.5430,11279.0446
mali,Single dose actual,2052,10477.2295,8460.6243,12615.5819
mali,Single dose actual,2053,11683.9747,9468.3906,13957.4825
mali,Single dose actual,2054,12885.3565,10506.1914,15343.8986
mali,Single dose actual,2055,14156.4614,11614.7880,16753.3770
mali,Single dose actual,2056,15470.4728,12740.5471,18228.8240
mali,Single dose actual,2057,16789.8475,13875.4239,19722.5064
mali,Single dose actual,2058,18122.6305,15034.9719,21255.8772
mali,Single dose actual,2059,19471.5034,16150.5407,22779.5941
mali,Single dose actual,2060,20820.3763,17297.7531,24245.9235
mali,Single dose actual,2061,22102.2078,18459.9828,25700.9900
mali,Single dose actual,2062,23429.6275,19655.4650,27189.8453
mali,Single dose actual,2063,24711.4590,20780.1514,28671.7284
mali,Single dose actual,2064,26028.1520,21958.4710,30183.1096
mali,Single dose actual,2065,27277.8036,23095.4931,31546.4635
mali,Single dose actual,2066,28535.5003,24208.9167,32939.3156
mali,Single dose actual,2067,29718.1105,25214.5376,34296.7698
mali,Single dose actual,2068,30884.6308,26254.4838,35597.9092
mali,Single dose actual,2069,32016.2896,27208.6169,36896.3670
mali,Single dose actual,2070,33113.0869,28226.5735,38114.9114
mali,Single dose actual,2071,34158.9326,29181.2430,39266.9508
mali,Single dose actual,2072,35207.4601,30134.3035,40387.8829
mali,Single dose actual,2073,36164.8112,31008.5233,41517.9327
mali,Single dose actual,2074,37041.7127,31850.5633,42509.6091
mali,Single dose actual,2075,37910.5692,32624.4892,43503.9671
mali,Single dose actual,2076,38771.3808,33372.6711,44446.3009
mali,Single dose actual,2077,39557.1059,34027.5315,45300.6765
mali,Single dose actual,2078,40267.7448,34654.5027,46086.9380
mali,Single dose actual,2079,40943.5220,35232.6677,46894.6528
mali,Single dose actual,2080,41546.8946,35800.6424,47583.3020
mali,Single dose actual,2081,42131.4956,36327.3196,48249.4253
mali,Single dose actual,2082,42659.7818,36788.0281,48879.0781
mali,Single dose actual,2083,43161.2514,37214.4114,49436.8625
mali,Single dose actual,2084,43609.0880,37583.9435,49932.9689
mali,Single dose actual,2085,44030.1080,37933.0951,50399.5770
mali,Single dose actual,2086,44410.9031,38248.9942,50872.6211
mali,Single dose actual,2087,44738.0651,38532.7134,51281.8418
mali,Single dose actual,2088,45041.0922,38778.3531,51657.8100
mali,Single dose actual,2089,45295.8495,38992.3492,51974.2453
mali,Single dose actual,2090,45531.8353,39184.3558,52243.4836
mali,Single dose actual,2091,45743.6861,39367.2447,52480.5420
mali,Single dose actual,2092,45915.3120,39500.7912,52692.9291
mali,Single dose actual,2093,46062.8031,39628.9743,52865.6278
mali,Single dose actual,2094,46191.5226,39724.4413,53027.5998
mali,Single dose actual,2095,46298.7888,39804.8909,53168.1185
mali,Single dose actual,2096,46381.9202,39862.8147,53280.7481
mali,Single dose actual,2097,46440.9166,39915.3752,53351.5438
mali,Single dose actual,2098,46499.9130,39962.0360,53427.1665
mali,Single dose actual,2099,46545.5012,39994.2159,53502.2529
mali,Single dose actual,2100,46583.0444,40010.3058,53551.0590
mali,Single dose actual,2101,46607.1793,40021.0324,53583.7752
mali,Single dose actual,2102,46620.5875,40025.8594,53622.3911
mali,Single dose actual,2103,46633.9958,40031.2227,53649.2076
mali,Single dose actual,2104,46644.7224,40031.2227,53665.2975
mali,Single dose actual,2105,46650.0858,40031.2227,53681.3875
mali,Single dose actual,2106,46655.4491,40031.2227,53692.6504
mali,Single dose actual,2107,46660.8124,40031.2227,53698.0137
mali,Single dose actual,2108,46660.8124,40031.2227,53703.3771
mali,Single dose actual,2109,46660.8124,40031.2227,53703.3771
mali,Single dose actual,2110,46660.8124,40031.2227,53703.3771
mali,Single dose actual,2111,46660.8124,40031.2227,53703.3771
mali,Single dose actual,2112,46660.8124,40031.2227,53703.3771
mali,Single dose actual,2113,46660.8124,40031.2227,53703.3771
mali,Single dose actual,2114,46660.8124,40031.2227,53703.3771
mali,Single dose actual,2115,46660.8124,40031.2227,53703.3771
mali,Single dose actual,2116,46660.8124,40031.2227,53703.3771
mali,Single dose actual,2117,46660.8124,40031.2227,53703.3771
mali,Single dose actual,2118,46660.8124,40031.2227,53703.3771
mali,Single dose actual,2119,46660.8124,40031.2227,53703.3771
mali,Single dose actual,2120,46660.8124,40031.2227,53703.3771
mali,Single dose actual,2121,46660.8124,40031.2227,53703.3771
mali,Single dose actual,2122,46660.8124,40031.2227,53703.3771
mali,Single dose actual,2123,46660.8124,40031.2227,53703.3771
mali,Single dose actual,2124,46660.8124,40031.2227,53703.3771
mali,Single dose actual,2125,46660.8124,40031.2227,53703.3771
mali,Double dose,2024,0.0000,0.0000,0.0000
mali,Double dose,2025,0.0000,0.0000,0.5363
mali,Double dose,2026,0.0000,0.0000,5.8996
mali,Double dose,2027,0.0000,0.0000,11.2630
mali,Double dose,2028,0.0000,0.0000,16.6263
mali,Double dose,2029,5.3633,0.0000,27.8892
mali,Double dose,2030,18.7716,4.8270,50.9515
mali,Double dose,2031,34.8615,10.1903,78.3044
mali,Double dose,2032,58.9964,20.9169,121.7472
mali,Double dose,2033,109.9479,47.7335,186.6432
mali,Double dose,2034,179.6709,90.6400,294.4458
mali,Double dose,2035,278.8922,137.3008,424.2380
mali,Double dose,2036,418.3383,232.7677,623.2168
mali,Double dose,2037,576.5560,348.0789,860.2752
mali,Double dose,2038,788.4068,492.8884,1135.4131
mali,Double dose,2039,1037.8008,706.8845,1428.7863
mali,Double dose,2040,1362.2812,936.4342,1850.3426
mali,Double dose,2041,1759.1663,1231.9527,2308.9057
mali,Double dose,2042,2207.0028,1575.2047,2813.5934
mali,Double dose,2043,2708.4724,1980.6710,3430.9105
mali,Double dose,2044,3263.5752,2420.4626,4105.0788
mali,Double dose,2045,3883.0377,2958.4028,4954.6274
mali,Double dose,2046,4561.4967,3531.2045,5761.2695
mali,Double dose,2047,5390.1283,4239.6980,6723.9840
mali,Double dose,2048,6269.7115,4887.5860,7673.2901
mali,Double dose,2049,7205.6094,5605.1971,8783.4957
mali,Double dose,2050,8152.2339,6414.5209,9918.3725
mali,Double dose,2051,9139.0833,7278.0141,11119.2180
mali,Double dose,2052,10222.4722,8264.8634,12367.2606
mali,Double dose,2053,11386.3109,9289.2560,13661.4277
mali,Double dose,2054,12590.3744,10358.7003,15075.1967
mali,Double dose,2055,13778.3479,11394.3559,16475.0211
mali,Double dose,2056,15070.9061,12431.6203,18043.2534
mali,Double dose,2057,16363.4642,13617.9849,19535.8631
mali,Double dose,2058,17693.5655,14816.1488,21019.3551
mali,Double dose,2059,19026.3485,15979.9874,22522.1551
mali,Double dose,2060,20377.9031,17193.7049,24151.5292
mali,Double dose,2061,21691.9144,18355.9345,25672.0281
mali,Double dose,2062,22995.1992,19528.3545,27234.3608
mali,Double dose,2063,24336.0271,20665.3766,28737.1608
mali,Double dose,2064,25591.0421,21850.1321,30136.4488
mali,Double dose,2065,26824.6038,22989.8359,31563.6261
mali,Double dose,2066,28044.7572,24125.7853,32910.3537
mali,Double dose,2067,29278.3189,25164.6588,34264.5899
mali,Double dose,2068,30482.3824,26198.1690,35582.3556
mali,Double dose,2069,31619.4045,27228.9975,36815.3810
mali,Double dose,2070,32734.9734,28240.5181,38062.3510
mali,Double dose,2071,33837.1339,29124.3919,39291.0857
mali,Double dose,2072,34853.4815,29981.9854,40379.8380
mali,Double dose,2073,35851.0575,30842.2607,41453.0367
mali,Double dose,2074,36768.1838,31667.6743,42452.2216
mali,Double dose,2075,37628.9954,32465.1988,43382.7562
mali,Double dose,2076,38441.5371,33186.5642,44298.2735
mali,Double dose,2077,39189.7191,33840.3519,45242.7527
mali,Double dose,2078,39873.5413,34423.3439,46040.2772
mali,Double dose,2079,40517.1387,34978.4467,46770.2239
mali,Double dose,2080,41131.2379,35466.5081,47468.5271
mali,Double dose,2081,41697.0673,35996.9396,48096.0346
mali,Double dose,2082,42244.1251,36461.9387,48725.6874
mali,Double dose,2083,42734.8682,36908.7026,49273.2815
mali,Double dose,2084,43171.9781,37316.3143,49761.8792
mali,Double dose,2085,43584.9531,37693.8914,50244.5773
mali,Double dose,2086,43936.2500,37983.5103,50696.7045
mali,Double dose,2087,44271.4570,38267.2295,51078.0359
mali,Double dose,2088,44563.7575,38508.5785,51393.3987
mali,Double dose,2089,44826.5598,38717.2113,51731.8237
mali,Double dose,2090,45057.1822,38936.5708,52005.8889
mali,Double dose,2091,45258.3064,39091.0341,52279.4178
mali,Double dose,2092,45443.3406,39244.4249,52506.2859
mali,Double dose,2093,45582.7867,39355.9818,52681.1298
mali,Double dose,2094,45703.4612,39435.8951,52843.1019
mali,Double dose,2095,45810.7275,39510.9815,52983.6206
mali,Double dose,2096,45888.4955,39564.6146,53097.8592
mali,Double dose,2097,45958.2185,39606.9847,53199.7621
mali,Double dose,2098,46011.8517,39633.8013,53274.8484
mali,Double dose,2099,46046.7132,39649.3549,53328.4816
mali,Double dose,2100,46081.5747,39660.0815,53377.2877
mali,Double dose,2101,46108.3913,39670.2718,53415.3672
mali,Double dose,2102,46124.4812,39680.4621,53443.7928
mali,Double dose,2103,46135.2078,39685.2891,53465.7823
mali,Double dose,2104,46140.5711,39685.2891,53477.0453
mali,Double dose,2105,46148.6161,39685.2891,53493.1352
mali,Double dose,2106,46153.9794,39685.2891,53503.8619
mali,Double dose,2107,46156.6611,39685.2891,53514.5885
mali,Double dose,2108,46156.6611,39685.2891,53519.9518
mali,Double dose,2109,46156.6611,39685.2891,53525.3151
mali,Double dose,2110,46156.6611,39685.2891,53525.3151
mali,Double dose,2111,46156.6611,39685.2891,53525.3151
mali,Double dose,2112,46156.6611,39685.2891,53525.3151
mali,Double dose,2113,46156.6611,39685.2891,53525.3151
mali,Double dose,2114,46156.6611,39685.2891,53525.3151
mali,Double dose,2115,46156.6611,39685.2891,53525.3151
mali,Double dose,2116,46156.6611,39685.2891,53525.3151
mali,Double dose,2117,46156.6611,39685.2891,53525.3151
mali,Double dose,2118,46156.6611,39685.2891,53525.3151
mali,Double dose,2119,46156.6611,39685.2891,53525.3151
mali,Double dose,2120,46156.6611,39685.2891,53525.3151
mali,Double dose,2121,46156.6611,39685.2891,53525.3151
mali,Double dose,2122,46156.6611,39685.2891,53525.3151
mali,Double dose,2123,46156.6611,39685.2891,53525.3151
mali,Double dose,2124,46156.6611,39685.2891,53525.3151
mali,Double dose,2125,46156.6611,39685.2891,53525.3151
mozambique,No vaccination,2024,0.0000,0.0000,6.6580
mozambique,No vaccination,2025,0.0000,0.0000,13.3160
mozambique,No vaccination,2026,6.6580,0.0000,26.6319
mozambique,No vaccination,2027,19.9740,6.6580,46.6059
mozambique,No vaccination,2028,46.6059,19.9740,80.5616
mozambique,No vaccination,2029,93.2118,52.5981,161.7891
mozambique,No vaccination,2030,173.1076,99.2040,274.9748
mozambique,No vaccination,2031,319.5833,198.4080,488.6962
mozambique,No vaccination,2032,522.6519,370.1840,749.6893
mozambique,No vaccination,2033,812.2744,603.2136,1116.5444
mozambique,No vaccination,2034,1211.7536,936.7787,1585.9325
mozambique,No vaccination,2035,1744.3926,1395.5141,2213.7808
mozambique,No vaccination,2036,2400.2045,1981.4170,3014.0710
mozambique,No vaccination,2037,3292.3750,2745.7541,4009.4403
mozambique,No vaccination,2038,4291.0733,3643.2510,5109.3401
mozambique,No vaccination,2039,5546.1042,4743.1507,6448.9274
mozambique,No vaccination,2040,6984.2298,6013.4950,8005.5653
mozambique,No vaccination,2041,8615.4370,7503.5529,9863.1438
mozambique,No vaccination,2042,10396.4489,9182.0319,11769.9916
mozambique,No vaccination,2043,12370.5425,10984.3493,13994.4249
mozambique,No vaccination,2044,14521.0722,12943.7953,16266.1297
mozambique,No vaccination,2045,16861.3540,15049.7167,18717.5995
mozambique,No vaccination,2046,19294.8473,17270.8209,21392.7767
mozambique,No vaccination,2047,21941.3952,19759.5753,24414.1678
mozambique,No vaccination,2048,24528.0216,22206.3844,27229.1621
mozambique,No vaccination,2049,27264.4520,24783.6896,30140.6969
mozambique,No vaccination,2050,30097.4228,27384.9635,33120.1428
mozambique,No vaccination,2051,32967.0124,30000.8848,36162.8393
mozambique,No vaccination,2052,35816.6281,32710.6834,39162.2591
mozambique,No vaccination,2053,38719.5075,35407.1661,42228.2585
mozambique,No vaccination,2054,41655.6767,38128.9490,45317.5607
mozambique,No vaccination,2055,44481.9896,40750.8625,48404.8656
mozambique,No vaccination,2056,47314.9604,43438.6898,51396.9617
mozambique,No vaccination,2057,50038.0749,46019.3240,54281.8646
mozambique,No vaccination,2058,52751.2025,48528.7180,57144.7962
mozambique,No vaccination,2059,55334.4998,50984.1826,60009.0594
mozambique,No vaccination,2060,57894.4943,53419.6732,62740.1635
mozambique,No vaccination,2061,60371.2644,55750.6339,65416.6723
mozambique,No vaccination,2062,62818.0735,58030.9939,68115.1523
mozambique,No vaccination,2063,65088.4464,60156.2233,70607.2356
mozambique,No vaccination,2064,67305.5561,62300.7610,73035.4025
mozambique,No vaccination,2065,69466.0727,64317.4654,75284.4702
mozambique,No vaccination,2066,71520.0620,66241.6243,77482.2714
mozambique,No vaccination,2067,73537.4326,68064.5816,79604.1720
mozambique,No vaccination,2068,75424.9723,69786.3375,81648.8400
mozambique,No vaccination,2069,77242.6033,71482.7931,83600.9622
mozambique,No vaccination,2070,78960.3644,73106.0109,85443.2276
mozambique,No vaccination,2071,80548.2948,74601.3952,87182.2944
mozambique,No vaccination,2072,82072.9743,76055.5000,88821.4913
mozambique,No vaccination,2073,83527.7449,77379.7739,90412.7506
mozambique,No vaccination,2074,84885.9746,78597.5201,91946.7513
mozambique,No vaccination,2075,86194.2694,79748.6864,93412.1747
mozambique,No vaccination,2076,87449.3003,80891.8630,94805.0259
mozambique,No vaccination,2077,88641.0803,81932.5067,96119.9787
mozambique,No vaccination,2078,89709.6875,82917.2232,97291.7848
mozambique,No vaccination,2079,90745.0048,83856.6654,98480.9016
mozambique,No vaccination,2080,91690.4391,84702.2299,99508.2292
mozambique,No vaccination,2081,92582.6096,85523.8257,100482.9588
mozambique,No vaccination,2082,93358.2653,86234.8989,101363.1449
mozambique,No vaccination,2083,94107.2890,86850.0970,102173.4221
mozambique,No vaccination,2084,94759.7718,87422.6840,102913.7904
mozambique,No vaccination,2085,95372.3067,87979.2918,103608.8844
mozambique,No vaccination,2086,95944.8937,88497.9490,104236.0668
mozambique,No vaccination,2087,96457.5588,88942.7026,104828.6278
mozambique,No vaccination,2088,96913.6309,89334.1923,105329.9743
mozambique,No vaccination,2089,97303.1232,89679.0760,105809.3494
mozambique,No vaccination,2090,97662.6545,89997.9936,106211.4918
mozambique,No vaccination,2091,97948.9479,90250.3313,106553.0466
mozambique,No vaccination,2092,98241.8994,90509.3269,106892.6039
mozambique,No vaccination,2093,98494.9028,90715.0587,107192.2133
mozambique,No vaccination,2094,98694.6424,90874.8504,107438.5588
mozambique,No vaccination,2095,98867.7501,91020.6603,107658.9382
mozambique,No vaccination,2096,99017.5548,91133.8460,107846.0276
mozambique,No vaccination,2097,99137.3985,91226.3921,107986.5111
mozambique,No vaccination,2098,99237.2683,91306.2879,108114.3445
mozambique,No vaccination,2099,99317.1641,91358.8860,108234.8540
mozambique,No vaccination,2100,99380.4150,91398.8339,108315.4157
mozambique,No vaccination,2101,99433.6789,91431.4580,108376.0033
mozambique,No vaccination,2102,99486.9428,91464.0822,108435.9252
mozambique,No vaccination,2103,99520.2327,91477.3981,108483.1969
mozambique,No vaccination,2104,99540.2067,91483.3903,108517.1526
mozambique,No vaccination,2105,99553.5227,91490.0483,108544.4504
mozambique,No vaccination,2106,99566.8386,91496.0405,108558.4322
mozambique,No vaccination,2107,99573.4966,91496.0405,108571.7481
mozambique,No vaccination,2108,99580.1546,91496.0405,108585.7299
mozambique,No vaccination,2109,99586.8126,91496.0405,108593.0537
mozambique,No vaccination,2110,99586.8126,91496.0405,108599.7117
mozambique,No vaccination,2111,99586.8126,91496.0405,108606.3697
mozambique,No vaccination,2112,99586.8126,91496.0405,108607.0355
mozambique,No vaccination,2113,99586.8126,91496.0405,108613.6934
mozambique,No vaccination,2114,99586.8126,91496.0405,108613.6934
mozambique,No vaccination,2115,99586.8126,91496.0405,108613.6934
mozambique,No vaccination,2116,99586.8126,91496.0405,108613.6934
mozambique,No vaccination,2117,99586.8126,91496.0405,108613.6934
mozambique,No vaccination,2118,99586.8126,91496.0405,108613.6934
mozambique,No vaccination,2119,99586.8126,91496.0405,108613.6934
mozambique,No vaccination,2120,99586.8126,91496.0405,108613.6934
mozambique,No vaccination,2121,99586.8126,91496.0405,108613.6934
mozambique,No vaccination,2122,99586.8126,91496.0405,108613.6934
mozambique,No vaccination,2123,99586.8126,91496.0405,108613.6934
mozambique,No vaccination,2124,99586.8126,91496.0405,108613.6934
mozambique,No vaccination,2125,99586.8126,91496.0405,108613.6934
mozambique,Single dose shipments,2024,0.0000,0.0000,6.6580
mozambique,Single dose shipments,2025,0.0000,0.0000,13.3160
mozambique,Single dose shipments,2026,0.0000,0.0000,20.6398
mozambique,Single dose shipments,2027,13.3160,0.0000,55.2613
mozambique,Single dose shipments,2028,36.6189,6.6580,95.2092
mozambique,Single dose shipments,2029,79.8958,26.6319,182.4288
mozambique,Single dose shipments,2030,153.1337,77.8984,275.6406
mozambique,Single dose shipments,2031,266.3195,155.7969,428.7743
mozambique,Single dose shipments,2032,426.1111,282.2986,642.4957
mozambique,Single dose shipments,2033,639.1667,441.4245,909.4809
mozambique,Single dose shipments,2034,938.7761,693.0964,1273.0071
mozambique,Single dose shipments,2035,1321.6104,1018.6720,1743.0610
mozambique,Single dose shipments,2036,1810.9725,1446.1148,2310.3216
mozambique,Single dose shipments,2037,2380.2305,1914.1713,2932.8435
mozambique,Single dose shipments,2038,3095.9642,2496.7453,3709.1649
mozambique,Single dose shipments,2039,3901.5808,3241.1084,4661.2573
mozambique,Single dose shipments,2040,4813.7253,4009.4402,5715.2169
mozambique,Single dose shipments,2041,5799.1076,4925.5795,6926.9709
mozambique,Single dose shipments,2042,6940.9527,5921.6146,8253.9081
mozambique,Single dose shipments,2043,8142.7196,7031.5013,9592.1638
mozambique,Single dose shipments,2044,9394.4215,8181.3360,11070.9032
mozambique,Single dose shipments,2045,10829.2182,9459.0040,12636.1964
mozambique,Single dose shipments,2046,12347.2396,10841.8683,14325.3282
mozambique,Single dose shipments,2047,13958.4730,12294.6415,16066.3923
mozambique,Single dose shipments,2048,15579.6933,13758.7333,17820.1066
mozambique,Single dose shipments,2049,17237.5326,15302.7209,19659.7090
mozambique,Single dose shipments,2050,18951.9647,16864.0193,21526.6089
mozambique,Single dose shipments,2051,20716.3318,18457.2761,23372.8691
mozambique,Single dose shipments,2052,22447.4090,20106.4600,25325.6571
mozambique,Single dose shipments,2053,24185.1440,21685.7350,27290.4295
mozambique,Single dose shipments,2054,25976.1430,23341.5768,29216.5857
mozambique,Single dose shipments,2055,27777.1290,24945.4864,31141.4102
mozambique,Single dose shipments,2056,29584.7730,26570.0357,33066.2347
mozambique,Single dose shipments,2057,31362.4561,28216.5564,35024.3491
mozambique,Single dose shipments,2058,33130.1522,29845.1005,36869.2778
mozambique,Single dose shipments,2059,34864.5584,31469.6498,38696.2300
mozambique,Single dose shipments,2060,36545.7004,33021.6270,40561.7986
mozambique,Single dose shipments,2061,38203.5396,34583.5913,42358.1240
mozambique,Single dose shipments,2062,39818.1019,36033.0355,44085.2063
mozambique,Single dose shipments,2063,41369.4133,37470.4953,45784.9909
mozambique,Single dose shipments,2064,42907.4088,38860.0176,47496.0941
mozambique,Single dose shipments,2065,44365.5084,40176.9678,49121.3092
mozambique,Single dose shipments,2066,45793.6470,41448.6436,50682.6076
mozambique,Single dose shipments,2067,47171.8507,42746.2857,52189.3105
mozambique,Single dose shipments,2068,48553.3834,43930.0761,53702.0056
mozambique,Single dose shipments,2069,49818.4013,45052.6130,55070.8881
mozambique,Single dose shipments,2070,51090.0772,46201.7818,56456.4156
mozambique,Single dose shipments,2071,52248.5672,47253.7441,57756.0551
mozambique,Single dose shipments,2072,53370.4383,48224.4788,59021.7387
mozambique,Single dose shipments,2073,54469.0065,49227.1719,60209.5239
mozambique,Single dose shipments,2074,55437.7438,50131.3268,61302.7657
mozambique,Single dose shipments,2075,56429.7841,51023.4972,62348.0699
mozambique,Single dose shipments,2076,57331.9416,51827.7822,63394.7058
mozambique,Single dose shipments,2077,58217.4541,52629.4041,64360.7799
mozambique,Single dose shipments,2078,59003.0967,53288.5449,65220.3262
mozambique,Single dose shipments,2079,59742.1334,53966.3281,66068.5540
mozambique,Single dose shipments,2080,60471.1831,54571.5392,66927.4345
mozambique,Single dose shipments,2081,61133.6530,55155.4448,67687.1110
mozambique,Single dose shipments,2082,61752.8459,55727.3660,68382.8708
mozambique,Single dose shipments,2083,62288.8139,56232.0414,68986.0845
mozambique,Single dose shipments,2084,62831.4399,56684.1188,69581.9744
mozambique,Single dose shipments,2085,63317.4730,57103.5720,70096.6369
mozambique,Single dose shipments,2086,63736.9263,57439.8004,70622.6179
mozambique,Single dose shipments,2087,64139.7345,57776.0287,71076.6927
mozambique,Single dose shipments,2088,64522.5688,58086.2909,71503.4697
mozambique,Single dose shipments,2089,64815.5202,58345.9524,71858.3404
mozambique,Single dose shipments,2090,65075.1817,58571.6581,72171.9316
mozambique,Single dose shipments,2091,65331.5142,58778.0557,72472.8726
mozambique,Single dose shipments,2092,65537.9117,58950.4976,72739.8579
mozambique,Single dose shipments,2093,65724.3354,59103.6312,72957.5740
mozambique,Single dose shipments,2094,65890.7850,59229.4672,73171.2954
mozambique,Single dose shipments,2095,66037.2607,59335.9950,73344.4030
mozambique,Single dose shipments,2096,66133.8015,59409.2328,73472.2364
mozambique,Single dose shipments,2097,66220.3553,59475.8127,73599.4039
mozambique,Single dose shipments,2098,66296.9222,59522.4186,73712.5897
mozambique,Single dose shipments,2099,66360.1731,59562.3665,73806.4673
mozambique,Single dose shipments,2100,66413.4369,59594.9906,73873.7130
mozambique,Single dose shipments,2101,66456.7139,59620.2910,73933.6348
mozambique,Single dose shipments,2102,66483.3458,59626.9490,73974.9143
mozambique,Single dose shipments,2103,66503.3198,59626.9490,74008.8701
mozambique,Single dose shipments,2104,66513.3067,59626.9490,74036.1678
mozambique,Single dose shipments,2105,66526.6227,59632.9412,74063.4656
mozambique,Single dose shipments,2106,66533.2807,59632.9412,74076.7815
mozambique,Single dose shipments,2107,66539.9387,59632.9412,74090.0975
mozambique,Single dose shipments,2108,66539.9387,59632.9412,74097.4213
mozambique,Single dose shipments,2109,66539.9387,59632.9412,74104.0793
mozambique,Single dose shipments,2110,66539.9387,59632.9412,74110.7373
mozambique,Single dose shipments,2111,66539.9387,59632.9412,74110.7373
mozambique,Single dose shipments,2112,66539.9387,59632.9412,74110.7373
mozambique,Single dose shipments,2113,66539.9387,59632.9412,74111.4031
mozambique,Single dose shipments,2114,66539.9387,59632.9412,74111.4031
mozambique,Single dose shipments,2115,66539.9387,59632.9412,74111.4031
mozambique,Single dose shipments,2116,66539.9387,59632.9412,74111.4031
mozambique,Single dose shipments,2117,66539.9387,59632.9412,74111.4031
mozambique,Single dose shipments,2118,66539.9387,59632.9412,74111.4031
mozambique,Single dose shipments,2119,66539.9387,59632.9412,74111.4031
mozambique,Single dose shipments,2120,66539.9387,59632.9412,74111.4031
mozambique,Single dose shipments,2121,66539.9387,59632.9412,74111.4031
mozambique,Single dose shipments,2122,66539.9387,59632.9412,74111.4031
mozambique,Single dose shipments,2123,66539.9387,59632.9412,74111.4031
mozambique,Single dose shipments,2124,66539.9387,59632.9412,74111.4031
mozambique,Single dose shipments,2125,66539.9387,59632.9412,74111.4031
mozambique,Single dose actual,2024,0.0000,0.0000,6.6580
mozambique,Single dose actual,2025,0.0000,0.0000,13.3160
mozambique,Single dose actual,2026,0.0000,0.0000,26.6319
mozambique,Single dose actual,2027,13.3160,0.0000,47.2717
mozambique,Single dose actual,2028,36.6189,12.6502,87.2196
mozambique,Single dose actual,2029,76.5668,32.6241,160.4575
mozambique,Single dose actual,2030,149.8047,85.8880,267.6510
mozambique,Single dose actual,2031,259.6615,171.1102,414.7925
mozambique,Single dose actual,2032,429.4401,270.3142,641.8299
mozambique,Single dose actual,2033,665.7986,463.3959,936.1129
mozambique,Single dose actual,2034,962.0790,716.3993,1322.9420
mozambique,Single dose actual,2035,1338.2553,1021.3351,1762.3692
mozambique,Single dose actual,2036,1824.2884,1420.1486,2332.9588
mozambique,Single dose actual,2037,2390.2174,1919.4977,2980.7810
mozambique,Single dose actual,2038,3119.2672,2535.3616,3817.0244
mozambique,Single dose actual,2039,3944.8577,3293.0407,4731.8320
mozambique,Single dose actual,2040,4873.6472,4111.3075,5793.1154
mozambique,Single dose actual,2041,5932.2674,5084.0396,6985.5612
mozambique,Single dose actual,2042,7070.7834,6069.4219,8318.4906
mozambique,Single dose actual,2043,8309.1694,7160.0005,9691.3679
mozambique,Single dose actual,2044,9670.7281,8418.3604,11139.4805
mozambique,Single dose actual,2045,11095.5377,9706.6812,12708.7685
mozambique,Single dose actual,2046,12650.1782,11138.1488,14394.5713
mozambique,Single dose actual,2047,14208.1476,12547.6451,16186.2361
mozambique,Single dose actual,2048,15865.9868,14023.7212,18013.8540
mozambique,Single dose actual,2049,17590.4059,15513.7792,19868.1038
mozambique,Single dose actual,2050,19371.4180,17164.2947,21782.9413
mozambique,Single dose actual,2051,21145.7720,18794.8362,23721.7474
mozambique,Single dose actual,2052,22966.7321,20432.7014,25625.9322
mozambique,Single dose actual,2053,24777.7051,22087.2117,27546.0962
mozambique,Single dose actual,2054,26568.7041,23681.1342,29485.5681
mozambique,Single dose actual,2055,28399.6510,25399.5612,31469.6484
mozambique,Single dose actual,2056,30263.8876,27140.6253,33421.7706
mozambique,Single dose actual,2057,32091.5056,28735.8795,35443.1360
mozambique,Single dose actual,2058,33902.4785,30405.7031,37356.6418
mozambique,Single dose actual,2059,35713.4514,31993.6335,39260.1605
mozambique,Single dose actual,2060,37441.1995,33557.5951,41188.3140
mozambique,Single dose actual,2061,39075.7358,35086.2694,42948.6863
mozambique,Single dose actual,2062,40673.6532,36602.9593,44703.7322
mozambique,Single dose actual,2063,42208.3196,38079.0354,46416.1670
mozambique,Single dose actual,2064,43746.3151,39491.1949,48070.0115
mozambique,Single dose actual,2065,45254.3496,40912.0097,49651.2839
mozambique,Single dose actual,2066,46659.1852,42268.2421,51170.6369
mozambique,Single dose actual,2067,48017.4150,43498.6384,52645.3815
mozambique,Single dose actual,2068,49382.3027,44705.0660,54080.1781
mozambique,Single dose actual,2069,50637.3336,45815.6185,55433.7472
mozambique,Single dose actual,2070,51825.7846,46900.8707,56766.0108
mozambique,Single dose actual,2071,52987.6036,47976.1358,58005.0625
mozambique,Single dose actual,2072,54096.1588,48993.4765,59238.7879
mozambique,Single dose actual,2073,55174.7530,49990.1774,60404.6017
mozambique,Single dose actual,2074,56153.4773,50902.3219,61479.8669
mozambique,Single dose actual,2075,57135.5306,51789.1659,62585.7588
mozambique,Single dose actual,2076,58047.6751,52578.8034,63599.7705
mozambique,Single dose actual,2077,58919.8716,53335.8167,64554.5261
mozambique,Single dose actual,2078,59702.1852,54033.5738,65409.4118
mozambique,Single dose actual,2079,60457.8669,54685.3909,66248.3184
mozambique,Single dose actual,2080,61176.9296,55283.9440,67047.2770
mozambique,Single dose actual,2081,61842.7285,55889.1551,67808.2851
mozambique,Single dose actual,2082,62435.2894,56401.1544,68488.0657
mozambique,Single dose actual,2083,63014.5344,56919.1459,69133.8905
mozambique,Single dose actual,2084,63553.8314,57406.5106,69721.1251
mozambique,Single dose actual,2085,64003.2456,57815.9768,70228.4638
mozambique,Single dose actual,2086,64442.6728,58193.4847,70721.1549
mozambique,Single dose actual,2087,64842.1520,58499.0863,71142.6055
mozambique,Single dose actual,2088,65185.0384,58792.0377,71549.4085
mozambique,Single dose actual,2089,65501.2927,59024.4015,71922.2558
mozambique,Single dose actual,2090,65764.2832,59250.1072,72215.8730
mozambique,Single dose actual,2091,65997.3127,59454.5074,72522.1404
mozambique,Single dose actual,2092,66227.0133,59638.9336,72769.8175
mozambique,Single dose actual,2093,66410.1079,59798.0595,73016.1630
mozambique,Single dose actual,2094,66559.9126,59909.2478,73209.2446
mozambique,Single dose actual,2095,66686.4143,60001.1280,73369.0363
mozambique,Single dose actual,2096,66806.2581,60079.6923,73515.5120
mozambique,Single dose actual,2097,66882.8249,60138.9484,73635.3558
mozambique,Single dose actual,2098,66952.7338,60184.8885,73742.5493
mozambique,Single dose actual,2099,67005.9977,60224.8364,73822.4452
mozambique,Single dose actual,2100,67049.2746,60258.1263,73891.0224
mozambique,Single dose actual,2101,67082.5645,60277.4345,73944.2863
mozambique,Single dose actual,2102,67122.5124,60290.7504,73990.8922
mozambique,Single dose actual,2103,67142.4864,60297.4084,74031.5059
mozambique,Single dose actual,2104,67159.1313,60304.0664,74052.1457
mozambique,Single dose actual,2105,67172.4473,60304.0664,74072.7854
mozambique,Single dose actual,2106,67179.1053,60304.0664,74086.7672
mozambique,Single dose actual,2107,67185.7633,60304.0664,74100.7490
mozambique,Single dose actual,2108,67192.4213,60304.0664,74114.7308
mozambique,Single dose actual,2109,67192.4213,60304.0664,74122.0545
mozambique,Single dose actual,2110,67192.4213,60304.0664,74128.7125
mozambique,Single dose actual,2111,67192.4213,60304.0664,74129.3783
mozambique,Single dose actual,2112,67192.4213,60304.0664,74129.3783
mozambique,Single dose actual,2113,67192.4213,60304.0664,74129.3783
mozambique,Single dose actual,2114,67192.4213,60304.0664,74129.3783
mozambique,Single dose actual,2115,67192.4213,60304.0664,74129.3783
mozambique,Single dose actual,2116,67192.4213,60304.0664,74129.3783
mozambique,Single dose actual,2117,67192.4213,60304.0664,74129.3783
mozambique,Single dose actual,2118,67192.4213,60304.0664,74129.3783
mozambique,Single dose actual,2119,67192.4213,60304.0664,74129.3783
mozambique,Single dose actual,2120,67192.4213,60304.0664,74129.3783
mozambique,Single dose actual,2121,67192.4213,60304.0664,74129.3783
mozambique,Single dose actual,2122,67192.4213,60304.0664,74129.3783
mozambique,Single dose actual,2123,67192.4213,60304.0664,74129.3783
mozambique,Single dose actual,2124,67192.4213,60304.0664,74129.3783
mozambique,Single dose actual,2125,67192.4213,60304.0664,74129.3783
mozambique,Double dose,2024,0.0000,0.0000,6.6580
mozambique,Double dose,2025,0.0000,0.0000,13.3160
mozambique,Double dose,2026,6.6580,0.0000,26.6319
mozambique,Double dose,2027,13.3160,0.0000,47.9375
mozambique,Double dose,2028,33.2899,6.6580,87.8854
mozambique,Double dose,2029,89.8828,31.9583,174.4392
mozambique,Double dose,2030,176.4366,64.5825,281.6328
mozambique,Double dose,2031,289.6224,149.8047,431.4375
mozambique,Double dose,2032,489.3620,268.9826,672.4566
mozambique,Double dose,2033,732.3785,468.7222,993.3716
mozambique,Double dose,2034,1081.9228,740.3681,1420.8144
mozambique,Double dose,2035,1544.6530,1152.4975,1968.1010
mozambique,Double dose,2036,2160.5169,1661.1678,2683.8348
mozambique,Double dose,2037,2902.8826,2332.9588,3544.0469
mozambique,Double dose,2038,3781.7371,3104.6197,4631.2965
mozambique,Double dose,2039,4797.0804,4006.1113,5743.8464
mozambique,Double dose,2040,5985.5314,5072.7211,7070.1178
mozambique,Double dose,2041,7337.1031,6262.5037,8562.1731
mozambique,Double dose,2042,8938.3495,7596.7647,10235.9915
mozambique,Double dose,2043,10599.5177,9104.7991,12040.9724
mozambique,Double dose,2044,12380.5298,10740.6670,14007.7420
mozambique,Double dose,2045,14218.1348,12517.0183,16086.3658
mozambique,Double dose,2046,16182.2414,14365.9414,18239.5586
mozambique,Double dose,2047,18286.1653,16353.3508,20583.8351
mozambique,Double dose,2048,20463.3269,18308.1362,22939.4301
mozambique,Double dose,2049,22760.3321,20445.3502,25438.1714
mozambique,Double dose,2050,25097.2849,22617.1855,27956.2208
mozambique,Double dose,2051,27454.2116,24859.5953,30438.3171
mozambique,Double dose,2052,29841.0992,27093.3498,32977.0062
mozambique,Double dose,2053,32261.2765,29342.4175,35594.9249
mozambique,Double dose,2054,34614.8743,31523.5739,38124.9586
mozambique,Double dose,2055,37005.0909,33668.1115,40700.2664
mozambique,Double dose,2056,39388.6494,35901.2000,43233.6291
mozambique,Double dose,2057,41678.9964,38034.4189,45653.1407
mozambique,Double dose,2058,43909.4219,40117.0374,48093.2919
mozambique,Double dose,2059,46119.8733,42161.0398,50461.5372
mozambique,Double dose,2060,48297.0350,44138.4624,52879.0514
mozambique,Double dose,2061,50347.6949,46095.9108,55152.0879
mozambique,Double dose,2062,52441.6320,48073.3334,57347.2261
mozambique,Double dose,2063,54459.0023,49904.2803,59473.1215
mozambique,Double dose,2064,56329.8970,51668.6470,61497.1499
mozambique,Double dose,2065,58177.4888,53314.5019,63478.5674
mozambique,Double dose,2066,59975.1458,54972.3412,65344.1359
mozambique,Double dose,2067,61739.5129,56603.5485,67236.3363
mozambique,Double dose,2068,63384.0362,58124.2332,69014.6852
mozambique,Double dose,2069,64955.3216,59555.0350,70681.8456
mozambique,Double dose,2070,66466.6851,60931.9071,72279.7630
mozambique,Double dose,2071,67821.5858,62187.6038,73784.4685
mozambique,Double dose,2072,69186.4735,63409.3447,75263.2078
mozambique,Double dose,2073,70468.1364,64578.4876,76615.4454
mozambique,Double dose,2074,71639.9424,65702.3561,77941.0510
mozambique,Double dose,2075,72795.1035,66739.0049,79257.3354
mozambique,Double dose,2076,73863.7107,67695.0921,80437.1310
mozambique,Double dose,2077,74902.3569,68639.8607,81598.2842
mozambique,Double dose,2078,75904.3842,69524.0416,82718.1579
mozambique,Double dose,2079,76779.9097,70311.6816,83703.5403
mozambique,Double dose,2080,77618.8163,71036.0707,84672.9434
mozambique,Double dose,2081,78371.1689,71759.1283,85499.8656
mozambique,Double dose,2082,79070.2577,72369.6658,86312.1402
mozambique,Double dose,2083,79709.4246,72942.9186,87059.8323
mozambique,Double dose,2084,80298.6565,73448.9256,87760.2527
mozambique,Double dose,2085,80864.5855,73946.9431,88413.4013
mozambique,Double dose,2086,81360.6056,74412.3365,88980.6619
mozambique,Double dose,2087,81829.9938,74835.1187,89541.9303
mozambique,Double dose,2088,82229.4730,75168.0180,90035.2872
mozambique,Double dose,2089,82602.3203,75504.2464,90462.7300
mozambique,Double dose,2090,82905.2587,75775.2264,90804.2847
mozambique,Double dose,2091,83194.8811,76007.5902,91157.8239
mozambique,Double dose,2092,83441.2266,76213.3220,91452.1069
mozambique,Double dose,2093,83657.6112,76378.4400,91713.7657
mozambique,Double dose,2094,83850.6928,76511.5997,91960.1112
mozambique,Double dose,2095,84013.8135,76610.8037,92153.1928
mozambique,Double dose,2096,84140.3152,76710.6735,92320.9741
mozambique,Double dose,2097,84256.8300,76796.5615,92468.1156
mozambique,Double dose,2098,84350.0418,76863.1414,92614.5913
mozambique,Double dose,2099,84423.2796,76909.0815,92707.8031
mozambique,Double dose,2100,84479.8725,76947.6978,92789.0305
mozambique,Double dose,2101,84533.1364,76980.3220,92862.9342
mozambique,Double dose,2102,84573.0843,77006.2881,92930.1798
mozambique,Double dose,2103,84596.3873,77019.6041,92970.7936
mozambique,Double dose,2104,84619.6902,77026.2621,93010.7415
mozambique,Double dose,2105,84636.3352,77032.9201,93032.0470
mozambique,Double dose,2106,84649.6511,77039.5780,93059.3448
mozambique,Double dose,2107,84656.3091,77039.5780,93079.3187
mozambique,Double dose,2108,84656.3091,77039.5780,93092.6347
mozambique,Double dose,2109,84656.3091,77039.5780,93105.9507
mozambique,Double dose,2110,84656.3091,77039.5780,93112.6087
mozambique,Double dose,2111,84656.3091,77039.5780,93119.2667
mozambique,Double dose,2112,84656.3091,77039.5780,93119.2667
mozambique,Double dose,2113,84656.3091,77039.5780,93119.2667
mozambique,Double dose,2114,84656.3091,77039.5780,93119.2667
mozambique,Double dose,2115,84656.3091,77039.5780,93119.2667
mozambique,Double dose,2116,84656.3091,77039.5780,93119.2667
mozambique,Double dose,2117,84656.3091,77039.5780,93119.2667
mozambique,Double dose,2118,84656.3091,77039.5780,93119.2667
mozambique,Double dose,2119,84656.3091,77039.5780,93119.2667
mozambique,Double dose,2120,84656.3091,77039.5780,93119.2667
mozambique,Double dose,2121,84656.3091,77039.5780,93119.2667
mozambique,Double dose,2122,84656.3091,77039.5780,93119.2667
mozambique,Double dose,2123,84656.3091,77039.5780,93119.2667
mozambique,Double dose,2124,84656.3091,77039.5780,93119.2667
mozambique,Double dose,2125,84656.3091,77039.5780,93119.2667
myanmar,No vaccination,2024,0.0000,0.0000,0.0000
myanmar,No vaccination,2025,0.0000,0.0000,0.0000
myanmar,No vaccination,2026,0.0000,0.0000,0.0000
myanmar,No vaccination,2027,0.0000,0.0000,0.0000
myanmar,No vaccination,2028,0.0000,0.0000,0.0000
myanmar,No vaccination,2029,0.0000,0.0000,0.0000
myanmar,No vaccination,2030,0.0000,0.0000,2.1493
myanmar,No vaccination,2031,0.0000,0.0000,4.2987
myanmar,No vaccination,2032,0.0000,0.0000,25.7920
myanmar,No vaccination,2033,0.0000,0.0000,47.2853
myanmar,No vaccination,2034,21.4933,0.0000,111.7652
myanmar,No vaccination,2035,42.9866,0.0000,176.2452
myanmar,No vaccination,2036,96.7199,0.0000,283.7117
myanmar,No vaccination,2037,182.6932,40.8373,393.3276
myanmar,No vaccination,2038,290.1597,105.3172,565.2741
myanmar,No vaccination,2039,429.8663,169.7972,758.7139
myanmar,No vaccination,2040,644.7994,251.4718,1124.1003
myanmar,No vaccination,2041,870.4792,421.2689,1532.4732
myanmar,No vaccination,2042,1171.3855,571.7221,1962.3395
myanmar,No vaccination,2043,1515.2786,827.4925,2458.8350
myanmar,No vaccination,2044,2009.6248,1192.8789,3170.2638
myanmar,No vaccination,2045,2643.6776,1682.9264,3993.4577
myanmar,No vaccination,2046,3385.1969,2155.7793,4898.3263
myanmar,No vaccination,2047,4223.4362,2800.5788,5848.3308
myanmar,No vaccination,2048,5093.9154,3484.0662,6847.7699
myanmar,No vaccination,2049,6211.5678,4300.8121,8167.4594
myanmar,No vaccination,2050,7436.6867,5310.9979,9596.7649
myanmar,No vaccination,2051,8758.5255,6467.3383,11279.6912
myanmar,No vaccination,2052,10284.5508,7649.4706,13024.9484
myanmar,No vaccination,2053,11950.2827,9083.0747,15068.9625
myanmar,No vaccination,2054,13734.2277,10546.7692,17003.3607
myanmar,No vaccination,2055,15496.6795,12049.1519,19092.5106
myanmar,No vaccination,2056,17323.6112,13570.8785,21194.5564
myanmar,No vaccination,2057,19343.9825,15283.8957,23502.9380
myanmar,No vaccination,2058,21428.8338,17039.8994,25826.3648
myanmar,No vaccination,2059,23470.6985,18759.3646,28560.3135
myanmar,No vaccination,2060,25620.0297,20758.2427,31062.1347
myanmar,No vaccination,2061,27962.8005,22787.2114,33585.4491
myanmar,No vaccination,2062,30370.0511,24715.1616,36082.9716
myanmar,No vaccination,2063,32637.5953,26735.5330,38632.0781
myanmar,No vaccination,2064,34840.6598,28646.2886,41179.0352
myanmar,No vaccination,2065,37140.4439,30561.3428,43715.2456
myanmar,No vaccination,2066,39268.2819,32558.0716,46219.2160
myanmar,No vaccination,2067,41374.6265,34427.9899,48671.6027
myanmar,No vaccination,2068,43352.0113,36211.9350,51100.3465
myanmar,No vaccination,2069,45307.9028,38013.0746,53492.5520
myanmar,No vaccination,2070,47296.0343,39539.1000,55794.4856
myanmar,No vaccination,2071,49273.4192,41129.6053,58085.6725
myanmar,No vaccination,2072,51089.6042,42715.8119,60168.3745
myanmar,No vaccination,2073,52830.5627,44198.8506,62079.1301
myanmar,No vaccination,2074,54464.0545,45610.9614,63994.1843
myanmar,No vaccination,2075,56140.5331,47070.3575,65911.3878
myanmar,No vaccination,2076,57698.7984,48338.4631,67699.6315
myanmar,No vaccination,2077,59117.3572,49660.3019,69313.7795
myanmar,No vaccination,2078,60428.4494,50829.5383,70904.2848
myanmar,No vaccination,2079,61771.7816,51942.8920,72374.4275
myanmar,No vaccination,2080,62943.1673,52993.9151,73795.1356
myanmar,No vaccination,2081,64082.3130,53952.5169,75151.3638
myanmar,No vaccination,2082,65135.4854,54827.2948,76471.0533
myanmar,No vaccination,2083,66220.8978,55723.5661,77762.8016
myanmar,No vaccination,2084,67134.3636,56518.8187,78882.6032
myanmar,No vaccination,2085,68037.0828,57264.6367,79875.5944
myanmar,No vaccination,2086,68810.8422,57881.4949,80782.6123
myanmar,No vaccination,2087,69520.1216,58436.0224,81665.9875
myanmar,No vaccination,2088,70207.9076,58928.2193,82465.5388
myanmar,No vaccination,2089,70798.9738,59396.7735,83282.2848
myanmar,No vaccination,2090,71422.2799,59783.6532,83974.3695
myanmar,No vaccination,2091,71905.8795,60187.7275,84556.8383
myanmar,No vaccination,2092,72400.2257,60531.6205,85139.3071
myanmar,No vaccination,2093,72830.0920,60785.2416,85657.2960
myanmar,No vaccination,2094,73173.9850,61019.5187,86089.3116
myanmar,No vaccination,2095,73507.1313,61234.4518,86499.8339
myanmar,No vaccination,2096,73775.7977,61425.7423,86867.3696
myanmar,No vaccination,2097,74012.2242,61593.3901,87172.5746
myanmar,No vaccination,2098,74184.1707,61698.7074,87432.6437
myanmar,No vaccination,2099,74345.3705,61825.5179,87690.5635
myanmar,No vaccination,2100,74485.0771,61928.6858,87907.6459
myanmar,No vaccination,2101,74581.7970,61971.6724,88038.7551
myanmar,No vaccination,2102,74689.2635,62014.6590,88191.3577
myanmar,No vaccination,2103,74775.2368,62055.4963,88320.3175
myanmar,No vaccination,2104,74818.2234,62076.9897,88429.9334
myanmar,No vaccination,2105,74861.2100,62076.9897,88520.2053
myanmar,No vaccination,2106,74882.7033,62098.4830,88563.1920
myanmar,No vaccination,2107,74904.1967,62098.4830,88606.1786
myanmar,No vaccination,2108,74925.6900,62098.4830,88670.6585
myanmar,No vaccination,2109,74947.1833,62098.4830,88713.6452
myanmar,No vaccination,2110,74947.1833,62098.4830,88735.1385
myanmar,No vaccination,2111,74947.1833,62098.4830,88756.6318
myanmar,No vaccination,2112,74947.1833,62098.4830,88758.7811
myanmar,No vaccination,2113,74947.1833,62098.4830,88758.7811
myanmar,No vaccination,2114,74947.1833,62098.4830,88758.7811
myanmar,No vaccination,2115,74947.1833,62098.4830,88758.7811
myanmar,No vaccination,2116,74947.1833,62098.4830,88758.7811
myanmar,No vaccination,2117,74947.1833,62098.4830,88758.7811
myanmar,No vaccination,2118,74947.1833,62098.4830,88758.7811
myanmar,No vaccination,2119,74947.1833,62098.4830,88758.7811
myanmar,No vaccination,2120,74947.1833,62098.4830,88758.7811
myanmar,No vaccination,2121,74947.1833,62098.4830,88758.7811
myanmar,No vaccination,2122,74947.1833,62098.4830,88758.7811
myanmar,No vaccination,2123,74947.1833,62098.4830,88758.7811
myanmar,No vaccination,2124,74947.1833,62098.4830,88758.7811
myanmar,No vaccination,2125,74947.1833,62098.4830,88758.7811
myanmar,Single dose shipments,2024,0.0000,0.0000,0.0000
myanmar,Single dose shipments,2025,0.0000,0.0000,0.0000
myanmar,Single dose shipments,2026,0.0000,0.0000,0.0000
myanmar,Single dose shipments,2027,0.0000,0.0000,0.0000
myanmar,Single dose shipments,2028,0.0000,0.0000,0.0000
myanmar,Single dose shipments,2029,0.0000,0.0000,0.0000
myanmar,Single dose shipments,2030,0.0000,0.0000,0.0000
myanmar,Single dose shipments,2031,0.0000,0.0000,2.1493
myanmar,Single dose shipments,2032,0.0000,0.0000,25.7920
myanmar,Single dose shipments,2033,0.0000,0.0000,47.2853
myanmar,Single dose shipments,2034,0.0000,0.0000,70.9279
myanmar,Single dose shipments,2035,21.4933,0.0000,116.0639
myanmar,Single dose shipments,2036,64.4799,0.0000,202.0371
myanmar,Single dose shipments,2037,118.2132,21.4933,288.0104
myanmar,Single dose shipments,2038,182.6932,42.9866,421.2689
myanmar,Single dose shipments,2039,290.1597,124.6612,573.8715
myanmar,Single dose shipments,2040,440.6129,210.6345,790.9539
myanmar,Single dose shipments,2041,634.0527,337.4450,1057.4710
myanmar,Single dose shipments,2042,827.4925,483.5995,1317.5401
myanmar,Single dose shipments,2043,1149.8922,760.8633,1749.5557
myanmar,Single dose shipments,2044,1536.7719,1057.4710,2441.6404
myanmar,Single dose shipments,2045,1977.3848,1412.1107,3067.0959
myanmar,Single dose shipments,2046,2450.2377,1756.0037,3649.5647
myanmar,Single dose shipments,2047,3041.3039,2248.2006,4477.0573
myanmar,Single dose shipments,2048,3664.6100,2699.5602,5252.9660
myanmar,Single dose shipments,2049,4330.9027,3277.7303,6295.3917
myanmar,Single dose shipments,2050,5136.9020,3948.3217,7273.3375
myanmar,Single dose shipments,2051,6050.3679,4696.2891,8371.6459
myanmar,Single dose shipments,2052,6985.3271,5532.3790,9538.7329
myanmar,Single dose shipments,2053,8081.4861,6342.6770,10899.2598
myanmar,Single dose shipments,2054,9231.3785,7281.9348,12470.4211
myanmar,Single dose shipments,2055,10499.4840,8330.8086,13931.9665
myanmar,Single dose shipments,2056,11799.8296,9396.8770,15406.4079
myanmar,Single dose shipments,2057,13143.1618,10557.5160,16953.9265
myanmar,Single dose shipments,2058,14550.9739,11780.4855,18737.8716
myanmar,Single dose shipments,2059,15991.0259,12958.3192,20397.1555
myanmar,Single dose shipments,2060,17570.7845,14241.4701,22118.7700
myanmar,Single dose shipments,2061,19107.5565,15460.1410,23885.5204
myanmar,Single dose shipments,2062,20741.0484,16702.4546,25761.8867
myanmar,Single dose shipments,2063,22288.5670,18007.0988,27511.4425
myanmar,Single dose shipments,2064,23857.5789,19273.0551,29516.7686
myanmar,Single dose shipments,2065,25405.0976,20560.5046,31279.2203
myanmar,Single dose shipments,2066,26941.8696,21822.1622,33071.7624
myanmar,Single dose shipments,2067,28424.9083,23109.6118,34776.1822
myanmar,Single dose shipments,2068,30058.4003,24328.2827,36536.4846
myanmar,Single dose shipments,2069,31444.7191,25525.4603,38225.8590
myanmar,Single dose shipments,2070,32788.0512,26604.4247,39902.3375
myanmar,Single dose shipments,2071,34238.8500,27734.9731,41611.0558
myanmar,Single dose shipments,2072,35528.4489,28871.9694,43061.8545
myanmar,Single dose shipments,2073,36742.8212,29854.2139,44635.1652
myanmar,Single dose shipments,2074,37914.2068,30862.2504,46077.3666
myanmar,Single dose shipments,2075,39139.3257,31848.7935,47500.2241
myanmar,Single dose shipments,2076,40149.5114,32684.8834,48669.4604
myanmar,Single dose shipments,2077,41224.1772,33480.1361,50133.1551
myanmar,Single dose shipments,2078,42234.3630,34288.2847,51315.2874
myanmar,Single dose shipments,2079,43201.5621,35100.7320,52503.8677
myanmar,Single dose shipments,2080,44029.0547,35724.0381,53496.8589
myanmar,Single dose shipments,2081,44888.7873,36321.5523,54534.9860
myanmar,Single dose shipments,2082,45780.7599,36979.2477,55695.6250
myanmar,Single dose shipments,2083,46608.2525,37664.8844,56662.8241
myanmar,Single dose shipments,2084,47306.7852,38262.3985,57438.7328
myanmar,Single dose shipments,2085,47908.5980,38692.2648,58221.0894
myanmar,Single dose shipments,2086,48510.4108,39225.2990,58930.3688
myanmar,Single dose shipments,2087,49079.9837,39633.6720,59618.1549
myanmar,Single dose shipments,2088,49595.8232,39996.9090,60305.9410
myanmar,Single dose shipments,2089,50068.6761,40315.0100,60907.7538
myanmar,Single dose shipments,2090,50487.7957,40594.4231,61466.5799
myanmar,Single dose shipments,2091,50842.4354,40807.2069,61920.0889
myanmar,Single dose shipments,2092,51154.0884,41060.8279,62328.4618
myanmar,Single dose shipments,2093,51465.7415,41252.1184,62736.8348
myanmar,Single dose shipments,2094,51734.4079,41376.7796,63102.2211
myanmar,Single dose shipments,2095,51949.3410,41505.7395,63448.2634
myanmar,Single dose shipments,2096,52142.7808,41634.6994,63727.6765
myanmar,Single dose shipments,2097,52325.4740,41763.6593,63968.4016
myanmar,Single dose shipments,2098,52497.4205,41892.6191,64206.9774
myanmar,Single dose shipments,2099,52604.8870,41978.5924,64421.9105
myanmar,Single dose shipments,2100,52723.1003,42043.0723,64574.5130
myanmar,Single dose shipments,2101,52798.3268,42062.4163,64684.1289
myanmar,Single dose shipments,2102,52862.8068,42083.9096,64813.0888
myanmar,Single dose shipments,2103,52927.2867,42122.5976,64942.0487
myanmar,Single dose shipments,2104,52970.2733,42144.0909,65049.5153
myanmar,Single dose shipments,2105,53002.5133,42144.0909,65135.4885
myanmar,Single dose shipments,2106,53024.0066,42144.0909,65202.1178
myanmar,Single dose shipments,2107,53024.0066,42144.0909,65225.7604
myanmar,Single dose shipments,2108,53045.4999,42144.0909,65268.7470
myanmar,Single dose shipments,2109,53045.4999,42144.0909,65290.2404
myanmar,Single dose shipments,2110,53045.4999,42144.0909,65311.7337
myanmar,Single dose shipments,2111,53045.4999,42144.0909,65313.8830
myanmar,Single dose shipments,2112,53045.4999,42144.0909,65335.3763
myanmar,Single dose shipments,2113,53045.4999,42144.0909,65335.3763
myanmar,Single dose shipments,2114,53045.4999,42144.0909,65335.3763
myanmar,Single dose shipments,2115,53045.4999,42144.0909,65335.3763
myanmar,Single dose shipments,2116,53045.4999,42144.0909,65335.3763
myanmar,Single dose shipments,2117,53045.4999,42144.0909,65335.3763
myanmar,Single dose shipments,2118,53045.4999,42144.0909,65335.3763
myanmar,Single dose shipments,2119,53045.4999,42144.0909,65335.3763
myanmar,Single dose shipments,2120,53045.4999,42144.0909,65335.3763
myanmar,Single dose shipments,2121,53045.4999,42144.0909,65335.3763
myanmar,Single dose shipments,2122,53045.4999,42144.0909,65335.3763
myanmar,Single dose shipments,2123,53045.4999,42144.0909,65335.3763
myanmar,Single dose shipments,2124,53045.4999,42144.0909,65335.3763
myanmar,Single dose shipments,2125,53045.4999,42144.0909,65335.3763
myanmar,Single dose actual,2024,0.0000,0.0000,0.0000
myanmar,Single dose actual,2025,0.0000,0.0000,0.0000
myanmar,Single dose actual,2026,0.0000,0.0000,0.0000
myanmar,Single dose actual,2027,0.0000,0.0000,0.0000
myanmar,Single dose actual,2028,0.0000,0.0000,0.0000
myanmar,Single dose actual,2029,0.0000,0.0000,0.0000
myanmar,Single dose actual,2030,0.0000,0.0000,21.4933
myanmar,Single dose actual,2031,0.0000,0.0000,42.9866
myanmar,Single dose actual,2032,0.0000,0.0000,64.4799
myanmar,Single dose actual,2033,0.0000,0.0000,85.9733
myanmar,Single dose actual,2034,21.4933,0.0000,154.7519
myanmar,Single dose actual,2035,42.9866,0.0000,219.2318
myanmar,Single dose actual,2036,85.9733,21.4933,307.3544
myanmar,Single dose actual,2037,128.9599,40.8373,378.2823
myanmar,Single dose actual,2038,193.4398,62.3306,507.2422
myanmar,Single dose actual,2039,290.1597,83.8239,681.3380
myanmar,Single dose actual,2040,408.3729,126.8105,941.4071
myanmar,Single dose actual,2041,558.8261,212.7838,1139.1456
myanmar,Single dose actual,2042,784.5059,341.7437,1418.5586
myanmar,Single dose actual,2043,1063.9190,530.8848,1841.9769
myanmar,Single dose actual,2044,1343.3321,745.8179,2239.6032
myanmar,Single dose actual,2045,1740.9584,1023.0817,2755.4428
myanmar,Single dose actual,2046,2192.3179,1339.0334,3383.0475
myanmar,Single dose actual,2047,2686.6642,1702.2704,3965.5164
myanmar,Single dose actual,2048,3309.9703,2153.6300,4679.0944
myanmar,Single dose actual,2049,3890.2898,2602.8402,5435.6591
myanmar,Single dose actual,2050,4599.5691,3223.9970,6297.5410
myanmar,Single dose actual,2051,5308.8485,3888.1404,7253.9935
myanmar,Single dose actual,2052,6276.0477,4700.5877,8418.9311
myanmar,Single dose actual,2053,7232.5002,5467.8991,9624.7061
myanmar,Single dose actual,2054,8339.4059,6344.8263,10847.6757
myanmar,Single dose actual,2055,9489.2982,7202.4096,12246.8905
myanmar,Single dose actual,2056,10649.9372,8206.1474,13583.7747
myanmar,Single dose actual,2057,11875.0562,9248.5731,15028.1254
myanmar,Single dose actual,2058,13035.6952,10258.7589,16420.8922
myanmar,Single dose actual,2059,14389.7740,11243.1527,18080.1761
myanmar,Single dose actual,2060,15776.0928,12468.2717,19765.2518
myanmar,Single dose actual,2061,17151.6650,13622.4627,21342.8610
myanmar,Single dose actual,2062,18473.5038,14804.5950,22890.3797
myanmar,Single dose actual,2063,19859.8226,15971.6820,24446.4956
myanmar,Single dose actual,2064,21267.6348,17196.8009,26034.8516
myanmar,Single dose actual,2065,22643.2069,18335.9466,27606.0129
myanmar,Single dose actual,2066,23943.5524,19318.1911,29138.4863
myanmar,Single dose actual,2067,25222.4047,20431.5448,30690.3036
myanmar,Single dose actual,2068,26597.9768,21607.2291,32302.3023
myanmar,Single dose actual,2069,27855.3357,22628.1616,33854.1196
myanmar,Single dose actual,2070,29134.1879,23698.5287,35341.4569
myanmar,Single dose actual,2071,30208.8537,24530.3199,36652.5491
myanmar,Single dose actual,2072,31337.2527,25430.8898,37952.8947
myanmar,Single dose actual,2073,32476.3984,26367.9983,39352.1095
myanmar,Single dose actual,2074,33508.0775,27292.2109,40622.3643
myanmar,Single dose actual,2075,34518.2633,28063.8209,41744.3154
myanmar,Single dose actual,2076,35571.4357,28867.6708,42990.9276
myanmar,Single dose actual,2077,36506.3949,29572.6516,44153.7160
myanmar,Single dose actual,2078,37441.3541,30322.7682,45340.1469
myanmar,Single dose actual,2079,38311.8333,30984.7623,46399.7674
myanmar,Single dose actual,2080,39128.5793,31562.9325,47347.6226
myanmar,Single dose actual,2081,39880.8453,32138.9533,48220.2511
myanmar,Single dose actual,2082,40643.8580,32644.0462,49101.4770
myanmar,Single dose actual,2083,41288.6574,33134.0937,49944.0150
myanmar,Single dose actual,2084,41922.7102,33585.4533,50762.9102
myanmar,Single dose actual,2085,42492.2830,34090.5462,51407.7097
myanmar,Single dose actual,2086,43061.8558,34496.7698,52101.9438
myanmar,Single dose actual,2087,43556.2020,34834.2149,52727.3992
myanmar,Single dose actual,2088,44050.5483,35197.4519,53331.3613
myanmar,Single dose actual,2089,44480.4145,35517.7022,53870.8435
myanmar,Single dose actual,2090,44856.5475,35797.1153,54388.8324
myanmar,Single dose actual,2091,45200.4405,35990.5551,54829.4453
myanmar,Single dose actual,2092,45501.3469,36224.8322,55220.6236
myanmar,Single dose actual,2093,45802.2533,36476.3040,55586.0100
myanmar,Single dose actual,2094,46017.1864,36626.7572,55891.2150
myanmar,Single dose actual,2095,46232.1196,36775.0610,56192.1214
myanmar,Single dose actual,2096,46393.3194,36880.3782,56473.6838
myanmar,Single dose actual,2097,46565.2659,37005.0394,56731.6035
myanmar,Single dose actual,2098,46715.7191,37110.3567,56968.0300
myanmar,Single dose actual,2099,46823.1857,37172.6873,57161.4698
myanmar,Single dose actual,2100,46909.1589,37215.6739,57333.4163
myanmar,Single dose actual,2101,46973.6389,37258.6605,57445.1815
myanmar,Single dose actual,2102,47038.1188,37278.0045,57552.6481
myanmar,Single dose actual,2103,47081.1054,37299.4978,57662.2640
myanmar,Single dose actual,2104,47124.0920,37299.4978,57750.3865
myanmar,Single dose actual,2105,47145.5854,37299.4978,57814.8665
myanmar,Single dose actual,2106,47167.0787,37299.4978,57879.3464
myanmar,Single dose actual,2107,47188.5720,37299.4978,57943.8264
myanmar,Single dose actual,2108,47188.5720,37299.4978,57986.8130
myanmar,Single dose actual,2109,47188.5720,37299.4978,58008.3063
myanmar,Single dose actual,2110,47188.5720,37299.4978,58029.7996
myanmar,Single dose actual,2111,47188.5720,37299.4978,58051.2929
myanmar,Single dose actual,2112,47188.5720,37299.4978,58053.4423
myanmar,Single dose actual,2113,47188.5720,37299.4978,58055.5916
myanmar,Single dose actual,2114,47188.5720,37299.4978,58055.5916
myanmar,Single dose actual,2115,47188.5720,37299.4978,58055.5916
myanmar,Single dose actual,2116,47188.5720,37299.4978,58055.5916
myanmar,Single dose actual,2117,47188.5720,37299.4978,58055.5916
myanmar,Single dose actual,2118,47188.5720,37299.4978,58055.5916
myanmar,Single dose actual,2119,47188.5720,37299.4978,58055.5916
myanmar,Single dose actual,2120,47188.5720,37299.4978,58055.5916
myanmar,Single dose actual,2121,47188.5720,37299.4978,58055.5916
myanmar,Single dose actual,2122,47188.5720,37299.4978,58055.5916
myanmar,Single dose actual,2123,47188.5720,37299.4978,58055.5916
myanmar,Single dose actual,2124,47188.5720,37299.4978,58055.5916
myanmar,Single dose actual,2125,47188.5720,37299.4978,58055.5916
myanmar,Double dose,2024,0.0000,0.0000,0.0000
myanmar,Double dose,2025,0.0000,0.0000,0.0000
myanmar,Double dose,2026,0.0000,0.0000,0.0000
myanmar,Double dose,2027,0.0000,0.0000,0.0000
myanmar,Double dose,2028,0.0000,0.0000,2.1493
myanmar,Double dose,2029,0.0000,0.0000,2.1493
myanmar,Double dose,2030,0.0000,0.0000,2.1493
myanmar,Double dose,2031,0.0000,0.0000,4.2987
myanmar,Double dose,2032,0.0000,0.0000,25.7920
myanmar,Double dose,2033,0.0000,0.0000,68.7786
myanmar,Double dose,2034,21.4933,0.0000,111.7652
myanmar,Double dose,2035,42.9866,0.0000,154.7519
myanmar,Double dose,2036,85.9733,21.4933,262.2184
myanmar,Double dose,2037,150.4532,42.9866,373.9836
myanmar,Double dose,2038,247.1731,107.4666,526.5862
myanmar,Double dose,2039,376.1330,169.7972,726.4740
myanmar,Double dose,2040,548.0795,255.7704,962.9004
myanmar,Double dose,2041,741.5193,404.0743,1246.6122
myanmar,Double dose,2042,1074.6656,593.2154,1637.7905
myanmar,Double dose,2043,1418.5586,851.1352,2177.2727
myanmar,Double dose,2044,1859.1716,1147.7429,2783.3841
myanmar,Double dose,2045,2364.2645,1491.6359,3389.4956
myanmar,Double dose,2046,2901.5973,1897.8595,4229.8842
myanmar,Double dose,2047,3567.8901,2428.7444,5078.8701
myanmar,Double dose,2048,4427.6227,3030.5572,6258.8531
myanmar,Double dose,2049,5298.1019,3780.6739,7342.1162
myanmar,Double dose,2050,6319.0343,4636.1078,8588.7285
myanmar,Double dose,2051,7501.1667,5620.5016,10007.2872
myanmar,Double dose,2052,8865.9921,6755.3486,11619.2857
myanmar,Double dose,2053,10284.5509,7941.7796,13194.7457
myanmar,Double dose,2054,11778.3363,9113.1652,14974.3921
myanmar,Double dose,2055,13465.5614,10441.4520,17059.2432
myanmar,Double dose,2056,15142.0399,11881.5041,18920.5641
myanmar,Double dose,2057,16968.9716,13351.6468,20902.2475
myanmar,Double dose,2058,18774.4100,14864.7761,23137.5520
myanmar,Double dose,2059,20644.3283,16489.6707,25162.2221
myanmar,Double dose,2060,22417.5267,18099.5200,27141.7562
myanmar,Double dose,2061,24351.9248,19816.8358,29256.6981
myanmar,Double dose,2062,26275.5764,21428.8344,31438.2693
myanmar,Double dose,2063,28338.9344,22918.3212,33673.5736
myanmar,Double dose,2064,30370.0525,24502.3784,35951.8645
myanmar,Double dose,2065,32401.1705,26211.0968,38247.3501
myanmar,Double dose,2066,34400.0487,27967.1007,40450.4146
myanmar,Double dose,2067,36269.9669,29647.8779,42580.4017
myanmar,Double dose,2068,38043.1653,31148.1112,44650.2077
myanmar,Double dose,2069,39762.6305,32635.4486,46677.0270
myanmar,Double dose,2070,41449.8557,34049.7087,48740.3850
myanmar,Double dose,2071,43158.5741,35466.1181,50698.4258
myanmar,Double dose,2072,44878.0392,36904.0209,52589.8373
myanmar,Double dose,2073,46436.3045,38273.1450,54354.4383
myanmar,Double dose,2074,48016.0631,39644.4185,56099.6955
myanmar,Double dose,2075,49391.6352,40867.3881,57713.8434
myanmar,Double dose,2076,50767.2074,42047.3711,59330.1407
myanmar,Double dose,2077,52078.2996,43143.5302,60836.8221
myanmar,Double dose,2078,53281.9252,44132.2226,62238.1862
myanmar,Double dose,2079,54453.3109,45135.9604,63594.4144
myanmar,Double dose,2080,55581.7099,46038.6796,64909.8052
myanmar,Double dose,2081,56677.8689,46995.1321,66223.0468
myanmar,Double dose,2082,57591.3348,47766.7421,67302.0112
myanmar,Double dose,2083,58547.7873,48448.0802,68404.6182
myanmar,Double dose,2084,59418.2665,49092.8797,69459.9400
myanmar,Double dose,2085,60245.7591,49709.7378,70405.6459
myanmar,Double dose,2086,61008.7718,50309.4013,71308.3651
myanmar,Double dose,2087,61685.8112,50844.5848,72105.7670
myanmar,Double dose,2088,62298.3707,51274.4511,72903.1690
myanmar,Double dose,2089,62900.1835,51740.8560,73590.9551
myanmar,Double dose,2090,63373.0364,52123.4369,74192.7679
myanmar,Double dose,2091,63845.8893,52506.0179,74818.2233
myanmar,Double dose,2092,64265.0089,52847.7616,75355.5562
myanmar,Double dose,2093,64694.8752,53148.6680,75916.5317
myanmar,Double dose,2094,65028.0215,53404.4384,76327.0540
myanmar,Double dose,2095,65328.9279,53619.3715,76713.9336
myanmar,Double dose,2096,65565.3544,53765.5260,77081.4693
myanmar,Double dose,2097,65801.7808,53913.8299,77403.8690
myanmar,Double dose,2098,65984.4740,54021.2965,77663.9381
myanmar,Double dose,2099,66134.9272,54105.1204,77947.6498
myanmar,Double dose,2100,66285.3803,54169.6003,78162.5829
myanmar,Double dose,2101,66392.8469,54212.5869,78336.6787
myanmar,Double dose,2102,66478.8202,54255.5736,78487.1319
myanmar,Double dose,2103,66564.7934,54277.0669,78596.7478
myanmar,Double dose,2104,66618.5267,54298.5602,78706.3637
myanmar,Double dose,2105,66661.5133,54320.0535,78792.3370
myanmar,Double dose,2106,66693.7533,54320.0535,78878.3102
myanmar,Double dose,2107,66715.2466,54320.0535,78942.7902
myanmar,Double dose,2108,66736.7399,54320.0535,78985.7768
myanmar,Double dose,2109,66758.2332,54320.0535,79009.4194
myanmar,Double dose,2110,66758.2332,54320.0535,79030.9127
myanmar,Double dose,2111,66758.2332,54320.0535,79052.4061
myanmar,Double dose,2112,66758.2332,54320.0535,79073.8994
myanmar,Double dose,2113,66758.2332,54320.0535,79095.3927
myanmar,Double dose,2114,66758.2332,54320.0535,79095.3927
myanmar,Double dose,2115,66758.2332,54320.0535,79095.3927
myanmar,Double dose,2116,66758.2332,54320.0535,79095.3927
myanmar,Double dose,2117,66758.2332,54320.0535,79095.3927
myanmar,Double dose,2118,66758.2332,54320.0535,79095.3927
myanmar,Double dose,2119,66758.2332,54320.0535,79095.3927
myanmar,Double dose,2120,66758.2332,54320.0535,79095.3927
myanmar,Double dose,2121,66758.2332,54320.0535,79095.3927
myanmar,Double dose,2122,66758.2332,54320.0535,79095.3927
myanmar,Double dose,2123,66758.2332,54320.0535,79095.3927
myanmar,Double dose,2124,66758.2332,54320.0535,79095.3927
myanmar,Double dose,2125,66758.2332,54320.0535,79095.3927
nepal,No vaccination,2024,0.0000,0.0000,0.0000
nepal,No vaccination,2025,0.0000,0.0000,0.0000
nepal,No vaccination,2026,0.0000,0.0000,0.0000
nepal,No vaccination,2027,0.0000,0.0000,10.0286
nepal,No vaccination,2028,0.0000,0.0000,20.0572
nepal,No vaccination,2029,0.0000,0.0000,30.0857
nepal,No vaccination,2030,10.0286,0.0000,41.1172
nepal,No vaccination,2031,20.0572,0.0000,71.2029
nepal,No vaccination,2032,30.0857,0.0000,111.3173
nepal,No vaccination,2033,70.2001,19.0543,174.4973
nepal,No vaccination,2034,125.3573,49.1401,264.7546
nepal,No vaccination,2035,205.5859,89.2544,386.1004
nepal,No vaccination,2036,340.9718,178.5088,557.5892
nepal,No vaccination,2037,501.4291,307.8775,778.2180
nepal,No vaccination,2038,747.1294,447.2748,1140.2498
nepal,No vaccination,2039,1058.0155,672.9179,1492.2531
nepal,No vaccination,2040,1414.0301,963.7468,1964.5993
nepal,No vaccination,2041,1825.2020,1303.7157,2546.2570
nepal,No vaccination,2042,2361.7311,1734.9447,3182.0691
nepal,No vaccination,2043,2918.3174,2206.2881,3878.0526
nepal,No vaccination,2044,3620.3181,2817.0287,4715.4393
nepal,No vaccination,2045,4397.5331,3456.8522,5649.1003
nepal,No vaccination,2046,5254.9768,4156.8472,6616.8584
nepal,No vaccination,2047,6152.5349,4897.9593,7797.2227
nepal,No vaccination,2048,7170.4359,5657.1229,9060.8242
nepal,No vaccination,2049,8178.3084,6529.6096,10303.3656
nepal,No vaccination,2050,9286.4668,7435.1905,11681.2932
nepal,No vaccination,2051,10394.6251,8415.9857,13015.0949
nepal,No vaccination,2052,11583.0122,9438.9010,14425.1139
nepal,No vaccination,2053,12891.7424,10561.0994,15961.4931
nepal,No vaccination,2054,14185.4297,11601.0633,17409.6208
nepal,No vaccination,2055,15464.0741,12714.2360,18969.0659
nepal,No vaccination,2056,16822.9473,13910.6460,20564.6139
nepal,No vaccination,2057,18186.8348,15021.8128,22151.1361
nepal,No vaccination,2058,19535.6793,16295.4429,23788.8042
nepal,No vaccination,2059,20879.5096,17435.6928,25384.3522
nepal,No vaccination,2060,22193.2541,18643.1342,26950.8173
nepal,No vaccination,2061,23567.1701,19858.5985,28440.0622
nepal,No vaccination,2062,24926.0433,21010.8827,29897.2155
nepal,No vaccination,2063,26239.7877,22217.3212,31343.3375
nepal,No vaccination,2064,27478.3178,23294.3909,32808.5137
nepal,No vaccination,2065,28731.8907,24340.3722,34245.6099
nepal,No vaccination,2066,29970.4208,25399.3904,35650.6146
nepal,No vaccination,2067,31153.7936,26477.4629,36952.3248
nepal,No vaccination,2068,32352.2093,27440.2068,38289.1351
nepal,No vaccination,2069,33405.2104,28359.8277,39603.8825
nepal,No vaccination,2070,34448.1829,29250.3658,40864.4754
nepal,No vaccination,2071,35441.0125,30176.0039,41988.6795
nepal,No vaccination,2072,36408.7706,31016.3990,43092.8265
nepal,No vaccination,2073,37371.5144,31797.6255,44268.1764
nepal,No vaccination,2074,38249.0152,32535.7291,45262.0089
nepal,No vaccination,2075,39101.4446,33303.9184,46310.9986
nepal,No vaccination,2076,39928.8026,33975.8334,47255.6909
nepal,No vaccination,2077,40736.1034,34575.5425,48178.3204
nepal,No vaccination,2078,41493.2613,35206.3403,49063.8442
nepal,No vaccination,2079,42220.3334,35783.9866,49867.1335
nepal,No vaccination,2080,42867.1769,36332.5501,50663.4029
nepal,No vaccination,2081,43488.9490,36860.0534,51368.4122
nepal,No vaccination,2082,44065.5924,37318.3596,52111.5300
nepal,No vaccination,2083,44627.1930,37788.7001,52787.4564
nepal,No vaccination,2084,45163.7221,38226.9492,53421.2628
nepal,No vaccination,2085,45660.1369,38656.1725,54034.0091
nepal,No vaccination,2086,46161.5660,39054.3072,54619.6783
nepal,No vaccination,2087,46577.7522,39435.3933,55117.0960
nepal,No vaccination,2088,46973.8812,39764.3308,55572.3936
nepal,No vaccination,2089,47324.8816,40065.1883,56019.6683
nepal,No vaccination,2090,47640.7819,40310.8886,56463.9345
nepal,No vaccination,2091,47951.6680,40551.5745,56849.0321
nepal,No vaccination,2092,48252.5254,40781.2291,57270.2325
nepal,No vaccination,2093,48523.2972,41010.8836,57591.1471
nepal,No vaccination,2094,48748.9403,41181.3695,57916.0732
nepal,No vaccination,2095,48949.5119,41330.7954,58200.8849
nepal,No vaccination,2096,49135.0407,41479.2184,58461.6281
nepal,No vaccination,2097,49305.5266,41578.5014,58693.2883
nepal,No vaccination,2098,49445.9268,41686.8101,58885.8371
nepal,No vaccination,2099,49566.2698,41746.9816,59077.3831
nepal,No vaccination,2100,49671.5699,41806.1502,59228.8146
nepal,No vaccination,2101,49761.8271,41886.3789,59380.2463
nepal,No vaccination,2102,49821.9986,41926.4932,59501.5921
nepal,No vaccination,2103,49892.1987,41976.6361,59581.8208
nepal,No vaccination,2104,49952.3702,41996.6933,59663.0523
nepal,No vaccination,2105,50007.5274,42026.7790,59733.2524
nepal,No vaccination,2106,50037.6131,42036.8076,59794.4267
nepal,No vaccination,2107,50057.6703,42055.8619,59855.6011
nepal,No vaccination,2108,50077.7275,42064.8876,59895.7154
nepal,No vaccination,2109,50097.7846,42064.8876,59925.8011
nepal,No vaccination,2110,50107.8132,42064.8876,59945.8583
nepal,No vaccination,2111,50107.8132,42064.8876,59955.8869
nepal,No vaccination,2112,50107.8132,42064.8876,59966.9183
nepal,No vaccination,2113,50107.8132,42064.8876,59976.9469
nepal,No vaccination,2114,50107.8132,42064.8876,59976.9469
nepal,No vaccination,2115,50107.8132,42064.8876,59976.9469
nepal,No vaccination,2116,50107.8132,42064.8876,59976.9469
nepal,No vaccination,2117,50107.8132,42064.8876,59976.9469
nepal,No vaccination,2118,50107.8132,42064.8876,59976.9469
nepal,No vaccination,2119,50107.8132,42064.8876,59976.9469
nepal,No vaccination,2120,50107.8132,42064.8876,59976.9469
nepal,No vaccination,2121,50107.8132,42064.8876,59976.9469
nepal,No vaccination,2122,50107.8132,42064.8876,59976.9469
nepal,No vaccination,2123,50107.8132,42064.8876,59976.9469
nepal,No vaccination,2124,50107.8132,42064.8876,59976.9469
nepal,No vaccination,2125,50107.8132,42064.8876,59976.9469
nepal,Single dose shipments,2024,0.0000,0.0000,0.0000
nepal,Single dose shipments,2025,0.0000,0.0000,0.0000
nepal,Single dose shipments,2026,0.0000,0.0000,0.0000
nepal,Single dose shipments,2027,0.0000,0.0000,10.0286
nepal,Single dose shipments,2028,0.0000,0.0000,20.0572
nepal,Single dose shipments,2029,0.0000,0.0000,40.1143
nepal,Single dose shipments,2030,5.0143,0.0000,61.1744
nepal,Single dose shipments,2031,15.0429,0.0000,81.2315
nepal,Single dose shipments,2032,35.1000,0.0000,121.3458
nepal,Single dose shipments,2033,55.1572,10.0286,161.4602
nepal,Single dose shipments,2034,90.2572,20.0572,221.6317
nepal,Single dose shipments,2035,140.4002,49.1401,302.8632
nepal,Single dose shipments,2036,210.6002,98.2801,394.1233
nepal,Single dose shipments,2037,300.8575,147.4202,525.4977
nepal,Single dose shipments,2038,421.2005,225.6431,675.9265
nepal,Single dose shipments,2039,526.5006,294.8403,827.3581
nepal,Single dose shipments,2040,656.8722,365.0404,1000.8525
nepal,Single dose shipments,2041,812.3152,465.3262,1252.5700
nepal,Single dose shipments,2042,1002.8583,594.6949,1497.2674
nepal,Single dose shipments,2043,1183.3727,714.0351,1800.1306
nepal,Single dose shipments,2044,1393.9730,882.5153,2114.0252
nepal,Single dose shipments,2045,1644.6875,1041.9697,2476.0570
nepal,Single dose shipments,2046,1885.3735,1221.4814,2840.0946
nepal,Single dose shipments,2047,2176.2024,1438.0987,3212.1550
nepal,Single dose shipments,2048,2502.1313,1645.6904,3644.3868
nepal,Single dose shipments,2049,2843.1031,1876.3478,4056.5616
nepal,Single dose shipments,2050,3164.0178,2095.9738,4512.8620
nepal,Single dose shipments,2051,3479.9181,2325.6283,4947.0996
nepal,Single dose shipments,2052,3810.8613,2585.3686,5435.4916
nepal,Single dose shipments,2053,4151.8331,2865.1661,5848.6692
nepal,Single dose shipments,2054,4532.9192,3151.9835,6322.0182
nepal,Single dose shipments,2055,4853.8339,3401.6952,6835.4816
nepal,Single dose shipments,2056,5214.8628,3630.3469,7367.9993
nepal,Single dose shipments,2057,5560.8489,3871.0329,7852.3798
nepal,Single dose shipments,2058,5911.8493,4101.6903,8329.7403
nepal,Single dose shipments,2059,6257.8354,4358.4220,8819.1351
nepal,Single dose shipments,2060,6613.8500,4578.0480,9344.6328
nepal,Single dose shipments,2061,6989.9219,4837.7883,9816.9790
nepal,Single dose shipments,2062,7340.9223,5038.3599,10375.5710
nepal,Single dose shipments,2063,7676.8798,5286.0659,10851.9286
nepal,Single dose shipments,2064,8027.8801,5509.7033,11329.2891
nepal,Single dose shipments,2065,8338.7662,5737.3521,11763.5267
nepal,Single dose shipments,2066,8654.6665,5966.0038,12228.8529
nepal,Single dose shipments,2067,8975.5812,6221.7327,12643.0334
nepal,Single dose shipments,2068,9281.4529,6421.3014,13047.1852
nepal,Single dose shipments,2069,9587.3247,6619.8674,13479.4171
nepal,Single dose shipments,2070,9868.1250,6839.4933,13871.5347
nepal,Single dose shipments,2071,10128.8682,7020.0078,14299.7551
nepal,Single dose shipments,2072,10379.5827,7169.4337,14663.7926
nepal,Single dose shipments,2073,10635.3116,7337.9139,15005.7673
nepal,Single dose shipments,2074,10891.0404,7487.3398,15339.7191
nepal,Single dose shipments,2075,11091.6121,7620.7199,15681.6938
nepal,Single dose shipments,2076,11322.2695,7754.1001,16024.6713
nepal,Single dose shipments,2077,11527.8554,7913.5545,16327.5345
nepal,Single dose shipments,2078,11723.4128,8052.9518,16592.2891
nepal,Single dose shipments,2079,11913.9559,8151.2319,16870.0808
nepal,Single dose shipments,2080,12074.4132,8240.4863,17101.7411
nepal,Single dose shipments,2081,12249.9134,8309.6836,17343.4299
nepal,Single dose shipments,2082,12410.3707,8417.9922,17615.2045
nepal,Single dose shipments,2083,12560.7995,8497.2180,17846.8648
nepal,Single dose shipments,2084,12691.1710,8585.4696,18059.4707
nepal,Single dose shipments,2085,12836.5855,8664.6954,18251.0166
nepal,Single dose shipments,2086,12966.9571,8724.8669,18456.6026
nepal,Single dose shipments,2087,13092.3143,8795.0669,18668.2057
nepal,Single dose shipments,2088,13227.7002,8865.2670,18842.7030
nepal,Single dose shipments,2089,13353.0575,8934.4642,19003.1603
nepal,Single dose shipments,2090,13438.3004,8981.5986,19155.5948
nepal,Single dose shipments,2091,13523.5434,9031.7415,19288.9749
nepal,Single dose shipments,2092,13593.7435,9061.8272,19402.2979
nepal,Single dose shipments,2093,13678.9864,9110.9673,19513.6152
nepal,Single dose shipments,2094,13744.1722,9150.0788,19604.8753
nepal,Single dose shipments,2095,13799.3294,9170.1359,19695.1325
nepal,Single dose shipments,2096,13859.5009,9199.2188,19775.3612
nepal,Single dose shipments,2097,13899.6152,9218.2731,19835.5327
nepal,Single dose shipments,2098,13929.7010,9227.2988,19895.7042
nepal,Single dose shipments,2099,13969.8153,9227.2988,19966.9071
nepal,Single dose shipments,2100,13989.8725,9236.3246,20017.0500
nepal,Single dose shipments,2101,14009.9296,9245.3503,20057.1644
nepal,Single dose shipments,2102,14019.9582,9245.3503,20077.2215
nepal,Single dose shipments,2103,14035.0011,9245.3503,20108.3101
nepal,Single dose shipments,2104,14045.0297,9245.3503,20129.3701
nepal,Single dose shipments,2105,14045.0297,9245.3503,20150.4302
nepal,Single dose shipments,2106,14050.0440,9245.3503,20171.4902
nepal,Single dose shipments,2107,14050.0440,9245.3503,20182.5216
nepal,Single dose shipments,2108,14050.0440,9245.3503,20192.5502
nepal,Single dose shipments,2109,14050.0440,9245.3503,20202.5788
nepal,Single dose shipments,2110,14050.0440,9245.3503,20202.5788
nepal,Single dose shipments,2111,14050.0440,9245.3503,20212.6074
nepal,Single dose shipments,2112,14050.0440,9245.3503,20222.6360
nepal,Single dose shipments,2113,14050.0440,9245.3503,20222.6360
nepal,Single dose shipments,2114,14050.0440,9245.3503,20222.6360
nepal,Single dose shipments,2115,14050.0440,9245.3503,20222.6360
nepal,Single dose shipments,2116,14050.0440,9245.3503,20222.6360
nepal,Single dose shipments,2117,14050.0440,9245.3503,20222.6360
nepal,Single dose shipments,2118,14050.0440,9245.3503,20222.6360
nepal,Single dose shipments,2119,14050.0440,9245.3503,20222.6360
nepal,Single dose shipments,2120,14050.0440,9245.3503,20222.6360
nepal,Single dose shipments,2121,14050.0440,9245.3503,20222.6360
nepal,Single dose shipments,2122,14050.0440,9245.3503,20222.6360
nepal,Single dose shipments,2123,14050.0440,9245.3503,20222.6360
nepal,Single dose shipments,2124,14050.0440,9245.3503,20222.6360
nepal,Single dose shipments,2125,14050.0440,9245.3503,20222.6360
nepal,Single dose actual,2024,0.0000,0.0000,0.0000
nepal,Single dose actual,2025,0.0000,0.0000,0.0000
nepal,Single dose actual,2026,0.0000,0.0000,0.0000
nepal,Single dose actual,2027,0.0000,0.0000,10.0286
nepal,Single dose actual,2028,0.0000,0.0000,10.0286
nepal,Single dose actual,2029,0.0000,0.0000,20.0572
nepal,Single dose actual,2030,5.0143,0.0000,50.1429
nepal,Single dose actual,2031,15.0429,0.0000,70.2001
nepal,Single dose actual,2032,35.1000,9.0257,111.3173
nepal,Single dose actual,2033,70.2001,19.0543,174.4973
nepal,Single dose actual,2034,160.4573,49.1401,295.8432
nepal,Single dose actual,2035,260.7431,108.3087,438.2491
nepal,Single dose actual,2036,406.1576,187.5345,639.8236
nepal,Single dose actual,2037,571.6292,296.8460,881.5124
nepal,Single dose actual,2038,812.3152,446.2719,1205.4356
nepal,Single dose actual,2039,1143.2584,665.8979,1606.5789
nepal,Single dose actual,2040,1489.2445,946.6982,2129.0680
nepal,Single dose actual,2041,1920.4735,1257.5843,2672.6171
nepal,Single dose actual,2042,2441.9598,1656.7218,3255.2777
nepal,Single dose actual,2043,3018.6032,2112.0194,4020.4585
nepal,Single dose actual,2044,3735.6468,2697.6886,4847.8164
nepal,Single dose actual,2045,4507.8475,3286.3663,5822.5947
nepal,Single dose actual,2046,5315.1484,3926.1898,6825.4528
nepal,Single dose actual,2047,6197.6635,4654.2649,7889.4854
nepal,Single dose actual,2048,7195.5074,5455.5485,9081.8839
nepal,Single dose actual,2049,8278.5942,6196.6607,10312.3911
nepal,Single dose actual,2050,9391.7669,7138.3445,11568.9725
nepal,Single dose actual,2051,10560.0968,8130.1713,12960.9401
nepal,Single dose actual,2052,11818.6840,9091.9123,14407.0620
nepal,Single dose actual,2053,13037.1568,10185.0277,15772.9552
nepal,Single dose actual,2054,14355.9156,11285.1632,17267.2144
nepal,Single dose actual,2055,15679.6887,12407.3615,18703.3077
nepal,Single dose actual,2056,17038.5619,13507.4970,20267.7670
nepal,Single dose actual,2057,18427.5208,14647.7468,21883.3722
nepal,Single dose actual,2058,19796.4225,15940.4313,23398.6914
nepal,Single dose actual,2059,21145.2671,17123.8040,24943.0936
nepal,Single dose actual,2060,22509.1546,18356.3169,26431.3356
nepal,Single dose actual,2061,23832.9276,19519.6325,27861.4118
nepal,Single dose actual,2062,25141.6578,20664.8966,29337.6195
nepal,Single dose actual,2063,26400.2450,21788.0979,30902.0789
nepal,Single dose actual,2064,27698.9466,22888.2333,32306.0807
nepal,Single dose actual,2065,28952.5195,23975.3316,33790.3113
nepal,Single dose actual,2066,30186.0352,25068.4471,35125.1158
nepal,Single dose actual,2067,31344.3366,26145.5168,36429.8346
nepal,Single dose actual,2068,32462.5235,27058.1177,37679.3960
nepal,Single dose actual,2069,33625.8391,28025.8758,38923.9432
nepal,Single dose actual,2070,34648.7545,28946.4996,40098.2903
nepal,Single dose actual,2071,35721.8128,29878.1549,41301.7202
nepal,Single dose actual,2072,36794.8711,30748.6357,42435.9530
nepal,Single dose actual,2073,37762.6292,31604.0737,43540.0998
nepal,Single dose actual,2074,38680.2444,32426.4174,44614.1611
nepal,Single dose actual,2075,39507.6024,33106.3552,45568.8820
nepal,Single dose actual,2076,40304.8746,33746.1787,46503.5458
nepal,Single dose actual,2077,41127.2183,34445.1708,47396.0895
nepal,Single dose actual,2078,41869.3333,35079.9800,48280.6104
nepal,Single dose actual,2079,42531.2197,35660.6349,49054.8169
nepal,Single dose actual,2080,43223.1918,36246.3041,49879.1663
nepal,Single dose actual,2081,43824.9067,36757.7618,50572.1413
nepal,Single dose actual,2082,44381.4930,37227.0994,51277.1506
nepal,Single dose actual,2083,44892.9506,37667.3542,51880.8712
nepal,Single dose actual,2084,45394.3797,38078.5260,52496.6261
nepal,Single dose actual,2085,45905.8374,38478.6665,53082.2953
nepal,Single dose actual,2086,46362.1379,38858.7497,53630.8587
nepal,Single dose actual,2087,46793.3669,39204.7358,54162.3735
nepal,Single dose actual,2088,47199.5245,39514.6190,54644.7483
nepal,Single dose actual,2089,47555.5392,39794.4164,55103.0545
nepal,Single dose actual,2090,47901.5252,40055.1596,55509.2121
nepal,Single dose actual,2091,48227.4542,40356.0171,55891.3010
nepal,Single dose actual,2092,48488.1973,40545.5573,56220.2385
nepal,Single dose actual,2093,48733.8976,40722.0603,56561.2103
nepal,Single dose actual,2094,48979.5979,40911.6005,56874.1021
nepal,Single dose actual,2095,49210.2553,41072.0579,57126.8224
nepal,Single dose actual,2096,49400.7983,41231.5123,57348.4541
nepal,Single dose actual,2097,49571.2842,41370.9096,57564.0686
nepal,Single dose actual,2098,49731.7416,41450.1354,57785.7003
nepal,Single dose actual,2099,49872.1417,41550.4213,57967.2176
nepal,Single dose actual,2100,49982.4561,41620.6213,58107.6178
nepal,Single dose actual,2101,50072.7134,41659.7328,58239.9951
nepal,Single dose actual,2102,50142.9135,41718.9014,58370.3666
nepal,Single dose actual,2103,50208.0992,41768.0415,58481.6839
nepal,Single dose actual,2104,50268.2707,41798.1272,58572.9440
nepal,Single dose actual,2105,50313.3994,41818.1844,58634.1184
nepal,Single dose actual,2106,50348.4994,41837.2387,58685.2641
nepal,Single dose actual,2107,50378.5851,41857.2959,58727.3842
nepal,Single dose actual,2108,50398.6423,41857.2959,58758.4728
nepal,Single dose actual,2109,50408.6709,41857.2959,58779.5328
nepal,Single dose actual,2110,50418.6995,41857.2959,58799.5900
nepal,Single dose actual,2111,50418.6995,41857.2959,58819.6471
nepal,Single dose actual,2112,50418.6995,41857.2959,58830.6786
nepal,Single dose actual,2113,50418.6995,41857.2959,58840.7072
nepal,Single dose actual,2114,50418.6995,41857.2959,58850.7357
nepal,Single dose actual,2115,50418.6995,41857.2959,58850.7357
nepal,Single dose actual,2116,50418.6995,41857.2959,58850.7357
nepal,Single dose actual,2117,50418.6995,41857.2959,58850.7357
nepal,Single dose actual,2118,50418.6995,41857.2959,58850.7357
nepal,Single dose actual,2119,50418.6995,41857.2959,58850.7357
nepal,Single dose actual,2120,50418.6995,41857.2959,58850.7357
nepal,Single dose actual,2121,50418.6995,41857.2959,58850.7357
nepal,Single dose actual,2122,50418.6995,41857.2959,58850.7357
nepal,Single dose actual,2123,50418.6995,41857.2959,58850.7357
nepal,Single dose actual,2124,50418.6995,41857.2959,58850.7357
nepal,Single dose actual,2125,50418.6995,41857.2959,58850.7357
nepal,Double dose,2024,0.0000,0.0000,0.0000
nepal,Double dose,2025,0.0000,0.0000,0.0000
nepal,Double dose,2026,0.0000,0.0000,0.0000
nepal,Double dose,2027,0.0000,0.0000,10.0286
nepal,Double dose,2028,0.0000,0.0000,20.0572
nepal,Double dose,2029,0.0000,0.0000,30.0857
nepal,Double dose,2030,10.0286,0.0000,50.1429
nepal,Double dose,2031,20.0572,0.0000,82.2344
nepal,Double dose,2032,35.1000,9.0257,122.3487
nepal,Double dose,2033,70.2001,38.1086,184.5259
nepal,Double dose,2034,125.3573,68.1944,264.7546
nepal,Double dose,2035,200.5717,108.3087,368.0490
nepal,Double dose,2036,310.8861,177.5059,529.5092
nepal,Double dose,2037,446.2719,277.7917,710.0237
nepal,Double dose,2038,646.8436,408.1633,970.7668
nepal,Double dose,2039,857.4438,578.6492,1281.6528
nepal,Double dose,2040,1128.2155,778.2180,1638.6704
nepal,Double dose,2041,1449.1302,1027.9297,2030.7879
nepal,Double dose,2042,1820.1877,1328.7872,2513.1627
nepal,Double dose,2043,2256.4310,1635.6618,3035.6518
nepal,Double dose,2044,2747.8315,2016.7479,3638.3696
nepal,Double dose,2045,3274.3321,2444.9684,4321.3160
nepal,Double dose,2046,3830.9184,2904.2774,5053.4024
nepal,Double dose,2047,4422.6047,3362.5836,5847.6661
nepal,Double dose,2048,5089.5054,3931.2042,6611.8440
nepal,Double dose,2049,5866.7204,4547.9620,7516.4220
nepal,Double dose,2050,6588.7783,5208.8455,8397.9344
nepal,Double dose,2051,7371.0076,5809.5575,9291.4811
nepal,Double dose,2052,8173.2941,6499.5240,10228.1506
nepal,Double dose,2053,8950.5092,7150.3789,11182.8717
nepal,Double dose,2054,9782.8815,7800.2310,12176.7042
nepal,Double dose,2055,10660.3823,8569.4232,13201.6253
nepal,Double dose,2056,11583.0118,9325.5782,14287.7207
nepal,Double dose,2057,12460.5126,10105.8018,15357.7704
nepal,Double dose,2058,13327.9849,10809.8082,16446.8744
nepal,Double dose,2059,14235.5715,11600.0604,17515.9212
nepal,Double dose,2060,15138.1439,12291.0297,18663.1911
nepal,Double dose,2061,16035.7019,12981.9990,19707.1665
nepal,Double dose,2062,16933.2600,13730.1311,20734.0932
nepal,Double dose,2063,17790.7037,14479.2662,21817.1801
nepal,Double dose,2064,18623.0760,15150.1783,22781.9296
nepal,Double dose,2065,19410.3196,15840.1447,23695.5334
nepal,Double dose,2066,20232.6633,16511.0568,24652.2601
nepal,Double dose,2067,21004.8641,17191.9974,25544.8038
nepal,Double dose,2068,21757.0077,17850.8752,26409.2675
nepal,Double dose,2069,22524.1942,18531.8159,27272.7283
nepal,Double dose,2070,23251.2663,19121.4965,28117.1349
nepal,Double dose,2071,23893.0955,19672.0657,28904.3785
nepal,Double dose,2072,24544.9533,20211.6034,29666.5507
nepal,Double dose,2073,25166.7254,20692.9753,30388.6086
nepal,Double dose,2074,25768.4403,21231.5101,31072.5578
nepal,Double dose,2075,26325.0266,21652.7106,31704.3584
nepal,Double dose,2076,26846.5128,22082.9367,32357.2191
nepal,Double dose,2077,27398.0848,22513.1629,32970.9683
nepal,Double dose,2078,27874.4424,22893.2462,33612.7975
nepal,Double dose,2079,28360.8287,23304.4181,34271.6753
nepal,Double dose,2080,28797.0720,23660.4327,34794.1644
nepal,Double dose,2081,29228.3010,23996.3902,35328.6878
nepal,Double dose,2082,29649.5014,24347.3906,35823.0969
nepal,Double dose,2083,29995.4875,24627.1881,36238.2802
nepal,Double dose,2084,30361.5308,24901.9712,36670.5121
nepal,Double dose,2085,30687.4597,25158.7029,37061.6268
nepal,Double dose,2086,31013.3886,25416.4375,37455.7501
nepal,Double dose,2087,31314.2461,25656.1206,37799.7305
nepal,Double dose,2088,31574.9893,25874.7437,38091.5622
nepal,Double dose,2089,31825.7038,26074.3125,38412.4769
nepal,Double dose,2090,32046.3326,26243.7956,38705.3115
nepal,Double dose,2091,32256.9329,26414.2815,38999.1489
nepal,Double dose,2092,32462.5188,26563.7073,39289.9778
nepal,Double dose,2093,32638.0190,26684.0503,39512.6124
nepal,Double dose,2094,32813.5192,26823.4476,39726.2212
nepal,Double dose,2095,32938.8765,26912.7020,39898.7128
nepal,Double dose,2096,33054.2052,26982.9021,40059.1701
nepal,Double dose,2097,33164.5196,27063.1308,40200.5731
nepal,Double dose,2098,33249.7626,27122.2994,40341.9762
nepal,Double dose,2099,33340.0198,27171.4394,40453.2934
nepal,Double dose,2100,33420.2485,27211.5538,40553.5792
nepal,Double dose,2101,33470.3914,27230.6081,40634.8108
nepal,Double dose,2102,33520.5343,27260.6938,40705.0108
nepal,Double dose,2103,33560.6486,27279.7481,40766.1852
nepal,Double dose,2104,33595.7487,27279.7481,40826.3567
nepal,Double dose,2105,33625.8344,27289.7767,40876.4996
nepal,Double dose,2106,33645.8916,27299.8053,40906.5853
nepal,Double dose,2107,33665.9487,27308.8310,40947.7025
nepal,Double dose,2108,33675.9773,27308.8310,40969.7654
nepal,Double dose,2109,33686.0059,27308.8310,40999.8512
nepal,Double dose,2110,33696.0345,27308.8310,41009.8797
nepal,Double dose,2111,33696.0345,27308.8310,41019.9083
nepal,Double dose,2112,33696.0345,27308.8310,41029.9369
nepal,Double dose,2113,33696.0345,27308.8310,41030.9398
nepal,Double dose,2114,33696.0345,27308.8310,41040.9684
nepal,Double dose,2115,33696.0345,27308.8310,41040.9684
nepal,Double dose,2116,33696.0345,27308.8310,41040.9684
nepal,Double dose,2117,33696.0345,27308.8310,41040.9684
nepal,Double dose,2118,33696.0345,27308.8310,41040.9684
nepal,Double dose,2119,33696.0345,27308.8310,41040.9684
nepal,Double dose,2120,33696.0345,27308.8310,41040.9684
nepal,Double dose,2121,33696.0345,27308.8310,41040.9684
nepal,Double dose,2122,33696.0345,27308.8310,41040.9684
nepal,Double dose,2123,33696.0345,27308.8310,41040.9684
nepal,Double dose,2124,33696.0345,27308.8310,41040.9684
nepal,Double dose,2125,33696.0345,27308.8310,41040.9684
nigeria,No vaccination,2024,0.0000,0.0000,0.0000
nigeria,No vaccination,2025,0.0000,0.0000,0.0000
nigeria,No vaccination,2026,0.0000,0.0000,0.0000
nigeria,No vaccination,2027,0.0000,0.0000,49.0568
nigeria,No vaccination,2028,0.0000,0.0000,138.2509
nigeria,No vaccination,2029,44.5971,0.0000,231.9047
nigeria,No vaccination,2030,111.4927,0.0000,365.6959
nigeria,No vaccination,2031,245.2838,0.0000,642.1977
nigeria,No vaccination,2032,445.9706,89.1941,963.2965
nigeria,No vaccination,2033,713.5530,263.1227,1369.1298
nigeria,No vaccination,2034,1114.9265,437.0512,1993.4886
nigeria,No vaccination,2035,1716.9869,833.9650,2756.0984
nigeria,No vaccination,2036,2430.5398,1364.6701,3701.5561
nigeria,No vaccination,2037,3523.1678,2064.8439,5088.5247
nigeria,No vaccination,2038,4771.8855,2956.7852,6872.4069
nigeria,No vaccination,2039,6466.5737,4205.5029,8839.1371
nigeria,No vaccination,2040,8295.0531,5806.5373,11176.0228
nigeria,No vaccination,2041,10569.5029,7590.4196,13909.8222
nigeria,No vaccination,2042,13379.1173,10078.9353,17102.9711
nigeria,No vaccination,2043,16679.2992,12910.8482,20804.5264
nigeria,No vaccination,2044,20358.5559,15854.2537,24920.8343
nigeria,No vaccination,2045,24439.1861,19190.1132,29969.2203
nigeria,No vaccination,2046,28831.9956,23239.5255,35053.2841
nigeria,No vaccination,2047,33648.4771,27293.3974,40346.9540
nigeria,No vaccination,2048,38643.3467,31659.4487,46336.3377
nigeria,No vaccination,2049,44217.9779,36431.3331,52669.1187
nigeria,No vaccination,2050,50104.7885,41626.8894,59407.7329
nigeria,No vaccination,2051,56437.5695,47223.8192,66721.6491
nigeria,No vaccination,2052,62904.1416,53280.0985,73785.8219
nigeria,No vaccination,2053,69326.1167,59064.3358,81064.0610
nigeria,No vaccination,2054,76216.3609,65125.0749,89011.2557
nigeria,No vaccination,2055,83262.6949,71627.3247,97221.5740
nigeria,No vaccination,2056,90420.5212,78129.5745,104985.9218
nigeria,No vaccination,2057,97801.3335,84890.4871,113222.9983
nigeria,No vaccination,2058,105405.1313,91459.6325,121473.4537
nigeria,No vaccination,2059,113053.5257,98327.5780,129621.3355
nigeria,No vaccination,2060,120679.6217,105275.7983,138233.0285
nigeria,No vaccination,2061,128484.1058,112522.8195,146635.1146
nigeria,No vaccination,2062,136043.3059,119158.8604,154948.0057
nigeria,No vaccination,2063,143647.1038,125843.9581,163559.6979
nigeria,No vaccination,2064,151117.1102,132702.9842,172050.9779
nigeria,No vaccination,2065,158609.4150,139521.8731,180314.8127
nigeria,No vaccination,2066,165789.5399,145805.5974,188431.4763
nigeria,No vaccination,2067,173014.2619,152352.4442,195990.6768
nigeria,No vaccination,2068,180261.2824,158765.4999,203612.3140
nigeria,No vaccination,2069,186928.5413,164638.9313,210952.9891
nigeria,No vaccination,2070,193439.7105,170561.4195,218284.7453
nigeria,No vaccination,2071,199839.3871,175841.7102,225157.1505
nigeria,No vaccination,2072,205793.0932,181367.2847,231815.4900
nigeria,No vaccination,2073,211568.4111,186495.9455,237920.8261
nigeria,No vaccination,2074,216853.1615,191125.1193,243878.9919
nigeria,No vaccination,2075,222093.3149,195624.9618,250046.7638
nigeria,No vaccination,2076,226976.6919,200160.4818,255715.0488
nigeria,No vaccination,2077,231525.5911,204035.9656,261022.0978
nigeria,No vaccination,2078,235985.2962,207951.5867,265972.3704
nigeria,No vaccination,2079,240110.5234,211608.5450,270534.6487
nigeria,No vaccination,2080,243901.2728,215033.5986,274793.6670
nigeria,No vaccination,2081,247379.8429,217887.8100,278816.3211
nigeria,No vaccination,2082,250412.4425,220246.9942,282366.2464
nigeria,No vaccination,2083,253199.7583,222472.3873,285403.3057
nigeria,No vaccination,2084,255719.4919,224657.6430,288400.2277
nigeria,No vaccination,2085,258038.5388,226566.3971,291151.8659
nigeria,No vaccination,2086,260156.8990,228341.3600,293569.0263
nigeria,No vaccination,2087,262096.8709,229937.9347,295758.7417
nigeria,No vaccination,2088,263791.5592,231315.9838,297903.8601
nigeria,No vaccination,2089,265285.5607,232381.8536,299692.2022
nigeria,No vaccination,2090,266601.1739,233354.0695,301306.6157
nigeria,No vaccination,2091,267782.9961,234188.0346,302711.4231
nigeria,No vaccination,2092,268741.8329,234986.3220,304142.9887
nigeria,No vaccination,2093,269589.1770,235690.9556,305124.1240
nigeria,No vaccination,2094,270325.0286,236221.6606,306065.1220
nigeria,No vaccination,2095,270860.1933,236569.5177,306872.3289
nigeria,No vaccination,2096,271395.3580,236957.5121,307505.6071
nigeria,No vaccination,2097,271863.6272,237260.7721,308129.9660
nigeria,No vaccination,2098,272220.4037,237479.2977,308669.5904
nigeria,No vaccination,2099,272465.6875,237613.0889,308981.7699
nigeria,No vaccination,2100,272599.4787,237657.6860,309298.4090
nigeria,No vaccination,2101,272733.2699,237702.2830,309476.7972
nigeria,No vaccination,2102,272844.7625,237702.2830,309699.7825
nigeria,No vaccination,2103,272933.9566,237742.4204,309838.0334
nigeria,No vaccination,2104,272978.5537,237742.4204,309971.8246
nigeria,No vaccination,2105,273023.1508,237742.4204,310061.0187
nigeria,No vaccination,2106,273023.1508,237742.4204,310114.5352
nigeria,No vaccination,2107,273023.1508,237742.4204,310159.1323
nigeria,No vaccination,2108,273023.1508,237742.4204,310203.7293
nigeria,No vaccination,2109,273023.1508,237742.4204,310248.3264
nigeria,No vaccination,2110,273023.1508,237742.4204,310252.7861
nigeria,No vaccination,2111,273023.1508,237742.4204,310252.7861
nigeria,No vaccination,2112,273023.1508,237742.4204,310252.7861
nigeria,No vaccination,2113,273023.1508,237742.4204,310252.7861
nigeria,No vaccination,2114,273023.1508,237742.4204,310252.7861
nigeria,No vaccination,2115,273023.1508,237742.4204,310252.7861
nigeria,No vaccination,2116,273023.1508,237742.4204,310252.7861
nigeria,No vaccination,2117,273023.1508,237742.4204,310252.7861
nigeria,No vaccination,2118,273023.1508,237742.4204,310252.7861
nigeria,No vaccination,2119,273023.1508,237742.4204,310252.7861
nigeria,No vaccination,2120,273023.1508,237742.4204,310252.7861
nigeria,No vaccination,2121,273023.1508,237742.4204,310252.7861
nigeria,No vaccination,2122,273023.1508,237742.4204,310252.7861
nigeria,No vaccination,2123,273023.1508,237742.4204,310252.7861
nigeria,No vaccination,2124,273023.1508,237742.4204,310252.7861
nigeria,No vaccination,2125,273023.1508,237742.4204,310252.7861
nigeria,Single dose shipments,2024,0.0000,0.0000,0.0000
nigeria,Single dose shipments,2025,0.0000,0.0000,0.0000
nigeria,Single dose shipments,2026,0.0000,0.0000,0.0000
nigeria,Single dose shipments,2027,0.0000,0.0000,49.0568
nigeria,Single dose shipments,2028,0.0000,0.0000,93.6538
nigeria,Single dose shipments,2029,0.0000,0.0000,182.8480
nigeria,Single dose shipments,2030,44.5971,0.0000,272.0421
nigeria,Single dose shipments,2031,133.7912,0.0000,410.2930
nigeria,Single dose shipments,2032,222.9853,44.5971,633.2783
nigeria,Single dose shipments,2033,401.3736,133.7912,900.8606
nigeria,Single dose shipments,2034,624.3589,218.5256,1306.6939
nigeria,Single dose shipments,2035,958.8368,437.0512,1841.8586
nigeria,Single dose shipments,2036,1337.9118,566.3827,2430.5398
nigeria,Single dose shipments,2037,1828.4795,829.5053,3148.5525
nigeria,Single dose shipments,2038,2475.1369,1271.0162,4000.3563
nigeria,Single dose shipments,2039,3233.2869,1806.1810,4941.3543
nigeria,Single dose shipments,2040,4036.0340,2430.5398,6016.1435
nigeria,Single dose shipments,2041,5017.1694,3268.9646,7144.4491
nigeria,Single dose shipments,2042,5953.7077,4022.6549,8504.6595
nigeria,Single dose shipments,2043,7157.8283,4896.7573,9945.1445
nigeria,Single dose shipments,2044,8361.9489,5953.7077,11479.2833
nigeria,Single dose shipments,2045,9855.9504,7153.3686,13138.2939
nigeria,Single dose shipments,2046,11283.0564,8397.6265,15038.1285
nigeria,Single dose shipments,2047,12843.9534,9619.5860,16960.2617
nigeria,Single dose shipments,2048,14404.8505,11042.2322,19065.2427
nigeria,Single dose shipments,2049,16054.9416,12282.0305,21058.7312
nigeria,Single dose shipments,2050,17682.7343,13749.2738,23391.1572
nigeria,Single dose shipments,2051,19578.1092,15390.4455,25580.8726
nigeria,Single dose shipments,2052,21473.4841,16946.8829,28122.9047
nigeria,Single dose shipments,2053,23413.4561,18619.2726,30629.2592
nigeria,Single dose shipments,2054,25442.6222,20340.7190,33024.1210
nigeria,Single dose shipments,2055,27560.9823,21848.0996,35575.0725
nigeria,Single dose shipments,2056,29746.2381,23721.1760,38076.9673
nigeria,Single dose shipments,2057,31864.5982,25549.6554,40717.1129
nigeria,Single dose shipments,2058,33826.8687,27239.8839,43312.6614
nigeria,Single dose shipments,2059,35922.9304,29014.8468,45819.0159
nigeria,Single dose shipments,2060,38197.3802,30968.1979,48316.4510
nigeria,Single dose shipments,2061,40471.8300,32792.2175,50916.4592
nigeria,Single dose shipments,2062,42634.7872,34611.7775,53547.6854
nigeria,Single dose shipments,2063,44730.8489,36342.1433,56054.0399
nigeria,Single dose shipments,2064,46715.4179,37983.3150,58422.1435
nigeria,Single dose shipments,2065,48789.1810,39633.4062,60977.5547
nigeria,Single dose shipments,2066,50751.4515,41234.4406,63336.7389
nigeria,Single dose shipments,2067,52669.1250,42750.7406,65624.5679
nigeria,Single dose shipments,2068,54698.2911,44035.1360,68081.8656
nigeria,Single dose shipments,2069,56392.9793,45546.9763,70128.8705
nigeria,Single dose shipments,2070,58176.8616,46871.5090,72224.9321
nigeria,Single dose shipments,2071,59938.4454,48236.1790,74325.4535
nigeria,Single dose shipments,2072,61477.0439,49618.6878,76136.0940
nigeria,Single dose shipments,2073,62948.7469,50952.1399,78022.5495
nigeria,Single dose shipments,2074,64353.5543,52236.5352,79632.5033
nigeria,Single dose shipments,2075,65624.5705,53342.5423,81420.8453
nigeria,Single dose shipments,2076,66984.7808,54444.0897,82937.1453
nigeria,Single dose shipments,2077,68322.6926,55505.4998,84556.0186
nigeria,Single dose shipments,2078,69526.8133,56379.6022,86121.3754
nigeria,Single dose shipments,2079,70552.5457,57168.9702,87459.2872
nigeria,Single dose shipments,2080,71533.6810,57922.6605,88708.0048
nigeria,Single dose shipments,2081,72447.9208,58707.5688,89889.8269
nigeria,Single dose shipments,2082,73317.5635,59376.5247,91053.8102
nigeria,Single dose shipments,2083,74164.9077,59983.0447,91994.8082
nigeria,Single dose shipments,2084,74833.8636,60424.5556,92846.6121
nigeria,Single dose shipments,2085,75413.6254,60901.7442,93751.9325
nigeria,Single dose shipments,2086,75993.3872,61343.2551,94554.6796
nigeria,Single dose shipments,2087,76483.9548,61650.9748,95187.9579
nigeria,Single dose shipments,2088,76952.2240,61958.6945,95905.9705
nigeria,Single dose shipments,2089,77353.5975,62181.6798,96534.7891
nigeria,Single dose shipments,2090,77754.9711,62444.8025,97029.8165
nigeria,Single dose shipments,2091,78067.1505,62618.7310,97480.2468
nigeria,Single dose shipments,2092,78401.6285,62707.9251,97970.8145
nigeria,Single dose shipments,2093,78624.6138,62797.1193,98332.0507
nigeria,Single dose shipments,2094,78758.4050,62881.8537,98644.2301
nigeria,Single dose shipments,2095,78892.1961,62881.8537,98827.0780
nigeria,Single dose shipments,2096,79025.9873,62971.0478,99050.0633
nigeria,Single dose shipments,2097,79137.4800,62971.0478,99228.4516
nigeria,Single dose shipments,2098,79226.6741,63011.1852,99366.7025
nigeria,Single dose shipments,2099,79271.2712,63011.1852,99500.4937
nigeria,Single dose shipments,2100,79315.8682,63011.1852,99589.6878
nigeria,Single dose shipments,2101,79360.4653,63011.1852,99723.4790
nigeria,Single dose shipments,2102,79360.4653,63011.1852,99772.5357
nigeria,Single dose shipments,2103,79360.4653,63011.1852,99817.1328
nigeria,Single dose shipments,2104,79360.4653,63011.1852,99861.7299
nigeria,Single dose shipments,2105,79360.4653,63011.1852,99906.3269
nigeria,Single dose shipments,2106,79360.4653,63011.1852,99906.3269
nigeria,Single dose shipments,2107,79360.4653,63011.1852,99906.3269
nigeria,Single dose shipments,2108,79360.4653,63011.1852,99906.3269
nigeria,Single dose shipments,2109,79360.4653,63011.1852,99906.3269
nigeria,Single dose shipments,2110,79360.4653,63011.1852,99906.3269
nigeria,Single dose shipments,2111,79360.4653,63011.1852,99906.3269
nigeria,Single dose shipments,2112,79360.4653,63011.1852,99906.3269
nigeria,Single dose shipments,2113,79360.4653,63011.1852,99906.3269
nigeria,Single dose shipments,2114,79360.4653,63011.1852,99906.3269
nigeria,Single dose shipments,2115,79360.4653,63011.1852,99906.3269
nigeria,Single dose shipments,2116,79360.4653,63011.1852,99906.3269
nigeria,Single dose shipments,2117,79360.4653,63011.1852,99906.3269
nigeria,Single dose shipments,2118,79360.4653,63011.1852,99906.3269
nigeria,Single dose shipments,2119,79360.4653,63011.1852,99906.3269
nigeria,Single dose shipments,2120,79360.4653,63011.1852,99906.3269
nigeria,Single dose shipments,2121,79360.4653,63011.1852,99906.3269
nigeria,Single dose shipments,2122,79360.4653,63011.1852,99906.3269
nigeria,Single dose shipments,2123,79360.4653,63011.1852,99906.3269
nigeria,Single dose shipments,2124,79360.4653,63011.1852,99906.3269
nigeria,Single dose shipments,2125,79360.4653,63011.1852,99906.3269
nigeria,Single dose actual,2024,0.0000,0.0000,0.0000
nigeria,Single dose actual,2025,0.0000,0.0000,0.0000
nigeria,Single dose actual,2026,0.0000,0.0000,0.0000
nigeria,Single dose actual,2027,0.0000,0.0000,44.5971
nigeria,Single dose actual,2028,0.0000,0.0000,89.1941
nigeria,Single dose actual,2029,44.5971,0.0000,182.8480
nigeria,Single dose actual,2030,89.1941,0.0000,316.6391
nigeria,Single dose actual,2031,156.0897,0.0000,539.6244
nigeria,Single dose actual,2032,289.8809,44.5971,762.6097
nigeria,Single dose actual,2033,468.2691,129.3315,1083.7086
nigeria,Single dose actual,2034,780.4486,218.5256,1440.4851
nigeria,Single dose actual,2035,1070.3295,396.9138,1890.9154
nigeria,Single dose actual,2036,1471.7030,615.4394,2426.0801
nigeria,Single dose actual,2037,1962.2707,963.2965,3063.8181
nigeria,Single dose actual,2038,2586.6296,1449.4045,3871.0249
nigeria,Single dose actual,2039,3389.3767,1935.5125,4901.2170
nigeria,Single dose actual,2040,4281.3179,2600.0087,5931.4091
nigeria,Single dose actual,2041,5329.3489,3358.1587,7229.1836
nigeria,Single dose actual,2042,6444.2754,4156.4461,8754.4031
nigeria,Single dose actual,2043,7826.7843,5257.9935,10493.6883
nigeria,Single dose actual,2044,9186.9946,6328.3230,12197.2959
nigeria,Single dose actual,2045,10703.2946,7577.0407,13900.9036
nigeria,Single dose actual,2046,12331.0872,9039.8243,15965.7473
nigeria,Single dose actual,2047,14092.6710,10328.6793,18070.7283
nigeria,Single dose actual,2048,16054.9415,12018.9077,20492.3484
nigeria,Single dose actual,2049,17838.8238,13624.4018,22945.1864
nigeria,Single dose actual,2050,19867.9898,15185.2989,25442.6214
nigeria,Single dose actual,2051,21874.8574,16920.1245,27859.7818
nigeria,Single dose actual,2052,24015.5160,18699.5470,30330.4586
nigeria,Single dose actual,2053,26312.2644,20648.4384,33278.3239
nigeria,Single dose actual,2054,28742.8039,22646.3866,36136.9950
nigeria,Single dose actual,2055,31195.6419,24742.4482,39401.4992
nigeria,Single dose actual,2056,33536.9873,26758.2352,41930.1522
nigeria,Single dose actual,2057,35989.8253,28720.5057,44828.9607
nigeria,Single dose actual,2058,38531.8574,30763.0509,48084.5455
nigeria,Single dose actual,2059,40962.3969,32760.9990,51072.5481
nigeria,Single dose actual,2060,43415.2349,34758.9472,53837.5654
nigeria,Single dose actual,2061,45689.6847,36872.8476,56562.4454
nigeria,Single dose actual,2062,48187.1198,38861.8764,59380.9792
nigeria,Single dose actual,2063,50706.8533,41087.2694,62391.2803
nigeria,Single dose actual,2064,53070.4973,42911.2891,65481.8561
nigeria,Single dose actual,2065,55523.3353,44820.0431,68309.3093
nigeria,Single dose actual,2066,57909.2777,46817.9912,71087.7057
nigeria,Single dose actual,2067,60206.0261,48668.7691,73745.6902
nigeria,Single dose actual,2068,62302.0877,50492.7888,76256.5043
nigeria,Single dose actual,2069,64465.0449,52142.8800,78767.3185
nigeria,Single dose actual,2070,66494.2110,53788.5114,81273.6730
nigeria,Single dose actual,2071,68300.3918,55344.9487,83797.8662
nigeria,Single dose actual,2072,70084.2742,56727.4576,85987.5817
nigeria,Single dose actual,2073,71868.1565,58056.4500,88172.8374
nigeria,Single dose actual,2074,73473.6506,59251.6512,90152.9467
nigeria,Single dose actual,2075,75212.9359,60406.7151,92159.8143
nigeria,Single dose actual,2076,76751.5344,61561.7790,94041.8101
nigeria,Single dose actual,2077,78044.8492,62587.5114,95901.5074
nigeria,Single dose actual,2078,79494.2536,63559.7273,97743.3659
nigeria,Single dose actual,2079,80809.8668,64621.1374,99241.8271
nigeria,Single dose actual,2080,81991.6889,65508.6189,100637.7150
nigeria,Single dose actual,2081,82995.1228,66306.9063,101873.0536
nigeria,Single dose actual,2082,83998.5567,67060.5966,103175.2878
nigeria,Single dose actual,2083,84868.1994,67640.3584,104250.0770
nigeria,Single dose actual,2084,85760.1406,68264.7173,105418.5200
nigeria,Single dose actual,2085,86384.4995,68741.9058,106408.5747
nigeria,Single dose actual,2086,86986.5598,69134.3600,107166.7248
nigeria,Single dose actual,2087,87566.3216,69486.6767,107929.3345
nigeria,Single dose actual,2088,88034.5907,69749.7994,108602.7502
nigeria,Single dose actual,2089,88458.2628,70017.3818,109227.1090
nigeria,Single dose actual,2090,88859.6363,70351.8597,109806.8708
nigeria,Single dose actual,2091,89261.0099,70570.3853,110297.4385
nigeria,Single dose actual,2092,89573.1893,70704.1765,110752.3285
nigeria,Single dose actual,2093,89840.7717,70878.1051,111118.0244
nigeria,Single dose actual,2094,90019.1599,70962.8395,111434.6636
nigeria,Single dose actual,2095,90197.5482,71047.5739,111706.7056
nigeria,Single dose actual,2096,90309.0408,71087.7112,111885.0939
nigeria,Single dose actual,2097,90420.5335,71087.7112,112063.4821
nigeria,Single dose actual,2098,90509.7276,71087.7112,112295.3868
nigeria,Single dose actual,2099,90576.6232,71087.7112,112433.6377
nigeria,Single dose actual,2100,90621.2203,71087.7112,112522.8318
nigeria,Single dose actual,2101,90665.8173,71087.7112,112616.4857
nigeria,Single dose actual,2102,90710.4144,71087.7112,112710.1395
nigeria,Single dose actual,2103,90732.7129,71087.7112,112759.1963
nigeria,Single dose actual,2104,90732.7129,71087.7112,112803.7933
nigeria,Single dose actual,2105,90732.7129,71087.7112,112848.3904
nigeria,Single dose actual,2106,90732.7129,71087.7112,112852.8501
nigeria,Single dose actual,2107,90732.7129,71087.7112,112857.3098
nigeria,Single dose actual,2108,90732.7129,71087.7112,112857.3098
nigeria,Single dose actual,2109,90732.7129,71087.7112,112857.3098
nigeria,Single dose actual,2110,90732.7129,71087.7112,112857.3098
nigeria,Single dose actual,2111,90732.7129,71087.7112,112857.3098
nigeria,Single dose actual,2112,90732.7129,71087.7112,112857.3098
nigeria,Single dose actual,2113,90732.7129,71087.7112,112857.3098
nigeria,Single dose actual,2114,90732.7129,71087.7112,112857.3098
nigeria,Single dose actual,2115,90732.7129,71087.7112,112857.3098
nigeria,Single dose actual,2116,90732.7129,71087.7112,112857.3098
nigeria,Single dose actual,2117,90732.7129,71087.7112,112857.3098
nigeria,Single dose actual,2118,90732.7129,71087.7112,112857.3098
nigeria,Single dose actual,2119,90732.7129,71087.7112,112857.3098
nigeria,Single dose actual,2120,90732.7129,71087.7112,112857.3098
nigeria,Single dose actual,2121,90732.7129,71087.7112,112857.3098
nigeria,Single dose actual,2122,90732.7129,71087.7112,112857.3098
nigeria,Single dose actual,2123,90732.7129,71087.7112,112857.3098
nigeria,Single dose actual,2124,90732.7129,71087.7112,112857.3098
nigeria,Single dose actual,2125,90732.7129,71087.7112,112857.3098
nigeria,Double dose,2024,0.0000,0.0000,0.0000
nigeria,Double dose,2025,0.0000,0.0000,0.0000
nigeria,Double dose,2026,0.0000,0.0000,0.0000
nigeria,Double dose,2027,0.0000,0.0000,89.1941
nigeria,Double dose,2028,0.0000,0.0000,138.2509
nigeria,Double dose,2029,22.2985,0.0000,227.4450
nigeria,Double dose,2030,66.8956,0.0000,325.5585
nigeria,Double dose,2031,156.0897,40.1374,503.9468
nigeria,Double dose,2032,312.1794,129.3315,775.9889
nigeria,Double dose,2033,557.4633,258.6630,1137.2251
nigeria,Double dose,2034,869.6427,432.5915,1583.1957
nigeria,Double dose,2035,1337.9118,700.1739,2305.6681
nigeria,Double dose,2036,1939.9722,1146.1445,3242.2063
nigeria,Double dose,2037,2787.3163,1721.4466,4401.7299
nigeria,Double dose,2038,3679.2576,2341.3457,5574.6326
nigeria,Double dose,2039,4883.3782,3273.4243,7180.1267
nigeria,Double dose,2040,6399.6782,4339.2940,9013.0658
nigeria,Double dose,2041,8049.7694,5846.6746,11028.8527
nigeria,Double dose,2042,9967.4428,7443.2493,13352.3593
nigeria,Double dose,2043,12174.9971,9164.6957,16028.1825
nigeria,Double dose,2044,14694.7307,11305.3543,19127.6777
nigeria,Double dose,2045,17638.1362,13508.4489,22387.7223
nigeria,Double dose,2046,20581.5417,16001.4243,25790.4774
nigeria,Double dose,2047,23614.1413,18672.7878,29808.6717
nigeria,Double dose,2048,27048.1144,21161.3034,33599.4211
nigeria,Double dose,2049,30593.5800,24448.1062,38103.7232
nigeria,Double dose,2050,34428.9264,27819.6434,42313.6848
nigeria,Double dose,2051,38420.3625,31521.1987,46746.6317
nigeria,Double dose,2052,42723.9779,34968.5508,51398.1040
nigeria,Double dose,2053,47183.6830,38951.0675,56486.6275
nigeria,Double dose,2054,51687.9851,42853.3095,61722.3211
nigeria,Double dose,2055,56147.6902,46893.8023,66900.0387
nigeria,Double dose,2056,60741.1864,50854.0205,71957.3442
nigeria,Double dose,2057,65490.7723,55037.2239,77219.7961
nigeria,Double dose,2058,70284.9552,59126.7735,82888.0811
nigeria,Double dose,2059,75190.6308,63265.3798,88377.9779
nigeria,Double dose,2060,80207.7989,67225.5980,93867.8748
nigeria,Double dose,2061,85113.4745,71497.9955,99313.1745
nigeria,Double dose,2062,89863.0603,75324.4225,104566.7070
nigeria,Double dose,2063,94791.0344,79400.5930,110154.7174
nigeria,Double dose,2064,99674.4114,83597.1755,115711.5098
nigeria,Double dose,2065,104290.2062,87419.1428,121107.7528
nigeria,Double dose,2066,108950.5979,91651.4030,126557.5123
nigeria,Double dose,2067,113321.1089,95562.5644,131918.0777
nigeria,Double dose,2068,117758.5155,99116.9494,136792.5353
nigeria,Double dose,2069,122195.9220,102550.9225,141751.7273
nigeria,Double dose,2070,126120.4626,105953.6775,146175.7548
nigeria,Double dose,2071,130267.9883,109463.4655,150782.6301
nigeria,Double dose,2072,134103.3348,112669.9936,155202.1978
nigeria,Double dose,2073,137604.2033,115608.9395,159153.4966
nigeria,Double dose,2074,141417.2513,118681.6764,163211.8283
nigeria,Double dose,2075,144695.1346,121357.4996,167198.8047
nigeria,Double dose,2076,147861.5254,124118.0573,170869.1420
nigeria,Double dose,2077,150671.1397,126686.8476,173950.7984
nigeria,Double dose,2078,153413.8586,129095.0886,176996.7771
nigeria,Double dose,2079,155978.1892,131137.6338,179864.3676
nigeria,Double dose,2080,158297.2361,133144.5013,182638.3044
nigeria,Double dose,2081,160460.1933,135004.1986,185006.4080
nigeria,Double dose,2082,162377.8667,136565.0957,187329.9146
nigeria,Double dose,2083,164295.5402,138112.6136,189519.6300
nigeria,Double dose,2084,166079.4224,139673.5107,191459.6020
nigeria,Double dose,2085,167729.5135,140913.3090,193560.1234
nigeria,Double dose,2086,169112.0224,142019.3161,195174.5369
nigeria,Double dose,2087,170249.2474,142995.9918,196690.8368
nigeria,Double dose,2088,171341.8754,143838.8762,198216.0563
nigeria,Double dose,2089,172278.4137,144597.0263,199384.4993
nigeria,Double dose,2090,173125.7579,145167.8687,200593.0797
nigeria,Double dose,2091,173794.7138,145703.0334,201493.9403
nigeria,Double dose,2092,174329.8785,146099.9472,202385.8815
nigeria,Double dose,2093,174842.7448,146492.4014,203148.4912
nigeria,Double dose,2094,175221.8198,146759.9838,203639.0589
nigeria,Double dose,2095,175533.9992,146978.5094,204138.5460
nigeria,Double dose,2096,175846.1786,147156.8976,204544.3793
nigeria,Double dose,2097,176069.1639,147290.6888,204990.3499
nigeria,Double dose,2098,176225.2537,147335.2858,205306.9890
nigeria,Double dose,2099,176403.6419,147420.0203,205574.5714
nigeria,Double dose,2100,176492.8360,147460.1576,205842.1537
nigeria,Double dose,2101,176582.0301,147500.2950,206020.5420
nigeria,Double dose,2102,176626.6272,147500.2950,206114.1958
nigeria,Double dose,2103,176626.6272,147500.2950,206158.7929
nigeria,Double dose,2104,176626.6272,147500.2950,206247.9870
nigeria,Double dose,2105,176626.6272,147500.2950,206292.5840
nigeria,Double dose,2106,176626.6272,147500.2950,206337.1811
nigeria,Double dose,2107,176626.6272,147500.2950,206381.7782
nigeria,Double dose,2108,176626.6272,147500.2950,206381.7782
nigeria,Double dose,2109,176626.6272,147500.2950,206386.2379
nigeria,Double dose,2110,176626.6272,147500.2950,206386.2379
nigeria,Double dose,2111,176626.6272,147500.2950,206386.2379
nigeria,Double dose,2112,176626.6272,147500.2950,206390.6976
nigeria,Double dose,2113,176626.6272,147500.2950,206390.6976
nigeria,Double dose,2114,176626.6272,147500.2950,206390.6976
nigeria,Double dose,2115,176626.6272,147500.2950,206390.6976
nigeria,Double dose,2116,176626.6272,147500.2950,206390.6976
nigeria,Double dose,2117,176626.6272,147500.2950,206390.6976
nigeria,Double dose,2118,176626.6272,147500.2950,206390.6976
nigeria,Double dose,2119,176626.6272,147500.2950,206390.6976
nigeria,Double dose,2120,176626.6272,147500.2950,206390.6976
nigeria,Double dose,2121,176626.6272,147500.2950,206390.6976
nigeria,Double dose,2122,176626.6272,147500.2950,206390.6976
nigeria,Double dose,2123,176626.6272,147500.2950,206390.6976
nigeria,Double dose,2124,176626.6272,147500.2950,206390.6976
nigeria,Double dose,2125,176626.6272,147500.2950,206390.6976
sierra leone,No vaccination,2024,0.0000,0.0000,0.0000
sierra leone,No vaccination,2025,0.0000,0.0000,2.2510
sierra leone,No vaccination,2026,0.0000,0.0000,2.4761
sierra leone,No vaccination,2027,0.0000,0.0000,4.7272
sierra leone,No vaccination,2028,0.0000,0.0000,9.4543
sierra leone,No vaccination,2029,1.1255,0.0000,13.9564
sierra leone,No vaccination,2030,5.6276,2.0259,18.6835
sierra leone,No vaccination,2031,12.3807,4.2770,28.1379
sierra leone,No vaccination,2032,19.1337,6.5280,39.6181
sierra leone,No vaccination,2033,30.3889,13.2811,62.1284
sierra leone,No vaccination,2034,48.3971,24.3111,82.3876
sierra leone,No vaccination,2035,70.9074,39.8432,118.4041
sierra leone,No vaccination,2036,97.9197,62.1284,161.1736
sierra leone,No vaccination,2037,136.1872,88.9156,213.8477
sierra leone,No vaccination,2038,177.8312,118.1790,277.1016
sierra leone,No vaccination,2039,234.1069,162.9744,358.3637
sierra leone,No vaccination,2040,297.1357,212.2719,444.5780
sierra leone,No vaccination,2041,368.0431,267.6472,535.2945
sierra leone,No vaccination,2042,452.4566,326.1740,636.8158
sierra leone,No vaccination,2043,536.8702,402.2587,748.0166
sierra leone,No vaccination,2044,637.0409,482.3953,879.4767
sierra leone,No vaccination,2045,741.7137,567.9344,1023.5425
sierra leone,No vaccination,2046,864.3948,662.4776,1174.1363
sierra leone,No vaccination,2047,1000.5820,763.5487,1334.4095
sierra leone,No vaccination,2048,1141.2712,888.2557,1514.9420
sierra leone,No vaccination,2049,1285.3371,1005.3091,1688.4963
sierra leone,No vaccination,2050,1451.9132,1124.3885,1887.0370
sierra leone,No vaccination,2051,1635.3720,1268.2292,2099.0839
sierra leone,No vaccination,2052,1810.9522,1420.6238,2306.6287
sierra leone,No vaccination,2053,1996.6620,1566.7156,2531.9567
sierra leone,No vaccination,2054,2183.4974,1730.1402,2750.5316
sierra leone,No vaccination,2055,2382.7134,1899.1924,2999.2703
sierra leone,No vaccination,2056,2587.5570,2068.0196,3225.0485
sierra leone,No vaccination,2057,2807.0323,2240.2233,3471.5361
sierra leone,No vaccination,2058,3020.8801,2436.2878,3731.0798
sierra leone,No vaccination,2059,3242.6064,2619.9718,3983.8703
sierra leone,No vaccination,2060,3466.5838,2815.5862,4239.8123
sierra leone,No vaccination,2061,3674.8039,2999.7203,4487.8757
sierra leone,No vaccination,2062,3897.6558,3197.3606,4739.7658
sierra leone,No vaccination,2063,4125.0097,3397.0268,4999.3094
sierra leone,No vaccination,2064,4351.2380,3589.4898,5253.9008
sierra leone,No vaccination,2065,4579.7175,3787.1301,5524.2494
sierra leone,No vaccination,2066,4800.3183,3981.6189,5781.7671
sierra leone,No vaccination,2067,5010.7895,4174.3070,6027.5794
sierra leone,No vaccination,2068,5232.5158,4380.7263,6279.0194
sierra leone,No vaccination,2069,5448.6145,4574.7650,6516.0527
sierra leone,No vaccination,2070,5654.5837,4763.1761,6759.8391
sierra leone,No vaccination,2071,5850.4232,4936.2802,6970.0852
sierra leone,No vaccination,2072,6044.0116,5086.8740,7187.9848
sierra leone,No vaccination,2073,6229.7215,5251.6492,7399.8066
sierra leone,No vaccination,2074,6400.7996,5393.4640,7609.8275
sierra leone,No vaccination,2075,6576.3798,5548.7849,7803.4160
sierra leone,No vaccination,2076,6731.7008,5689.4742,7974.9444
sierra leone,No vaccination,2077,6899.4024,5817.7828,8164.4810
sierra leone,No vaccination,2078,7047.9703,5939.1132,8329.0311
sierra leone,No vaccination,2079,7178.5299,6050.3140,8487.5035
sierra leone,No vaccination,2080,7304.5875,6153.6362,8633.8204
sierra leone,No vaccination,2081,7425.0175,6252.4563,8775.8602
sierra leone,No vaccination,2082,7534.1923,6343.3979,8915.4240
sierra leone,No vaccination,2083,7634.3631,6432.7637,9037.6548
sierra leone,No vaccination,2084,7737.9104,6511.3246,9156.9593
sierra leone,No vaccination,2085,7817.8219,6585.1583,9256.4547
sierra leone,No vaccination,2086,7895.4823,6640.7587,9352.1234
sierra leone,No vaccination,2087,7968.6408,6701.3113,9436.5370
sierra leone,No vaccination,2088,8037.2971,6759.6130,9519.8250
sierra leone,No vaccination,2089,8095.8238,6808.9105,9594.5591
sierra leone,No vaccination,2090,8145.3465,6849.2039,9657.5879
sierra leone,No vaccination,2091,8192.6180,6884.7701,9716.5649
sierra leone,No vaccination,2092,8228.6345,6918.0853,9766.0875
sierra leone,No vaccination,2093,8262.3999,6940.3705,9818.3113
sierra leone,No vaccination,2094,8292.7888,6960.6298,9859.0549
sierra leone,No vaccination,2095,8314.1736,6974.1359,9888.5434
sierra leone,No vaccination,2096,8338.9349,6989.8931,9920.0578
sierra leone,No vaccination,2097,8356.9431,6998.8972,9941.2175
sierra leone,No vaccination,2098,8370.4493,7005.6503,9961.7018
sierra leone,No vaccination,2099,8381.7044,7012.1783,9975.4331
sierra leone,No vaccination,2100,8390.7085,7014.4293,9993.4413
sierra leone,No vaccination,2101,8395.2106,7016.6804,10006.9475
sierra leone,No vaccination,2102,8400.8381,7018.9314,10018.2026
sierra leone,No vaccination,2103,8405.3402,7018.9314,10024.9557
sierra leone,No vaccination,2104,8407.5912,7018.9314,10031.7088
sierra leone,No vaccination,2105,8409.8423,7018.9314,10036.4360
sierra leone,No vaccination,2106,8409.8423,7018.9314,10038.9121
sierra leone,No vaccination,2107,8409.8423,7018.9314,10041.1631
sierra leone,No vaccination,2108,8409.8423,7018.9314,10043.6392
sierra leone,No vaccination,2109,8409.8423,7018.9314,10045.8903
sierra leone,No vaccination,2110,8409.8423,7018.9314,10045.8903
sierra leone,No vaccination,2111,8409.8423,7018.9314,10048.1413
sierra leone,No vaccination,2112,8409.8423,7018.9314,10048.1413
sierra leone,No vaccination,2113,8409.8423,7018.9314,10048.1413
sierra leone,No vaccination,2114,8409.8423,7018.9314,10048.1413
sierra leone,No vaccination,2115,8409.8423,7018.9314,10048.1413
sierra leone,No vaccination,2116,8409.8423,7018.9314,10048.1413
sierra leone,No vaccination,2117,8409.8423,7018.9314,10048.1413
sierra leone,No vaccination,2118,8409.8423,7018.9314,10048.1413
sierra leone,No vaccination,2119,8409.8423,7018.9314,10048.1413
sierra leone,No vaccination,2120,8409.8423,7018.9314,10048.1413
sierra leone,No vaccination,2121,8409.8423,7018.9314,10048.1413
sierra leone,No vaccination,2122,8409.8423,7018.9314,10048.1413
sierra leone,No vaccination,2123,8409.8423,7018.9314,10048.1413
sierra leone,No vaccination,2124,8409.8423,7018.9314,10048.1413
sierra leone,No vaccination,2125,8409.8423,7018.9314,10048.1413
sierra leone,Single dose shipments,2024,0.0000,0.0000,0.0000
sierra leone,Single dose shipments,2025,0.0000,0.0000,2.2510
sierra leone,Single dose shipments,2026,0.0000,0.0000,2.2510
sierra leone,Single dose shipments,2027,0.0000,0.0000,4.5021
sierra leone,Single dose shipments,2028,0.0000,0.0000,7.2033
sierra leone,Single dose shipments,2029,0.0000,0.0000,11.7053
sierra leone,Single dose shipments,2030,2.2510,0.0000,18.4584
sierra leone,Single dose shipments,2031,5.6276,0.0000,27.4625
sierra leone,Single dose shipments,2032,12.3807,2.2510,43.4448
sierra leone,Single dose shipments,2033,22.5103,8.7790,57.4012
sierra leone,Single dose shipments,2034,36.0164,13.2811,80.3617
sierra leone,Single dose shipments,2035,55.1502,24.5362,107.3740
sierra leone,Single dose shipments,2036,77.6605,40.2934,141.1395
sierra leone,Single dose shipments,2037,105.7983,58.3016,181.8831
sierra leone,Single dose shipments,2038,142.9403,87.3399,231.8559
sierra leone,Single dose shipments,2039,185.7098,116.6033,283.8546
sierra leone,Single dose shipments,2040,239.7345,154.8707,356.1126
sierra leone,Single dose shipments,2041,293.7592,204.3933,429.2711
sierra leone,Single dose shipments,2042,362.4155,255.0415,508.2821
sierra leone,Single dose shipments,2043,441.2015,315.3690,603.0504
sierra leone,Single dose shipments,2044,526.7406,389.4279,712.4504
sierra leone,Single dose shipments,2045,616.7817,463.7118,829.7289
sierra leone,Single dose shipments,2046,714.7014,541.8225,953.7606
sierra leone,Single dose shipments,2047,821.6252,619.7080,1080.0433
sierra leone,Single dose shipments,2048,934.1766,716.2771,1223.2087
sierra leone,Single dose shipments,2049,1047.8536,811.9458,1374.4778
sierra leone,Single dose shipments,2050,1176.1622,908.5149,1527.7728
sierra leone,Single dose shipments,2051,1307.8473,1020.6161,1683.0937
sierra leone,Single dose shipments,2052,1442.9090,1133.1675,1838.6398
sierra leone,Single dose shipments,2053,1586.9748,1247.7449,2019.1723
sierra leone,Single dose shipments,2054,1744.5468,1362.3222,2210.9599
sierra leone,Single dose shipments,2055,1903.2443,1498.5094,2400.0463
sierra leone,Single dose shipments,2056,2065.3183,1622.0908,2591.6088
sierra leone,Single dose shipments,2057,2230.7689,1750.1743,2789.9244
sierra leone,Single dose shipments,2058,2388.3409,1887.0369,2972.4829
sierra leone,Single dose shipments,2059,2559.4190,2026.3755,3180.0277
sierra leone,Single dose shipments,2060,2725.9951,2162.7878,3374.5166
sierra leone,Single dose shipments,2061,2894.8223,2294.0228,3571.4816
sierra leone,Single dose shipments,2062,3064.7749,2437.1882,3760.5680
sierra leone,Single dose shipments,2063,3229.1000,2578.1025,3952.1305
sierra leone,Single dose shipments,2064,3401.3037,2727.1206,4154.9482
sierra leone,Single dose shipments,2065,3564.5032,2868.2601,4348.5366
sierra leone,Single dose shipments,2066,3719.8242,2998.3695,4538.9736
sierra leone,Single dose shipments,2067,3878.5217,3130.5048,4724.0082
sierra leone,Single dose shipments,2068,4028.2150,3264.8912,4908.5925
sierra leone,Single dose shipments,2069,4190.2891,3404.2299,5087.0991
sierra leone,Single dose shipments,2070,4339.9825,3531.1878,5261.7789
sierra leone,Single dose shipments,2071,4482.9228,3658.8211,5435.5583
sierra leone,Single dose shipments,2072,4619.1100,3777.0001,5593.8056
sierra leone,Single dose shipments,2073,4757.5482,3892.9281,5748.0010
sierra leone,Single dose shipments,2074,4884.7313,4007.0552,5896.7940
sierra leone,Single dose shipments,2075,5009.6633,4101.5984,6034.7820
sierra leone,Single dose shipments,2076,5128.9678,4199.9683,6170.9692
sierra leone,Single dose shipments,2077,5233.6406,4292.0353,6295.4511
sierra leone,Single dose shipments,2078,5337.1879,4370.8213,6423.9848
sierra leone,Single dose shipments,2079,5436.2332,4449.1571,6563.7736
sierra leone,Single dose shipments,2080,5527.3998,4509.9349,6667.9962
sierra leone,Single dose shipments,2081,5611.8134,4574.7645,6787.5258
sierra leone,Single dose shipments,2082,5698.4779,4635.3171,6884.7702
sierra leone,Single dose shipments,2083,5767.1343,4689.1167,6984.2657
sierra leone,Single dose shipments,2084,5832.4141,4740.8903,7074.7570
sierra leone,Single dose shipments,2085,5901.0705,4794.9150,7151.9673
sierra leone,Single dose shipments,2086,5966.3503,4845.5631,7226.4763
sierra leone,Single dose shipments,2087,6018.1239,4888.1076,7300.9853
sierra leone,Single dose shipments,2088,6069.8976,4928.6261,7357.9363
sierra leone,Single dose shipments,2089,6111.5416,4957.6643,7414.6622
sierra leone,Single dose shipments,2090,6144.1815,4979.9495,7464.1849
sierra leone,Single dose shipments,2091,6176.8214,5002.2347,7511.6815
sierra leone,Single dose shipments,2092,6207.2103,5024.5199,7552.4252
sierra leone,Single dose shipments,2093,6234.2226,5042.3030,7586.4157
sierra leone,Single dose shipments,2094,6252.2308,5055.5841,7616.1292
sierra leone,Single dose shipments,2095,6270.2391,5064.5882,7649.8947
sierra leone,Single dose shipments,2096,6285.9963,5073.3672,7670.3790
sierra leone,Single dose shipments,2097,6299.5024,5077.8692,7688.6124
sierra leone,Single dose shipments,2098,6313.0086,5081.9211,7706.6206
sierra leone,Single dose shipments,2099,6319.7617,5086.4231,7720.1267
sierra leone,Single dose shipments,2100,6324.2637,5088.4491,7727.1049
sierra leone,Single dose shipments,2101,6326.5148,5088.4491,7738.3601
sierra leone,Single dose shipments,2102,6331.0168,5088.4491,7745.3383
sierra leone,Single dose shipments,2103,6333.2679,5088.4491,7750.0654
sierra leone,Single dose shipments,2104,6335.5189,5088.4491,7754.7926
sierra leone,Single dose shipments,2105,6336.6444,5088.4491,7759.2946
sierra leone,Single dose shipments,2106,6336.6444,5088.4491,7763.7967
sierra leone,Single dose shipments,2107,6336.6444,5088.4491,7766.0477
sierra leone,Single dose shipments,2108,6336.6444,5088.4491,7768.2987
sierra leone,Single dose shipments,2109,6336.6444,5088.4491,7768.5238
sierra leone,Single dose shipments,2110,6336.6444,5088.4491,7768.5238
sierra leone,Single dose shipments,2111,6336.6444,5088.4491,7768.5238
sierra leone,Single dose shipments,2112,6336.6444,5088.4491,7768.5238
sierra leone,Single dose shipments,2113,6336.6444,5088.4491,7768.5238
sierra leone,Single dose shipments,2114,6336.6444,5088.4491,7768.5238
sierra leone,Single dose shipments,2115,6336.6444,5088.4491,7768.5238
sierra leone,Single dose shipments,2116,6336.6444,5088.4491,7768.5238
sierra leone,Single dose shipments,2117,6336.6444,5088.4491,7768.5238
sierra leone,Single dose shipments,2118,6336.6444,5088.4491,7768.5238
sierra leone,Single dose shipments,2119,6336.6444,5088.4491,7768.5238
sierra leone,Single dose shipments,2120,6336.6444,5088.4491,7768.5238
sierra leone,Single dose shipments,2121,6336.6444,5088.4491,7768.5238
sierra leone,Single dose shipments,2122,6336.6444,5088.4491,7768.5238
sierra leone,Single dose shipments,2123,6336.6444,5088.4491,7768.5238
sierra leone,Single dose shipments,2124,6336.6444,5088.4491,7768.5238
sierra leone,Single dose shipments,2125,6336.6444,5088.4491,7768.5238
sierra leone,Single dose actual,2024,0.0000,0.0000,0.0000
sierra leone,Single dose actual,2025,0.0000,0.0000,2.2510
sierra leone,Single dose actual,2026,0.0000,0.0000,2.2510
sierra leone,Single dose actual,2027,0.0000,0.0000,4.5021
sierra leone,Single dose actual,2028,0.0000,0.0000,9.0041
sierra leone,Single dose actual,2029,2.2510,0.0000,13.5062
sierra leone,Single dose actual,2030,4.5021,0.0000,20.2593
sierra leone,Single dose actual,2031,7.8786,0.0000,27.2374
sierra leone,Single dose actual,2032,16.8827,4.5021,40.7436
sierra leone,Single dose actual,2033,28.1379,11.0300,58.7518
sierra leone,Single dose actual,2034,41.6440,17.7831,81.4872
sierra leone,Single dose actual,2035,64.1543,29.0383,110.7506
sierra leone,Single dose actual,2036,88.9156,46.8214,142.2650
sierra leone,Single dose actual,2037,120.4300,68.4313,180.9827
sierra leone,Single dose actual,2038,157.5720,92.7424,230.7304
sierra leone,Single dose actual,2039,195.8394,121.5555,282.7291
sierra leone,Single dose actual,2040,241.9855,157.3469,352.5110
sierra leone,Single dose actual,2041,296.0102,202.1423,415.5398
sierra leone,Single dose actual,2042,355.6624,251.4398,488.6982
sierra leone,Single dose actual,2043,422.0678,300.7373,574.2373
sierra leone,Single dose actual,2044,501.9793,361.5151,678.2348
sierra leone,Single dose actual,2045,581.8908,428.5957,781.7820
sierra leone,Single dose actual,2046,664.0533,500.1784,892.0824
sierra leone,Single dose actual,2047,749.5923,574.4624,998.3309
sierra leone,Single dose actual,2048,846.3865,653.0232,1113.8087
sierra leone,Single dose actual,2049,949.9338,739.9129,1247.2947
sierra leone,Single dose actual,2050,1063.6108,822.9759,1385.0576
sierra leone,Single dose actual,2051,1189.6683,921.7960,1526.8724
sierra leone,Single dose actual,2052,1302.2197,1008.0104,1674.0896
sierra leone,Single dose actual,2053,1424.9008,1097.6013,1822.6575
sierra leone,Single dose actual,2054,1547.5818,1203.1745,1985.1817
sierra leone,Single dose actual,2055,1683.7690,1308.7477,2148.8315
sierra leone,Single dose actual,2056,1832.3369,1431.6539,2315.6327
sierra leone,Single dose actual,2057,1978.6537,1560.1876,2491.2129
sierra leone,Single dose actual,2058,2122.7195,1674.5398,2657.7890
sierra leone,Single dose actual,2059,2269.0363,1797.6710,2820.7634
sierra leone,Single dose actual,2060,2415.3532,1911.3479,2996.5688
sierra leone,Single dose actual,2061,2556.0424,2030.2022,3163.1449
sierra leone,Single dose actual,2062,2696.7317,2156.0347,3327.9202
sierra leone,Single dose actual,2063,2829.5423,2277.1400,3494.4962
sierra leone,Single dose actual,2064,2973.6082,2402.5223,3655.2197
sierra leone,Single dose actual,2065,3125.5526,2528.3548,3826.7480
sierra leone,Single dose actual,2066,3267.3673,2649.4601,4004.8044
sierra leone,Single dose actual,2067,3406.9311,2770.1152,4165.0776
sierra leone,Single dose actual,2068,3541.9928,2884.6925,4325.1257
sierra leone,Single dose actual,2069,3671.4269,2999.4949,4471.6677
sierra leone,Single dose actual,2070,3806.4886,3102.3669,4622.9368
sierra leone,Single dose actual,2071,3931.4207,3207.2648,4773.7557
sierra leone,Single dose actual,2072,4056.3527,3302.4833,4915.7955
sierra leone,Single dose actual,2073,4175.6572,3408.0565,5050.8572
sierra leone,Single dose actual,2074,4285.9576,3499.4483,5176.6897
sierra leone,Single dose actual,2075,4391.7559,3584.5371,5302.9724
sierra leone,Single dose actual,2076,4491.9267,3667.6001,5422.2769
sierra leone,Single dose actual,2077,4588.7209,3748.1869,5538.4299
sierra leone,Single dose actual,2078,4681.0130,3831.0247,5644.6784
sierra leone,Single dose actual,2079,4759.7990,3900.3564,5746.1998
sierra leone,Single dose actual,2080,4840.8360,3971.7139,5852.2232
sierra leone,Single dose actual,2081,4912.8689,4032.4917,5938.2125
sierra leone,Single dose actual,2082,4981.5253,4088.7674,6019.9248
sierra leone,Single dose actual,2083,5044.5540,4140.3159,6099.1610
sierra leone,Single dose actual,2084,5100.8297,4189.6135,6168.9429
sierra leone,Single dose actual,2085,5152.6034,4227.6558,6234.4478
sierra leone,Single dose actual,2086,5199.8750,4265.9233,6297.9268
sierra leone,Single dose actual,2087,5242.6445,4299.2385,6347.4494
sierra leone,Single dose actual,2088,5280.9120,4326.0258,6397.1971
sierra leone,Single dose actual,2089,5315.8029,4346.2850,6442.2177
sierra leone,Single dose actual,2090,5342.8153,4366.3192,6484.9872
sierra leone,Single dose actual,2091,5369.8276,4384.3274,6521.0037
sierra leone,Single dose actual,2092,5394.5889,4404.3615,6561.5222
sierra leone,Single dose actual,2093,5415.9737,4415.6167,6588.5345
sierra leone,Single dose actual,2094,5435.1074,4429.1228,6618.2481
sierra leone,Single dose actual,2095,5451.9901,4438.1270,6640.7584
sierra leone,Single dose actual,2096,5467.7473,4449.1570,6658.9917
sierra leone,Single dose actual,2097,5479.0025,4455.9101,6676.9999
sierra leone,Single dose actual,2098,5489.1321,4460.4121,6693.4324
sierra leone,Single dose actual,2099,5495.8852,4462.6632,6704.9127
sierra leone,Single dose actual,2100,5500.3872,4464.9142,6716.1678
sierra leone,Single dose actual,2101,5502.6383,4464.9142,6722.9209
sierra leone,Single dose actual,2102,5504.8893,4464.9142,6729.8991
sierra leone,Single dose actual,2103,5508.2658,4464.9142,6736.6522
sierra leone,Single dose actual,2104,5510.5169,4464.9142,6743.4052
sierra leone,Single dose actual,2105,5510.5169,4464.9142,6745.8814
sierra leone,Single dose actual,2106,5510.5169,4464.9142,6748.3575
sierra leone,Single dose actual,2107,5510.5169,4464.9142,6752.8596
sierra leone,Single dose actual,2108,5510.5169,4464.9142,6753.0847
sierra leone,Single dose actual,2109,5510.5169,4464.9142,6755.3357
sierra leone,Single dose actual,2110,5510.5169,4464.9142,6755.3357
sierra leone,Single dose actual,2111,5510.5169,4464.9142,6755.5608
sierra leone,Single dose actual,2112,5510.5169,4464.9142,6755.5608
sierra leone,Single dose actual,2113,5510.5169,4464.9142,6755.5608
sierra leone,Single dose actual,2114,5510.5169,4464.9142,6755.5608
sierra leone,Single dose actual,2115,5510.5169,4464.9142,6755.5608
sierra leone,Single dose actual,2116,5510.5169,4464.9142,6755.5608
sierra leone,Single dose actual,2117,5510.5169,4464.9142,6755.5608
sierra leone,Single dose actual,2118,5510.5169,4464.9142,6755.5608
sierra leone,Single dose actual,2119,5510.5169,4464.9142,6755.5608
sierra leone,Single dose actual,2120,5510.5169,4464.9142,6755.5608
sierra leone,Single dose actual,2121,5510.5169,4464.9142,6755.5608
sierra leone,Single dose actual,2122,5510.5169,4464.9142,6755.5608
sierra leone,Single dose actual,2123,5510.5169,4464.9142,6755.5608
sierra leone,Single dose actual,2124,5510.5169,4464.9142,6755.5608
sierra leone,Single dose actual,2125,5510.5169,4464.9142,6755.5608
sierra leone,Double dose,2024,0.0000,0.0000,0.0000
sierra leone,Double dose,2025,0.0000,0.0000,2.2510
sierra leone,Double dose,2026,0.0000,0.0000,2.2510
sierra leone,Double dose,2027,0.0000,0.0000,4.5021
sierra leone,Double dose,2028,0.0000,0.0000,6.9782
sierra leone,Double dose,2029,2.2510,0.0000,13.7313
sierra leone,Double dose,2030,4.5021,2.0259,22.9605
sierra leone,Double dose,2031,10.1296,4.2770,31.9646
sierra leone,Double dose,2032,16.8827,6.5280,43.4448
sierra leone,Double dose,2033,28.1379,13.0560,61.6782
sierra leone,Double dose,2034,43.8950,24.0860,86.8897
sierra leone,Double dose,2035,63.0288,35.3411,121.1053
sierra leone,Double dose,2036,88.9156,48.8473,159.8230
sierra leone,Double dose,2037,118.1790,71.1325,201.4670
sierra leone,Double dose,2038,159.8230,102.6469,258.1929
sierra leone,Double dose,2039,207.0946,136.4123,323.4727
sierra leone,Double dose,2040,263.3703,181.2078,400.2328
sierra leone,Double dose,2041,329.7756,235.2324,484.4212
sierra leone,Double dose,2042,410.8126,295.3349,582.3410
sierra leone,Double dose,2043,498.6027,360.3896,695.3426
sierra leone,Double dose,2044,592.0204,429.0459,804.5174
sierra leone,Double dose,2045,694.4422,507.3817,935.9775
sierra leone,Double dose,2046,808.1191,601.0245,1073.2902
sierra leone,Double dose,2047,928.5491,693.0915,1219.6070
sierra leone,Double dose,2048,1056.8577,789.6606,1372.6769
sierra leone,Double dose,2049,1186.2918,901.5367,1531.1493
sierra leone,Double dose,2050,1325.8555,1022.8671,1691.1974
sierra leone,Double dose,2051,1474.4234,1132.4922,1865.6521
sierra leone,Double dose,2052,1630.8699,1266.6535,2043.2583
sierra leone,Double dose,2053,1790.6929,1400.5897,2230.7690
sierra leone,Double dose,2054,1956.1435,1544.4304,2426.1582
sierra leone,Double dose,2055,2137.3513,1692.7731,2638.2051
sierra leone,Double dose,2056,2320.8101,1842.4665,2847.5508
sierra leone,Double dose,2057,2506.5199,1987.6579,3064.7751
sierra leone,Double dose,2058,2704.6104,2147.2558,3293.0294
sierra leone,Double dose,2059,2897.0734,2311.1306,3516.3314
sierra leone,Double dose,2060,3103.0425,2478.6071,3748.6376
sierra leone,Double dose,2061,3301.1330,2651.7112,3966.9874
sierra leone,Double dose,2062,3499.2235,2816.7116,4190.0643
sierra leone,Double dose,2063,3700.6906,2987.1144,4433.1755
sierra leone,Double dose,2064,3904.4087,3162.2445,4679.4380
sierra leone,Double dose,2065,4108.1268,3339.8506,4900.7141
sierra leone,Double dose,2066,4294.9622,3502.8251,5121.7652
sierra leone,Double dose,2067,4482.9230,3672.7777,5340.3400
sierra leone,Double dose,2068,4667.5074,3838.6785,5556.4388
sierra leone,Double dose,2069,4847.5897,3996.4756,5759.0314
sierra leone,Double dose,2070,5026.5464,4150.6710,5960.4984
sierra leone,Double dose,2071,5198.7501,4296.3125,6164.2165
sierra leone,Double dose,2072,5363.0752,4439.4779,6351.0519
sierra leone,Double dose,2073,5515.0196,4569.3622,6534.7358
sierra leone,Double dose,2074,5668.0895,4692.4935,6735.0774
sierra leone,Double dose,2075,5812.1553,4813.8239,6908.8568
sierra leone,Double dose,2076,5956.2211,4935.3794,7078.1341
sierra leone,Double dose,2077,6087.9062,5045.4547,7228.9530
sierra leone,Double dose,2078,6213.9638,5149.0020,7373.9192
sierra leone,Double dose,2079,6329.8918,5245.7962,7507.4052
sierra leone,Double dose,2080,6437.9411,5331.3353,7649.8953
sierra leone,Double dose,2081,6538.1119,5413.7229,7778.4290
sierra leone,Double dose,2082,6639.4081,5494.0846,7909.6639
sierra leone,Double dose,2083,6727.1982,5570.1693,8017.9384
sierra leone,Double dose,2084,6808.2352,5629.5965,8110.4556
sierra leone,Double dose,2085,6880.2681,5690.1491,8203.1980
sierra leone,Double dose,2086,6950.0500,5739.4466,8286.4860
sierra leone,Double dose,2087,7015.3298,5788.9693,8363.0210
sierra leone,Double dose,2088,7069.3545,5829.4878,8430.5518
sierra leone,Double dose,2089,7120.0026,5867.7552,8493.5806
sierra leone,Double dose,2090,7162.7721,5894.3174,8545.5793
sierra leone,Double dose,2091,7203.2906,5923.5807,8600.0542
sierra leone,Double dose,2092,7231.4285,5946.0910,8641.0229
sierra leone,Double dose,2093,7261.8174,5964.0992,8679.7406
sierra leone,Double dose,2094,7283.2021,5975.3544,8713.9562
sierra leone,Double dose,2095,7301.2104,5990.8865,8736.6916
sierra leone,Double dose,2096,7315.8421,6001.9165,8763.7040
sierra leone,Double dose,2097,7330.4737,6008.6696,8782.1624
sierra leone,Double dose,2098,7341.7289,6015.4227,8800.1706
sierra leone,Double dose,2099,7350.7330,6022.1758,8813.6768
sierra leone,Double dose,2100,7357.4861,6024.4268,8824.9319
sierra leone,Double dose,2101,7363.1136,6026.4527,8836.1871
sierra leone,Double dose,2102,7367.6157,6028.4786,8845.1912
sierra leone,Double dose,2103,7369.8667,6028.4786,8850.1434
sierra leone,Double dose,2104,7372.1178,6028.4786,8854.6455
sierra leone,Double dose,2105,7374.3688,6028.4786,8859.1475
sierra leone,Double dose,2106,7374.3688,6028.4786,8861.6237
sierra leone,Double dose,2107,7374.3688,6028.4786,8863.8747
sierra leone,Double dose,2108,7374.3688,6028.4786,8866.1257
sierra leone,Double dose,2109,7374.3688,6028.4786,8868.3768
sierra leone,Double dose,2110,7374.3688,6028.4786,8870.6278
sierra leone,Double dose,2111,7374.3688,6028.4786,8870.6278
sierra leone,Double dose,2112,7374.3688,6028.4786,8870.6278
sierra leone,Double dose,2113,7374.3688,6028.4786,8870.6278
sierra leone,Double dose,2114,7374.3688,6028.4786,8870.6278
sierra leone,Double dose,2115,7374.3688,6028.4786,8870.6278
sierra leone,Double dose,2116,7374.3688,6028.4786,8870.6278
sierra leone,Double dose,2117,7374.3688,6028.4786,8870.6278
sierra leone,Double dose,2118,7374.3688,6028.4786,8870.6278
sierra leone,Double dose,2119,7374.3688,6028.4786,8870.6278
sierra leone,Double dose,2120,7374.3688,6028.4786,8870.6278
sierra leone,Double dose,2121,7374.3688,6028.4786,8870.6278
sierra leone,Double dose,2122,7374.3688,6028.4786,8870.6278
sierra leone,Double dose,2123,7374.3688,6028.4786,8870.6278
sierra leone,Double dose,2124,7374.3688,6028.4786,8870.6278
sierra leone,Double dose,2125,7374.3688,6028.4786,8870.6278
tanzania,No vaccination,2024,0.0000,0.0000,0.0000
tanzania,No vaccination,2025,0.0000,0.0000,0.0000
tanzania,No vaccination,2026,0.0000,0.0000,0.0000
tanzania,No vaccination,2027,0.0000,0.0000,0.0000
tanzania,No vaccination,2028,0.0000,0.0000,9.7625
tanzania,No vaccination,2029,0.0000,0.0000,19.5251
tanzania,No vaccination,2030,4.8813,0.0000,39.0502
tanzania,No vaccination,2031,24.4063,8.7863,79.0766
tanzania,No vaccination,2032,43.9314,8.7863,128.8655
tanzania,No vaccination,2033,73.2190,27.3351,177.6782
tanzania,No vaccination,2034,131.7943,55.6465,265.5410
tanzania,No vaccination,2035,224.5384,114.2217,422.7179
tanzania,No vaccination,2036,361.2139,210.8708,618.9449
tanzania,No vaccination,2037,580.8710,355.3564,915.7261
tanzania,No vaccination,2038,883.5097,616.0161,1264.2487
tanzania,No vaccination,2039,1288.6550,972.3488,1785.5682
tanzania,No vaccination,2040,1859.7635,1439.9743,2460.1596
tanzania,No vaccination,2041,2494.3284,1975.9376,3250.9252
tanzania,No vaccination,2042,3358.3132,2766.7033,4241.8230
tanzania,No vaccination,2043,4471.2427,3701.9545,5467.9980
tanzania,No vaccination,2044,5759.8980,4894.9369,6931.4028
tanzania,No vaccination,2045,7414.6485,6367.1280,8791.1664
tanzania,No vaccination,2046,9323.2250,8129.2665,10901.8274
tanzania,No vaccination,2047,11632.0652,10172.5659,13406.8941
tanzania,No vaccination,2048,14292.3559,12618.0813,16287.8175
tanzania,No vaccination,2049,17299.2157,15382.8308,19609.0303
tanzania,No vaccination,2050,20843.0137,18532.2234,23307.0761
tanzania,No vaccination,2051,24718.7373,21957.8950,27595.7561
tanzania,No vaccination,2052,29004.4884,25960.5321,32398.9226
tanzania,No vaccination,2053,33719.7918,30343.9084,37445.1772
tanzania,No vaccination,2054,38903.6986,35311.0862,42979.5604
tanzania,No vaccination,2055,44439.0581,40456.9190,48944.4731
tanzania,No vaccination,2056,50643.1539,46379.8527,55583.9797
tanzania,No vaccination,2057,57335.3783,52433.6048,62666.7070
tanzania,No vaccination,2058,64418.1054,58966.6993,70254.1583
tanzania,No vaccination,2059,71905.9776,65943.9908,78148.1553
tanzania,No vaccination,2060,79657.4371,73034.5283,86661.0940
tanzania,No vaccination,2061,87936.0748,80642.4819,95401.4986
tanzania,No vaccination,2062,96531.9938,88704.3940,104275.6487
tanzania,No vaccination,2063,105186.4892,97111.8987,113550.0602
tanzania,No vaccination,2064,114143.6211,105719.5344,122742.4672
tanzania,No vaccination,2065,123364.3392,114627.8541,132402.4956
tanzania,No vaccination,2066,132531.3638,123367.2831,141899.4912
tanzania,No vaccination,2067,141927.8060,132353.7015,151614.1893
tanzania,No vaccination,2068,150963.0362,140920.3324,161164.8782
tanzania,No vaccination,2069,160032.4357,149664.6406,170745.8308
tanzania,No vaccination,2070,168633.2362,157935.4681,179997.7888
tanzania,No vaccination,2071,177365.8297,166165.2938,189344.4425
tanzania,No vaccination,2072,185951.9874,174128.6012,198184.4233
tanzania,No vaccination,2073,193884.0562,181638.9292,206876.0163
tanzania,No vaccination,2074,201484.2000,188812.4485,215060.9347
tanzania,No vaccination,2075,208942.7862,195828.7904,222819.2294
tanzania,No vaccination,2076,215976.7007,202385.3150,230244.6231
tanzania,No vaccination,2077,222615.2310,208709.4904,237188.7219
tanzania,No vaccination,2078,228892.5460,214838.4144,243822.3709
tanzania,No vaccination,2079,234857.4588,220488.9723,250276.3885
tanzania,No vaccination,2080,240397.6995,225702.1668,256311.5917
tanzania,No vaccination,2081,245527.9122,230629.3180,261800.0909
tanzania,No vaccination,2082,250545.8554,235241.1381,266948.8525
tanzania,No vaccination,2083,255134.2454,239341.4003,271876.0037
tanzania,No vaccination,2084,259351.6579,243410.4229,276395.0803
tanzania,No vaccination,2085,263300.6007,247114.3264,280634.9471
tanzania,No vaccination,2086,267020.1240,250553.6656,284637.5838
tanzania,No vaccination,2087,270383.3156,253734.2981,288282.9123
tanzania,No vaccination,2088,273531.7319,256717.7280,291720.2989
tanzania,No vaccination,2089,276382.3915,259381.9237,294779.8763
tanzania,No vaccination,2090,278984.1071,261878.2041,297729.1374
tanzania,No vaccination,2091,281356.4037,264032.7966,300369.9030
tanzania,No vaccination,2092,283626.1935,266108.3124,302806.6321
tanzania,No vaccination,2093,285622.6327,267930.0025,305044.2059
tanzania,No vaccination,2094,287409.1776,269569.1330,307040.6453
tanzania,No vaccination,2095,289049.2844,271036.4428,308836.9525
tanzania,No vaccination,2096,290430.6839,272292.8817,310394.0777
tanzania,No vaccination,2097,291733.9830,273393.1199,311852.6012
tanzania,No vaccination,2098,292832.2687,274387.9227,313091.4676
tanzania,No vaccination,2099,293828.0477,275293.8864,314206.3496
tanzania,No vaccination,2100,294652.9822,276025.1005,315095.7169
tanzania,No vaccination,2101,295394.9352,276619.6391,315896.2451
tanzania,No vaccination,2102,295980.6875,277144.8636,316580.5991
tanzania,No vaccination,2103,296493.2207,277551.9614,317130.2299
tanzania,No vaccination,2104,296883.7222,277861.4339,317603.7130
tanzania,No vaccination,2105,297220.5297,278133.8087,317984.4520
tanzania,No vaccination,2106,297459.7119,278344.6795,318306.6157
tanzania,No vaccination,2107,297669.6065,278490.1413,318552.6317
tanzania,No vaccination,2108,297840.4509,278615.1018,318770.3363
tanzania,No vaccination,2109,297942.9576,278691.2496,318927.5132
tanzania,No vaccination,2110,298021.0579,278740.0623,319034.9011
tanzania,No vaccination,2111,298079.6331,278778.1362,319132.5264
tanzania,No vaccination,2112,298123.5645,278797.6613,319192.0779
tanzania,No vaccination,2113,298143.0896,278807.4238,319241.8669
tanzania,No vaccination,2114,298152.8521,278807.4238,319271.1545
tanzania,No vaccination,2115,298152.8521,278807.4238,319290.6796
tanzania,No vaccination,2116,298152.8521,278807.4238,319290.6796
tanzania,No vaccination,2117,298152.8521,278807.4238,319290.6796
tanzania,No vaccination,2118,298152.8521,278807.4238,319290.6796
tanzania,No vaccination,2119,298152.8521,278807.4238,319290.6796
tanzania,No vaccination,2120,298152.8521,278807.4238,319290.6796
tanzania,No vaccination,2121,298152.8521,278807.4238,319290.6796
tanzania,No vaccination,2122,298152.8521,278807.4238,319290.6796
tanzania,No vaccination,2123,298152.8521,278807.4238,319290.6796
tanzania,No vaccination,2124,298152.8521,278807.4238,319290.6796
tanzania,No vaccination,2125,298152.8521,278807.4238,319290.6796
tanzania,Single dose shipments,2024,0.0000,0.0000,0.0000
tanzania,Single dose shipments,2025,0.0000,0.0000,0.0000
tanzania,Single dose shipments,2026,0.0000,0.0000,0.0000
tanzania,Single dose shipments,2027,0.0000,0.0000,0.0000
tanzania,Single dose shipments,2028,0.0000,0.0000,0.0000
tanzania,Single dose shipments,2029,0.0000,0.0000,0.9763
tanzania,Single dose shipments,2030,0.0000,0.0000,12.6913
tanzania,Single dose shipments,2031,9.7625,0.0000,32.2164
tanzania,Single dose shipments,2032,19.5251,0.0000,61.5040
tanzania,Single dose shipments,2033,39.0502,0.0000,111.2929
tanzania,Single dose shipments,2034,73.2190,0.0000,170.8444
tanzania,Single dose shipments,2035,122.0317,18.5488,258.7073
tanzania,Single dose shipments,2036,190.3695,67.3615,358.2851
tanzania,Single dose shipments,2037,292.8761,124.9605,505.6995
tanzania,Single dose shipments,2038,429.5517,222.5859,683.3777
tanzania,Single dose shipments,2039,629.6837,348.5226,938.1799
tanzania,Single dose shipments,2040,883.5097,552.5597,1270.1062
tanzania,Single dose shipments,2041,1225.1985,834.6970,1673.2990
tanzania,Single dose shipments,2042,1684.0378,1176.3858,2220.0011
tanzania,Single dose shipments,2043,2186.8084,1593.2462,2796.9671
tanzania,Single dose shipments,2044,2845.7798,2158.4971,3521.3475
tanzania,Single dose shipments,2045,3626.7829,2832.1123,4397.0473
tanzania,Single dose shipments,2046,4505.4114,3647.2843,5463.1166
tanzania,Single dose shipments,2047,5613.4597,4581.5593,6686.3628
tanzania,Single dose shipments,2048,6877.7086,5654.4624,8102.9074
tanzania,Single dose shipments,2049,8346.9709,7050.5057,9734.2279
tanzania,Single dose shipments,2050,10001.7216,8556.8657,11632.0656
tanzania,Single dose shipments,2051,11866.3668,10274.0965,13585.5501
tanzania,Single dose shipments,2052,13989.7189,12240.2722,16011.5404
tanzania,Single dose shipments,2053,16401.0655,14327.5032,18678.6649
tanzania,Single dose shipments,2054,19061.3561,16786.6861,21579.1134
tanzania,Single dose shipments,2055,21936.4221,19368.8767,24730.4584
tanzania,Single dose shipments,2056,25172.7010,22399.1666,28280.1144
tanzania,Single dose shipments,2057,28887.3433,25663.7568,32323.7542
tanzania,Single dose shipments,2058,32806.9982,29234.8900,36664.1754
tanzania,Single dose shipments,2059,37112.2740,33167.2367,41308.2129
tanzania,Single dose shipments,2060,41715.3079,37372.9348,46231.4590
tanzania,Single dose shipments,2061,46718.6072,41927.1565,51603.7836
tanzania,Single dose shipments,2062,51965.9707,46727.3942,57126.4517
tanzania,Single dose shipments,2063,57418.3484,51946.4463,63115.7709
tanzania,Single dose shipments,2064,63285.6353,57354.8924,69449.7088
tanzania,Single dose shipments,2065,69440.9182,63162.6277,75851.0086
tanzania,Single dose shipments,2066,75688.9456,69074.8225,82476.8475
tanzania,Single dose shipments,2067,82342.1197,75130.5271,89487.3318
tanzania,Single dose shipments,2068,89063.6319,81425.4148,96513.4363
tanzania,Single dose shipments,2069,95790.0253,87833.5484,103676.2167
tanzania,Single dose shipments,2070,102609.1632,94270.9697,110951.2665
tanzania,Single dose shipments,2071,109252.5747,100620.5278,118033.0176
tanzania,Single dose shipments,2072,116091.2378,106997.4211,125194.8218
tanzania,Single dose shipments,2073,122724.8868,113312.8102,132321.4807
tanzania,Single dose shipments,2074,129334.1293,119684.8222,139302.6773
tanzania,Single dose shipments,2075,135816.4584,125731.7405,146068.1211
tanzania,Single dose shipments,2076,142059.6045,131793.3027,152922.4042
tanzania,Single dose shipments,2077,148161.1932,137415.5491,159323.7039
tanzania,Single dose shipments,2078,154013.8363,142924.5497,165667.4045
tanzania,Single dose shipments,2079,159588.2461,148215.8448,171477.0923
tanzania,Single dose shipments,2080,165079.6740,153398.7754,177277.9938
tanzania,Single dose shipments,2081,170341.6815,158415.7423,182710.8462
tanzania,Single dose shipments,2082,175442.6065,163163.2622,188183.7253
tanzania,Single dose shipments,2083,180206.7230,167569.0920,193185.0720
tanzania,Single dose shipments,2084,184629.1491,171703.5231,197891.5890
tanzania,Single dose shipments,2085,188841.6808,175684.6827,202369.6619
tanzania,Single dose shipments,2086,192741.8109,179374.9189,206569.5023
tanzania,Single dose shipments,2087,196480.8599,182944.0995,210436.4400
tanzania,Single dose shipments,2088,200029.5392,186046.6320,214205.7522
tanzania,Single dose shipments,2089,203251.1743,189009.5605,217655.8301
tanzania,Single dose shipments,2090,206277.5592,191896.3415,220860.8690
tanzania,Single dose shipments,2091,209015.9500,194448.2683,223891.1589
tanzania,Single dose shipments,2092,211515.1592,196804.9448,226582.6894
tanzania,Single dose shipments,2093,213809.3555,198881.4370,228957.9146
tanzania,Single dose shipments,2094,215869.2513,200782.2037,231175.9632
tanzania,Single dose shipments,2095,217748.5403,202574.6061,233173.3790
tanzania,Single dose shipments,2096,219432.5786,204099.5150,234974.5675
tanzania,Single dose shipments,2097,220911.6034,205422.3391,236630.2944
tanzania,Single dose shipments,2098,222229.5463,206544.0550,238068.3166
tanzania,Single dose shipments,2099,223401.0511,207513.4751,239359.9006
tanzania,Single dose shipments,2100,224372.4238,208401.8662,240412.3024
tanzania,Single dose shipments,2101,225197.3583,209073.5288,241368.0550
tanzania,Single dose shipments,2102,225880.7360,209684.6637,242190.0607
tanzania,Single dose shipments,2103,226486.0133,210168.8856,242883.2010
tanzania,Single dose shipments,2104,226983.9028,210605.2710,243430.8793
tanzania,Single dose shipments,2105,227354.8792,210917.6722,243860.4310
tanzania,Single dose shipments,2106,227657.5179,211140.2581,244290.9589
tanzania,Single dose shipments,2107,227872.2937,211321.8413,244575.0487
tanzania,Single dose shipments,2108,228077.3070,211457.5406,244811.3021
tanzania,Single dose shipments,2109,228213.9825,211561.0235,244978.2415
tanzania,Single dose shipments,2110,228311.6079,211618.6225,245115.8933
tanzania,Single dose shipments,2111,228379.9457,211657.6726,245197.8986
tanzania,Single dose shipments,2112,228418.9958,211677.1977,245266.2364
tanzania,Single dose shipments,2113,228458.0460,211696.7228,245316.0254
tanzania,Single dose shipments,2114,228467.8085,211696.7228,245345.3130
tanzania,Single dose shipments,2115,228477.5711,211696.7228,245364.8380
tanzania,Single dose shipments,2116,228477.5711,211696.7228,245364.8380
tanzania,Single dose shipments,2117,228477.5711,211696.7228,245364.8380
tanzania,Single dose shipments,2118,228477.5711,211696.7228,245364.8380
tanzania,Single dose shipments,2119,228477.5711,211696.7228,245364.8380
tanzania,Single dose shipments,2120,228477.5711,211696.7228,245364.8380
tanzania,Single dose shipments,2121,228477.5711,211696.7228,245364.8380
tanzania,Single dose shipments,2122,228477.5711,211696.7228,245364.8380
tanzania,Single dose shipments,2123,228477.5711,211696.7228,245364.8380
tanzania,Single dose shipments,2124,228477.5711,211696.7228,245364.8380
tanzania,Single dose shipments,2125,228477.5711,211696.7228,245364.8380
tanzania,Single dose actual,2024,0.0000,0.0000,0.0000
tanzania,Single dose actual,2025,0.0000,0.0000,0.0000
tanzania,Single dose actual,2026,0.0000,0.0000,0.0000
tanzania,Single dose actual,2027,0.0000,0.0000,0.0000
tanzania,Single dose actual,2028,0.0000,0.0000,0.0000
tanzania,Single dose actual,2029,0.0000,0.0000,0.0000
tanzania,Single dose actual,2030,0.0000,0.0000,9.7625
tanzania,Single dose actual,2031,0.0000,0.0000,20.5013
tanzania,Single dose actual,2032,0.0000,0.0000,40.0264
tanzania,Single dose actual,2033,9.7625,0.0000,69.3140
tanzania,Single dose actual,2034,29.2876,0.0000,109.3404
tanzania,Single dose actual,2035,58.5752,9.7625,149.3668
tanzania,Single dose actual,2036,102.5066,29.2876,227.4671
tanzania,Single dose actual,2037,151.3193,58.5752,308.4962
tanzania,Single dose actual,2038,244.0634,106.4117,416.8604
tanzania,Single dose actual,2039,331.9263,174.7494,565.2509
tanzania,Single dose actual,2040,488.1269,288.9711,770.2642
tanzania,Single dose actual,2041,668.7339,424.6704,996.7551
tanzania,Single dose actual,2042,893.2722,600.3961,1279.8687
tanzania,Single dose actual,2043,1191.0296,823.9582,1602.0325
tanzania,Single dose actual,2044,1571.7686,1115.8581,2063.8005
tanzania,Single dose actual,2045,2020.8453,1466.3332,2590.9775
tanzania,Single dose actual,2046,2552.9036,1885.1460,3226.5188
tanzania,Single dose actual,2047,3177.7061,2449.4207,3924.5403
tanzania,Single dose actual,2048,3939.1841,3083.9857,4793.4063
tanzania,Single dose actual,2049,4788.5250,3862.0601,5792.1140
tanzania,Single dose actual,2050,5784.3040,4738.7361,6946.0462
tanzania,Single dose actual,2051,6941.1650,5817.4967,8246.4166
tanzania,Single dose actual,2052,8244.4641,6958.7376,9691.2725
tanzania,Single dose actual,2053,9694.2013,8265.9417,11292.3292
tanzania,Single dose actual,2054,11300.1392,9749.8477,13071.0641
tanzania,Single dose actual,2055,13135.4966,11404.5983,15057.7406
tanzania,Single dose actual,2056,15161.2235,13302.4361,17245.5253
tanzania,Single dose actual,2057,17372.4384,15372.0944,19671.5157
tanzania,Single dose actual,2058,19886.2914,17693.6256,22318.1389
tanzania,Single dose actual,2059,22697.9010,20073.7322,25329.8800
tanzania,Single dose actual,2060,25626.6608,22897.0568,28622.7815
tanzania,Single dose actual,2061,28897.1085,26049.3781,32103.1232
tanzania,Single dose actual,2062,32416.5005,29338.3745,35916.3674
tanzania,Single dose actual,2063,36194.5993,32915.3651,40045.9174
tanzania,Single dose actual,2064,40241.1675,36665.1526,44415.6262
tanzania,Single dose actual,2065,44590.3750,40774.2006,49034.2800
tanzania,Single dose actual,2066,49144.5960,45011.1383,53942.8823
tanzania,Single dose actual,2067,54035.6257,49481.4012,58972.5405
tanzania,Single dose actual,2068,59097.5004,54122.5090,64229.6667
tanzania,Single dose actual,2069,64227.7131,58858.3138,69704.4982
tanzania,Single dose actual,2070,69538.5334,63969.0014,75310.1482
tanzania,Single dose actual,2071,74946.9795,69024.0423,81146.1950
tanzania,Single dose actual,2072,80487.2202,74050.7717,86971.5029
tanzania,Single dose actual,2073,86037.2236,79277.6339,92750.9268
tanzania,Single dose actual,2074,91523.7702,84546.4751,98509.8492
tanzania,Single dose actual,2075,97059.1297,89827.0315,104214.1012
tanzania,Single dose actual,2076,102487.1009,95057.7987,109887.1130
tanzania,Single dose actual,2077,107919.9534,100251.4681,115598.1988
tanzania,Single dose actual,2078,113230.7737,105358.2506,121086.6979
tanzania,Single dose actual,2079,118531.8315,110345.9298,126759.7097
tanzania,Single dose actual,2080,123735.2635,115101.2597,132204.2773
tanzania,Single dose actual,2081,128714.1563,119794.1091,137467.2610
tanzania,Single dose actual,2082,133585.6611,124441.0745,142595.5212
tanzania,Single dose actual,2083,138252.1516,128768.8045,147548.0550
tanzania,Single dose actual,2084,142762.4412,132985.2409,152341.4590
tanzania,Single dose actual,2085,147106.7669,137023.9985,156921.0627
tanzania,Single dose actual,2086,151314.4177,140935.8437,161351.2991
tanzania,Single dose actual,2087,155229.1917,144497.2142,165502.3263
tanzania,Single dose actual,2088,158919.4276,147959.0072,169389.7652
tanzania,Single dose actual,2089,162355.8380,151278.2674,173028.2597
tanzania,Single dose actual,2090,165562.8294,154389.5862,176419.7625
tanzania,Single dose actual,2091,168486.7079,157092.8319,179615.0389
tanzania,Single dose actual,2092,171288.5550,159578.3736,182496.9386
tanzania,Single dose actual,2093,173865.8643,161981.9102,185298.7857
tanzania,Single dose actual,2094,176218.6358,164201.9115,187797.0187
tanzania,Single dose actual,2095,178302.9379,166192.4933,190015.0675
tanzania,Single dose actual,2096,180143.1767,167914.6054,192109.1320
tanzania,Single dose actual,2097,181763.7584,169407.2979,193887.8669
tanzania,Single dose actual,2098,183213.4957,170739.8846,195470.3747
tanzania,Single dose actual,2099,184526.5573,171910.4131,196898.6344
tanzania,Single dose actual,2100,185659.0119,172912.0496,198153.1208
tanzania,Single dose actual,2101,186610.8595,173795.5594,199247.5015
tanzania,Single dose actual,2102,187416.2690,174498.4622,200126.1300
tanzania,Single dose actual,2103,188104.5279,175073.4757,200878.8218
tanzania,Single dose actual,2104,188641.4675,175561.6026,201543.6506
tanzania,Single dose actual,2105,189095.4255,175900.3626,202062.0414
tanzania,Single dose actual,2106,189427.3518,176163.9512,202483.7830
tanzania,Single dose actual,2107,189676.2965,176368.9645,202806.9230
tanzania,Single dose actual,2108,189895.9536,176533.9514,203090.0366
tanzania,Single dose actual,2109,190061.9168,176629.6242,203297.9787
tanzania,Single dose actual,2110,190169.3047,176707.7245,203434.6542
tanzania,Single dose actual,2111,190252.2863,176766.2998,203561.5672
tanzania,Single dose actual,2112,190305.9802,176794.6111,203651.3825
tanzania,Single dose actual,2113,190325.5053,176804.3737,203700.1952
tanzania,Single dose actual,2114,190340.1491,176813.1599,203729.4828
tanzania,Single dose actual,2115,190349.9116,176813.1599,203749.0079
tanzania,Single dose actual,2116,190349.9116,176813.1599,203749.0079
tanzania,Single dose actual,2117,190349.9116,176813.1599,203749.0079
tanzania,Single dose actual,2118,190349.9116,176813.1599,203749.0079
tanzania,Single dose actual,2119,190349.9116,176813.1599,203749.0079
tanzania,Single dose actual,2120,190349.9116,176813.1599,203749.0079
tanzania,Single dose actual,2121,190349.9116,176813.1599,203749.0079
tanzania,Single dose actual,2122,190349.9116,176813.1599,203749.0079
tanzania,Single dose actual,2123,190349.9116,176813.1599,203749.0079
tanzania,Single dose actual,2124,190349.9116,176813.1599,203749.0079
tanzania,Single dose actual,2125,190349.9116,176813.1599,203749.0079
tanzania,Double dose,2024,0.0000,0.0000,0.0000
tanzania,Double dose,2025,0.0000,0.0000,0.0000
tanzania,Double dose,2026,0.0000,0.0000,0.0000
tanzania,Double dose,2027,0.0000,0.0000,0.0000
tanzania,Double dose,2028,0.0000,0.0000,9.7625
tanzania,Double dose,2029,0.0000,0.0000,19.5251
tanzania,Double dose,2030,0.0000,0.0000,30.2639
tanzania,Double dose,2031,4.8813,0.0000,50.7652
tanzania,Double dose,2032,14.6438,0.0000,80.0528
tanzania,Double dose,2033,48.8127,18.5488,149.3668
tanzania,Double dose,2034,97.6254,37.0976,227.4671
tanzania,Double dose,2035,170.8444,76.1478,336.8076
tanzania,Double dose,2036,268.4698,144.4856,488.1269
tanzania,Double dose,2037,395.3828,237.2297,673.6151
tanzania,Double dose,2038,580.8710,393.4303,939.1561
tanzania,Double dose,2039,863.9846,627.7312,1303.2988
tanzania,Double dose,2040,1205.6734,871.7946,1742.6130
tanzania,Double dose,2041,1679.1565,1210.5547,2308.8402
tanzania,Double dose,2042,2274.6713,1630.3438,3094.7245
tanzania,Double dose,2043,3001.9804,2291.2676,3885.4902
tanzania,Double dose,2044,3880.6090,3070.3182,4960.3458
tanzania,Double dose,2045,5003.3010,4068.0498,6206.0459
tanzania,Double dose,2046,6296.8376,5225.8870,7644.0681
tanzania,Double dose,2047,7839.3190,6547.7349,9294.9137
tanzania,Double dose,2048,9669.7952,8157.5778,11242.5402
tanzania,Double dose,2049,11754.0974,9964.6241,13423.4914
tanzania,Double dose,2050,14062.9375,12034.2826,15914.8906
tanzania,Double dose,2051,16693.9406,14431.9614,18853.4129
tanzania,Double dose,2052,19510.4315,17027.8195,22019.4017
tanzania,Double dose,2053,22829.6918,20061.0382,25477.2896
tanzania,Double dose,2054,26319.7960,23356.8684,29366.6819
tanzania,Double dose,2055,30332.1955,27072.4868,33800.8231
tanzania,Double dose,2056,34735.0966,31084.8867,38625.4677
tanzania,Double dose,2057,39328.3677,35477.0489,43663.9123
tanzania,Double dose,2058,44439.0553,40208.9487,49116.2899
tanzania,Double dose,2059,49837.7388,45354.7815,54959.1705
tanzania,Double dose,2060,55768.4825,50832.5419,61185.7202
tanzania,Double dose,2061,62089.7291,56835.5286,67781.2951
tanzania,Double dose,2062,68742.9033,63067.9358,75211.5700
tanzania,Double dose,2063,75635.2604,69699.6323,82516.8840
tanzania,Double dose,2064,82986.4581,76611.5146,90422.5958
tanzania,Double dose,2065,90469.4508,83738.1736,98242.3944
tanzania,Double dose,2066,98108.6434,91099.1336,106293.5645
tanzania,Double dose,2067,105889.3914,98335.1332,114558.5359
tanzania,Double dose,2068,113772.6493,105836.6749,122816.6730
tanzania,Double dose,2069,121685.1939,113310.8815,130940.0872
tanzania,Double dose,2070,129544.0454,120706.0112,139209.9389
tanzania,Double dose,2071,137241.8140,127888.3168,147479.7919
tanzania,Double dose,2072,144846.8386,135068.6698,155525.1055
tanzania,Double dose,2073,152032.0729,141885.8552,163147.7027
tanzania,Double dose,2074,159202.6634,148521.4567,170987.0291
tanzania,Double dose,2075,166104.7827,154993.0470,178241.5776
tanzania,Double dose,2076,172743.3130,161303.5548,185474.6485
tanzania,Double dose,2077,179220.7608,167469.5765,192179.5643
tanzania,Double dose,2078,185219.8425,173295.8607,198585.7453
tanzania,Double dose,2079,191096.8921,178843.9115,204688.3103
tanzania,Double dose,2080,196549.2697,184061.0112,210414.0400
tanzania,Double dose,2081,201874.7339,188950.0883,215982.5923
tanzania,Double dose,2082,206809.6951,193636.1039,221403.7297
tanzania,Double dose,2083,211305.3409,197948.2133,226260.5904
tanzania,Double dose,2084,215630.1420,202086.5495,231090.1158
tanzania,Double dose,2085,219754.8107,205941.7720,235473.4919
tanzania,Double dose,2086,223528.0282,209548.0501,239567.8969
tanzania,Double dose,2087,227125.5201,212874.1441,243290.3494
tanzania,Double dose,2088,230391.0865,216028.4179,246767.7625
tanzania,Double dose,2089,233451.6402,218867.3626,250089.9515
tanzania,Double dose,2090,236190.0310,221483.7220,253082.1676
tanzania,Double dose,2091,238728.2902,223776.9422,255816.6533
tanzania,Double dose,2092,241085.9430,225914.9383,258392.0100
tanzania,Double dose,2093,243243.4640,227840.1112,260656.9187
tanzania,Double dose,2094,245142.2781,229623.7273,262679.7170
tanzania,Double dose,2095,246860.4853,231204.2826,264573.6497
tanzania,Double dose,2096,248402.9667,232661.8298,266321.1445
tanzania,Double dose,2097,249711.1470,233871.4085,267786.5018
tanzania,Double dose,2098,250946.1083,234965.7892,269199.1414
tanzania,Double dose,2099,251990.7001,235944.9719,270322.8097
tanzania,Double dose,2100,252874.2099,236723.0463,271370.3302
tanzania,Double dose,2101,253645.4504,237351.7537,272280.1988
tanzania,Double dose,2102,254319.0656,237937.5060,273051.4394
tanzania,Double dose,2103,254865.7677,238413.9178,273712.3633
tanzania,Double dose,2104,255324.6069,238782.9417,274261.9941
tanzania,Double dose,2105,255710.2272,239074.8416,274682.7595
tanzania,Double dose,2106,255998.2220,239315.9763,275044.9497
tanzania,Double dose,2107,256222.7604,239499.5120,275319.2770
tanzania,Double dose,2108,256413.1299,239654.7364,275535.0291
tanzania,Double dose,2109,256520.5178,239730.8842,275700.9922
tanzania,Double dose,2110,256618.1432,239779.6968,275827.9052
tanzania,Double dose,2111,256671.8371,239817.7707,275925.5306
tanzania,Double dose,2112,256730.4124,239853.8921,275994.8446
tanzania,Double dose,2113,256754.8187,239862.6784,276043.6573
tanzania,Double dose,2114,256769.4625,239862.6784,276073.9212
tanzania,Double dose,2115,256769.4625,239862.6784,276083.6837
tanzania,Double dose,2116,256769.4625,239862.6784,276083.6837
tanzania,Double dose,2117,256769.4625,239862.6784,276083.6837
tanzania,Double dose,2118,256769.4625,239862.6784,276083.6837
tanzania,Double dose,2119,256769.4625,239862.6784,276083.6837
tanzania,Double dose,2120,256769.4625,239862.6784,276083.6837
tanzania,Double dose,2121,256769.4625,239862.6784,276083.6837
tanzania,Double dose,2122,256769.4625,239862.6784,276083.6837
tanzania,Double dose,2123,256769.4625,239862.6784,276083.6837
tanzania,Double dose,2124,256769.4625,239862.6784,276083.6837
tanzania,Double dose,2125,256769.4625,239862.6784,276083.6837
togo,No vaccination,2024,0.0000,0.0000,0.0000
togo,No vaccination,2025,0.0000,0.0000,0.0000
togo,No vaccination,2026,0.0000,0.0000,0.0000
togo,No vaccination,2027,0.0000,0.0000,0.0000
togo,No vaccination,2028,0.0000,0.0000,0.1658
togo,No vaccination,2029,0.0000,0.0000,1.9901
togo,No vaccination,2030,0.0000,0.0000,3.6484
togo,No vaccination,2031,1.6584,0.0000,6.9652
togo,No vaccination,2032,3.3168,0.0000,10.2820
togo,No vaccination,2033,7.4627,0.0000,20.2323
togo,No vaccination,2034,12.4379,3.1509,32.0068
togo,No vaccination,2035,19.9006,6.4677,46.9323
togo,No vaccination,2036,29.0217,11.2770,63.6820
togo,No vaccination,2037,40.6304,17.9106,82.0901
togo,No vaccination,2038,57.2143,29.1876,103.8149
togo,No vaccination,2039,77.1149,42.1230,132.3391
togo,No vaccination,2040,103.6491,55.2242,170.6478
togo,No vaccination,2041,136.8168,76.4515,215.4242
togo,No vaccination,2042,173.3012,97.8447,265.5075
togo,No vaccination,2043,216.4193,125.8714,318.5758
togo,No vaccination,2044,261.1957,162.1901,380.9311
togo,No vaccination,2045,318.4099,206.1373,451.0807
togo,No vaccination,2046,376.4534,252.4062,524.2155
togo,No vaccination,2047,437.8137,298.6752,617.2509
togo,No vaccination,2048,518.2453,353.2360,710.4521
togo,No vaccination,2049,592.8727,408.7919,798.5124
togo,No vaccination,2050,678.2795,478.9416,903.8198
togo,No vaccination,2051,769.4906,552.9056,1013.4390
togo,No vaccination,2052,862.3602,630.5180,1133.0086
togo,No vaccination,2053,962.6925,716.9198,1262.3626
togo,No vaccination,2054,1067.1707,803.9851,1390.7216
togo,No vaccination,2055,1174.1365,898.3472,1525.5483
togo,No vaccination,2056,1296.0278,1004.4838,1674.9688
togo,No vaccination,2057,1412.9440,1095.5291,1824.3893
togo,No vaccination,2058,1538.9812,1201.4999,1980.1116
togo,No vaccination,2059,1669.9936,1292.0477,2137.1607
togo,No vaccination,2060,1801.8352,1391.0533,2301.8383
togo,No vaccination,2061,1934.5060,1504.9843,2462.8675
togo,No vaccination,2062,2061.3724,1624.0564,2621.5749
togo,No vaccination,2063,2191.5556,1736.4948,2783.1016
togo,No vaccination,2064,2334.1767,1850.5917,2948.2768
togo,No vaccination,2065,2470.9935,1966.6787,3115.9395
togo,No vaccination,2066,2613.6146,2092.3842,3288.5774
togo,No vaccination,2067,2751.2605,2199.5159,3444.1339
togo,No vaccination,2068,2891.3941,2318.9196,3618.2643
togo,No vaccination,2069,3038.1611,2437.3283,3784.1028
togo,No vaccination,2070,3170.0027,2553.4152,3938.6643
togo,No vaccination,2071,3294.3816,2655.9034,4082.2805
togo,No vaccination,2072,3427.0524,2764.8593,4238.0028
togo,No vaccination,2073,3551.4312,2870.6642,4388.9158
togo,No vaccination,2074,3672.4933,2973.1524,4548.1208
togo,No vaccination,2075,3791.0678,3071.8263,4702.3506
togo,No vaccination,2076,3909.6423,3159.5549,4837.6748
togo,No vaccination,2077,4020.7541,3250.6002,4969.0189
togo,No vaccination,2078,4121.0864,3335.0120,5085.2717
togo,No vaccination,2079,4221.4187,3412.7902,5204.8412
togo,No vaccination,2080,4319.2634,3494.0511,5322.9182
togo,No vaccination,2081,4406.3286,3570.1710,5433.3666
togo,No vaccination,2082,4488.4187,3640.9840,5534.6940
togo,No vaccination,2083,4564.7044,3704.0026,5623.5834
togo,No vaccination,2084,4646.7944,3771.9964,5716.4529
togo,No vaccination,2085,4704.0087,3820.7530,5791.0803
togo,No vaccination,2086,4765.3690,3869.8412,5860.7324
togo,No vaccination,2087,4821.7540,3915.9443,5927.2337
togo,No vaccination,2088,4876.4808,3950.6045,5990.4181
togo,No vaccination,2089,4922.9155,3988.5815,6053.6026
togo,No vaccination,2090,4961.8876,4018.4325,6105.1784
togo,No vaccination,2091,4996.7137,4049.4443,6153.4374
togo,No vaccination,2092,5028.2230,4074.3200,6198.3796
togo,No vaccination,2093,5054.7572,4092.5623,6234.8641
togo,No vaccination,2094,5076.3162,4109.1461,6266.3734
togo,No vaccination,2095,5094.5584,4122.0815,6296.2243
togo,No vaccination,2096,5110.3130,4133.5244,6319.7734
togo,No vaccination,2097,5122.7509,4143.4747,6341.4983
togo,No vaccination,2098,5134.3596,4148.2840,6363.0573
togo,No vaccination,2099,5143.4807,4153.2592,6376.4902
togo,No vaccination,2100,5151.7727,4158.2343,6388.0989
togo,No vaccination,2101,5158.4062,4161.3852,6398.0492
togo,No vaccination,2102,5162.5522,4163.0436,6404.8486
togo,No vaccination,2103,5166.6981,4164.7020,6411.6479
togo,No vaccination,2104,5169.1857,4164.7020,6416.6231
togo,No vaccination,2105,5170.8441,4164.7020,6419.9399
togo,No vaccination,2106,5172.5025,4164.7020,6423.4225
togo,No vaccination,2107,5172.5025,4164.7020,6426.7392
togo,No vaccination,2108,5172.5025,4164.7020,6426.7392
togo,No vaccination,2109,5172.5025,4164.7020,6426.7392
togo,No vaccination,2110,5172.5025,4164.7020,6426.9051
togo,No vaccination,2111,5172.5025,4164.7020,6426.9051
togo,No vaccination,2112,5172.5025,4164.7020,6426.9051
togo,No vaccination,2113,5172.5025,4164.7020,6426.9051
togo,No vaccination,2114,5172.5025,4164.7020,6426.9051
togo,No vaccination,2115,5172.5025,4164.7020,6426.9051
togo,No vaccination,2116,5172.5025,4164.7020,6426.9051
togo,No vaccination,2117,5172.5025,4164.7020,6426.9051
togo,No vaccination,2118,5172.5025,4164.7020,6426.9051
togo,No vaccination,2119,5172.5025,4164.7020,6426.9051
togo,No vaccination,2120,5172.5025,4164.7020,6426.9051
togo,No vaccination,2121,5172.5025,4164.7020,6426.9051
togo,No vaccination,2122,5172.5025,4164.7020,6426.9051
togo,No vaccination,2123,5172.5025,4164.7020,6426.9051
togo,No vaccination,2124,5172.5025,4164.7020,6426.9051
togo,No vaccination,2125,5172.5025,4164.7020,6426.9051
togo,Single dose shipments,2024,0.0000,0.0000,0.0000
togo,Single dose shipments,2025,0.0000,0.0000,0.0000
togo,Single dose shipments,2026,0.0000,0.0000,0.0000
togo,Single dose shipments,2027,0.0000,0.0000,0.0000
togo,Single dose shipments,2028,0.0000,0.0000,0.1658
togo,Single dose shipments,2029,0.0000,0.0000,1.8242
togo,Single dose shipments,2030,0.0000,0.0000,3.4826
togo,Single dose shipments,2031,0.0000,0.0000,6.7994
togo,Single dose shipments,2032,1.6584,0.0000,10.1161
togo,Single dose shipments,2033,3.3168,0.0000,13.5988
togo,Single dose shipments,2034,4.9752,0.0000,18.7398
togo,Single dose shipments,2035,6.6335,0.0000,23.7149
togo,Single dose shipments,2036,9.9503,1.4925,32.0068
togo,Single dose shipments,2037,14.9255,2.9851,39.1379
togo,Single dose shipments,2038,20.7298,6.3019,47.5957
togo,Single dose shipments,2039,25.7050,7.9602,59.2043
togo,Single dose shipments,2040,32.3385,11.1112,70.9789
togo,Single dose shipments,2041,40.6304,14.4279,84.2460
togo,Single dose shipments,2042,49.7516,17.7447,99.6689
togo,Single dose shipments,2043,59.7019,22.7199,114.5944
togo,Single dose shipments,2044,69.6522,29.3534,134.4950
togo,Single dose shipments,2045,82.9193,35.9870,151.5764
togo,Single dose shipments,2046,97.8447,44.1130,170.1503
togo,Single dose shipments,2047,111.1118,52.2391,193.3677
togo,Single dose shipments,2048,130.1832,63.5161,220.3994
togo,Single dose shipments,2049,148.4255,71.4764,242.4559
togo,Single dose shipments,2050,166.6677,82.9193,274.1310
togo,Single dose shipments,2051,185.7391,94.3621,297.5143
togo,Single dose shipments,2052,203.9814,104.3124,324.5460
togo,Single dose shipments,2053,223.8820,115.7553,356.7186
togo,Single dose shipments,2054,241.2950,125.5397,388.2279
togo,Single dose shipments,2055,258.7081,136.9826,418.0789
togo,Single dose shipments,2056,278.6087,151.7422,449.5882
togo,Single dose shipments,2057,300.1677,166.1702,485.0776
togo,Single dose shipments,2058,320.0683,177.6130,516.5869
togo,Single dose shipments,2059,345.7733,190.8801,548.0963
togo,Single dose shipments,2060,366.5031,203.8155,579.6056
togo,Single dose shipments,2061,390.5497,219.7360,612.9391
togo,Single dose shipments,2062,412.1087,232.8373,644.4484
togo,Single dose shipments,2063,434.4969,250.9137,679.2745
togo,Single dose shipments,2064,458.5435,263.6832,712.4422
togo,Single dose shipments,2065,480.1025,271.9751,739.1422
togo,Single dose shipments,2066,503.3199,286.7348,769.1590
togo,Single dose shipments,2067,521.5621,296.6851,798.0149
togo,Single dose shipments,2068,547.2671,313.2689,834.4994
togo,Single dose shipments,2069,566.3385,324.7118,866.5062
togo,Single dose shipments,2070,587.0683,336.3205,898.6789
togo,Single dose shipments,2071,606.9689,344.6124,926.8714
togo,Single dose shipments,2072,623.5528,357.7136,955.2298
togo,Single dose shipments,2073,641.7950,369.1565,980.2714
togo,Single dose shipments,2074,655.8913,378.9410,1007.1373
togo,Single dose shipments,2075,674.1335,383.7503,1033.8372
togo,Single dose shipments,2076,690.7174,390.3838,1060.3714
togo,Single dose shipments,2077,704.8136,400.0025,1080.4379
togo,Single dose shipments,2078,719.7391,411.6112,1102.4944
togo,Single dose shipments,2079,737.9813,419.7372,1127.5360
togo,Single dose shipments,2080,750.4192,426.3708,1145.9441
togo,Single dose shipments,2081,762.0279,431.1801,1164.1863
togo,Single dose shipments,2082,771.9782,437.6478,1184.0869
togo,Single dose shipments,2083,783.5869,443.9497,1200.8366
togo,Single dose shipments,2084,792.7080,448.7590,1217.4205
togo,Single dose shipments,2085,801.0000,453.5683,1227.3708
togo,Single dose shipments,2086,810.1211,458.5435,1242.6279
togo,Single dose shipments,2087,816.7546,461.6944,1256.0608
togo,Single dose shipments,2088,823.3882,465.0112,1267.6695
togo,Single dose shipments,2089,830.0217,468.3279,1279.2782
togo,Single dose shipments,2090,834.9969,469.8205,1287.5702
togo,Single dose shipments,2091,838.3136,471.4789,1297.6863
togo,Single dose shipments,2092,842.4596,472.9714,1306.1441
togo,Single dose shipments,2093,844.1180,474.6298,1311.1192
togo,Single dose shipments,2094,846.6056,474.6298,1317.7528
togo,Single dose shipments,2095,848.2639,474.6298,1321.2354
togo,Single dose shipments,2096,849.9223,474.6298,1324.5521
togo,Single dose shipments,2097,851.5807,474.6298,1329.5273
togo,Single dose shipments,2098,853.2391,474.6298,1334.5025
togo,Single dose shipments,2099,854.8975,474.6298,1337.8192
togo,Single dose shipments,2100,854.8975,474.6298,1339.6435
togo,Single dose shipments,2101,854.8975,474.6298,1341.3018
togo,Single dose shipments,2102,854.8975,474.6298,1342.9602
togo,Single dose shipments,2103,854.8975,474.6298,1344.6186
togo,Single dose shipments,2104,854.8975,474.6298,1344.6186
togo,Single dose shipments,2105,854.8975,474.6298,1344.7844
togo,Single dose shipments,2106,854.8975,474.6298,1344.7844
togo,Single dose shipments,2107,854.8975,474.6298,1344.7844
togo,Single dose shipments,2108,854.8975,474.6298,1344.7844
togo,Single dose shipments,2109,854.8975,474.6298,1344.7844
togo,Single dose shipments,2110,854.8975,474.6298,1344.7844
togo,Single dose shipments,2111,854.8975,474.6298,1344.7844
togo,Single dose shipments,2112,854.8975,474.6298,1344.7844
togo,Single dose shipments,2113,854.8975,474.6298,1344.7844
togo,Single dose shipments,2114,854.8975,474.6298,1344.7844
togo,Single dose shipments,2115,854.8975,474.6298,1344.7844
togo,Single dose shipments,2116,854.8975,474.6298,1344.7844
togo,Single dose shipments,2117,854.8975,474.6298,1344.7844
togo,Single dose shipments,2118,854.8975,474.6298,1344.7844
togo,Single dose shipments,2119,854.8975,474.6298,1344.7844
togo,Single dose shipments,2120,854.8975,474.6298,1344.7844
togo,Single dose shipments,2121,854.8975,474.6298,1344.7844
togo,Single dose shipments,2122,854.8975,474.6298,1344.7844
togo,Single dose shipments,2123,854.8975,474.6298,1344.7844
togo,Single dose shipments,2124,854.8975,474.6298,1344.7844
togo,Single dose shipments,2125,854.8975,474.6298,1344.7844
togo,Single dose actual,2024,0.0000,0.0000,0.0000
togo,Single dose actual,2025,0.0000,0.0000,0.0000
togo,Single dose actual,2026,0.0000,0.0000,0.0000
togo,Single dose actual,2027,0.0000,0.0000,0.0000
togo,Single dose actual,2028,0.0000,0.0000,0.1658
togo,Single dose actual,2029,0.0000,0.0000,1.8242
togo,Single dose actual,2030,0.0000,0.0000,3.4826
togo,Single dose actual,2031,0.8292,0.0000,6.7994
togo,Single dose actual,2032,2.4876,0.0000,10.1161
togo,Single dose actual,2033,4.9752,0.0000,15.0913
togo,Single dose actual,2034,8.2919,0.0000,21.7248
togo,Single dose actual,2035,11.6087,1.4925,28.3584
togo,Single dose actual,2036,18.2422,4.8093,40.1329
togo,Single dose actual,2037,26.5342,8.1261,51.9075
togo,Single dose actual,2038,34.8261,12.9354,65.1745
togo,Single dose actual,2039,47.2640,16.2522,83.5826
togo,Single dose actual,2040,62.1894,24.3783,103.6491
togo,Single dose actual,2041,78.7733,34.3286,123.7155
togo,Single dose actual,2042,96.1863,44.1130,148.5913
togo,Single dose actual,2043,116.9161,58.8727,176.9497
togo,Single dose actual,2044,140.9627,75.2907,208.7907
togo,Single dose actual,2045,165.8385,91.8745,243.6168
togo,Single dose actual,2046,192.3727,109.9509,278.7745
togo,Single dose actual,2047,225.5404,134.8267,318.9074
togo,Single dose actual,2048,257.0497,157.8783,357.3820
togo,Single dose actual,2049,294.3633,185.7391,404.6460
togo,Single dose actual,2050,332.5062,209.7857,451.2466
togo,Single dose actual,2051,373.1366,239.4708,504.4807
togo,Single dose actual,2052,415.4255,265.5074,559.0416
togo,Single dose actual,2053,461.8602,301.1627,613.7683
togo,Single dose actual,2054,500.0031,335.3255,676.9528
togo,Single dose actual,2055,544.7795,368.3273,738.3130
togo,Single dose actual,2056,594.5311,397.8466,794.6981
togo,Single dose actual,2057,639.3074,432.1751,857.8826
togo,Single dose actual,2058,693.2050,471.4789,919.9062
togo,Single dose actual,2059,747.9317,507.9633,981.4323
togo,Single dose actual,2060,799.3416,544.4478,1044.6168
togo,Single dose actual,2061,852.4099,585.5758,1112.6105
togo,Single dose actual,2062,904.6491,627.3671,1176.4584
togo,Single dose actual,2063,952.7422,663.8515,1236.1602
togo,Single dose actual,2064,1006.6397,704.8137,1302.4956
togo,Single dose actual,2065,1058.0497,742.4590,1367.3385
togo,Single dose actual,2066,1111.1180,785.2453,1432.3472
togo,Single dose actual,2067,1160.0404,825.0466,1492.0490
togo,Single dose actual,2068,1209.7919,862.6919,1551.7509
togo,Single dose actual,2069,1257.8851,899.0106,1608.4677
togo,Single dose actual,2070,1302.6615,928.6956,1666.6770
togo,Single dose actual,2071,1348.2671,965.1801,1723.3938
togo,Single dose actual,2072,1392.2143,1001.6646,1783.2615
togo,Single dose actual,2073,1435.3323,1036.3248,1839.6466
togo,Single dose actual,2074,1481.7671,1069.1609,1896.0316
togo,Single dose actual,2075,1521.5683,1092.3783,1956.0652
togo,Single dose actual,2076,1562.1988,1123.5559,2007.6410
togo,Single dose actual,2077,1600.3416,1153.2410,2054.0757
togo,Single dose actual,2078,1640.1429,1180.9360,2102.5006
togo,Single dose actual,2079,1670.8230,1205.6460,2149.2670
togo,Single dose actual,2080,1703.1615,1230.1901,2187.5757
togo,Single dose actual,2081,1735.5000,1253.4074,2224.2261
togo,Single dose actual,2082,1762.8634,1274.9664,2264.5248
togo,Single dose actual,2083,1789.3975,1296.0279,2299.8484
togo,Single dose actual,2084,1815.9317,1312.4459,2334.8403
togo,Single dose actual,2085,1839.1491,1327.2056,2361.7062
togo,Single dose actual,2086,1860.7081,1340.4727,2390.3962
togo,Single dose actual,2087,1878.9503,1352.0814,2418.7546
togo,Single dose actual,2088,1897.1925,1363.5242,2442.1379
togo,Single dose actual,2089,1912.1180,1373.4745,2462.2043
togo,Single dose actual,2090,1926.2143,1381.4348,2480.7782
togo,Single dose actual,2091,1939.4814,1387.9025,2500.6788
togo,Single dose actual,2092,1949.4317,1394.3702,2517.2627
togo,Single dose actual,2093,1960.2112,1397.6869,2532.3540
togo,Single dose actual,2094,1968.5031,1401.0037,2544.1285
togo,Single dose actual,2095,1974.3074,1404.3205,2554.0788
togo,Single dose actual,2096,1980.9410,1407.4714,2564.0292
togo,Single dose actual,2097,1984.2578,1409.1298,2570.8285
togo,Single dose actual,2098,1986.7453,1409.1298,2577.6279
togo,Single dose actual,2099,1990.0621,1410.7882,2582.7689
togo,Single dose actual,2100,1993.3789,1410.7882,2587.7441
togo,Single dose actual,2101,1995.0373,1410.7882,2592.7192
togo,Single dose actual,2102,1996.6956,1410.7882,2596.2018
togo,Single dose actual,2103,1996.6956,1410.7882,2597.8602
togo,Single dose actual,2104,1997.5248,1410.7882,2599.5186
togo,Single dose actual,2105,1997.5248,1410.7882,2599.6844
togo,Single dose actual,2106,1997.5248,1410.7882,2601.3428
togo,Single dose actual,2107,1997.5248,1410.7882,2603.0012
togo,Single dose actual,2108,1997.5248,1410.7882,2603.1670
togo,Single dose actual,2109,1997.5248,1410.7882,2603.3329
togo,Single dose actual,2110,1997.5248,1410.7882,2603.3329
togo,Single dose actual,2111,1997.5248,1410.7882,2603.3329
togo,Single dose actual,2112,1997.5248,1410.7882,2603.3329
togo,Single dose actual,2113,1997.5248,1410.7882,2603.3329
togo,Single dose actual,2114,1997.5248,1410.7882,2603.3329
togo,Single dose actual,2115,1997.5248,1410.7882,2603.3329
togo,Single dose actual,2116,1997.5248,1410.7882,2603.3329
togo,Single dose actual,2117,1997.5248,1410.7882,2603.3329
togo,Single dose actual,2118,1997.5248,1410.7882,2603.3329
togo,Single dose actual,2119,1997.5248,1410.7882,2603.3329
togo,Single dose actual,2120,1997.5248,1410.7882,2603.3329
togo,Single dose actual,2121,1997.5248,1410.7882,2603.3329
togo,Single dose actual,2122,1997.5248,1410.7882,2603.3329
togo,Single dose actual,2123,1997.5248,1410.7882,2603.3329
togo,Single dose actual,2124,1997.5248,1410.7882,2603.3329
togo,Single dose actual,2125,1997.5248,1410.7882,2603.3329
togo,Double dose,2024,0.0000,0.0000,0.0000
togo,Double dose,2025,0.0000,0.0000,0.0000
togo,Double dose,2026,0.0000,0.0000,0.0000
togo,Double dose,2027,0.0000,0.0000,0.0000
togo,Double dose,2028,0.0000,0.0000,0.0000
togo,Double dose,2029,0.0000,0.0000,1.6584
togo,Double dose,2030,0.0000,0.0000,3.4826
togo,Double dose,2031,1.6584,0.0000,6.9652
togo,Double dose,2032,3.3168,0.0000,10.2820
togo,Double dose,2033,4.9752,0.0000,13.5988
togo,Double dose,2034,9.1211,1.4925,22.0565
togo,Double dose,2035,14.0963,4.6435,33.6652
togo,Double dose,2036,20.7298,7.9602,43.7814
togo,Double dose,2037,29.0217,11.1112,55.3901
togo,Double dose,2038,40.6304,17.4130,70.3155
togo,Double dose,2039,53.8975,25.5391,91.8745
togo,Double dose,2040,68.8230,33.6652,111.9410
togo,Double dose,2041,82.0901,41.7913,135.6559
togo,Double dose,2042,101.1615,54.8925,162.3559
togo,Double dose,2043,125.2081,73.1348,190.5484
togo,Double dose,2044,153.4006,91.2112,225.5404
togo,Double dose,2045,182.4224,111.1118,265.8391
togo,Double dose,2046,213.1025,130.6807,305.8062
togo,Double dose,2047,244.6118,150.5814,347.7634
togo,Double dose,2048,280.2671,176.7838,392.7056
togo,Double dose,2049,315.0932,204.9764,441.1304
togo,Double dose,2050,358.2112,234.4956,502.4907
togo,Double dose,2051,404.6460,267.1658,560.8658
togo,Double dose,2052,451.0807,303.3186,617.5826
togo,Double dose,2053,502.4907,346.2708,676.1236
togo,Double dose,2054,554.7298,384.0820,737.4838
togo,Double dose,2055,606.9689,430.5168,801.0000
togo,Double dose,2056,660.8665,475.1273,869.1596
togo,Double dose,2057,710.6180,516.5869,935.8267
togo,Double dose,2058,762.0279,562.1925,1004.3180
togo,Double dose,2059,821.7298,606.1397,1082.2621
togo,Double dose,2060,882.2609,655.7255,1152.0801
togo,Double dose,2061,946.1087,703.1553,1226.8733
togo,Double dose,2062,1009.9565,752.4093,1304.8174
togo,Double dose,2063,1069.6584,800.1708,1380.2739
togo,Double dose,2064,1132.6770,852.4099,1453.9062
togo,Double dose,2065,1192.3789,897.0205,1529.0310
togo,Double dose,2066,1254.5683,944.7820,1607.3068
togo,Double dose,2067,1312.6118,992.8751,1678.7832
togo,Double dose,2068,1372.3136,1040.6366,1749.9279
togo,Double dose,2069,1428.6987,1089.3932,1818.9167
togo,Double dose,2070,1483.4254,1125.3801,1890.7248
togo,Double dose,2071,1543.9565,1168.1664,1963.6937
togo,Double dose,2072,1602.0000,1216.2596,2035.1701
togo,Double dose,2073,1655.8975,1259.2118,2103.6614
togo,Double dose,2074,1709.7950,1302.3298,2166.8459
togo,Double dose,2075,1757.0590,1341.9652,2228.3720
togo,Double dose,2076,1805.9813,1382.9273,2291.7223
togo,Double dose,2077,1854.0745,1420.7385,2349.7658
togo,Double dose,2078,1894.7049,1453.5745,2402.9999
togo,Double dose,2079,1934.5062,1485.0838,2458.2241
togo,Double dose,2080,1975.1366,1514.4373,2506.3173
togo,Double dose,2081,2011.6211,1542.2981,2549.6012
togo,Double dose,2082,2044.7888,1568.3348,2596.2018
togo,Double dose,2083,2077.9565,1589.8938,2642.6366
togo,Double dose,2084,2103.6615,1612.9453,2679.2869
togo,Double dose,2085,2130.1956,1631.0217,2719.5856
togo,Double dose,2086,2154.2422,1647.2739,2754.7434
togo,Double dose,2087,2179.1180,1660.3751,2786.2527
togo,Double dose,2088,2203.9938,1673.4764,2818.0937
togo,Double dose,2089,2221.4068,1686.7435,2844.7937
togo,Double dose,2090,2239.6490,1696.6938,2868.1769
togo,Double dose,2091,2253.7453,1707.9708,2891.8918
togo,Double dose,2092,2265.3540,1714.6043,2908.6415
togo,Double dose,2093,2278.6211,1721.2379,2927.2154
togo,Double dose,2094,2289.4006,1726.2130,2942.3068
togo,Double dose,2095,2297.6925,1731.0223,2957.2322
togo,Double dose,2096,2304.3261,1734.3391,2967.1825
togo,Double dose,2097,2309.3012,1735.9975,2975.4745
togo,Double dose,2098,2313.4472,1737.6559,2982.2738
togo,Double dose,2099,2317.5931,1739.1484,2988.9074
togo,Double dose,2100,2319.2515,1739.1484,2992.3900
togo,Double dose,2101,2320.9099,1739.1484,2995.7067
togo,Double dose,2102,2320.9099,1739.1484,2997.5310
togo,Double dose,2103,2322.5683,1739.1484,3002.5061
togo,Double dose,2104,2322.5683,1739.1484,3004.1645
togo,Double dose,2105,2322.5683,1739.1484,3007.4813
togo,Double dose,2106,2322.5683,1739.1484,3009.1397
togo,Double dose,2107,2322.5683,1739.1484,3010.7981
togo,Double dose,2108,2322.5683,1739.1484,3012.4564
togo,Double dose,2109,2322.5683,1739.1484,3012.4564
togo,Double dose,2110,2322.5683,1739.1484,3012.4564
togo,Double dose,2111,2322.5683,1739.1484,3012.4564
togo,Double dose,2112,2322.5683,1739.1484,3012.4564
togo,Double dose,2113,2322.5683,1739.1484,3012.4564
togo,Double dose,2114,2322.5683,1739.1484,3012.4564
togo,Double dose,2115,2322.5683,1739.1484,3012.4564
togo,Double dose,2116,2322.5683,1739.1484,3012.4564
togo,Double dose,2117,2322.5683,1739.1484,3012.4564
togo,Double dose,2118,2322.5683,1739.1484,3012.4564
togo,Double dose,2119,2322.5683,1739.1484,3012.4564
togo,Double dose,2120,2322.5683,1739.1484,3012.4564
togo,Double dose,2121,2322.5683,1739.1484,3012.4564
togo,Double dose,2122,2322.5683,1739.1484,3012.4564
togo,Double dose,2123,2322.5683,1739.1484,3012.4564
togo,Double dose,2124,2322.5683,1739.1484,3012.4564
togo,Double dose,2125,2322.5683,1739.1484,3012.4564
zambia,No vaccination,2024,0.0000,0.0000,0.0000
zambia,No vaccination,2025,0.0000,0.0000,0.0000
zambia,No vaccination,2026,0.0000,0.0000,0.3105
zambia,No vaccination,2027,1.5523,0.0000,6.5195
zambia,No vaccination,2028,4.6568,2.7941,18.9375
zambia,No vaccination,2029,13.9703,5.8986,34.7705
zambia,No vaccination,2030,29.4928,11.7971,54.0185
zambia,No vaccination,2031,54.3289,24.2152,94.6876
zambia,No vaccination,2032,88.4785,45.6363,150.8792
zambia,No vaccination,2033,141.2552,73.5769,219.7993
zambia,No vaccination,2034,215.7634,135.6671,307.0360
zambia,No vaccination,2035,312.0033,205.5186,425.0074
zambia,No vaccination,2036,450.1539,310.7615,586.4419
zambia,No vaccination,2037,619.3497,440.2195,785.4411
zambia,No vaccination,2038,830.4564,615.9348,1041.8736
zambia,No vaccination,2039,1103.6533,832.3192,1349.2201
zambia,No vaccination,2040,1415.6566,1101.7906,1719.5880
zambia,No vaccination,2041,1797.5112,1411.3103,2144.5954
zambia,No vaccination,2042,2216.6200,1779.5051,2641.6272
zambia,No vaccination,2043,2714.8937,2207.6169,3185.2267
zambia,No vaccination,2044,3278.3620,2688.1949,3811.7166
zambia,No vaccination,2045,3891.5025,3222.4809,4520.1654
zambia,No vaccination,2046,4582.2556,3798.0568,5273.9401
zambia,No vaccination,2047,5308.7106,4459.0067,6118.9873
zambia,No vaccination,2048,6177.9729,5214.0232,7076.4177
zambia,No vaccination,2049,7087.5939,5946.0663,8098.7325
zambia,No vaccination,2050,8056.2006,6871.5203,9136.5698
zambia,No vaccination,2051,9082.2408,7835.1598,10285.2384
zambia,No vaccination,2052,10218.4915,8852.5072,11494.1349
zambia,No vaccination,2053,11393.5486,9907.4194,12769.4680
zambia,No vaccination,2054,12663.2936,11094.2737,14174.8807
zambia,No vaccination,2055,14018.4130,12361.2247,15628.1030
zambia,No vaccination,2056,15443.3842,13671.9494,17169.8042
zambia,No vaccination,2057,16916.4755,15071.4635,18789.1185
zambia,No vaccination,2058,18457.8662,16457.6281,20536.3391
zambia,No vaccination,2059,20098.6017,17942.5165,22298.1509
zambia,No vaccination,2060,21838.6819,19517.7466,24164.8954
zambia,No vaccination,2061,23631.5390,21193.8736,26071.6882
zambia,No vaccination,2062,25470.9640,22904.4609,28069.7540
zambia,No vaccination,2063,27315.0457,24598.2837,30047.9511
zambia,No vaccination,2064,29235.1882,26394.5558,32102.8294
zambia,No vaccination,2065,31183.2713,28235.5330,34245.2547
zambia,No vaccination,2066,33194.9969,30105.3822,36373.7090
zambia,No vaccination,2067,35223.7967,31991.0641,38526.3787
zambia,No vaccination,2068,37255.7013,33931.3858,40754.7986
zambia,No vaccination,2069,39301.5765,35833.8326,42956.2094
zambia,No vaccination,2070,41316.4065,37773.8440,45055.7916
zambia,No vaccination,2071,43250.5192,39639.6574,47169.0348
zambia,No vaccination,2072,45218.7817,41502.6765,49284.1404
zambia,No vaccination,2073,47142.0286,43326.5788,51257.3702
zambia,No vaccination,2074,49009.3942,45102.0506,53302.9345
zambia,No vaccination,2075,50845.7146,46851.4443,55203.2081
zambia,No vaccination,2076,52616.8400,48483.7976,57124.9025
zambia,No vaccination,2077,54341.3976,50088.2102,58905.3415
zambia,No vaccination,2078,55944.8788,51623.3919,60613.1345
zambia,No vaccination,2079,57478.5083,53052.3990,62250.4550
zambia,No vaccination,2080,58957.8086,54420.5573,63830.6523
zambia,No vaccination,2081,60336.2119,55664.8453,65310.5736
zambia,No vaccination,2082,61643.2112,56878.7090,66670.9706
zambia,No vaccination,2083,62874.1497,58015.8910,67975.4863
zambia,No vaccination,2084,64002.6391,59080.1167,69194.0067
zambia,No vaccination,2085,65050.4110,60069.5236,70330.2573
zambia,No vaccination,2086,66017.4654,60962.0698,71351.9511
zambia,No vaccination,2087,66878.9665,61781.3496,72308.7607
zambia,No vaccination,2088,67665.9594,62537.2974,73143.8735
zambia,No vaccination,2089,68400.1756,63200.4204,73965.0159
zambia,No vaccination,2090,69066.0927,63824.1162,74682.7783
zambia,No vaccination,2091,69659.0539,64365.2321,75305.8532
zambia,No vaccination,2092,70196.1339,64846.4310,75892.9158
zambia,No vaccination,2093,70660.2580,65268.0233,76408.2643
zambia,No vaccination,2094,71063.8442,65627.8360,76862.4540
zambia,No vaccination,2095,71420.8628,65930.5257,77266.6611
zambia,No vaccination,2096,71718.8958,66190.9941,77607.2258
zambia,No vaccination,2097,71964.1521,66417.0024,77902.4647
zambia,No vaccination,2098,72186.1246,66621.2792,78163.5540
zambia,No vaccination,2099,72378.6042,66795.1318,78389.8728
zambia,No vaccination,2100,72543.1433,66938.8706,78573.3493
zambia,No vaccination,2101,72673.5327,67041.0090,78738.5093
zambia,No vaccination,2102,72779.0860,67133.8338,78868.8987
zambia,No vaccination,2103,72864.4600,67204.6166,78975.3834
zambia,No vaccination,2104,72924.9980,67253.9783,79065.4142
zambia,No vaccination,2105,72980.8792,67291.2325,79130.9193
zambia,No vaccination,2106,73018.1333,67318.5522,79186.8005
zambia,No vaccination,2107,73050.7306,67336.8688,79230.2636
zambia,No vaccination,2108,73069.3577,67348.6659,79255.0997
zambia,No vaccination,2109,73084.8803,67357.6690,79277.1417
zambia,No vaccination,2110,73094.1938,67360.7735,79292.6643
zambia,No vaccination,2111,73100.4028,67360.7735,79305.0823
zambia,No vaccination,2112,73103.5073,67360.7735,79314.3959
zambia,No vaccination,2113,73106.6118,67360.7735,79323.7094
zambia,No vaccination,2114,73106.6118,67360.7735,79327.1244
zambia,No vaccination,2115,73106.6118,67360.7735,79330.2289
zambia,No vaccination,2116,73106.6118,67360.7735,79330.2289
zambia,No vaccination,2117,73106.6118,67360.7735,79330.2289
zambia,No vaccination,2118,73106.6118,67360.7735,79330.2289
zambia,No vaccination,2119,73106.6118,67360.7735,79330.2289
zambia,No vaccination,2120,73106.6118,67360.7735,79330.2289
zambia,No vaccination,2121,73106.6118,67360.7735,79330.2289
zambia,No vaccination,2122,73106.6118,67360.7735,79330.2289
zambia,No vaccination,2123,73106.6118,67360.7735,79330.2289
zambia,No vaccination,2124,73106.6118,67360.7735,79330.2289
zambia,No vaccination,2125,73106.6118,67360.7735,79330.2289
zambia,Single dose shipments,2024,0.0000,0.0000,0.0000
zambia,Single dose shipments,2025,0.0000,0.0000,0.0000
zambia,Single dose shipments,2026,0.0000,0.0000,0.0000
zambia,Single dose shipments,2027,0.0000,0.0000,3.4150
zambia,Single dose shipments,2028,3.1045,0.0000,9.6240
zambia,Single dose shipments,2029,6.2090,0.0000,16.1435
zambia,Single dose shipments,2030,9.3135,0.0000,25.7674
zambia,Single dose shipments,2031,15.5226,3.1045,38.1855
zambia,Single dose shipments,2032,27.9406,11.7971,56.8125
zambia,Single dose shipments,2033,43.4631,20.4898,78.5441
zambia,Single dose shipments,2034,58.9857,29.8033,110.5206
zambia,Single dose shipments,2035,83.8218,44.7049,142.1866
zambia,Single dose shipments,2036,116.4191,63.0216,185.9602
zambia,Single dose shipments,2037,156.7778,90.3412,242.1518
zambia,Single dose shipments,2038,208.0022,118.2818,314.1764
zambia,Single dose shipments,2039,263.8834,157.0882,388.6847
zambia,Single dose shipments,2040,338.3916,208.9335,485.2349
zambia,Single dose shipments,2041,414.4521,264.1938,595.7555
zambia,Single dose shipments,2042,512.2441,340.8752,723.0404
zambia,Single dose shipments,2043,622.4542,424.6970,866.1583
zambia,Single dose shipments,2044,735.7689,516.9009,1027.9033
zambia,Single dose shipments,2045,877.0241,624.9379,1205.4813
zambia,Single dose shipments,2046,1030.6973,708.1387,1407.5849
zambia,Single dose shipments,2047,1199.8931,837.2863,1623.3483
zambia,Single dose shipments,2048,1383.0592,970.7803,1869.8465
zambia,Single dose shipments,2049,1581.7479,1124.7640,2113.2401
zambia,Single dose shipments,2050,1819.2429,1305.7569,2392.3355
zambia,Single dose shipments,2051,2070.7083,1509.1023,2685.4012
zambia,Single dose shipments,2052,2340.8006,1700.9611,3015.1002
zambia,Single dose shipments,2053,2620.2065,1933.1784,3379.2591
zambia,Single dose shipments,2054,2963.2549,2167.2585,3756.1466
zambia,Single dose shipments,2055,3292.3329,2454.7361,4201.3332
zambia,Single dose shipments,2056,3666.4263,2764.5662,4661.1110
zambia,Single dose shipments,2057,4043.6242,3102.9577,5182.6685
zambia,Single dose shipments,2058,4482.9122,3505.3021,5718.1963
zambia,Single dose shipments,2059,4961.0066,3894.2972,6286.0109
zambia,Single dose shipments,2060,5485.6686,4352.8331,6900.0827
zambia,Single dose shipments,2061,6039.8234,4853.2800,7534.0234
zambia,Single dose shipments,2062,6640.5459,5377.6315,8208.9436
zambia,Single dose shipments,2063,7262.9999,5958.4851,8932.9149
zambia,Single dose shipments,2064,7949.0963,6547.7209,9681.1015
zambia,Single dose shipments,2065,8673.9990,7162.1032,10477.4079
zambia,Single dose shipments,2066,9415.9765,7813.7395,11308.4848
zambia,Single dose shipments,2067,10204.5217,8520.0152,12212.2071
zambia,Single dose shipments,2068,10974.4397,9244.2970,13137.3506
zambia,Single dose shipments,2069,11828.1795,9988.7582,14085.4675
zambia,Single dose shipments,2070,12675.7103,10739.4283,15077.0475
zambia,Single dose shipments,2071,13597.7493,11495.3761,16035.4093
zambia,Single dose shipments,2072,14480.9819,12294.1661,17019.5384
zambia,Single dose shipments,2073,15364.2146,13053.5289,17991.5602
zambia,Single dose shipments,2074,16289.3581,13864.4265,18984.6925
zambia,Single dose shipments,2075,17192.7701,14675.6345,19932.8094
zambia,Single dose shipments,2076,18105.4956,15494.9143,20911.0400
zambia,Single dose shipments,2077,19002.6985,16282.2176,21892.6857
zambia,Single dose shipments,2078,19868.8563,17089.0794,22858.8087
zambia,Single dose shipments,2079,20705.5213,17849.9944,23849.4576
zambia,Single dose shipments,2080,21523.5593,18603.7690,24756.2845
zambia,Single dose shipments,2081,22285.7161,19316.8746,25613.4393
zambia,Single dose shipments,2082,23064.9477,19995.5202,26442.9639
zambia,Single dose shipments,2083,23785.1937,20647.4670,27238.3389
zambia,Single dose shipments,2084,24460.4243,21264.0224,27993.0449
zambia,Single dose shipments,2085,25095.2963,21878.4047,28702.4251
zambia,Single dose shipments,2086,25686.7052,22402.7563,29330.1568
zambia,Single dose shipments,2087,26226.8898,22889.5433,29929.6374
zambia,Single dose shipments,2088,26756.2085,23326.6582,30510.8015
zambia,Single dose shipments,2089,27234.3029,23770.9134,31029.5649
zambia,Single dose shipments,2090,27659.6207,24152.7681,31478.1665
zambia,Single dose shipments,2091,28046.1321,24506.0613,31907.8305
zambia,Single dose shipments,2092,28406.2552,24813.0973,32296.5151
zambia,Single dose shipments,2093,28727.5720,25080.0852,32651.3606
zambia,Single dose shipments,2094,29003.8734,25318.8220,32950.6353
zambia,Single dose shipments,2095,29253.7864,25536.1377,33236.5607
zambia,Single dose shipments,2096,29461.7886,25708.4380,33479.3334
zambia,Single dose shipments,2097,29623.2231,25866.4576,33682.6788
zambia,Single dose shipments,2098,29781.5532,25996.5366,33863.6718
zambia,Single dose shipments,2099,29915.0471,26101.1585,34031.6258
zambia,Single dose shipments,2100,30031.4662,26202.6760,34165.1197
zambia,Single dose shipments,2101,30121.4970,26273.1484,34270.9835
zambia,Single dose shipments,2102,30194.4530,26328.7191,34358.2202
zambia,Single dose shipments,2103,30258.0954,26380.8749,34439.2479
zambia,Single dose shipments,2104,30296.9018,26405.7110,34504.4426
zambia,Single dose shipments,2105,30334.1559,26430.5471,34551.6312
zambia,Single dose shipments,2106,30365.2010,26449.1741,34595.0943
zambia,Single dose shipments,2107,30386.9326,26461.2817,34627.0708
zambia,Single dose shipments,2108,30397.7984,26467.1803,34645.6979
zambia,Single dose shipments,2109,30407.1119,26470.2848,34661.8413
zambia,Single dose shipments,2110,30413.3209,26470.2848,34674.5698
zambia,Single dose shipments,2111,30416.4255,26473.3893,34680.7788
zambia,Single dose shipments,2112,30419.5300,26473.3893,34686.9878
zambia,Single dose shipments,2113,30419.5300,26473.3893,34690.4028
zambia,Single dose shipments,2114,30419.5300,26473.3893,34693.5073
zambia,Single dose shipments,2115,30419.5300,26473.3893,34693.5073
zambia,Single dose shipments,2116,30419.5300,26473.3893,34693.5073
zambia,Single dose shipments,2117,30419.5300,26473.3893,34693.5073
zambia,Single dose shipments,2118,30419.5300,26473.3893,34693.5073
zambia,Single dose shipments,2119,30419.5300,26473.3893,34693.5073
zambia,Single dose shipments,2120,30419.5300,26473.3893,34693.5073
zambia,Single dose shipments,2121,30419.5300,26473.3893,34693.5073
zambia,Single dose shipments,2122,30419.5300,26473.3893,34693.5073
zambia,Single dose shipments,2123,30419.5300,26473.3893,34693.5073
zambia,Single dose shipments,2124,30419.5300,26473.3893,34693.5073
zambia,Single dose shipments,2125,30419.5300,26473.3893,34693.5073
zambia,Single dose actual,2024,0.0000,0.0000,0.0000
zambia,Single dose actual,2025,0.0000,0.0000,0.0000
zambia,Single dose actual,2026,0.0000,0.0000,0.0000
zambia,Single dose actual,2027,0.0000,0.0000,3.1045
zambia,Single dose actual,2028,3.1045,0.0000,9.3135
zambia,Single dose actual,2029,9.3135,0.0000,21.7316
zambia,Single dose actual,2030,15.5226,2.7941,34.1496
zambia,Single dose actual,2031,24.8361,8.6926,49.9826
zambia,Single dose actual,2032,40.3586,14.9016,72.0246
zambia,Single dose actual,2033,71.4037,27.0092,115.7982
zambia,Single dose actual,2034,105.5533,54.0185,168.5749
zambia,Single dose actual,2035,155.2255,90.9621,237.4950
zambia,Single dose actual,2036,221.9725,133.1835,315.4182
zambia,Single dose actual,2037,296.4807,188.4438,428.7328
zambia,Single dose actual,2038,403.5863,259.5370,553.2237
zambia,Single dose actual,2039,523.1099,361.3650,696.3416
zambia,Single dose actual,2040,670.5742,475.6109,883.2331
zambia,Single dose actual,2041,824.2474,596.6868,1079.1277
zambia,Single dose actual,2042,1021.3838,754.0855,1343.3215
zambia,Single dose actual,2043,1229.3860,940.6665,1593.8554
zambia,Single dose actual,2044,1474.6423,1123.5222,1902.7542
zambia,Single dose actual,2045,1769.5708,1333.3871,2239.5935
zambia,Single dose actual,2046,2056.7379,1544.1833,2573.0178
zambia,Single dose actual,2047,2379.6069,1822.3474,2952.3889
zambia,Single dose actual,2048,2739.7301,2098.3384,3384.8470
zambia,Single dose actual,2049,3134.0027,2421.5178,3848.9711
zambia,Single dose actual,2050,3567.0818,2787.2291,4358.1106
zambia,Single dose actual,2051,4035.8626,3160.3911,4878.7367
zambia,Single dose actual,2052,4532.5841,3575.1535,5459.2799
zambia,Single dose actual,2053,5068.1119,4023.4446,6099.7400
zambia,Single dose actual,2054,5631.5802,4541.5872,6740.8210
zambia,Single dose actual,2055,6243.1684,5057.8670,7412.0158
zambia,Single dose actual,2056,6915.2945,5618.5413,8146.8529
zambia,Single dose actual,2057,7596.7341,6253.4133,8967.9954
zambia,Single dose actual,2058,8340.2639,6891.0794,9765.8540
zambia,Single dose actual,2059,9150.5406,7568.7936,10650.0181
zambia,Single dose actual,2060,10004.2804,8327.8459,11586.0274
zambia,Single dose actual,2061,10865.7815,9105.8357,12577.2970
zambia,Single dose actual,2062,11831.2836,9910.8348,13627.5524
zambia,Single dose actual,2063,12804.5470,10810.8317,14754.7999
zambia,Single dose actual,2064,13852.3188,11709.2766,15904.0895
zambia,Single dose actual,2065,14865.9408,12659.8771,17022.6444
zambia,Single dose actual,2066,15974.2507,13662.3228,18184.0416
zambia,Single dose actual,2067,17105.8444,14697.3660,19401.0097
zambia,Single dose actual,2068,18259.1698,15765.6275,20645.6081
zambia,Single dose actual,2069,19468.3767,16877.3524,21926.8399
zambia,Single dose actual,2070,20669.8222,17957.4112,23226.6988
zambia,Single dose actual,2071,21889.8949,19046.1626,24532.4563
zambia,Single dose actual,2072,23147.2218,20165.3383,25879.5039
zambia,Single dose actual,2073,24382.8171,21274.8900,27212.2708
zambia,Single dose actual,2074,25618.4124,22403.0689,28531.6882
zambia,Single dose actual,2075,26790.3650,23502.0652,29789.9464
zambia,Single dose actual,2076,27940.5859,24534.6249,31022.4372
zambia,Single dose actual,2077,29086.1500,25601.0238,32245.6144
zambia,Single dose actual,2078,30183.5941,26620.5444,33465.9975
zambia,Single dose actual,2079,31268.6201,27586.9779,34631.7410
zambia,Single dose actual,2080,32303.9737,28516.1574,35737.5674
zambia,Single dose actual,2081,33284.9985,29436.6441,36762.0553
zambia,Single dose actual,2082,34210.1420,30246.6103,37756.1190
zambia,Single dose actual,2083,35088.7178,31012.8030,38731.2453
zambia,Single dose actual,2084,35912.9648,31794.2077,39684.6398
zambia,Single dose actual,2085,36682.8829,32494.8953,40543.3468
zambia,Single dose actual,2086,37396.9199,33179.7499,41363.2475
zambia,Single dose actual,2087,38055.0757,33794.1322,42092.4965
zambia,Single dose actual,2088,38657.3504,34352.6333,42727.6790
zambia,Single dose actual,2089,39227.0277,34885.9879,43327.4701
zambia,Single dose actual,2090,39739.2717,35347.0075,43899.3206
zambia,Single dose actual,2091,40195.6345,35768.5999,44398.5256
zambia,Single dose actual,2092,40583.6982,36124.3767,44877.5514
zambia,Single dose actual,2093,40959.3439,36465.5623,45294.7974
zambia,Single dose actual,2094,41288.4219,36758.0071,45645.9174
zambia,Single dose actual,2095,41563.1710,37011.0247,45972.2014
zambia,Single dose actual,2096,41813.0841,37235.7912,46255.0223
zambia,Single dose actual,2097,42021.0863,37412.4379,46495.6218
zambia,Single dose actual,2098,42201.1479,37561.4544,46703.9345
zambia,Single dose actual,2099,42361.0301,37682.5302,46890.5155
zambia,Single dose actual,2100,42488.3150,37793.3612,47051.9501
zambia,Single dose actual,2101,42593.8684,37886.4965,47185.7544
zambia,Single dose actual,2102,42682.3469,37950.7599,47300.6213
zambia,Single dose actual,2103,42756.8551,38009.7456,47394.0670
zambia,Single dose actual,2104,42806.5273,38049.1729,47460.1931
zambia,Single dose actual,2105,42849.9904,38079.5971,47516.3847
zambia,Single dose actual,2106,42879.4833,38101.0182,47557.3643
zambia,Single dose actual,2107,42904.3194,38116.5407,47595.2393
zambia,Single dose actual,2108,42921.3942,38128.3379,47620.3858
zambia,Single dose actual,2109,42930.7077,38133.9260,47639.0129
zambia,Single dose actual,2110,42940.0212,38137.0305,47651.4309
zambia,Single dose actual,2111,42943.1258,38137.0305,47660.7445
zambia,Single dose actual,2112,42946.2303,38137.0305,47670.0580
zambia,Single dose actual,2113,42949.3348,38137.0305,47676.2670
zambia,Single dose actual,2114,42949.3348,38137.0305,47679.3715
zambia,Single dose actual,2115,42949.3348,38137.0305,47679.6820
zambia,Single dose actual,2116,42949.3348,38137.0305,47679.6820
zambia,Single dose actual,2117,42949.3348,38137.0305,47679.6820
zambia,Single dose actual,2118,42949.3348,38137.0305,47679.6820
zambia,Single dose actual,2119,42949.3348,38137.0305,47679.6820
zambia,Single dose actual,2120,42949.3348,38137.0305,47679.6820
zambia,Single dose actual,2121,42949.3348,38137.0305,47679.6820
zambia,Single dose actual,2122,42949.3348,38137.0305,47679.6820
zambia,Single dose actual,2123,42949.3348,38137.0305,47679.6820
zambia,Single dose actual,2124,42949.3348,38137.0305,47679.6820
zambia,Single dose actual,2125,42949.3348,38137.0305,47679.6820
zambia,Double dose,2024,0.0000,0.0000,0.0000
zambia,Double dose,2025,0.0000,0.0000,0.0000
zambia,Double dose,2026,0.0000,0.0000,0.3105
zambia,Double dose,2027,0.0000,0.0000,3.7254
zambia,Double dose,2028,1.5523,0.0000,9.9344
zambia,Double dose,2029,7.7613,0.0000,22.6629
zambia,Double dose,2030,13.9703,3.1045,38.1855
zambia,Double dose,2031,27.9406,9.3135,69.2306
zambia,Double dose,2032,49.6722,18.6271,94.6876
zambia,Double dose,2033,77.6128,36.9437,135.3566
zambia,Double dose,2034,121.0759,67.3679,197.4468
zambia,Double dose,2035,175.4048,100.2757,275.3700
zambia,Double dose,2036,249.9131,158.9509,368.8158
zambia,Double dose,2037,336.8393,232.8383,490.8230
zambia,Double dose,2038,456.3630,325.3526,639.8395
zambia,Double dose,2039,597.6182,442.0822,818.3488
zambia,Double dose,2040,762.1572,572.1612,1023.2465
zambia,Double dose,2041,956.1891,714.6582,1258.2580
zambia,Double dose,2042,1161.0868,899.6870,1503.5142
zambia,Double dose,2043,1393.9250,1097.7548,1785.7142
zambia,Double dose,2044,1677.9877,1333.6976,2103.3056
zambia,Double dose,2045,1983.7819,1585.1629,2497.5782
zambia,Double dose,2046,2314.4122,1894.3721,2886.2628
zambia,Double dose,2047,2688.5056,2182.7810,3293.2640
zambia,Double dose,2048,3085.8828,2528.6234,3781.6033
zambia,Double dose,2049,3517.4096,2898.6809,4295.0890
zambia,Double dose,2050,4000.1607,3282.3983,4838.3781
zambia,Double dose,2051,4507.7479,3712.9937,5457.4171
zambia,Double dose,2052,5080.5298,4156.0072,6114.6416
zambia,Double dose,2053,5668.8342,4646.2091,6790.8035
zambia,Double dose,2054,6326.9900,5225.2000,7486.5239
zambia,Double dose,2055,6997.5639,5829.0270,8243.4031
zambia,Double dose,2056,7727.1234,6440.3047,9087.8293
zambia,Double dose,2057,8523.4298,7163.6552,9986.8949
zambia,Double dose,2058,9360.0948,7908.4268,10885.9607
zambia,Double dose,2059,10240.2229,8686.7271,11865.1227
zambia,Double dose,2060,11215.0386,9499.4873,12945.4920
zambia,Double dose,2061,12191.4066,10386.1350,14007.8549
zambia,Double dose,2062,13237.6263,11306.9322,15139.7594
zambia,Double dose,2063,14319.5477,12290.7509,16268.2486
zambia,Double dose,2064,15474.4254,13305.9254,17490.1840
zambia,Double dose,2065,16651.0348,14390.0202,18754.0304
zambia,Double dose,2066,17861.7939,15538.6889,20080.2777
zambia,Double dose,2067,19114.4640,16666.2469,21417.7014
zambia,Double dose,2068,20357.8206,17776.4194,22735.5665
zambia,Double dose,2069,21650.8496,18974.4500,24125.4565
zambia,Double dose,2070,22956.2966,20169.6865,25615.9331
zambia,Double dose,2071,24257.0869,21451.5391,27011.4113
zambia,Double dose,2072,25564.0862,22676.8895,28400.9909
zambia,Double dose,2073,26899.0262,23905.9654,29814.7858
zambia,Double dose,2074,28173.4280,25074.8134,31190.3951
zambia,Double dose,2075,29452.4866,26214.1686,32550.7922
zambia,Double dose,2076,30692.7386,27324.0307,33904.6697
zambia,Double dose,2077,31925.2294,28481.0816,35201.1137
zambia,Double dose,2078,33128.2272,29602.7409,36465.5810
zambia,Double dose,2079,34244.2984,30670.0712,37696.5195
zambia,Double dose,2080,35299.8315,31652.9588,38835.8746
zambia,Double dose,2081,36332.0808,32613.4936,39951.9457
zambia,Double dose,2082,37322.4190,33528.0818,40985.7473
zambia,Double dose,2083,38258.4283,34408.8308,41979.1900
zambia,Double dose,2084,39130.7952,35223.4538,42949.6593
zambia,Double dose,2085,39928.6538,35941.5266,43814.5753
zambia,Double dose,2086,40712.5422,36677.2951,44654.0344
zambia,Double dose,2087,41415.7134,37344.7645,45400.3582
zambia,Double dose,2088,42053.6899,37953.5586,46097.9413
zambia,Double dose,2089,42629.5763,38489.0864,46732.5029
zambia,Double dose,2090,43137.1635,38957.5568,47319.5655
zambia,Double dose,2091,43627.6759,39401.1912,47840.1916
zambia,Double dose,2092,44057.6505,39783.9772,48300.2799
zambia,Double dose,2093,44442.6096,40125.4732,48722.8036
zambia,Double dose,2094,44767.0309,40413.2613,49090.0670
zambia,Double dose,2095,45055.7503,40664.4162,49419.1451
zambia,Double dose,2096,45302.5589,40868.3825,49695.4465
zambia,Double dose,2097,45512.1133,41051.2382,49960.8821
zambia,Double dose,2098,45704.5930,41195.9083,50188.1322
zambia,Double dose,2099,45853.6095,41325.9873,50371.2983
zambia,Double dose,2100,45990.2079,41455.1349,50536.7687
zambia,Double dose,2101,46098.8657,41547.9598,50664.9850
zambia,Double dose,2102,46187.3443,41618.4321,50770.8487
zambia,Double dose,2103,46255.6435,41661.5848,50852.4974
zambia,Double dose,2104,46309.9724,41701.9434,50918.3130
zambia,Double dose,2105,46353.4356,41732.9885,50967.9851
zambia,Double dose,2106,46387.5852,41757.8246,51015.1737
zambia,Double dose,2107,46412.4212,41772.7263,51046.5292
zambia,Double dose,2108,46431.0483,41778.9353,51071.6758
zambia,Double dose,2109,46440.3618,41782.0398,51087.5088
zambia,Double dose,2110,46449.6754,41785.1443,51100.2373
zambia,Double dose,2111,46452.7799,41785.1443,51109.5508
zambia,Double dose,2112,46455.8844,41785.1443,51116.0703
zambia,Double dose,2113,46458.9889,41785.1443,51122.2793
zambia,Double dose,2114,46458.9889,41785.1443,51128.4883
zambia,Double dose,2115,46458.9889,41785.1443,51128.7987
zambia,Double dose,2116,46458.9889,41785.1443,51128.7987
zambia,Double dose,2117,46458.9889,41785.1443,51128.7987
zambia,Double dose,2118,46458.9889,41785.1443,51128.7987
zambia,Double dose,2119,46458.9889,41785.1443,51128.7987
zambia,Double dose,2120,46458.9889,41785.1443,51128.7987
zambia,Double dose,2121,46458.9889,41785.1443,51128.7987
zambia,Double dose,2122,46458.9889,41785.1443,51128.7987
zambia,Double dose,2123,46458.9889,41785.1443,51128.7987
zambia,Double dose,2124,46458.9889,41785.1443,51128.7987
zambia,Double dose,2125,46458.9889,41785.1443,51128.7987
