location,bin_idx,bin_label,run_idx,value
bangladesh,0,0-15,0,0.0000
bangladesh,1,15-20,0,0.0000
bangladesh,2,20-25,0,0.0000
bangladesh,3,25-30,0,0.0000
bangladesh,4,30-35,0,102.2250
bangladesh,5,35-40,0,715.5747
bangladesh,6,40-45,0,1022.2497
bangladesh,7,45-50,0,1328.9247
bangladesh,8,50-55,0,1380.0364
bangladesh,9,55-60,0,1175.5860
bangladesh,10,60-65,0,817.7994
bangladesh,11,65-70,0,408.8996
bangladesh,12,70-75,0,306.6747
bangladesh,13,75-80,0,204.4501
bangladesh,14,80-85,0,153.3373
bangladesh,15,85+,0,0.0000
bangladesh,0,0-15,1,0.0000
bangladesh,1,15-20,1,0.0000
bangladesh,2,20-25,1,0.0000
bangladesh,3,25-30,1,0.0000
bangladesh,4,30-35,1,102.2250
bangladesh,5,35-40,1,715.5747
bangladesh,6,40-45,1,715.5748
bangladesh,7,45-50,1,1277.8122
bangladesh,8,50-55,1,971.1371
bangladesh,9,55-60,1,1175.5865
bangladesh,10,60-65,1,766.6865
bangladesh,11,65-70,1,868.9113
bangladesh,12,70-75,1,255.5621
bangladesh,13,75-80,1,255.5623
bangladesh,14,80-85,1,51.1125
bangladesh,15,85+,1,0.0000
bangladesh,0,0-15,2,0.0000
bangladesh,1,15-20,2,0.0000
bangladesh,2,20-25,2,0.0000
bangladesh,3,25-30,2,51.1125
bangladesh,4,30-35,2,0.0000
bangladesh,5,35-40,2,357.7873
bangladesh,6,40-45,2,766.6872
bangladesh,7,45-50,2,1073.3622
bangladesh,8,50-55,2,1328.9246
bangladesh,9,55-60,2,1124.4739
bangladesh,10,60-65,2,868.9116
bangladesh,11,65-70,2,562.2368
bangladesh,12,70-75,2,562.2367
bangladesh,13,75-80,2,255.5621
bangladesh,14,80-85,2,102.2249
bangladesh,15,85+,2,0.0000
bangladesh,0,0-15,3,0.0000
bangladesh,1,15-20,3,0.0000
bangladesh,2,20-25,3,0.0000
bangladesh,3,25-30,3,0.0000
bangladesh,4,30-35,3,51.1125
bangladesh,5,35-40,3,408.8998
bangladesh,6,40-45,3,817.7997
bangladesh,7,45-50,3,1175.5872
bangladesh,8,50-55,3,1328.9247
bangladesh,9,55-60,3,1380.0361
bangladesh,10,60-65,3,715.5740
bangladesh,11,65-70,3,562.2367
bangladesh,12,70-75,3,511.1243
bangladesh,13,75-80,3,255.5621
bangladesh,14,80-85,3,204.4497
bangladesh,15,85+,3,0.0000
bangladesh,0,0-15,4,0.0000
bangladesh,1,15-20,4,0.0000
bangladesh,2,20-25,4,0.0000
bangladesh,3,25-30,4,0.0000
bangladesh,4,30-35,4,51.1125
bangladesh,5,35-40,4,255.5624
bangladesh,6,40-45,4,817.7997
bangladesh,7,45-50,4,1277.8116
bangladesh,8,50-55,4,1277.8120
bangladesh,9,55-60,4,1328.9241
bangladesh,10,60-65,4,1073.3615
bangladesh,11,65-70,4,613.3494
bangladesh,12,70-75,4,204.4497
bangladesh,13,75-80,4,102.2250
bangladesh,14,80-85,4,51.1124
bangladesh,15,85+,4,51.1125
bangladesh,0,0-15,5,0.0000
bangladesh,1,15-20,5,0.0000
bangladesh,2,20-25,5,0.0000
bangladesh,3,25-30,5,0.0000
bangladesh,4,30-35,5,153.3374
bangladesh,5,35-40,5,204.4499
bangladesh,6,40-45,5,613.3497
bangladesh,7,45-50,5,1380.0371
bangladesh,8,50-55,5,1175.5872
bangladesh,9,55-60,5,1073.3617
bangladesh,10,60-65,5,868.9114
bangladesh,11,65-70,5,562.2367
bangladesh,12,70-75,5,613.3491
bangladesh,13,75-80,5,204.4497
bangladesh,14,80-85,5,0.0000
bangladesh,15,85+,5,51.1124
bangladesh,0,0-15,6,0.0000
bangladesh,1,15-20,6,0.0000
bangladesh,2,20-25,6,0.0000
bangladesh,3,25-30,6,51.1125
bangladesh,4,30-35,6,255.5624
bangladesh,5,35-40,6,204.4499
bangladesh,6,40-45,6,715.5747
bangladesh,7,45-50,6,1380.0372
bangladesh,8,50-55,6,1277.8121
bangladesh,9,55-60,6,1175.5862
bangladesh,10,60-65,6,971.1362
bangladesh,11,65-70,6,664.4615
bangladesh,12,70-75,6,408.8994
bangladesh,13,75-80,6,357.7874
bangladesh,14,80-85,6,255.5623
bangladesh,15,85+,6,0.0000
bangladesh,0,0-15,7,0.0000
bangladesh,1,15-20,7,0.0000
bangladesh,2,20-25,7,0.0000
bangladesh,3,25-30,7,102.2250
bangladesh,4,30-35,7,0.0000
bangladesh,5,35-40,7,460.0123
bangladesh,6,40-45,7,562.2373
bangladesh,7,45-50,7,1226.6997
bangladesh,8,50-55,7,1482.2618
bangladesh,9,55-60,7,1328.9236
bangladesh,10,60-65,7,920.0240
bangladesh,11,65-70,7,562.2368
bangladesh,12,70-75,7,408.8999
bangladesh,13,75-80,7,255.5623
bangladesh,14,80-85,7,153.3374
bangladesh,15,85+,7,153.3373
bangladesh,0,0-15,8,0.0000
bangladesh,1,15-20,8,0.0000
bangladesh,2,20-25,8,0.0000
bangladesh,3,25-30,8,0.0000
bangladesh,4,30-35,8,0.0000
bangladesh,5,35-40,8,255.5624
bangladesh,6,40-45,8,664.4622
bangladesh,7,45-50,8,1226.6997
bangladesh,8,50-55,8,1431.1495
bangladesh,9,55-60,8,1431.1487
bangladesh,10,60-65,8,766.6865
bangladesh,11,65-70,8,613.3492
bangladesh,12,70-75,8,408.8997
bangladesh,13,75-80,8,153.3373
bangladesh,14,80-85,8,153.3374
bangladesh,15,85+,8,0.0000
bangladesh,0,0-15,9,0.0000
bangladesh,1,15-20,9,0.0000
bangladesh,2,20-25,9,0.0000
bangladesh,3,25-30,9,102.2250
bangladesh,4,30-35,9,51.1125
bangladesh,5,35-40,9,511.1248
bangladesh,6,40-45,9,511.1248
bangladesh,7,45-50,9,1175.5872
bangladesh,8,50-55,9,1022.2498
bangladesh,9,55-60,9,1431.1490
bangladesh,10,60-65,9,766.6865
bangladesh,11,65-70,9,562.2367
bangladesh,12,70-75,9,613.3491
bangladesh,13,75-80,9,255.5621
bangladesh,14,80-85,9,102.2249
bangladesh,15,85+,9,102.2249
bangladesh,0,0-15,10,0.0000
bangladesh,1,15-20,10,0.0000
bangladesh,2,20-25,10,0.0000
bangladesh,3,25-30,10,102.2250
bangladesh,4,30-35,10,102.2250
bangladesh,5,35-40,10,664.4622
bangladesh,6,40-45,10,460.0123
bangladesh,7,45-50,10,920.0248
bangladesh,8,50-55,10,971.1371
bangladesh,9,55-60,10,1328.9241
bangladesh,10,60-65,10,715.5743
bangladesh,11,65-70,10,357.7870
bangladesh,12,70-75,10,460.0118
bangladesh,13,75-80,10,306.6746
bangladesh,14,80-85,10,102.2249
bangladesh,15,85+,10,0.0000
bangladesh,0,0-15,11,0.0000
bangladesh,1,15-20,11,0.0000
bangladesh,2,20-25,11,0.0000
bangladesh,3,25-30,11,51.1125
bangladesh,4,30-35,11,102.2250
bangladesh,5,35-40,11,511.1248
bangladesh,6,40-45,11,868.9122
bangladesh,7,45-50,11,1175.5872
bangladesh,8,50-55,11,1584.4870
bangladesh,9,55-60,11,1073.3611
bangladesh,10,60-65,11,1022.2485
bangladesh,11,65-70,11,715.5740
bangladesh,12,70-75,11,562.2367
bangladesh,13,75-80,11,255.5625
bangladesh,14,80-85,11,153.3376
bangladesh,15,85+,11,102.2251
bangladesh,0,0-15,12,0.0000
bangladesh,1,15-20,12,0.0000
bangladesh,2,20-25,12,0.0000
bangladesh,3,25-30,12,0.0000
bangladesh,4,30-35,12,51.1125
bangladesh,5,35-40,12,460.0123
bangladesh,6,40-45,12,971.1372
bangladesh,7,45-50,12,1175.5872
bangladesh,8,50-55,12,971.1373
bangladesh,9,55-60,12,817.7993
bangladesh,10,60-65,12,971.1364
bangladesh,11,65-70,12,511.1243
bangladesh,12,70-75,12,562.2367
bangladesh,13,75-80,12,408.8994
bangladesh,14,80-85,12,102.2249
bangladesh,15,85+,12,153.3373
bangladesh,0,0-15,13,0.0000
bangladesh,1,15-20,13,0.0000
bangladesh,2,20-25,13,0.0000
bangladesh,3,25-30,13,0.0000
bangladesh,4,30-35,13,153.3374
bangladesh,5,35-40,13,204.4499
bangladesh,6,40-45,13,408.8998
bangladesh,7,45-50,13,1328.9246
bangladesh,8,50-55,13,1277.8122
bangladesh,9,55-60,13,1277.8115
bangladesh,10,60-65,13,715.5741
bangladesh,11,65-70,13,817.7990
bangladesh,12,70-75,13,460.0118
bangladesh,13,75-80,13,204.4497
bangladesh,14,80-85,13,153.3373
bangladesh,15,85+,13,51.1124
bangladesh,0,0-15,14,0.0000
bangladesh,1,15-20,14,0.0000
bangladesh,2,20-25,14,0.0000
bangladesh,3,25-30,14,102.2250
bangladesh,4,30-35,14,51.1125
bangladesh,5,35-40,14,153.3374
bangladesh,6,40-45,14,511.1248
bangladesh,7,45-50,14,1328.9246
bangladesh,8,50-55,14,1073.3622
bangladesh,9,55-60,14,971.1370
bangladesh,10,60-65,14,817.7992
bangladesh,11,65-70,14,613.3492
bangladesh,12,70-75,14,306.6746
bangladesh,13,75-80,14,153.3373
bangladesh,14,80-85,14,204.4497
bangladesh,15,85+,14,51.1124
bangladesh,0,0-15,15,0.0000
bangladesh,1,15-20,15,0.0000
bangladesh,2,20-25,15,0.0000
bangladesh,3,25-30,15,0.0000
bangladesh,4,30-35,15,102.2250
bangladesh,5,35-40,15,306.6749
bangladesh,6,40-45,15,357.7874
bangladesh,7,45-50,15,1175.5871
bangladesh,8,50-55,15,1277.8122
bangladesh,9,55-60,15,1124.4745
bangladesh,10,60-65,15,1124.4735
bangladesh,11,65-70,15,613.3491
bangladesh,12,70-75,15,460.0118
bangladesh,13,75-80,15,204.4498
bangladesh,14,80-85,15,102.2249
bangladesh,15,85+,15,153.3374
bangladesh,0,0-15,16,0.0000
bangladesh,1,15-20,16,0.0000
bangladesh,2,20-25,16,0.0000
bangladesh,3,25-30,16,0.0000
bangladesh,4,30-35,16,0.0000
bangladesh,5,35-40,16,408.8998
bangladesh,6,40-45,16,460.0123
bangladesh,7,45-50,16,1277.8121
bangladesh,8,50-55,16,920.0248
bangladesh,9,55-60,16,868.9121
bangladesh,10,60-65,16,868.9118
bangladesh,11,65-70,16,408.8994
bangladesh,12,70-75,16,357.7870
bangladesh,13,75-80,16,255.5621
bangladesh,14,80-85,16,102.2249
bangladesh,15,85+,16,51.1124
bangladesh,0,0-15,17,0.0000
bangladesh,1,15-20,17,0.0000
bangladesh,2,20-25,17,51.1125
bangladesh,3,25-30,17,51.1125
bangladesh,4,30-35,17,51.1125
bangladesh,5,35-40,17,255.5624
bangladesh,6,40-45,17,817.7997
bangladesh,7,45-50,17,1022.2497
bangladesh,8,50-55,17,1124.4744
bangladesh,9,55-60,17,1124.4744
bangladesh,10,60-65,17,1022.2488
bangladesh,11,65-70,17,664.4616
bangladesh,12,70-75,17,664.4617
bangladesh,13,75-80,17,204.4498
bangladesh,14,80-85,17,102.2249
bangladesh,15,85+,17,0.0000
bangladesh,0,0-15,18,0.0000
bangladesh,1,15-20,18,0.0000
bangladesh,2,20-25,18,0.0000
bangladesh,3,25-30,18,102.2250
bangladesh,4,30-35,18,102.2250
bangladesh,5,35-40,18,306.6749
bangladesh,6,40-45,18,357.7873
bangladesh,7,45-50,18,1175.5872
bangladesh,8,50-55,18,1328.9245
bangladesh,9,55-60,18,1175.5867
bangladesh,10,60-65,18,766.6866
bangladesh,11,65-70,18,766.6867
bangladesh,12,70-75,18,460.0126
bangladesh,13,75-80,18,357.7870
bangladesh,14,80-85,18,255.5621
bangladesh,15,85+,18,0.0000
bangladesh,0,0-15,19,0.0000
bangladesh,1,15-20,19,0.0000
bangladesh,2,20-25,19,0.0000
bangladesh,3,25-30,19,0.0000
bangladesh,4,30-35,19,102.2250
bangladesh,5,35-40,19,357.7873
bangladesh,6,40-45,19,562.2373
bangladesh,7,45-50,19,1073.3622
bangladesh,8,50-55,19,1533.3743
bangladesh,9,55-60,19,1124.4741
bangladesh,10,60-65,19,613.3493
bangladesh,11,65-70,19,817.7990
bangladesh,12,70-75,19,408.8995
bangladesh,13,75-80,19,255.5624
bangladesh,14,80-85,19,51.1125
bangladesh,15,85+,19,0.0000
bangladesh,0,0-15,20,0.0000
bangladesh,1,15-20,20,0.0000
bangladesh,2,20-25,20,0.0000
bangladesh,3,25-30,20,0.0000
bangladesh,4,30-35,20,102.2250
bangladesh,5,35-40,20,357.7873
bangladesh,6,40-45,20,562.2373
bangladesh,7,45-50,20,1073.3622
bangladesh,8,50-55,20,1533.3743
bangladesh,9,55-60,20,1124.4741
bangladesh,10,60-65,20,613.3493
bangladesh,11,65-70,20,817.7990
bangladesh,12,70-75,20,408.8995
bangladesh,13,75-80,20,255.5624
bangladesh,14,80-85,20,51.1125
bangladesh,15,85+,20,0.0000
bangladesh,0,0-15,21,0.0000
bangladesh,1,15-20,21,0.0000
bangladesh,2,20-25,21,0.0000
bangladesh,3,25-30,21,0.0000
bangladesh,4,30-35,21,51.1125
bangladesh,5,35-40,21,562.2372
bangladesh,6,40-45,21,255.5624
bangladesh,7,45-50,21,1277.8121
bangladesh,8,50-55,21,1635.5994
bangladesh,9,55-60,21,1175.5864
bangladesh,10,60-65,21,766.6866
bangladesh,11,65-70,21,664.4616
bangladesh,12,70-75,21,408.8994
bangladesh,13,75-80,21,255.5623
bangladesh,14,80-85,21,204.4500
bangladesh,15,85+,21,153.3373
bangladesh,0,0-15,22,0.0000
bangladesh,1,15-20,22,0.0000
bangladesh,2,20-25,22,0.0000
bangladesh,3,25-30,22,0.0000
bangladesh,4,30-35,22,153.3374
bangladesh,5,35-40,22,357.7873
bangladesh,6,40-45,22,460.0123
bangladesh,7,45-50,22,1175.5872
bangladesh,8,50-55,22,1328.9247
bangladesh,9,55-60,22,1022.2493
bangladesh,10,60-65,22,766.6865
bangladesh,11,65-70,22,715.5741
bangladesh,12,70-75,22,715.5740
bangladesh,13,75-80,22,408.8995
bangladesh,14,80-85,22,51.1125
bangladesh,15,85+,22,51.1125
bangladesh,0,0-15,23,0.0000
bangladesh,1,15-20,23,0.0000
bangladesh,2,20-25,23,0.0000
bangladesh,3,25-30,23,51.1125
bangladesh,4,30-35,23,0.0000
bangladesh,5,35-40,23,306.6749
bangladesh,6,40-45,23,357.7873
bangladesh,7,45-50,23,868.9123
bangladesh,8,50-55,23,1226.6997
bangladesh,9,55-60,23,1226.6993
bangladesh,10,60-65,23,766.6868
bangladesh,11,65-70,23,460.0118
bangladesh,12,70-75,23,306.6746
bangladesh,13,75-80,23,255.5621
bangladesh,14,80-85,23,51.1124
bangladesh,15,85+,23,102.2249
bangladesh,0,0-15,24,0.0000
bangladesh,1,15-20,24,0.0000
bangladesh,2,20-25,24,0.0000
bangladesh,3,25-30,24,0.0000
bangladesh,4,30-35,24,0.0000
bangladesh,5,35-40,24,153.3374
bangladesh,6,40-45,24,715.5747
bangladesh,7,45-50,24,1175.5872
bangladesh,8,50-55,24,1073.3622
bangladesh,9,55-60,24,1226.6992
bangladesh,10,60-65,24,664.4619
bangladesh,11,65-70,24,357.7871
bangladesh,12,70-75,24,460.0118
bangladesh,13,75-80,24,357.7872
bangladesh,14,80-85,24,0.0000
bangladesh,15,85+,24,102.2250
bangladesh,0,0-15,25,0.0000
bangladesh,1,15-20,25,0.0000
bangladesh,2,20-25,25,0.0000
bangladesh,3,25-30,25,51.1125
bangladesh,4,30-35,25,153.3374
bangladesh,5,35-40,25,562.2373
bangladesh,6,40-45,25,920.0247
bangladesh,7,45-50,25,1022.2498
bangladesh,8,50-55,25,1328.9244
bangladesh,9,55-60,25,1482.2609
bangladesh,10,60-65,25,868.9115
bangladesh,11,65-70,25,562.2372
bangladesh,12,70-75,25,817.7994
bangladesh,13,75-80,25,357.7871
bangladesh,14,80-85,25,255.5624
bangladesh,15,85+,25,51.1125
bangladesh,0,0-15,26,0.0000
bangladesh,1,15-20,26,0.0000
bangladesh,2,20-25,26,0.0000
bangladesh,3,25-30,26,0.0000
bangladesh,4,30-35,26,51.1125
bangladesh,5,35-40,26,255.5624
bangladesh,6,40-45,26,766.6872
bangladesh,7,45-50,26,1226.6996
bangladesh,8,50-55,26,1584.4867
bangladesh,9,55-60,26,920.0242
bangladesh,10,60-65,26,1073.3614
bangladesh,11,65-70,26,460.0118
bangladesh,12,70-75,26,613.3492
bangladesh,13,75-80,26,255.5624
bangladesh,14,80-85,26,51.1124
bangladesh,15,85+,26,51.1125
bangladesh,0,0-15,27,0.0000
bangladesh,1,15-20,27,0.0000
bangladesh,2,20-25,27,0.0000
bangladesh,3,25-30,27,0.0000
bangladesh,4,30-35,27,255.5624
bangladesh,5,35-40,27,204.4499
bangladesh,6,40-45,27,255.5624
bangladesh,7,45-50,27,1175.5872
bangladesh,8,50-55,27,1124.4747
bangladesh,9,55-60,27,1277.8118
bangladesh,10,60-65,27,817.7992
bangladesh,11,65-70,27,715.5740
bangladesh,12,70-75,27,357.7870
bangladesh,13,75-80,27,153.3373
bangladesh,14,80-85,27,102.2249
bangladesh,15,85+,27,0.0000
bangladesh,0,0-15,28,0.0000
bangladesh,1,15-20,28,0.0000
bangladesh,2,20-25,28,0.0000
bangladesh,3,25-30,28,0.0000
bangladesh,4,30-35,28,255.5624
bangladesh,5,35-40,28,204.4499
bangladesh,6,40-45,28,255.5624
bangladesh,7,45-50,28,1175.5872
bangladesh,8,50-55,28,1124.4747
bangladesh,9,55-60,28,1277.8118
bangladesh,10,60-65,28,817.7992
bangladesh,11,65-70,28,715.5740
bangladesh,12,70-75,28,357.7870
bangladesh,13,75-80,28,153.3373
bangladesh,14,80-85,28,102.2249
bangladesh,15,85+,28,0.0000
bangladesh,0,0-15,29,0.0000
bangladesh,1,15-20,29,0.0000
bangladesh,2,20-25,29,0.0000
bangladesh,3,25-30,29,0.0000
bangladesh,4,30-35,29,255.5624
bangladesh,5,35-40,29,255.5624
bangladesh,6,40-45,29,1226.6996
bangladesh,7,45-50,29,1328.9247
bangladesh,8,50-55,29,1533.3738
bangladesh,9,55-60,29,1073.3615
bangladesh,10,60-65,29,920.0237
bangladesh,11,65-70,29,1073.3622
bangladesh,12,70-75,29,460.0122
bangladesh,13,75-80,29,153.3375
bangladesh,14,80-85,29,0.0000
bangladesh,15,85+,29,153.3375
bangladesh,0,0-15,30,0.0000
bangladesh,1,15-20,30,0.0000
bangladesh,2,20-25,30,0.0000
bangladesh,3,25-30,30,51.1125
bangladesh,4,30-35,30,102.2250
bangladesh,5,35-40,30,102.2250
bangladesh,6,40-45,30,971.1371
bangladesh,7,45-50,30,971.1373
bangladesh,8,50-55,30,1431.1495
bangladesh,9,55-60,30,1073.3617
bangladesh,10,60-65,30,1022.2488
bangladesh,11,65-70,30,715.5740
bangladesh,12,70-75,30,460.0122
bangladesh,13,75-80,30,306.6748
bangladesh,14,80-85,30,51.1125
bangladesh,15,85+,30,153.3375
bangladesh,0,0-15,31,0.0000
bangladesh,1,15-20,31,0.0000
bangladesh,2,20-25,31,0.0000
bangladesh,3,25-30,31,0.0000
bangladesh,4,30-35,31,153.3374
bangladesh,5,35-40,31,204.4499
bangladesh,6,40-45,31,817.7997
bangladesh,7,45-50,31,1022.2497
bangladesh,8,50-55,31,971.1373
bangladesh,9,55-60,31,971.1369
bangladesh,10,60-65,31,715.5745
bangladesh,11,65-70,31,562.2367
bangladesh,12,70-75,31,664.4616
bangladesh,13,75-80,31,204.4497
bangladesh,14,80-85,31,204.4497
bangladesh,15,85+,31,102.2249
bangladesh,0,0-15,32,0.0000
bangladesh,1,15-20,32,0.0000
bangladesh,2,20-25,32,0.0000
bangladesh,3,25-30,32,102.2250
bangladesh,4,30-35,32,153.3374
bangladesh,5,35-40,32,357.7873
bangladesh,6,40-45,32,613.3498
bangladesh,7,45-50,32,1328.9247
bangladesh,8,50-55,32,1533.3744
bangladesh,9,55-60,32,1277.8112
bangladesh,10,60-65,32,868.9113
bangladesh,11,65-70,32,817.7988
bangladesh,12,70-75,32,562.2371
bangladesh,13,75-80,32,255.5621
bangladesh,14,80-85,32,153.3376
bangladesh,15,85+,32,51.1124
bangladesh,0,0-15,33,0.0000
bangladesh,1,15-20,33,0.0000
bangladesh,2,20-25,33,0.0000
bangladesh,3,25-30,33,102.2250
bangladesh,4,30-35,33,255.5624
bangladesh,5,35-40,33,511.1248
bangladesh,6,40-45,33,715.5747
bangladesh,7,45-50,33,715.5748
bangladesh,8,50-55,33,1022.2497
bangladesh,9,55-60,33,1482.2612
bangladesh,10,60-65,33,817.7991
bangladesh,11,65-70,33,613.3492
bangladesh,12,70-75,33,664.4615
bangladesh,13,75-80,33,204.4498
bangladesh,14,80-85,33,153.3376
bangladesh,15,85+,33,102.2250
bangladesh,0,0-15,34,0.0000
bangladesh,1,15-20,34,0.0000
bangladesh,2,20-25,34,0.0000
bangladesh,3,25-30,34,153.3374
bangladesh,4,30-35,34,204.4499
bangladesh,5,35-40,34,102.2249
bangladesh,6,40-45,34,511.1248
bangladesh,7,45-50,34,1380.0371
bangladesh,8,50-55,34,1226.6997
bangladesh,9,55-60,34,1328.9240
bangladesh,10,60-65,34,1124.4734
bangladesh,11,65-70,34,715.5740
bangladesh,12,70-75,34,204.4497
bangladesh,13,75-80,34,204.4497
bangladesh,14,80-85,34,102.2249
bangladesh,15,85+,34,0.0000
bangladesh,0,0-15,35,0.0000
bangladesh,1,15-20,35,0.0000
bangladesh,2,20-25,35,0.0000
bangladesh,3,25-30,35,0.0000
bangladesh,4,30-35,35,204.4499
bangladesh,5,35-40,35,204.4499
bangladesh,6,40-45,35,766.6872
bangladesh,7,45-50,35,971.1373
bangladesh,8,50-55,35,1328.9245
bangladesh,9,55-60,35,766.6871
bangladesh,10,60-65,35,613.3495
bangladesh,11,65-70,35,613.3492
bangladesh,12,70-75,35,408.8994
bangladesh,13,75-80,35,306.6746
bangladesh,14,80-85,35,204.4497
bangladesh,15,85+,35,0.0000
bangladesh,0,0-15,36,0.0000
bangladesh,1,15-20,36,0.0000
bangladesh,2,20-25,36,0.0000
bangladesh,3,25-30,36,102.2250
bangladesh,4,30-35,36,51.1125
bangladesh,5,35-40,36,357.7873
bangladesh,6,40-45,36,664.4622
bangladesh,7,45-50,36,1022.2497
bangladesh,8,50-55,36,1482.2621
bangladesh,9,55-60,36,1226.6989
bangladesh,10,60-65,36,920.0237
bangladesh,11,65-70,36,766.6864
bangladesh,12,70-75,36,357.7870
bangladesh,13,75-80,36,460.0118
bangladesh,14,80-85,36,51.1124
bangladesh,15,85+,36,0.0000
bangladesh,0,0-15,37,0.0000
bangladesh,1,15-20,37,0.0000
bangladesh,2,20-25,37,0.0000
bangladesh,3,25-30,37,0.0000
bangladesh,4,30-35,37,51.1125
bangladesh,5,35-40,37,204.4499
bangladesh,6,40-45,37,460.0123
bangladesh,7,45-50,37,1073.3622
bangladesh,8,50-55,37,1277.8122
bangladesh,9,55-60,37,1175.5868
bangladesh,10,60-65,37,1175.5863
bangladesh,11,65-70,37,511.1243
bangladesh,12,70-75,37,460.0118
bangladesh,13,75-80,37,153.3373
bangladesh,14,80-85,37,153.3373
bangladesh,15,85+,37,0.0000
bangladesh,0,0-15,38,0.0000
bangladesh,1,15-20,38,0.0000
bangladesh,2,20-25,38,0.0000
bangladesh,3,25-30,38,51.1125
bangladesh,4,30-35,38,0.0000
bangladesh,5,35-40,38,408.8998
bangladesh,6,40-45,38,1073.3621
bangladesh,7,45-50,38,1226.6997
bangladesh,8,50-55,38,1891.1614
bangladesh,9,55-60,38,1380.0358
bangladesh,10,60-65,38,971.1361
bangladesh,11,65-70,38,562.2368
bangladesh,12,70-75,38,408.8999
bangladesh,13,75-80,38,51.1125
bangladesh,14,80-85,38,204.4498
bangladesh,15,85+,38,102.2250
bangladesh,0,0-15,39,0.0000
bangladesh,1,15-20,39,0.0000
bangladesh,2,20-25,39,0.0000
bangladesh,3,25-30,39,0.0000
bangladesh,4,30-35,39,102.2250
bangladesh,5,35-40,39,255.5624
bangladesh,6,40-45,39,613.3498
bangladesh,7,45-50,39,1533.3745
bangladesh,8,50-55,39,1431.1493
bangladesh,9,55-60,39,1022.2489
bangladesh,10,60-65,39,817.7989
bangladesh,11,65-70,39,766.6867
bangladesh,12,70-75,39,306.6749
bangladesh,13,75-80,39,511.1248
bangladesh,14,80-85,39,102.2250
bangladesh,15,85+,39,51.1125
bangladesh,0,0-15,40,0.0000
bangladesh,1,15-20,40,0.0000
bangladesh,2,20-25,40,0.0000
bangladesh,3,25-30,40,0.0000
bangladesh,4,30-35,40,153.3374
bangladesh,5,35-40,40,357.7873
bangladesh,6,40-45,40,664.4623
bangladesh,7,45-50,40,1226.6997
bangladesh,8,50-55,40,1635.5994
bangladesh,9,55-60,40,1533.3733
bangladesh,10,60-65,40,971.1361
bangladesh,11,65-70,40,460.0118
bangladesh,12,70-75,40,511.1243
bangladesh,13,75-80,40,0.0000
bangladesh,14,80-85,40,102.2250
bangladesh,15,85+,40,51.1125
bangladesh,0,0-15,41,0.0000
bangladesh,1,15-20,41,0.0000
bangladesh,2,20-25,41,0.0000
bangladesh,3,25-30,41,51.1125
bangladesh,4,30-35,41,204.4499
bangladesh,5,35-40,41,153.3374
bangladesh,6,40-45,41,971.1371
bangladesh,7,45-50,41,1226.6997
bangladesh,8,50-55,41,1788.9366
bangladesh,9,55-60,41,1277.8110
bangladesh,10,60-65,41,1022.2485
bangladesh,11,65-70,41,766.6864
bangladesh,12,70-75,41,255.5623
bangladesh,13,75-80,41,51.1124
bangladesh,14,80-85,41,0.0000
bangladesh,15,85+,41,51.1124
bangladesh,0,0-15,42,0.0000
bangladesh,1,15-20,42,0.0000
bangladesh,2,20-25,42,0.0000
bangladesh,3,25-30,42,0.0000
bangladesh,4,30-35,42,204.4499
bangladesh,5,35-40,42,255.5624
bangladesh,6,40-45,42,613.3498
bangladesh,7,45-50,42,1431.1496
bangladesh,8,50-55,42,1482.2620
bangladesh,9,55-60,42,1073.3615
bangladesh,10,60-65,42,971.1361
bangladesh,11,65-70,42,766.6864
bangladesh,12,70-75,42,511.1243
bangladesh,13,75-80,42,102.2251
bangladesh,14,80-85,42,51.1125
bangladesh,15,85+,42,102.2250
bangladesh,0,0-15,43,0.0000
bangladesh,1,15-20,43,0.0000
bangladesh,2,20-25,43,0.0000
bangladesh,3,25-30,43,51.1125
bangladesh,4,30-35,43,0.0000
bangladesh,5,35-40,43,357.7873
bangladesh,6,40-45,43,664.4622
bangladesh,7,45-50,43,1431.1496
bangladesh,8,50-55,43,1482.2617
bangladesh,9,55-60,43,971.1368
bangladesh,10,60-65,43,817.7989
bangladesh,11,65-70,43,715.5743
bangladesh,12,70-75,43,664.4619
bangladesh,13,75-80,43,102.2249
bangladesh,14,80-85,43,0.0000
bangladesh,15,85+,43,51.1124
bangladesh,0,0-15,44,0.0000
bangladesh,1,15-20,44,0.0000
bangladesh,2,20-25,44,0.0000
bangladesh,3,25-30,44,51.1125
bangladesh,4,30-35,44,0.0000
bangladesh,5,35-40,44,357.7873
bangladesh,6,40-45,44,664.4622
bangladesh,7,45-50,44,1431.1496
bangladesh,8,50-55,44,1482.2617
bangladesh,9,55-60,44,971.1368
bangladesh,10,60-65,44,817.7989
bangladesh,11,65-70,44,715.5743
bangladesh,12,70-75,44,664.4619
bangladesh,13,75-80,44,102.2249
bangladesh,14,80-85,44,0.0000
bangladesh,15,85+,44,51.1124
bangladesh,0,0-15,45,0.0000
bangladesh,1,15-20,45,0.0000
bangladesh,2,20-25,45,0.0000
bangladesh,3,25-30,45,51.1125
bangladesh,4,30-35,45,0.0000
bangladesh,5,35-40,45,357.7873
bangladesh,6,40-45,45,664.4622
bangladesh,7,45-50,45,1431.1496
bangladesh,8,50-55,45,1482.2617
bangladesh,9,55-60,45,971.1368
bangladesh,10,60-65,45,817.7989
bangladesh,11,65-70,45,715.5743
bangladesh,12,70-75,45,664.4619
bangladesh,13,75-80,45,102.2249
bangladesh,14,80-85,45,0.0000
bangladesh,15,85+,45,51.1124
bangladesh,0,0-15,46,0.0000
bangladesh,1,15-20,46,0.0000
bangladesh,2,20-25,46,0.0000
bangladesh,3,25-30,46,51.1125
bangladesh,4,30-35,46,0.0000
bangladesh,5,35-40,46,357.7873
bangladesh,6,40-45,46,664.4622
bangladesh,7,45-50,46,1431.1496
bangladesh,8,50-55,46,1482.2617
bangladesh,9,55-60,46,971.1368
bangladesh,10,60-65,46,817.7989
bangladesh,11,65-70,46,715.5743
bangladesh,12,70-75,46,664.4619
bangladesh,13,75-80,46,102.2249
bangladesh,14,80-85,46,0.0000
bangladesh,15,85+,46,51.1124
bangladesh,0,0-15,47,0.0000
bangladesh,1,15-20,47,0.0000
bangladesh,2,20-25,47,0.0000
bangladesh,3,25-30,47,51.1125
bangladesh,4,30-35,47,0.0000
bangladesh,5,35-40,47,357.7873
bangladesh,6,40-45,47,664.4622
bangladesh,7,45-50,47,1431.1496
bangladesh,8,50-55,47,1482.2617
bangladesh,9,55-60,47,971.1368
bangladesh,10,60-65,47,817.7989
bangladesh,11,65-70,47,715.5743
bangladesh,12,70-75,47,664.4619
bangladesh,13,75-80,47,102.2249
bangladesh,14,80-85,47,0.0000
bangladesh,15,85+,47,51.1124
bangladesh,0,0-15,48,0.0000
bangladesh,1,15-20,48,0.0000
bangladesh,2,20-25,48,0.0000
bangladesh,3,25-30,48,0.0000
bangladesh,4,30-35,48,102.2250
bangladesh,5,35-40,48,613.3497
bangladesh,6,40-45,48,817.7997
bangladesh,7,45-50,48,1175.5872
bangladesh,8,50-55,48,1328.9243
bangladesh,9,55-60,48,1635.5983
bangladesh,10,60-65,48,1277.8107
bangladesh,11,65-70,48,664.4618
bangladesh,12,70-75,48,460.0122
bangladesh,13,75-80,48,255.5626
bangladesh,14,80-85,48,153.3373
bangladesh,15,85+,48,0.0000
bangladesh,0,0-15,49,0.0000
bangladesh,1,15-20,49,0.0000
bangladesh,2,20-25,49,0.0000
bangladesh,3,25-30,49,102.2250
bangladesh,4,30-35,49,153.3374
bangladesh,5,35-40,49,306.6749
bangladesh,6,40-45,49,664.4622
bangladesh,7,45-50,49,920.0248
bangladesh,8,50-55,49,1380.0369
bangladesh,9,55-60,49,1328.9242
bangladesh,10,60-65,49,1124.4734
bangladesh,11,65-70,49,868.9113
bangladesh,12,70-75,49,357.7870
bangladesh,13,75-80,49,204.4497
bangladesh,14,80-85,49,102.2250
bangladesh,15,85+,49,102.2249
bangladesh,0,0-15,50,0.0000
bangladesh,1,15-20,50,0.0000
bangladesh,2,20-25,50,0.0000
bangladesh,3,25-30,50,0.0000
bangladesh,4,30-35,50,153.3374
bangladesh,5,35-40,50,357.7873
bangladesh,6,40-45,50,766.6872
bangladesh,7,45-50,50,1175.5872
bangladesh,8,50-55,50,1482.2620
bangladesh,9,55-60,50,1482.2609
bangladesh,10,60-65,50,766.6864
bangladesh,11,65-70,50,817.7988
bangladesh,12,70-75,50,562.2371
bangladesh,13,75-80,50,255.5623
bangladesh,14,80-85,50,204.4500
bangladesh,15,85+,50,153.3374
bangladesh,0,0-15,51,0.0000
bangladesh,1,15-20,51,0.0000
bangladesh,2,20-25,51,0.0000
bangladesh,3,25-30,51,102.2250
bangladesh,4,30-35,51,102.2250
bangladesh,5,35-40,51,562.2373
bangladesh,6,40-45,51,715.5748
bangladesh,7,45-50,51,971.1373
bangladesh,8,50-55,51,1533.3744
bangladesh,9,55-60,51,1788.9355
bangladesh,10,60-65,51,664.4615
bangladesh,11,65-70,51,664.4617
bangladesh,12,70-75,51,357.7872
bangladesh,13,75-80,51,408.8995
bangladesh,14,80-85,51,102.2249
bangladesh,15,85+,51,51.1125
bangladesh,0,0-15,52,0.0000
bangladesh,1,15-20,52,0.0000
bangladesh,2,20-25,52,51.1125
bangladesh,3,25-30,52,51.1125
bangladesh,4,30-35,52,204.4499
bangladesh,5,35-40,52,51.1125
bangladesh,6,40-45,52,817.7997
bangladesh,7,45-50,52,1277.8122
bangladesh,8,50-55,52,1482.2617
bangladesh,9,55-60,52,1226.6992
bangladesh,10,60-65,52,920.0237
bangladesh,11,65-70,52,971.1364
bangladesh,12,70-75,52,408.8997
bangladesh,13,75-80,52,357.7875
bangladesh,14,80-85,52,153.3374
bangladesh,15,85+,52,0.0000
bangladesh,0,0-15,53,0.0000
bangladesh,1,15-20,53,0.0000
bangladesh,2,20-25,53,0.0000
bangladesh,3,25-30,53,0.0000
bangladesh,4,30-35,53,102.2250
bangladesh,5,35-40,53,306.6749
bangladesh,6,40-45,53,562.2373
bangladesh,7,45-50,53,1584.4870
bangladesh,8,50-55,53,1022.2498
bangladesh,9,55-60,53,1175.5863
bangladesh,10,60-65,53,664.4618
bangladesh,11,65-70,53,715.5741
bangladesh,12,70-75,53,613.3492
bangladesh,13,75-80,53,153.3374
bangladesh,14,80-85,53,153.3374
bangladesh,15,85+,53,51.1125
bangladesh,0,0-15,54,0.0000
bangladesh,1,15-20,54,0.0000
bangladesh,2,20-25,54,51.1125
bangladesh,3,25-30,54,51.1125
bangladesh,4,30-35,54,51.1125
bangladesh,5,35-40,54,306.6749
bangladesh,6,40-45,54,766.6872
bangladesh,7,45-50,54,1073.3622
bangladesh,8,50-55,54,1226.6996
bangladesh,9,55-60,54,1277.8116
bangladesh,10,60-65,54,1022.2486
bangladesh,11,65-70,54,868.9113
bangladesh,12,70-75,54,460.0120
bangladesh,13,75-80,54,306.6748
bangladesh,14,80-85,54,204.4502
bangladesh,15,85+,54,0.0000
bangladesh,0,0-15,55,0.0000
bangladesh,1,15-20,55,0.0000
bangladesh,2,20-25,55,0.0000
bangladesh,3,25-30,55,0.0000
bangladesh,4,30-35,55,0.0000
bangladesh,5,35-40,55,357.7873
bangladesh,6,40-45,55,562.2373
bangladesh,7,45-50,55,868.9122
bangladesh,8,50-55,55,1482.2620
bangladesh,9,55-60,55,1124.4739
bangladesh,10,60-65,55,971.1367
bangladesh,11,65-70,55,613.3494
bangladesh,12,70-75,55,511.1246
bangladesh,13,75-80,55,153.3375
bangladesh,14,80-85,55,204.4498
bangladesh,15,85+,55,102.2250
bangladesh,0,0-15,56,0.0000
bangladesh,1,15-20,56,0.0000
bangladesh,2,20-25,56,0.0000
bangladesh,3,25-30,56,0.0000
bangladesh,4,30-35,56,0.0000
bangladesh,5,35-40,56,255.5624
bangladesh,6,40-45,56,357.7873
bangladesh,7,45-50,56,971.1372
bangladesh,8,50-55,56,1277.8122
bangladesh,9,55-60,56,1380.0367
bangladesh,10,60-65,56,766.6867
bangladesh,11,65-70,56,613.3494
bangladesh,12,70-75,56,460.0118
bangladesh,13,75-80,56,255.5621
bangladesh,14,80-85,56,102.2249
bangladesh,15,85+,56,0.0000
bangladesh,0,0-15,57,0.0000
bangladesh,1,15-20,57,0.0000
bangladesh,2,20-25,57,0.0000
bangladesh,3,25-30,57,51.1125
bangladesh,4,30-35,57,0.0000
bangladesh,5,35-40,57,562.2372
bangladesh,6,40-45,57,408.8998
bangladesh,7,45-50,57,1226.6997
bangladesh,8,50-55,57,920.0248
bangladesh,9,55-60,57,1277.8116
bangladesh,10,60-65,57,1073.3614
bangladesh,11,65-70,57,715.5740
bangladesh,12,70-75,57,460.0120
bangladesh,13,75-80,57,102.2249
bangladesh,14,80-85,57,51.1124
bangladesh,15,85+,57,102.2250
bangladesh,0,0-15,58,0.0000
bangladesh,1,15-20,58,0.0000
bangladesh,2,20-25,58,0.0000
bangladesh,3,25-30,58,51.1125
bangladesh,4,30-35,58,51.1125
bangladesh,5,35-40,58,357.7873
bangladesh,6,40-45,58,613.3498
bangladesh,7,45-50,58,920.0247
bangladesh,8,50-55,58,1022.2498
bangladesh,9,55-60,58,1226.6995
bangladesh,10,60-65,58,715.5741
bangladesh,11,65-70,58,715.5742
bangladesh,12,70-75,58,204.4497
bangladesh,13,75-80,58,102.2249
bangladesh,14,80-85,58,0.0000
bangladesh,15,85+,58,0.0000
bangladesh,0,0-15,59,0.0000
bangladesh,1,15-20,59,0.0000
bangladesh,2,20-25,59,0.0000
bangladesh,3,25-30,59,102.2250
bangladesh,4,30-35,59,153.3374
bangladesh,5,35-40,59,204.4499
bangladesh,6,40-45,59,460.0123
bangladesh,7,45-50,59,1431.1496
bangladesh,8,50-55,59,1277.8119
bangladesh,9,55-60,59,1431.1487
bangladesh,10,60-65,59,1073.3613
bangladesh,11,65-70,59,715.5740
bangladesh,12,70-75,59,306.6746
bangladesh,13,75-80,59,306.6750
bangladesh,14,80-85,59,102.2250
bangladesh,15,85+,59,102.2249
bangladesh,0,0-15,60,0.0000
bangladesh,1,15-20,60,0.0000
bangladesh,2,20-25,60,0.0000
bangladesh,3,25-30,60,0.0000
bangladesh,4,30-35,60,102.2250
bangladesh,5,35-40,60,153.3374
bangladesh,6,40-45,60,562.2372
bangladesh,7,45-50,60,817.7998
bangladesh,8,50-55,60,1277.8122
bangladesh,9,55-60,60,1022.2496
bangladesh,10,60-65,60,920.0242
bangladesh,11,65-70,60,715.5740
bangladesh,12,70-75,60,408.8994
bangladesh,13,75-80,60,204.4497
bangladesh,14,80-85,60,153.3373
bangladesh,15,85+,60,0.0000
bangladesh,0,0-15,61,0.0000
bangladesh,1,15-20,61,0.0000
bangladesh,2,20-25,61,0.0000
bangladesh,3,25-30,61,0.0000
bangladesh,4,30-35,61,204.4499
bangladesh,5,35-40,61,255.5624
bangladesh,6,40-45,61,817.7997
bangladesh,7,45-50,61,971.1373
bangladesh,8,50-55,61,1022.2496
bangladesh,9,55-60,61,1175.5867
bangladesh,10,60-65,61,1124.4739
bangladesh,11,65-70,61,766.6864
bangladesh,12,70-75,61,460.0122
bangladesh,13,75-80,61,153.3374
bangladesh,14,80-85,61,204.4498
bangladesh,15,85+,61,153.3373
bangladesh,0,0-15,62,0.0000
bangladesh,1,15-20,62,0.0000
bangladesh,2,20-25,62,0.0000
bangladesh,3,25-30,62,0.0000
bangladesh,4,30-35,62,153.3374
bangladesh,5,35-40,62,306.6749
bangladesh,6,40-45,62,920.0246
bangladesh,7,45-50,62,1277.8122
bangladesh,8,50-55,62,1277.8120
bangladesh,9,55-60,62,1022.2490
bangladesh,10,60-65,62,1175.5860
bangladesh,11,65-70,62,920.0242
bangladesh,12,70-75,62,766.6869
bangladesh,13,75-80,62,306.6750
bangladesh,14,80-85,62,102.2250
bangladesh,15,85+,62,0.0000
bangladesh,0,0-15,63,0.0000
bangladesh,1,15-20,63,0.0000
bangladesh,2,20-25,63,0.0000
bangladesh,3,25-30,63,0.0000
bangladesh,4,30-35,63,102.2250
bangladesh,5,35-40,63,153.3374
bangladesh,6,40-45,63,562.2372
bangladesh,7,45-50,63,1328.9246
bangladesh,8,50-55,63,1380.0372
bangladesh,9,55-60,63,1073.3616
bangladesh,10,60-65,63,1380.0358
bangladesh,11,65-70,63,357.7870
bangladesh,12,70-75,63,408.8994
bangladesh,13,75-80,63,306.6747
bangladesh,14,80-85,63,255.5623
bangladesh,15,85+,63,51.1124
bangladesh,0,0-15,64,0.0000
bangladesh,1,15-20,64,0.0000
bangladesh,2,20-25,64,0.0000
bangladesh,3,25-30,64,51.1125
bangladesh,4,30-35,64,255.5624
bangladesh,5,35-40,64,306.6749
bangladesh,6,40-45,64,817.7997
bangladesh,7,45-50,64,715.5748
bangladesh,8,50-55,64,1022.2498
bangladesh,9,55-60,64,1277.8116
bangladesh,10,60-65,64,1073.3613
bangladesh,11,65-70,64,664.4616
bangladesh,12,70-75,64,511.1243
bangladesh,13,75-80,64,255.5621
bangladesh,14,80-85,64,153.3373
bangladesh,15,85+,64,153.3373
bangladesh,0,0-15,65,0.0000
bangladesh,1,15-20,65,0.0000
bangladesh,2,20-25,65,0.0000
bangladesh,3,25-30,65,0.0000
bangladesh,4,30-35,65,102.2250
bangladesh,5,35-40,65,153.3374
bangladesh,6,40-45,65,562.2373
bangladesh,7,45-50,65,715.5748
bangladesh,8,50-55,65,1175.5872
bangladesh,9,55-60,65,1277.8119
bangladesh,10,60-65,65,715.5743
bangladesh,11,65-70,65,460.0121
bangladesh,12,70-75,65,306.6746
bangladesh,13,75-80,65,51.1124
bangladesh,14,80-85,65,102.2249
bangladesh,15,85+,65,0.0000
bangladesh,0,0-15,66,0.0000
bangladesh,1,15-20,66,0.0000
bangladesh,2,20-25,66,0.0000
bangladesh,3,25-30,66,51.1125
bangladesh,4,30-35,66,153.3374
bangladesh,5,35-40,66,306.6749
bangladesh,6,40-45,66,511.1248
bangladesh,7,45-50,66,817.7998
bangladesh,8,50-55,66,1328.9247
bangladesh,9,55-60,66,1277.8117
bangladesh,10,60-65,66,1277.8110
bangladesh,11,65-70,66,511.1243
bangladesh,12,70-75,66,357.7870
bangladesh,13,75-80,66,306.6746
bangladesh,14,80-85,66,0.0000
bangladesh,15,85+,66,102.2249
bangladesh,0,0-15,67,0.0000
bangladesh,1,15-20,67,0.0000
bangladesh,2,20-25,67,0.0000
bangladesh,3,25-30,67,51.1125
bangladesh,4,30-35,67,153.3374
bangladesh,5,35-40,67,306.6749
bangladesh,6,40-45,67,511.1248
bangladesh,7,45-50,67,817.7998
bangladesh,8,50-55,67,1328.9247
bangladesh,9,55-60,67,1277.8117
bangladesh,10,60-65,67,1277.8110
bangladesh,11,65-70,67,511.1243
bangladesh,12,70-75,67,357.7870
bangladesh,13,75-80,67,306.6746
bangladesh,14,80-85,67,0.0000
bangladesh,15,85+,67,102.2249
bangladesh,0,0-15,68,0.0000
bangladesh,1,15-20,68,0.0000
bangladesh,2,20-25,68,0.0000
bangladesh,3,25-30,68,51.1125
bangladesh,4,30-35,68,153.3374
bangladesh,5,35-40,68,306.6749
bangladesh,6,40-45,68,511.1248
bangladesh,7,45-50,68,817.7998
bangladesh,8,50-55,68,1328.9247
bangladesh,9,55-60,68,1277.8117
bangladesh,10,60-65,68,1277.8110
bangladesh,11,65-70,68,511.1243
bangladesh,12,70-75,68,357.7870
bangladesh,13,75-80,68,306.6746
bangladesh,14,80-85,68,0.0000
bangladesh,15,85+,68,102.2249
bangladesh,0,0-15,69,0.0000
bangladesh,1,15-20,69,0.0000
bangladesh,2,20-25,69,0.0000
bangladesh,3,25-30,69,0.0000
bangladesh,4,30-35,69,0.0000
bangladesh,5,35-40,69,408.8998
bangladesh,6,40-45,69,1226.6996
bangladesh,7,45-50,69,868.9122
bangladesh,8,50-55,69,1124.4744
bangladesh,9,55-60,69,971.1367
bangladesh,10,60-65,69,971.1365
bangladesh,11,65-70,69,1022.2488
bangladesh,12,70-75,69,153.3373
bangladesh,13,75-80,69,357.7872
bangladesh,14,80-85,69,0.0000
bangladesh,15,85+,69,0.0000
bangladesh,0,0-15,70,0.0000
bangladesh,1,15-20,70,0.0000
bangladesh,2,20-25,70,0.0000
bangladesh,3,25-30,70,51.1125
bangladesh,4,30-35,70,102.2250
bangladesh,5,35-40,70,153.3374
bangladesh,6,40-45,70,613.3497
bangladesh,7,45-50,70,1328.9247
bangladesh,8,50-55,70,1124.4747
bangladesh,9,55-60,70,1022.2494
bangladesh,10,60-65,70,868.9115
bangladesh,11,65-70,70,971.1361
bangladesh,12,70-75,70,357.7870
bangladesh,13,75-80,70,460.0121
bangladesh,14,80-85,70,153.3375
bangladesh,15,85+,70,102.2249
bangladesh,0,0-15,71,0.0000
bangladesh,1,15-20,71,0.0000
bangladesh,2,20-25,71,0.0000
bangladesh,3,25-30,71,51.1125
bangladesh,4,30-35,71,102.2250
bangladesh,5,35-40,71,511.1248
bangladesh,6,40-45,71,408.8998
bangladesh,7,45-50,71,1277.8122
bangladesh,8,50-55,71,1380.0372
bangladesh,9,55-60,71,1431.1486
bangladesh,10,60-65,71,1073.3610
bangladesh,11,65-70,71,817.7988
bangladesh,12,70-75,71,460.0120
bangladesh,13,75-80,71,357.7874
bangladesh,14,80-85,71,102.2251
bangladesh,15,85+,71,51.1125
bangladesh,0,0-15,72,0.0000
bangladesh,1,15-20,72,0.0000
bangladesh,2,20-25,72,0.0000
bangladesh,3,25-30,72,51.1125
bangladesh,4,30-35,72,102.2250
bangladesh,5,35-40,72,357.7873
bangladesh,6,40-45,72,766.6872
bangladesh,7,45-50,72,1226.6997
bangladesh,8,50-55,72,1686.7113
bangladesh,9,55-60,72,1431.1487
bangladesh,10,60-65,72,971.1362
bangladesh,11,65-70,72,562.2373
bangladesh,12,70-75,72,715.5746
bangladesh,13,75-80,72,204.4497
bangladesh,14,80-85,72,153.3375
bangladesh,15,85+,72,0.0000
bangladesh,0,0-15,73,0.0000
bangladesh,1,15-20,73,0.0000
bangladesh,2,20-25,73,0.0000
bangladesh,3,25-30,73,0.0000
bangladesh,4,30-35,73,306.6749
bangladesh,5,35-40,73,511.1248
bangladesh,6,40-45,73,613.3498
bangladesh,7,45-50,73,1482.2621
bangladesh,8,50-55,73,1073.3619
bangladesh,9,55-60,73,1380.0363
bangladesh,10,60-65,73,1073.3610
bangladesh,11,65-70,73,664.4617
bangladesh,12,70-75,73,511.1245
bangladesh,13,75-80,73,255.5621
bangladesh,14,80-85,73,306.6749
bangladesh,15,85+,73,102.2251
bangladesh,0,0-15,74,0.0000
bangladesh,1,15-20,74,0.0000
bangladesh,2,20-25,74,0.0000
bangladesh,3,25-30,74,0.0000
bangladesh,4,30-35,74,102.2250
bangladesh,5,35-40,74,511.1248
bangladesh,6,40-45,74,971.1371
bangladesh,7,45-50,74,1482.2621
bangladesh,8,50-55,74,1431.1492
bangladesh,9,55-60,74,1277.8109
bangladesh,10,60-65,74,1022.2485
bangladesh,11,65-70,74,1124.4738
bangladesh,12,70-75,74,357.7874
bangladesh,13,75-80,74,408.9003
bangladesh,14,80-85,74,102.2251
bangladesh,15,85+,74,0.0000
bangladesh,0,0-15,75,0.0000
bangladesh,1,15-20,75,0.0000
bangladesh,2,20-25,75,0.0000
bangladesh,3,25-30,75,0.0000
bangladesh,4,30-35,75,0.0000
bangladesh,5,35-40,75,255.5624
bangladesh,6,40-45,75,613.3498
bangladesh,7,45-50,75,1124.4747
bangladesh,8,50-55,75,1431.1497
bangladesh,9,55-60,75,1124.4741
bangladesh,10,60-65,75,868.9115
bangladesh,11,65-70,75,766.6865
bangladesh,12,70-75,75,766.6864
bangladesh,13,75-80,75,153.3373
bangladesh,14,80-85,75,102.2250
bangladesh,15,85+,75,153.3374
bangladesh,0,0-15,76,0.0000
bangladesh,1,15-20,76,0.0000
bangladesh,2,20-25,76,0.0000
bangladesh,3,25-30,76,0.0000
bangladesh,4,30-35,76,102.2250
bangladesh,5,35-40,76,357.7873
bangladesh,6,40-45,76,817.7997
bangladesh,7,45-50,76,1737.8246
bangladesh,8,50-55,76,1380.0369
bangladesh,9,55-60,76,1635.5978
bangladesh,10,60-65,76,715.5740
bangladesh,11,65-70,76,511.1243
bangladesh,12,70-75,76,408.8997
bangladesh,13,75-80,76,306.6749
bangladesh,14,80-85,76,306.6750
bangladesh,15,85+,76,51.1125
bangladesh,0,0-15,77,0.0000
bangladesh,1,15-20,77,0.0000
bangladesh,2,20-25,77,0.0000
bangladesh,3,25-30,77,0.0000
bangladesh,4,30-35,77,102.2250
bangladesh,5,35-40,77,357.7873
bangladesh,6,40-45,77,817.7997
bangladesh,7,45-50,77,1737.8246
bangladesh,8,50-55,77,1380.0369
bangladesh,9,55-60,77,1635.5978
bangladesh,10,60-65,77,715.5740
bangladesh,11,65-70,77,511.1243
bangladesh,12,70-75,77,408.8997
bangladesh,13,75-80,77,306.6749
bangladesh,14,80-85,77,306.6750
bangladesh,15,85+,77,51.1125
bangladesh,0,0-15,78,0.0000
bangladesh,1,15-20,78,0.0000
bangladesh,2,20-25,78,0.0000
bangladesh,3,25-30,78,0.0000
bangladesh,4,30-35,78,153.3374
bangladesh,5,35-40,78,357.7873
bangladesh,6,40-45,78,613.3497
bangladesh,7,45-50,78,920.0248
bangladesh,8,50-55,78,1533.3746
bangladesh,9,55-60,78,1584.4861
bangladesh,10,60-65,78,971.1361
bangladesh,11,65-70,78,562.2367
bangladesh,12,70-75,78,460.0118
bangladesh,13,75-80,78,153.3374
bangladesh,14,80-85,78,102.2249
bangladesh,15,85+,78,51.1124
bangladesh,0,0-15,79,0.0000
bangladesh,1,15-20,79,0.0000
bangladesh,2,20-25,79,0.0000
bangladesh,3,25-30,79,0.0000
bangladesh,4,30-35,79,0.0000
bangladesh,5,35-40,79,408.8998
bangladesh,6,40-45,79,408.8998
bangladesh,7,45-50,79,920.0247
bangladesh,8,50-55,79,1686.7120
bangladesh,9,55-60,79,1124.4744
bangladesh,10,60-65,79,868.9114
bangladesh,11,65-70,79,715.5740
bangladesh,12,70-75,79,460.0118
bangladesh,13,75-80,79,255.5621
bangladesh,14,80-85,79,102.2249
bangladesh,15,85+,79,0.0000
bangladesh,0,0-15,80,0.0000
bangladesh,1,15-20,80,0.0000
bangladesh,2,20-25,80,0.0000
bangladesh,3,25-30,80,51.1125
bangladesh,4,30-35,80,51.1125
bangladesh,5,35-40,80,255.5624
bangladesh,6,40-45,80,357.7873
bangladesh,7,45-50,80,1533.3745
bangladesh,8,50-55,80,1328.9243
bangladesh,9,55-60,80,1482.2612
bangladesh,10,60-65,80,715.5742
bangladesh,11,65-70,80,715.5742
bangladesh,12,70-75,80,204.4500
bangladesh,13,75-80,80,306.6748
bangladesh,14,80-85,80,102.2251
bangladesh,15,85+,80,0.0000
bangladesh,0,0-15,81,0.0000
bangladesh,1,15-20,81,0.0000
bangladesh,2,20-25,81,0.0000
bangladesh,3,25-30,81,0.0000
bangladesh,4,30-35,81,153.3374
bangladesh,5,35-40,81,306.6749
bangladesh,6,40-45,81,357.7873
bangladesh,7,45-50,81,817.7997
bangladesh,8,50-55,81,1022.2498
bangladesh,9,55-60,81,971.1373
bangladesh,10,60-65,81,868.9118
bangladesh,11,65-70,81,511.1245
bangladesh,12,70-75,81,255.5622
bangladesh,13,75-80,81,204.4497
bangladesh,14,80-85,81,102.2249
bangladesh,15,85+,81,51.1124
bangladesh,0,0-15,82,0.0000
bangladesh,1,15-20,82,0.0000
bangladesh,2,20-25,82,0.0000
bangladesh,3,25-30,82,0.0000
bangladesh,4,30-35,82,102.2250
bangladesh,5,35-40,82,460.0123
bangladesh,6,40-45,82,868.9122
bangladesh,7,45-50,82,1124.4747
bangladesh,8,50-55,82,1584.4869
bangladesh,9,55-60,82,1277.8111
bangladesh,10,60-65,82,1175.5858
bangladesh,11,65-70,82,920.0245
bangladesh,12,70-75,82,511.1246
bangladesh,13,75-80,82,204.4500
bangladesh,14,80-85,82,51.1124
bangladesh,15,85+,82,51.1124
bangladesh,0,0-15,83,0.0000
bangladesh,1,15-20,83,0.0000
bangladesh,2,20-25,83,0.0000
bangladesh,3,25-30,83,0.0000
bangladesh,4,30-35,83,51.1125
bangladesh,5,35-40,83,204.4499
bangladesh,6,40-45,83,408.8998
bangladesh,7,45-50,83,1226.6996
bangladesh,8,50-55,83,1124.4747
bangladesh,9,55-60,83,1022.2496
bangladesh,10,60-65,83,460.0121
bangladesh,11,65-70,83,715.5742
bangladesh,12,70-75,83,255.5621
bangladesh,13,75-80,83,204.4497
bangladesh,14,80-85,83,102.2249
bangladesh,15,85+,83,0.0000
bangladesh,0,0-15,84,0.0000
bangladesh,1,15-20,84,51.1125
bangladesh,2,20-25,84,0.0000
bangladesh,3,25-30,84,51.1125
bangladesh,4,30-35,84,0.0000
bangladesh,5,35-40,84,255.5624
bangladesh,6,40-45,84,408.8998
bangladesh,7,45-50,84,1226.6996
bangladesh,8,50-55,84,766.6873
bangladesh,9,55-60,84,1277.8120
bangladesh,10,60-65,84,613.3494
bangladesh,11,65-70,84,460.0120
bangladesh,12,70-75,84,306.6746
bangladesh,13,75-80,84,306.6746
bangladesh,14,80-85,84,102.2249
bangladesh,15,85+,84,0.0000
bangladesh,0,0-15,85,0.0000
bangladesh,1,15-20,85,0.0000
bangladesh,2,20-25,85,0.0000
bangladesh,3,25-30,85,0.0000
bangladesh,4,30-35,85,153.3374
bangladesh,5,35-40,85,255.5624
bangladesh,6,40-45,85,664.4622
bangladesh,7,45-50,85,1175.5872
bangladesh,8,50-55,85,1175.5871
bangladesh,9,55-60,85,1840.0485
bangladesh,10,60-65,85,868.9114
bangladesh,11,65-70,85,715.5746
bangladesh,12,70-75,85,153.3375
bangladesh,13,75-80,85,255.5624
bangladesh,14,80-85,85,102.2249
bangladesh,15,85+,85,0.0000
bangladesh,0,0-15,86,0.0000
bangladesh,1,15-20,86,0.0000
bangladesh,2,20-25,86,51.1125
bangladesh,3,25-30,86,51.1125
bangladesh,4,30-35,86,204.4499
bangladesh,5,35-40,86,255.5624
bangladesh,6,40-45,86,766.6872
bangladesh,7,45-50,86,1073.3622
bangladesh,8,50-55,86,1686.7117
bangladesh,9,55-60,86,1431.1486
bangladesh,10,60-65,86,1022.2486
bangladesh,11,65-70,86,613.3494
bangladesh,12,70-75,86,460.0123
bangladesh,13,75-80,86,255.5625
bangladesh,14,80-85,86,153.3373
bangladesh,15,85+,86,102.2249
bangladesh,0,0-15,87,0.0000
bangladesh,1,15-20,87,0.0000
bangladesh,2,20-25,87,0.0000
bangladesh,3,25-30,87,0.0000
bangladesh,4,30-35,87,0.0000
bangladesh,5,35-40,87,204.4499
bangladesh,6,40-45,87,715.5747
bangladesh,7,45-50,87,1482.2621
bangladesh,8,50-55,87,1175.5870
bangladesh,9,55-60,87,1328.9241
bangladesh,10,60-65,87,920.0237
bangladesh,11,65-70,87,613.3491
bangladesh,12,70-75,87,460.0121
bangladesh,13,75-80,87,511.1246
bangladesh,14,80-85,87,51.1124
bangladesh,15,85+,87,0.0000
bangladesh,0,0-15,88,0.0000
bangladesh,1,15-20,88,0.0000
bangladesh,2,20-25,88,51.1125
bangladesh,3,25-30,88,0.0000
bangladesh,4,30-35,88,255.5624
bangladesh,5,35-40,88,255.5624
bangladesh,6,40-45,88,664.4622
bangladesh,7,45-50,88,1022.2498
bangladesh,8,50-55,88,1788.9371
bangladesh,9,55-60,88,1431.1483
bangladesh,10,60-65,88,715.5740
bangladesh,11,65-70,88,817.7991
bangladesh,12,70-75,88,357.7871
bangladesh,13,75-80,88,204.4498
bangladesh,14,80-85,88,153.3374
bangladesh,15,85+,88,102.2250
bangladesh,0,0-15,89,0.0000
bangladesh,1,15-20,89,0.0000
bangladesh,2,20-25,89,51.1125
bangladesh,3,25-30,89,51.1125
bangladesh,4,30-35,89,0.0000
bangladesh,5,35-40,89,460.0123
bangladesh,6,40-45,89,817.7997
bangladesh,7,45-50,89,715.5748
bangladesh,8,50-55,89,1175.5869
bangladesh,9,55-60,89,1277.8117
bangladesh,10,60-65,89,817.7992
bangladesh,11,65-70,89,920.0241
bangladesh,12,70-75,89,511.1249
bangladesh,13,75-80,89,306.6749
bangladesh,14,80-85,89,255.5621
bangladesh,15,85+,89,102.2250
bangladesh,0,0-15,90,0.0000
bangladesh,1,15-20,90,0.0000
bangladesh,2,20-25,90,0.0000
bangladesh,3,25-30,90,51.1125
bangladesh,4,30-35,90,204.4499
bangladesh,5,35-40,90,408.8998
bangladesh,6,40-45,90,613.3498
bangladesh,7,45-50,90,1175.5872
bangladesh,8,50-55,90,1584.4868
bangladesh,9,55-60,90,1431.1486
bangladesh,10,60-65,90,1022.2485
bangladesh,11,65-70,90,920.0240
bangladesh,12,70-75,90,255.5623
bangladesh,13,75-80,90,306.6747
bangladesh,14,80-85,90,102.2251
bangladesh,15,85+,90,0.0000
bangladesh,0,0-15,91,0.0000
bangladesh,1,15-20,91,51.1125
bangladesh,2,20-25,91,0.0000
bangladesh,3,25-30,91,102.2250
bangladesh,4,30-35,91,102.2249
bangladesh,5,35-40,91,102.2249
bangladesh,6,40-45,91,664.4622
bangladesh,7,45-50,91,1431.1496
bangladesh,8,50-55,91,1328.9246
bangladesh,9,55-60,91,1380.0360
bangladesh,10,60-65,91,613.3493
bangladesh,11,65-70,91,971.1361
bangladesh,12,70-75,91,460.0118
bangladesh,13,75-80,91,255.5621
bangladesh,14,80-85,91,153.3373
bangladesh,15,85+,91,0.0000
bangladesh,0,0-15,92,0.0000
bangladesh,1,15-20,92,0.0000
bangladesh,2,20-25,92,0.0000
bangladesh,3,25-30,92,0.0000
bangladesh,4,30-35,92,0.0000
bangladesh,5,35-40,92,51.1125
bangladesh,6,40-45,92,511.1248
bangladesh,7,45-50,92,1533.3745
bangladesh,8,50-55,92,1226.6995
bangladesh,9,55-60,92,1328.9241
bangladesh,10,60-65,92,766.6868
bangladesh,11,65-70,92,664.4615
bangladesh,12,70-75,92,460.0123
bangladesh,13,75-80,92,357.7871
bangladesh,14,80-85,92,51.1124
bangladesh,15,85+,92,0.0000
bangladesh,0,0-15,93,0.0000
bangladesh,1,15-20,93,0.0000
bangladesh,2,20-25,93,0.0000
bangladesh,3,25-30,93,0.0000
bangladesh,4,30-35,93,0.0000
bangladesh,5,35-40,93,460.0123
bangladesh,6,40-45,93,511.1248
bangladesh,7,45-50,93,1073.3622
bangladesh,8,50-55,93,1277.8122
bangladesh,9,55-60,93,1380.0363
bangladesh,10,60-65,93,1226.6986
bangladesh,11,65-70,93,613.3491
bangladesh,12,70-75,93,562.2368
bangladesh,13,75-80,93,255.5624
bangladesh,14,80-85,93,153.3374
bangladesh,15,85+,93,51.1124
bangladesh,0,0-15,94,0.0000
bangladesh,1,15-20,94,0.0000
bangladesh,2,20-25,94,0.0000
bangladesh,3,25-30,94,0.0000
bangladesh,4,30-35,94,153.3374
bangladesh,5,35-40,94,255.5624
bangladesh,6,40-45,94,562.2373
bangladesh,7,45-50,94,511.1248
bangladesh,8,50-55,94,1533.3746
bangladesh,9,55-60,94,1277.8120
bangladesh,10,60-65,94,971.1363
bangladesh,11,65-70,94,357.7870
bangladesh,12,70-75,94,306.6746
bangladesh,13,75-80,94,204.4497
bangladesh,14,80-85,94,102.2249
bangladesh,15,85+,94,0.0000
bangladesh,0,0-15,95,0.0000
bangladesh,1,15-20,95,0.0000
bangladesh,2,20-25,95,0.0000
bangladesh,3,25-30,95,0.0000
bangladesh,4,30-35,95,204.4499
bangladesh,5,35-40,95,357.7873
bangladesh,6,40-45,95,920.0247
bangladesh,7,45-50,95,1277.8122
bangladesh,8,50-55,95,1226.6996
bangladesh,9,55-60,95,1635.5981
bangladesh,10,60-65,95,1073.3610
bangladesh,11,65-70,95,357.7870
bangladesh,12,70-75,95,715.5740
bangladesh,13,75-80,95,562.2373
bangladesh,14,80-85,95,153.3374
bangladesh,15,85+,95,102.2251
bangladesh,0,0-15,96,0.0000
bangladesh,1,15-20,96,0.0000
bangladesh,2,20-25,96,0.0000
bangladesh,3,25-30,96,0.0000
bangladesh,4,30-35,96,0.0000
bangladesh,5,35-40,96,204.4499
bangladesh,6,40-45,96,664.4622
bangladesh,7,45-50,96,1431.1496
bangladesh,8,50-55,96,1328.9247
bangladesh,9,55-60,96,1482.2612
bangladesh,10,60-65,96,715.5740
bangladesh,11,65-70,96,868.9113
bangladesh,12,70-75,96,408.8994
bangladesh,13,75-80,96,153.3374
bangladesh,14,80-85,96,255.5624
bangladesh,15,85+,96,102.2251
bangladesh,0,0-15,97,0.0000
bangladesh,1,15-20,97,0.0000
bangladesh,2,20-25,97,51.1125
bangladesh,3,25-30,97,0.0000
bangladesh,4,30-35,97,204.4499
bangladesh,5,35-40,97,255.5624
bangladesh,6,40-45,97,357.7873
bangladesh,7,45-50,97,766.6873
bangladesh,8,50-55,97,1022.2498
bangladesh,9,55-60,97,1277.8120
bangladesh,10,60-65,97,766.6866
bangladesh,11,65-70,97,664.4617
bangladesh,12,70-75,97,408.8995
bangladesh,13,75-80,97,153.3373
bangladesh,14,80-85,97,102.2249
bangladesh,15,85+,97,51.1125
bangladesh,0,0-15,98,0.0000
bangladesh,1,15-20,98,0.0000
bangladesh,2,20-25,98,51.1125
bangladesh,3,25-30,98,51.1125
bangladesh,4,30-35,98,51.1125
bangladesh,5,35-40,98,306.6749
bangladesh,6,40-45,98,664.4622
bangladesh,7,45-50,98,971.1373
bangladesh,8,50-55,98,1277.8122
bangladesh,9,55-60,98,1533.3736
bangladesh,10,60-65,98,1073.3612
bangladesh,11,65-70,98,817.7990
bangladesh,12,70-75,98,408.8995
bangladesh,13,75-80,98,204.4498
bangladesh,14,80-85,98,153.3375
bangladesh,15,85+,98,0.0000
bangladesh,0,0-15,99,0.0000
bangladesh,1,15-20,99,0.0000
bangladesh,2,20-25,99,0.0000
bangladesh,3,25-30,99,0.0000
bangladesh,4,30-35,99,102.2250
bangladesh,5,35-40,99,153.3374
bangladesh,6,40-45,99,511.1248
bangladesh,7,45-50,99,971.1372
bangladesh,8,50-55,99,1022.2498
bangladesh,9,55-60,99,1277.8119
bangladesh,10,60-65,99,971.1367
bangladesh,11,65-70,99,562.2368
bangladesh,12,70-75,99,460.0118
bangladesh,13,75-80,99,204.4498
bangladesh,14,80-85,99,255.5623
bangladesh,15,85+,99,51.1124
burkina faso,0,0-15,0,0.0000
burkina faso,1,15-20,0,0.0000
burkina faso,2,20-25,0,4.7442
burkina faso,3,25-30,0,18.9768
burkina faso,4,30-35,0,90.1399
burkina faso,5,35-40,0,151.8146
burkina faso,6,40-45,0,151.8147
burkina faso,7,45-50,0,170.7914
burkina faso,8,50-55,0,147.0703
burkina faso,9,55-60,0,137.5818
burkina faso,10,60-65,0,85.3956
burkina faso,11,65-70,0,75.9072
burkina faso,12,70-75,0,23.7210
burkina faso,13,75-80,0,18.9768
burkina faso,14,80-85,0,0.0000
burkina faso,15,85+,0,0.0000
burkina faso,0,0-15,1,0.0000
burkina faso,1,15-20,1,0.0000
burkina faso,2,20-25,1,0.0000
burkina faso,3,25-30,1,47.4421
burkina faso,4,30-35,1,85.3957
burkina faso,5,35-40,1,142.3262
burkina faso,6,40-45,1,156.5589
burkina faso,7,45-50,1,194.5124
burkina faso,8,50-55,1,142.3260
burkina faso,9,55-60,1,132.8376
burkina faso,10,60-65,1,123.3492
burkina faso,11,65-70,1,71.1630
burkina faso,12,70-75,1,37.9536
burkina faso,13,75-80,1,4.7442
burkina faso,14,80-85,1,0.0000
burkina faso,15,85+,1,0.0000
burkina faso,0,0-15,2,0.0000
burkina faso,1,15-20,2,4.7442
burkina faso,2,20-25,2,4.7442
burkina faso,3,25-30,2,33.2094
burkina faso,4,30-35,2,71.1631
burkina faso,5,35-40,2,113.8610
burkina faso,6,40-45,2,156.5589
burkina faso,7,45-50,2,161.3030
burkina faso,8,50-55,2,161.3029
burkina faso,9,55-60,2,147.0703
burkina faso,10,60-65,2,94.8840
burkina faso,11,65-70,2,71.1630
burkina faso,12,70-75,2,47.4420
burkina faso,13,75-80,2,4.7442
burkina faso,14,80-85,2,0.0000
burkina faso,15,85+,2,0.0000
burkina faso,0,0-15,3,0.0000
burkina faso,1,15-20,3,0.0000
burkina faso,2,20-25,3,4.7442
burkina faso,3,25-30,3,33.2094
burkina faso,4,30-35,3,75.9073
burkina faso,5,35-40,3,113.8609
burkina faso,6,40-45,3,156.5589
burkina faso,7,45-50,3,170.7914
burkina faso,8,50-55,3,151.8145
burkina faso,9,55-60,3,151.8145
burkina faso,10,60-65,3,104.3724
burkina faso,11,65-70,3,61.6746
burkina faso,12,70-75,3,33.2094
burkina faso,13,75-80,3,33.2094
burkina faso,14,80-85,3,14.2326
burkina faso,15,85+,3,0.0000
burkina faso,0,0-15,4,0.0000
burkina faso,1,15-20,4,0.0000
burkina faso,2,20-25,4,0.0000
burkina faso,3,25-30,4,33.2094
burkina faso,4,30-35,4,66.4189
burkina faso,5,35-40,4,147.0704
burkina faso,6,40-45,4,151.8147
burkina faso,7,45-50,4,156.5588
burkina faso,8,50-55,4,161.3029
burkina faso,9,55-60,4,123.3492
burkina faso,10,60-65,4,80.6514
burkina faso,11,65-70,4,75.9072
burkina faso,12,70-75,4,33.2094
burkina faso,13,75-80,4,14.2326
burkina faso,14,80-85,4,0.0000
burkina faso,15,85+,4,0.0000
burkina faso,0,0-15,5,0.0000
burkina faso,1,15-20,5,0.0000
burkina faso,2,20-25,5,0.0000
burkina faso,3,25-30,5,28.4652
burkina faso,4,30-35,5,80.6515
burkina faso,5,35-40,5,166.0472
burkina faso,6,40-45,5,161.3030
burkina faso,7,45-50,5,161.3030
burkina faso,8,50-55,5,151.8145
burkina faso,9,55-60,5,132.8376
burkina faso,10,60-65,5,75.9072
burkina faso,11,65-70,5,61.6746
burkina faso,12,70-75,5,18.9768
burkina faso,13,75-80,5,14.2326
burkina faso,14,80-85,5,4.7442
burkina faso,15,85+,5,0.0000
burkina faso,0,0-15,6,0.0000
burkina faso,1,15-20,6,0.0000
burkina faso,2,20-25,6,4.7442
burkina faso,3,25-30,6,33.2094
burkina faso,4,30-35,6,90.1399
burkina faso,5,35-40,6,156.5588
burkina faso,6,40-45,6,170.7915
burkina faso,7,45-50,6,175.5355
burkina faso,8,50-55,6,156.5587
burkina faso,9,55-60,6,128.0934
burkina faso,10,60-65,6,61.6746
burkina faso,11,65-70,6,71.1630
burkina faso,12,70-75,6,42.6978
burkina faso,13,75-80,6,4.7442
burkina faso,14,80-85,6,0.0000
burkina faso,15,85+,6,0.0000
burkina faso,0,0-15,7,0.0000
burkina faso,1,15-20,7,0.0000
burkina faso,2,20-25,7,0.0000
burkina faso,3,25-30,7,23.7210
burkina faso,4,30-35,7,99.6283
burkina faso,5,35-40,7,132.8378
burkina faso,6,40-45,7,147.0704
burkina faso,7,45-50,7,151.8146
burkina faso,8,50-55,7,132.8377
burkina faso,9,55-60,7,118.6050
burkina faso,10,60-65,7,80.6514
burkina faso,11,65-70,7,56.9304
burkina faso,12,70-75,7,47.4420
burkina faso,13,75-80,7,4.7442
burkina faso,14,80-85,7,9.4884
burkina faso,15,85+,7,0.0000
burkina faso,0,0-15,8,0.0000
burkina faso,1,15-20,8,0.0000
burkina faso,2,20-25,8,0.0000
burkina faso,3,25-30,8,23.7210
burkina faso,4,30-35,8,99.6283
burkina faso,5,35-40,8,132.8378
burkina faso,6,40-45,8,147.0704
burkina faso,7,45-50,8,151.8146
burkina faso,8,50-55,8,132.8377
burkina faso,9,55-60,8,118.6050
burkina faso,10,60-65,8,80.6514
burkina faso,11,65-70,8,56.9304
burkina faso,12,70-75,8,47.4420
burkina faso,13,75-80,8,4.7442
burkina faso,14,80-85,8,9.4884
burkina faso,15,85+,8,0.0000
burkina faso,0,0-15,9,0.0000
burkina faso,1,15-20,9,4.7442
burkina faso,2,20-25,9,4.7442
burkina faso,3,25-30,9,28.4652
burkina faso,4,30-35,9,90.1399
burkina faso,5,35-40,9,147.0704
burkina faso,6,40-45,9,142.3262
burkina faso,7,45-50,9,161.3030
burkina faso,8,50-55,9,147.0703
burkina faso,9,55-60,9,147.0703
burkina faso,10,60-65,9,75.9072
burkina faso,11,65-70,9,56.9304
burkina faso,12,70-75,9,66.4188
burkina faso,13,75-80,9,37.9536
burkina faso,14,80-85,9,0.0000
burkina faso,15,85+,9,4.7442
burkina faso,0,0-15,10,0.0000
burkina faso,1,15-20,10,0.0000
burkina faso,2,20-25,10,0.0000
burkina faso,3,25-30,10,9.4884
burkina faso,4,30-35,10,85.3957
burkina faso,5,35-40,10,147.0704
burkina faso,6,40-45,10,189.7683
burkina faso,7,45-50,10,132.8377
burkina faso,8,50-55,10,166.0471
burkina faso,9,55-60,10,123.3492
burkina faso,10,60-65,10,113.8608
burkina faso,11,65-70,10,66.4188
burkina faso,12,70-75,10,33.2094
burkina faso,13,75-80,10,14.2326
burkina faso,14,80-85,10,0.0000
burkina faso,15,85+,10,0.0000
burkina faso,0,0-15,11,0.0000
burkina faso,1,15-20,11,0.0000
burkina faso,2,20-25,11,4.7442
burkina faso,3,25-30,11,23.7210
burkina faso,4,30-35,11,80.6515
burkina faso,5,35-40,11,132.8378
burkina faso,6,40-45,11,104.3726
burkina faso,7,45-50,11,142.3262
burkina faso,8,50-55,11,147.0703
burkina faso,9,55-60,11,170.7913
burkina faso,10,60-65,11,99.6282
burkina faso,11,65-70,11,75.9072
burkina faso,12,70-75,11,47.4420
burkina faso,13,75-80,11,9.4884
burkina faso,14,80-85,11,4.7442
burkina faso,15,85+,11,0.0000
burkina faso,0,0-15,12,0.0000
burkina faso,1,15-20,12,4.7442
burkina faso,2,20-25,12,0.0000
burkina faso,3,25-30,12,23.7210
burkina faso,4,30-35,12,94.8841
burkina faso,5,35-40,12,118.6052
burkina faso,6,40-45,12,185.0241
burkina faso,7,45-50,12,189.7682
burkina faso,8,50-55,12,166.0471
burkina faso,9,55-60,12,128.0934
burkina faso,10,60-65,12,56.9304
burkina faso,11,65-70,12,80.6514
burkina faso,12,70-75,12,52.1862
burkina faso,13,75-80,12,23.7210
burkina faso,14,80-85,12,9.4884
burkina faso,15,85+,12,0.0000
burkina faso,0,0-15,13,0.0000
burkina faso,1,15-20,13,4.7442
burkina faso,2,20-25,13,0.0000
burkina faso,3,25-30,13,23.7210
burkina faso,4,30-35,13,94.8841
burkina faso,5,35-40,13,118.6052
burkina faso,6,40-45,13,185.0241
burkina faso,7,45-50,13,189.7682
burkina faso,8,50-55,13,166.0471
burkina faso,9,55-60,13,128.0934
burkina faso,10,60-65,13,56.9304
burkina faso,11,65-70,13,80.6514
burkina faso,12,70-75,13,52.1862
burkina faso,13,75-80,13,23.7210
burkina faso,14,80-85,13,9.4884
burkina faso,15,85+,13,0.0000
burkina faso,0,0-15,14,0.0000
burkina faso,1,15-20,14,0.0000
burkina faso,2,20-25,14,4.7442
burkina faso,3,25-30,14,37.9536
burkina faso,4,30-35,14,52.1863
burkina faso,5,35-40,14,170.7914
burkina faso,6,40-45,14,151.8147
burkina faso,7,45-50,14,161.3030
burkina faso,8,50-55,14,161.3029
burkina faso,9,55-60,14,128.0934
burkina faso,10,60-65,14,90.1398
burkina faso,11,65-70,14,75.9072
burkina faso,12,70-75,14,56.9304
burkina faso,13,75-80,14,28.4652
burkina faso,14,80-85,14,9.4884
burkina faso,15,85+,14,0.0000
burkina faso,0,0-15,15,0.0000
burkina faso,1,15-20,15,0.0000
burkina faso,2,20-25,15,14.2326
burkina faso,3,25-30,15,23.7210
burkina faso,4,30-35,15,104.3725
burkina faso,5,35-40,15,99.6283
burkina faso,6,40-45,15,128.0936
burkina faso,7,45-50,15,166.0473
burkina faso,8,50-55,15,180.2797
burkina faso,9,55-60,15,137.5818
burkina faso,10,60-65,15,94.8840
burkina faso,11,65-70,15,71.1630
burkina faso,12,70-75,15,42.6978
burkina faso,13,75-80,15,23.7210
burkina faso,14,80-85,15,0.0000
burkina faso,15,85+,15,0.0000
burkina faso,0,0-15,16,0.0000
burkina faso,1,15-20,16,0.0000
burkina faso,2,20-25,16,9.4884
burkina faso,3,25-30,16,18.9768
burkina faso,4,30-35,16,85.3957
burkina faso,5,35-40,16,151.8146
burkina faso,6,40-45,16,199.2568
burkina faso,7,45-50,16,166.0471
burkina faso,8,50-55,16,156.5587
burkina faso,9,55-60,16,156.5587
burkina faso,10,60-65,16,85.3956
burkina faso,11,65-70,16,66.4188
burkina faso,12,70-75,16,37.9536
burkina faso,13,75-80,16,23.7210
burkina faso,14,80-85,16,0.0000
burkina faso,15,85+,16,0.0000
burkina faso,0,0-15,17,0.0000
burkina faso,1,15-20,17,0.0000
burkina faso,2,20-25,17,18.9768
burkina faso,3,25-30,17,33.2094
burkina faso,4,30-35,17,94.8841
burkina faso,5,35-40,17,147.0704
burkina faso,6,40-45,17,170.7914
burkina faso,7,45-50,17,185.0240
burkina faso,8,50-55,17,123.3492
burkina faso,9,55-60,17,123.3492
burkina faso,10,60-65,17,90.1398
burkina faso,11,65-70,17,56.9304
burkina faso,12,70-75,17,33.2094
burkina faso,13,75-80,17,9.4884
burkina faso,14,80-85,17,4.7442
burkina faso,15,85+,17,0.0000
burkina faso,0,0-15,18,0.0000
burkina faso,1,15-20,18,0.0000
burkina faso,2,20-25,18,18.9768
burkina faso,3,25-30,18,33.2094
burkina faso,4,30-35,18,94.8841
burkina faso,5,35-40,18,147.0704
burkina faso,6,40-45,18,170.7914
burkina faso,7,45-50,18,185.0240
burkina faso,8,50-55,18,123.3492
burkina faso,9,55-60,18,123.3492
burkina faso,10,60-65,18,90.1398
burkina faso,11,65-70,18,56.9304
burkina faso,12,70-75,18,33.2094
burkina faso,13,75-80,18,9.4884
burkina faso,14,80-85,18,4.7442
burkina faso,15,85+,18,0.0000
burkina faso,0,0-15,19,0.0000
burkina faso,1,15-20,19,0.0000
burkina faso,2,20-25,19,9.4884
burkina faso,3,25-30,19,33.2094
burkina faso,4,30-35,19,85.3957
burkina faso,5,35-40,19,137.5820
burkina faso,6,40-45,19,142.3262
burkina faso,7,45-50,19,180.2798
burkina faso,8,50-55,19,161.3029
burkina faso,9,55-60,19,142.3260
burkina faso,10,60-65,19,90.1398
burkina faso,11,65-70,19,61.6746
burkina faso,12,70-75,19,0.0000
burkina faso,13,75-80,19,9.4884
burkina faso,14,80-85,19,4.7442
burkina faso,15,85+,19,0.0000
burkina faso,0,0-15,20,0.0000
burkina faso,1,15-20,20,0.0000
burkina faso,2,20-25,20,18.9768
burkina faso,3,25-30,20,23.7210
burkina faso,4,30-35,20,99.6283
burkina faso,5,35-40,20,151.8146
burkina faso,6,40-45,20,151.8146
burkina faso,7,45-50,20,147.0704
burkina faso,8,50-55,20,147.0703
burkina faso,9,55-60,20,118.6050
burkina faso,10,60-65,20,66.4188
burkina faso,11,65-70,20,80.6514
burkina faso,12,70-75,20,23.7210
burkina faso,13,75-80,20,9.4884
burkina faso,14,80-85,20,4.7442
burkina faso,15,85+,20,0.0000
burkina faso,0,0-15,21,0.0000
burkina faso,1,15-20,21,0.0000
burkina faso,2,20-25,21,18.9768
burkina faso,3,25-30,21,23.7210
burkina faso,4,30-35,21,99.6283
burkina faso,5,35-40,21,151.8146
burkina faso,6,40-45,21,151.8146
burkina faso,7,45-50,21,147.0704
burkina faso,8,50-55,21,147.0703
burkina faso,9,55-60,21,118.6050
burkina faso,10,60-65,21,66.4188
burkina faso,11,65-70,21,80.6514
burkina faso,12,70-75,21,23.7210
burkina faso,13,75-80,21,9.4884
burkina faso,14,80-85,21,4.7442
burkina faso,15,85+,21,0.0000
burkina faso,0,0-15,22,0.0000
burkina faso,1,15-20,22,0.0000
burkina faso,2,20-25,22,18.9768
burkina faso,3,25-30,22,23.7210
burkina faso,4,30-35,22,99.6283
burkina faso,5,35-40,22,151.8146
burkina faso,6,40-45,22,151.8146
burkina faso,7,45-50,22,147.0704
burkina faso,8,50-55,22,147.0703
burkina faso,9,55-60,22,118.6050
burkina faso,10,60-65,22,66.4188
burkina faso,11,65-70,22,80.6514
burkina faso,12,70-75,22,23.7210
burkina faso,13,75-80,22,9.4884
burkina faso,14,80-85,22,4.7442
burkina faso,15,85+,22,0.0000
burkina faso,0,0-15,23,0.0000
burkina faso,1,15-20,23,0.0000
burkina faso,2,20-25,23,9.4884
burkina faso,3,25-30,23,37.9536
burkina faso,4,30-35,23,80.6515
burkina faso,5,35-40,23,132.8378
burkina faso,6,40-45,23,218.2336
burkina faso,7,45-50,23,170.7913
burkina faso,8,50-55,23,137.5819
burkina faso,9,55-60,23,137.5818
burkina faso,10,60-65,23,104.3724
burkina faso,11,65-70,23,47.4420
burkina faso,12,70-75,23,33.2094
burkina faso,13,75-80,23,9.4884
burkina faso,14,80-85,23,4.7442
burkina faso,15,85+,23,0.0000
burkina faso,0,0-15,24,0.0000
burkina faso,1,15-20,24,0.0000
burkina faso,2,20-25,24,0.0000
burkina faso,3,25-30,24,14.2326
burkina faso,4,30-35,24,104.3725
burkina faso,5,35-40,24,123.3494
burkina faso,6,40-45,24,166.0473
burkina faso,7,45-50,24,132.8377
burkina faso,8,50-55,24,123.3493
burkina faso,9,55-60,24,147.0703
burkina faso,10,60-65,24,123.3492
burkina faso,11,65-70,24,94.8840
burkina faso,12,70-75,24,18.9768
burkina faso,13,75-80,24,9.4884
burkina faso,14,80-85,24,9.4884
burkina faso,15,85+,24,0.0000
burkina faso,0,0-15,25,0.0000
burkina faso,1,15-20,25,0.0000
burkina faso,2,20-25,25,0.0000
burkina faso,3,25-30,25,14.2326
burkina faso,4,30-35,25,104.3725
burkina faso,5,35-40,25,123.3494
burkina faso,6,40-45,25,166.0473
burkina faso,7,45-50,25,132.8377
burkina faso,8,50-55,25,123.3493
burkina faso,9,55-60,25,147.0703
burkina faso,10,60-65,25,123.3492
burkina faso,11,65-70,25,94.8840
burkina faso,12,70-75,25,18.9768
burkina faso,13,75-80,25,9.4884
burkina faso,14,80-85,25,9.4884
burkina faso,15,85+,25,0.0000
burkina faso,0,0-15,26,0.0000
burkina faso,1,15-20,26,0.0000
burkina faso,2,20-25,26,9.4884
burkina faso,3,25-30,26,18.9768
burkina faso,4,30-35,26,80.6515
burkina faso,5,35-40,26,123.3494
burkina faso,6,40-45,26,175.5357
burkina faso,7,45-50,26,156.5588
burkina faso,8,50-55,26,161.3029
burkina faso,9,55-60,26,80.6514
burkina faso,10,60-65,26,99.6282
burkina faso,11,65-70,26,118.6050
burkina faso,12,70-75,26,47.4420
burkina faso,13,75-80,26,18.9768
burkina faso,14,80-85,26,0.0000
burkina faso,15,85+,26,0.0000
burkina faso,0,0-15,27,0.0000
burkina faso,1,15-20,27,0.0000
burkina faso,2,20-25,27,0.0000
burkina faso,3,25-30,27,28.4652
burkina faso,4,30-35,27,90.1399
burkina faso,5,35-40,27,137.5820
burkina faso,6,40-45,27,142.3263
burkina faso,7,45-50,27,99.6283
burkina faso,8,50-55,27,156.5587
burkina faso,9,55-60,27,99.6282
burkina faso,10,60-65,27,94.8840
burkina faso,11,65-70,27,66.4188
burkina faso,12,70-75,27,33.2094
burkina faso,13,75-80,27,18.9768
burkina faso,14,80-85,27,4.7442
burkina faso,15,85+,27,0.0000
burkina faso,0,0-15,28,0.0000
burkina faso,1,15-20,28,0.0000
burkina faso,2,20-25,28,0.0000
burkina faso,3,25-30,28,23.7210
burkina faso,4,30-35,28,80.6515
burkina faso,5,35-40,28,113.8609
burkina faso,6,40-45,28,170.7915
burkina faso,7,45-50,28,194.5124
burkina faso,8,50-55,28,170.7913
burkina faso,9,55-60,28,113.8608
burkina faso,10,60-65,28,99.6282
burkina faso,11,65-70,28,99.6282
burkina faso,12,70-75,28,28.4652
burkina faso,13,75-80,28,4.7442
burkina faso,14,80-85,28,4.7442
burkina faso,15,85+,28,0.0000
burkina faso,0,0-15,29,0.0000
burkina faso,1,15-20,29,0.0000
burkina faso,2,20-25,29,9.4884
burkina faso,3,25-30,29,28.4652
burkina faso,4,30-35,29,80.6515
burkina faso,5,35-40,29,175.5356
burkina faso,6,40-45,29,156.5589
burkina faso,7,45-50,29,161.3029
burkina faso,8,50-55,29,170.7913
burkina faso,9,55-60,29,123.3492
burkina faso,10,60-65,29,47.4420
burkina faso,11,65-70,29,71.1630
burkina faso,12,70-75,29,56.9304
burkina faso,13,75-80,29,14.2326
burkina faso,14,80-85,29,9.4884
burkina faso,15,85+,29,0.0000
burkina faso,0,0-15,30,0.0000
burkina faso,1,15-20,30,0.0000
burkina faso,2,20-25,30,9.4884
burkina faso,3,25-30,30,14.2326
burkina faso,4,30-35,30,80.6515
burkina faso,5,35-40,30,137.5820
burkina faso,6,40-45,30,166.0473
burkina faso,7,45-50,30,185.0240
burkina faso,8,50-55,30,185.0239
burkina faso,9,55-60,30,118.6050
burkina faso,10,60-65,30,94.8840
burkina faso,11,65-70,30,61.6746
burkina faso,12,70-75,30,28.4652
burkina faso,13,75-80,30,37.9536
burkina faso,14,80-85,30,0.0000
burkina faso,15,85+,30,0.0000
burkina faso,0,0-15,31,0.0000
burkina faso,1,15-20,31,0.0000
burkina faso,2,20-25,31,14.2326
burkina faso,3,25-30,31,23.7210
burkina faso,4,30-35,31,71.1631
burkina faso,5,35-40,31,99.6283
burkina faso,6,40-45,31,170.7915
burkina faso,7,45-50,31,142.3262
burkina faso,8,50-55,31,166.0471
burkina faso,9,55-60,31,151.8145
burkina faso,10,60-65,31,137.5818
burkina faso,11,65-70,31,75.9072
burkina faso,12,70-75,31,42.6978
burkina faso,13,75-80,31,9.4884
burkina faso,14,80-85,31,4.7442
burkina faso,15,85+,31,0.0000
burkina faso,0,0-15,32,0.0000
burkina faso,1,15-20,32,0.0000
burkina faso,2,20-25,32,4.7442
burkina faso,3,25-30,32,9.4884
burkina faso,4,30-35,32,85.3957
burkina faso,5,35-40,32,142.3262
burkina faso,6,40-45,32,170.7915
burkina faso,7,45-50,32,137.5820
burkina faso,8,50-55,32,180.2797
burkina faso,9,55-60,32,118.6050
burkina faso,10,60-65,32,90.1398
burkina faso,11,65-70,32,66.4188
burkina faso,12,70-75,32,18.9768
burkina faso,13,75-80,32,14.2326
burkina faso,14,80-85,32,4.7442
burkina faso,15,85+,32,4.7442
burkina faso,0,0-15,33,0.0000
burkina faso,1,15-20,33,0.0000
burkina faso,2,20-25,33,14.2326
burkina faso,3,25-30,33,52.1863
burkina faso,4,30-35,33,90.1399
burkina faso,5,35-40,33,137.5820
burkina faso,6,40-45,33,175.5357
burkina faso,7,45-50,33,189.7681
burkina faso,8,50-55,33,189.7681
burkina faso,9,55-60,33,137.5818
burkina faso,10,60-65,33,104.3724
burkina faso,11,65-70,33,71.1630
burkina faso,12,70-75,33,18.9768
burkina faso,13,75-80,33,4.7442
burkina faso,14,80-85,33,4.7442
burkina faso,15,85+,33,0.0000
burkina faso,0,0-15,34,0.0000
burkina faso,1,15-20,34,0.0000
burkina faso,2,20-25,34,4.7442
burkina faso,3,25-30,34,4.7442
burkina faso,4,30-35,34,80.6515
burkina faso,5,35-40,34,113.8609
burkina faso,6,40-45,34,137.5820
burkina faso,7,45-50,34,151.8146
burkina faso,8,50-55,34,137.5819
burkina faso,9,55-60,34,170.7913
burkina faso,10,60-65,34,137.5818
burkina faso,11,65-70,34,61.6746
burkina faso,12,70-75,34,52.1862
burkina faso,13,75-80,34,18.9768
burkina faso,14,80-85,34,4.7442
burkina faso,15,85+,34,0.0000
burkina faso,0,0-15,35,0.0000
burkina faso,1,15-20,35,0.0000
burkina faso,2,20-25,35,4.7442
burkina faso,3,25-30,35,4.7442
burkina faso,4,30-35,35,80.6515
burkina faso,5,35-40,35,113.8609
burkina faso,6,40-45,35,137.5820
burkina faso,7,45-50,35,151.8146
burkina faso,8,50-55,35,137.5819
burkina faso,9,55-60,35,170.7913
burkina faso,10,60-65,35,137.5818
burkina faso,11,65-70,35,61.6746
burkina faso,12,70-75,35,52.1862
burkina faso,13,75-80,35,18.9768
burkina faso,14,80-85,35,4.7442
burkina faso,15,85+,35,0.0000
burkina faso,0,0-15,36,0.0000
burkina faso,1,15-20,36,0.0000
burkina faso,2,20-25,36,4.7442
burkina faso,3,25-30,36,4.7442
burkina faso,4,30-35,36,80.6515
burkina faso,5,35-40,36,113.8609
burkina faso,6,40-45,36,137.5820
burkina faso,7,45-50,36,151.8146
burkina faso,8,50-55,36,137.5819
burkina faso,9,55-60,36,170.7913
burkina faso,10,60-65,36,137.5818
burkina faso,11,65-70,36,61.6746
burkina faso,12,70-75,36,52.1862
burkina faso,13,75-80,36,18.9768
burkina faso,14,80-85,36,4.7442
burkina faso,15,85+,36,0.0000
burkina faso,0,0-15,37,0.0000
burkina faso,1,15-20,37,0.0000
burkina faso,2,20-25,37,14.2326
burkina faso,3,25-30,37,28.4652
burkina faso,4,30-35,37,109.1167
burkina faso,5,35-40,37,142.3262
burkina faso,6,40-45,37,161.3030
burkina faso,7,45-50,37,208.7450
burkina faso,8,50-55,37,180.2797
burkina faso,9,55-60,37,137.5818
burkina faso,10,60-65,37,99.6282
burkina faso,11,65-70,37,66.4188
burkina faso,12,70-75,37,23.7210
burkina faso,13,75-80,37,28.4652
burkina faso,14,80-85,37,4.7442
burkina faso,15,85+,37,4.7442
burkina faso,0,0-15,38,0.0000
burkina faso,1,15-20,38,0.0000
burkina faso,2,20-25,38,4.7442
burkina faso,3,25-30,38,42.6979
burkina faso,4,30-35,38,52.1863
burkina faso,5,35-40,38,161.3030
burkina faso,6,40-45,38,189.7684
burkina faso,7,45-50,38,156.5587
burkina faso,8,50-55,38,147.0703
burkina faso,9,55-60,38,123.3492
burkina faso,10,60-65,38,104.3724
burkina faso,11,65-70,38,52.1862
burkina faso,12,70-75,38,37.9536
burkina faso,13,75-80,38,28.4652
burkina faso,14,80-85,38,9.4884
burkina faso,15,85+,38,4.7442
burkina faso,0,0-15,39,0.0000
burkina faso,1,15-20,39,0.0000
burkina faso,2,20-25,39,0.0000
burkina faso,3,25-30,39,23.7210
burkina faso,4,30-35,39,56.9305
burkina faso,5,35-40,39,137.5820
burkina faso,6,40-45,39,170.7915
burkina faso,7,45-50,39,166.0472
burkina faso,8,50-55,39,204.0007
burkina faso,9,55-60,39,137.5818
burkina faso,10,60-65,39,71.1630
burkina faso,11,65-70,39,52.1862
burkina faso,12,70-75,39,37.9536
burkina faso,13,75-80,39,28.4652
burkina faso,14,80-85,39,9.4884
burkina faso,15,85+,39,0.0000
burkina faso,0,0-15,40,0.0000
burkina faso,1,15-20,40,0.0000
burkina faso,2,20-25,40,14.2326
burkina faso,3,25-30,40,33.2094
burkina faso,4,30-35,40,75.9073
burkina faso,5,35-40,40,123.3494
burkina faso,6,40-45,40,185.0241
burkina faso,7,45-50,40,180.2798
burkina faso,8,50-55,40,147.0703
burkina faso,9,55-60,40,166.0471
burkina faso,10,60-65,40,90.1398
burkina faso,11,65-70,40,42.6978
burkina faso,12,70-75,40,37.9536
burkina faso,13,75-80,40,9.4884
burkina faso,14,80-85,40,4.7442
burkina faso,15,85+,40,0.0000
burkina faso,0,0-15,41,0.0000
burkina faso,1,15-20,41,0.0000
burkina faso,2,20-25,41,9.4884
burkina faso,3,25-30,41,33.2094
burkina faso,4,30-35,41,52.1863
burkina faso,5,35-40,41,128.0936
burkina faso,6,40-45,41,147.0704
burkina faso,7,45-50,41,142.3262
burkina faso,8,50-55,41,161.3029
burkina faso,9,55-60,41,170.7913
burkina faso,10,60-65,41,66.4188
burkina faso,11,65-70,41,85.3956
burkina faso,12,70-75,41,52.1862
burkina faso,13,75-80,41,18.9768
burkina faso,14,80-85,41,0.0000
burkina faso,15,85+,41,0.0000
burkina faso,0,0-15,42,0.0000
burkina faso,1,15-20,42,0.0000
burkina faso,2,20-25,42,4.7442
burkina faso,3,25-30,42,14.2326
burkina faso,4,30-35,42,37.9536
burkina faso,5,35-40,42,113.8609
burkina faso,6,40-45,42,132.8378
burkina faso,7,45-50,42,170.7915
burkina faso,8,50-55,42,151.8145
burkina faso,9,55-60,42,151.8145
burkina faso,10,60-65,42,94.8840
burkina faso,11,65-70,42,61.6746
burkina faso,12,70-75,42,42.6978
burkina faso,13,75-80,42,28.4652
burkina faso,14,80-85,42,0.0000
burkina faso,15,85+,42,0.0000
burkina faso,0,0-15,43,0.0000
burkina faso,1,15-20,43,0.0000
burkina faso,2,20-25,43,4.7442
burkina faso,3,25-30,43,14.2326
burkina faso,4,30-35,43,37.9536
burkina faso,5,35-40,43,113.8609
burkina faso,6,40-45,43,132.8378
burkina faso,7,45-50,43,170.7915
burkina faso,8,50-55,43,151.8145
burkina faso,9,55-60,43,151.8145
burkina faso,10,60-65,43,94.8840
burkina faso,11,65-70,43,61.6746
burkina faso,12,70-75,43,42.6978
burkina faso,13,75-80,43,28.4652
burkina faso,14,80-85,43,0.0000
burkina faso,15,85+,43,0.0000
burkina faso,0,0-15,44,0.0000
burkina faso,1,15-20,44,0.0000
burkina faso,2,20-25,44,4.7442
burkina faso,3,25-30,44,14.2326
burkina faso,4,30-35,44,37.9536
burkina faso,5,35-40,44,113.8609
burkina faso,6,40-45,44,132.8378
burkina faso,7,45-50,44,170.7915
burkina faso,8,50-55,44,151.8145
burkina faso,9,55-60,44,151.8145
burkina faso,10,60-65,44,94.8840
burkina faso,11,65-70,44,61.6746
burkina faso,12,70-75,44,42.6978
burkina faso,13,75-80,44,28.4652
burkina faso,14,80-85,44,0.0000
burkina faso,15,85+,44,0.0000
burkina faso,0,0-15,45,0.0000
burkina faso,1,15-20,45,0.0000
burkina faso,2,20-25,45,4.7442
burkina faso,3,25-30,45,14.2326
burkina faso,4,30-35,45,37.9536
burkina faso,5,35-40,45,113.8609
burkina faso,6,40-45,45,132.8378
burkina faso,7,45-50,45,170.7915
burkina faso,8,50-55,45,151.8145
burkina faso,9,55-60,45,151.8145
burkina faso,10,60-65,45,94.8840
burkina faso,11,65-70,45,61.6746
burkina faso,12,70-75,45,42.6978
burkina faso,13,75-80,45,28.4652
burkina faso,14,80-85,45,0.0000
burkina faso,15,85+,45,0.0000
burkina faso,0,0-15,46,0.0000
burkina faso,1,15-20,46,0.0000
burkina faso,2,20-25,46,4.7442
burkina faso,3,25-30,46,33.2094
burkina faso,4,30-35,46,66.4189
burkina faso,5,35-40,46,118.6052
burkina faso,6,40-45,46,156.5589
burkina faso,7,45-50,46,204.0008
burkina faso,8,50-55,46,132.8377
burkina faso,9,55-60,46,161.3029
burkina faso,10,60-65,46,132.8376
burkina faso,11,65-70,46,75.9072
burkina faso,12,70-75,46,37.9536
burkina faso,13,75-80,46,9.4884
burkina faso,14,80-85,46,0.0000
burkina faso,15,85+,46,0.0000
burkina faso,0,0-15,47,0.0000
burkina faso,1,15-20,47,0.0000
burkina faso,2,20-25,47,4.7442
burkina faso,3,25-30,47,18.9768
burkina faso,4,30-35,47,61.6747
burkina faso,5,35-40,47,132.8378
burkina faso,6,40-45,47,132.8378
burkina faso,7,45-50,47,189.7683
burkina faso,8,50-55,47,147.0703
burkina faso,9,55-60,47,132.8376
burkina faso,10,60-65,47,75.9072
burkina faso,11,65-70,47,61.6746
burkina faso,12,70-75,47,18.9768
burkina faso,13,75-80,47,23.7210
burkina faso,14,80-85,47,0.0000
burkina faso,15,85+,47,0.0000
burkina faso,0,0-15,48,0.0000
burkina faso,1,15-20,48,4.7442
burkina faso,2,20-25,48,0.0000
burkina faso,3,25-30,48,23.7210
burkina faso,4,30-35,48,85.3957
burkina faso,5,35-40,48,142.3262
burkina faso,6,40-45,48,142.3263
burkina faso,7,45-50,48,189.7682
burkina faso,8,50-55,48,185.0239
burkina faso,9,55-60,48,147.0703
burkina faso,10,60-65,48,56.9304
burkina faso,11,65-70,48,52.1862
burkina faso,12,70-75,48,47.4420
burkina faso,13,75-80,48,23.7210
burkina faso,14,80-85,48,0.0000
burkina faso,15,85+,48,0.0000
burkina faso,0,0-15,49,0.0000
burkina faso,1,15-20,49,0.0000
burkina faso,2,20-25,49,0.0000
burkina faso,3,25-30,49,14.2326
burkina faso,4,30-35,49,56.9305
burkina faso,5,35-40,49,123.3494
burkina faso,6,40-45,49,128.0936
burkina faso,7,45-50,49,132.8378
burkina faso,8,50-55,49,147.0703
burkina faso,9,55-60,49,142.3261
burkina faso,10,60-65,49,94.8840
burkina faso,11,65-70,49,52.1862
burkina faso,12,70-75,49,56.9304
burkina faso,13,75-80,49,18.9768
burkina faso,14,80-85,49,9.4884
burkina faso,15,85+,49,0.0000
burkina faso,0,0-15,50,0.0000
burkina faso,1,15-20,50,0.0000
burkina faso,2,20-25,50,4.7442
burkina faso,3,25-30,50,23.7210
burkina faso,4,30-35,50,47.4421
burkina faso,5,35-40,50,128.0936
burkina faso,6,40-45,50,156.5589
burkina faso,7,45-50,50,132.8378
burkina faso,8,50-55,50,128.0935
burkina faso,9,55-60,50,99.6282
burkina faso,10,60-65,50,113.8608
burkina faso,11,65-70,50,61.6746
burkina faso,12,70-75,50,33.2094
burkina faso,13,75-80,50,23.7210
burkina faso,14,80-85,50,4.7442
burkina faso,15,85+,50,0.0000
burkina faso,0,0-15,51,0.0000
burkina faso,1,15-20,51,0.0000
burkina faso,2,20-25,51,4.7442
burkina faso,3,25-30,51,33.2094
burkina faso,4,30-35,51,109.1167
burkina faso,5,35-40,51,132.8378
burkina faso,6,40-45,51,213.4894
burkina faso,7,45-50,51,166.0471
burkina faso,8,50-55,51,170.7913
burkina faso,9,55-60,51,151.8145
burkina faso,10,60-65,51,85.3956
burkina faso,11,65-70,51,56.9304
burkina faso,12,70-75,51,28.4652
burkina faso,13,75-80,51,18.9768
burkina faso,14,80-85,51,0.0000
burkina faso,15,85+,51,0.0000
burkina faso,0,0-15,52,0.0000
burkina faso,1,15-20,52,0.0000
burkina faso,2,20-25,52,4.7442
burkina faso,3,25-30,52,37.9536
burkina faso,4,30-35,52,47.4421
burkina faso,5,35-40,52,128.0936
burkina faso,6,40-45,52,147.0705
burkina faso,7,45-50,52,175.5356
burkina faso,8,50-55,52,142.3261
burkina faso,9,55-60,52,132.8376
burkina faso,10,60-65,52,85.3956
burkina faso,11,65-70,52,42.6978
burkina faso,12,70-75,52,37.9536
burkina faso,13,75-80,52,4.7442
burkina faso,14,80-85,52,9.4884
burkina faso,15,85+,52,0.0000
burkina faso,0,0-15,53,0.0000
burkina faso,1,15-20,53,0.0000
burkina faso,2,20-25,53,0.0000
burkina faso,3,25-30,53,28.4652
burkina faso,4,30-35,53,56.9305
burkina faso,5,35-40,53,109.1167
burkina faso,6,40-45,53,161.3031
burkina faso,7,45-50,53,213.4893
burkina faso,8,50-55,53,166.0471
burkina faso,9,55-60,53,161.3029
burkina faso,10,60-65,53,109.1166
burkina faso,11,65-70,53,85.3956
burkina faso,12,70-75,53,33.2094
burkina faso,13,75-80,53,14.2326
burkina faso,14,80-85,53,4.7442
burkina faso,15,85+,53,4.7442
burkina faso,0,0-15,54,0.0000
burkina faso,1,15-20,54,0.0000
burkina faso,2,20-25,54,9.4884
burkina faso,3,25-30,54,33.2094
burkina faso,4,30-35,54,56.9305
burkina faso,5,35-40,54,99.6283
burkina faso,6,40-45,54,166.0473
burkina faso,7,45-50,54,180.2798
burkina faso,8,50-55,54,156.5587
burkina faso,9,55-60,54,161.3029
burkina faso,10,60-65,54,104.3724
burkina faso,11,65-70,54,47.4420
burkina faso,12,70-75,54,37.9536
burkina faso,13,75-80,54,23.7210
burkina faso,14,80-85,54,14.2326
burkina faso,15,85+,54,0.0000
burkina faso,0,0-15,55,0.0000
burkina faso,1,15-20,55,0.0000
burkina faso,2,20-25,55,0.0000
burkina faso,3,25-30,55,37.9536
burkina faso,4,30-35,55,47.4421
burkina faso,5,35-40,55,94.8841
burkina faso,6,40-45,55,128.0936
burkina faso,7,45-50,55,170.7915
burkina faso,8,50-55,55,147.0703
burkina faso,9,55-60,55,99.6282
burkina faso,10,60-65,55,104.3724
burkina faso,11,65-70,55,75.9072
burkina faso,12,70-75,55,37.9536
burkina faso,13,75-80,55,18.9768
burkina faso,14,80-85,55,4.7442
burkina faso,15,85+,55,4.7442
burkina faso,0,0-15,56,0.0000
burkina faso,1,15-20,56,4.7442
burkina faso,2,20-25,56,0.0000
burkina faso,3,25-30,56,37.9536
burkina faso,4,30-35,56,71.1631
burkina faso,5,35-40,56,170.7915
burkina faso,6,40-45,56,175.5357
burkina faso,7,45-50,56,166.0471
burkina faso,8,50-55,56,175.5355
burkina faso,9,55-60,56,132.8376
burkina faso,10,60-65,56,99.6282
burkina faso,11,65-70,56,47.4420
burkina faso,12,70-75,56,14.2326
burkina faso,13,75-80,56,14.2326
burkina faso,14,80-85,56,9.4884
burkina faso,15,85+,56,0.0000
burkina faso,0,0-15,57,0.0000
burkina faso,1,15-20,57,0.0000
burkina faso,2,20-25,57,9.4884
burkina faso,3,25-30,57,37.9536
burkina faso,4,30-35,57,113.8609
burkina faso,5,35-40,57,118.6052
burkina faso,6,40-45,57,156.5589
burkina faso,7,45-50,57,194.5124
burkina faso,8,50-55,57,170.7913
burkina faso,9,55-60,57,170.7913
burkina faso,10,60-65,57,123.3492
burkina faso,11,65-70,57,71.1630
burkina faso,12,70-75,57,42.6978
burkina faso,13,75-80,57,18.9768
burkina faso,14,80-85,57,9.4884
burkina faso,15,85+,57,0.0000
burkina faso,0,0-15,58,0.0000
burkina faso,1,15-20,58,0.0000
burkina faso,2,20-25,58,14.2326
burkina faso,3,25-30,58,28.4652
burkina faso,4,30-35,58,52.1863
burkina faso,5,35-40,58,180.2799
burkina faso,6,40-45,58,166.0473
burkina faso,7,45-50,58,175.5356
burkina faso,8,50-55,58,170.7913
burkina faso,9,55-60,58,104.3724
burkina faso,10,60-65,58,99.6282
burkina faso,11,65-70,58,75.9072
burkina faso,12,70-75,58,47.4420
burkina faso,13,75-80,58,14.2326
burkina faso,14,80-85,58,0.0000
burkina faso,15,85+,58,4.7442
burkina faso,0,0-15,59,0.0000
burkina faso,1,15-20,59,0.0000
burkina faso,2,20-25,59,18.9768
burkina faso,3,25-30,59,42.6979
burkina faso,4,30-35,59,75.9073
burkina faso,5,35-40,59,118.6051
burkina faso,6,40-45,59,161.3031
burkina faso,7,45-50,59,109.1168
burkina faso,8,50-55,59,137.5819
burkina faso,9,55-60,59,118.6050
burkina faso,10,60-65,59,109.1166
burkina faso,11,65-70,59,75.9072
burkina faso,12,70-75,59,14.2326
burkina faso,13,75-80,59,14.2326
burkina faso,14,80-85,59,4.7442
burkina faso,15,85+,59,0.0000
burkina faso,0,0-15,60,0.0000
burkina faso,1,15-20,60,0.0000
burkina faso,2,20-25,60,4.7442
burkina faso,3,25-30,60,14.2326
burkina faso,4,30-35,60,94.8841
burkina faso,5,35-40,60,123.3493
burkina faso,6,40-45,60,180.2799
burkina faso,7,45-50,60,147.0704
burkina faso,8,50-55,60,132.8377
burkina faso,9,55-60,60,99.6282
burkina faso,10,60-65,60,99.6282
burkina faso,11,65-70,60,47.4420
burkina faso,12,70-75,60,28.4652
burkina faso,13,75-80,60,28.4652
burkina faso,14,80-85,60,9.4884
burkina faso,15,85+,60,0.0000
burkina faso,0,0-15,61,0.0000
burkina faso,1,15-20,61,0.0000
burkina faso,2,20-25,61,0.0000
burkina faso,3,25-30,61,33.2094
burkina faso,4,30-35,61,61.6747
burkina faso,5,35-40,61,147.0704
burkina faso,6,40-45,61,151.8147
burkina faso,7,45-50,61,147.0704
burkina faso,8,50-55,61,118.6051
burkina faso,9,55-60,61,128.0934
burkina faso,10,60-65,61,104.3724
burkina faso,11,65-70,61,47.4420
burkina faso,12,70-75,61,9.4884
burkina faso,13,75-80,61,18.9768
burkina faso,14,80-85,61,9.4884
burkina faso,15,85+,61,0.0000
burkina faso,0,0-15,62,0.0000
burkina faso,1,15-20,62,0.0000
burkina faso,2,20-25,62,0.0000
burkina faso,3,25-30,62,18.9768
burkina faso,4,30-35,62,33.2094
burkina faso,5,35-40,62,142.3262
burkina faso,6,40-45,62,147.0704
burkina faso,7,45-50,62,170.7915
burkina faso,8,50-55,62,170.7913
burkina faso,9,55-60,62,156.5587
burkina faso,10,60-65,62,99.6282
burkina faso,11,65-70,62,61.6746
burkina faso,12,70-75,62,18.9768
burkina faso,13,75-80,62,18.9768
burkina faso,14,80-85,62,0.0000
burkina faso,15,85+,62,4.7442
burkina faso,0,0-15,63,0.0000
burkina faso,1,15-20,63,0.0000
burkina faso,2,20-25,63,9.4884
burkina faso,3,25-30,63,37.9536
burkina faso,4,30-35,63,47.4421
burkina faso,5,35-40,63,137.5820
burkina faso,6,40-45,63,204.0010
burkina faso,7,45-50,63,170.7913
burkina faso,8,50-55,63,180.2797
burkina faso,9,55-60,63,137.5818
burkina faso,10,60-65,63,104.3724
burkina faso,11,65-70,63,71.1630
burkina faso,12,70-75,63,37.9536
burkina faso,13,75-80,63,14.2326
burkina faso,14,80-85,63,18.9768
burkina faso,15,85+,63,0.0000
burkina faso,0,0-15,64,0.0000
burkina faso,1,15-20,64,0.0000
burkina faso,2,20-25,64,9.4884
burkina faso,3,25-30,64,42.6979
burkina faso,4,30-35,64,99.6283
burkina faso,5,35-40,64,147.0704
burkina faso,6,40-45,64,175.5357
burkina faso,7,45-50,64,232.4660
burkina faso,8,50-55,64,123.3492
burkina faso,9,55-60,64,123.3492
burkina faso,10,60-65,64,104.3724
burkina faso,11,65-70,64,66.4188
burkina faso,12,70-75,64,33.2094
burkina faso,13,75-80,64,18.9768
burkina faso,14,80-85,64,4.7442
burkina faso,15,85+,64,0.0000
burkina faso,0,0-15,65,0.0000
burkina faso,1,15-20,65,4.7442
burkina faso,2,20-25,65,0.0000
burkina faso,3,25-30,65,37.9536
burkina faso,4,30-35,65,80.6515
burkina faso,5,35-40,65,170.7914
burkina faso,6,40-45,65,118.6052
burkina faso,7,45-50,65,189.7682
burkina faso,8,50-55,65,142.3260
burkina faso,9,55-60,65,123.3492
burkina faso,10,60-65,65,104.3724
burkina faso,11,65-70,65,66.4188
burkina faso,12,70-75,65,23.7210
burkina faso,13,75-80,65,4.7442
burkina faso,14,80-85,65,0.0000
burkina faso,15,85+,65,4.7442
burkina faso,0,0-15,66,0.0000
burkina faso,1,15-20,66,0.0000
burkina faso,2,20-25,66,9.4884
burkina faso,3,25-30,66,23.7210
burkina faso,4,30-35,66,94.8841
burkina faso,5,35-40,66,161.3030
burkina faso,6,40-45,66,142.3262
burkina faso,7,45-50,66,132.8378
burkina faso,8,50-55,66,180.2797
burkina faso,9,55-60,66,156.5587
burkina faso,10,60-65,66,71.1630
burkina faso,11,65-70,66,61.6746
burkina faso,12,70-75,66,42.6978
burkina faso,13,75-80,66,14.2326
burkina faso,14,80-85,66,4.7442
burkina faso,15,85+,66,0.0000
burkina faso,0,0-15,67,0.0000
burkina faso,1,15-20,67,0.0000
burkina faso,2,20-25,67,9.4884
burkina faso,3,25-30,67,23.7210
burkina faso,4,30-35,67,94.8841
burkina faso,5,35-40,67,161.3030
burkina faso,6,40-45,67,142.3262
burkina faso,7,45-50,67,132.8378
burkina faso,8,50-55,67,180.2797
burkina faso,9,55-60,67,156.5587
burkina faso,10,60-65,67,71.1630
burkina faso,11,65-70,67,61.6746
burkina faso,12,70-75,67,42.6978
burkina faso,13,75-80,67,14.2326
burkina faso,14,80-85,67,4.7442
burkina faso,15,85+,67,0.0000
burkina faso,0,0-15,68,0.0000
burkina faso,1,15-20,68,0.0000
burkina faso,2,20-25,68,14.2326
burkina faso,3,25-30,68,33.2094
burkina faso,4,30-35,68,99.6283
burkina faso,5,35-40,68,99.6283
burkina faso,6,40-45,68,123.3494
burkina faso,7,45-50,68,161.3030
burkina faso,8,50-55,68,156.5587
burkina faso,9,55-60,68,113.8608
burkina faso,10,60-65,68,85.3956
burkina faso,11,65-70,68,66.4188
burkina faso,12,70-75,68,28.4652
burkina faso,13,75-80,68,14.2326
burkina faso,14,80-85,68,9.4884
burkina faso,15,85+,68,4.7442
burkina faso,0,0-15,69,0.0000
burkina faso,1,15-20,69,0.0000
burkina faso,2,20-25,69,14.2326
burkina faso,3,25-30,69,33.2094
burkina faso,4,30-35,69,99.6283
burkina faso,5,35-40,69,99.6283
burkina faso,6,40-45,69,123.3494
burkina faso,7,45-50,69,161.3030
burkina faso,8,50-55,69,156.5587
burkina faso,9,55-60,69,113.8608
burkina faso,10,60-65,69,85.3956
burkina faso,11,65-70,69,66.4188
burkina faso,12,70-75,69,28.4652
burkina faso,13,75-80,69,14.2326
burkina faso,14,80-85,69,9.4884
burkina faso,15,85+,69,4.7442
burkina faso,0,0-15,70,0.0000
burkina faso,1,15-20,70,0.0000
burkina faso,2,20-25,70,14.2326
burkina faso,3,25-30,70,33.2094
burkina faso,4,30-35,70,99.6283
burkina faso,5,35-40,70,99.6283
burkina faso,6,40-45,70,123.3494
burkina faso,7,45-50,70,161.3030
burkina faso,8,50-55,70,156.5587
burkina faso,9,55-60,70,113.8608
burkina faso,10,60-65,70,85.3956
burkina faso,11,65-70,70,66.4188
burkina faso,12,70-75,70,28.4652
burkina faso,13,75-80,70,14.2326
burkina faso,14,80-85,70,9.4884
burkina faso,15,85+,70,4.7442
burkina faso,0,0-15,71,0.0000
burkina faso,1,15-20,71,0.0000
burkina faso,2,20-25,71,14.2326
burkina faso,3,25-30,71,33.2094
burkina faso,4,30-35,71,99.6283
burkina faso,5,35-40,71,99.6283
burkina faso,6,40-45,71,123.3494
burkina faso,7,45-50,71,161.3030
burkina faso,8,50-55,71,156.5587
burkina faso,9,55-60,71,113.8608
burkina faso,10,60-65,71,85.3956
burkina faso,11,65-70,71,66.4188
burkina faso,12,70-75,71,28.4652
burkina faso,13,75-80,71,14.2326
burkina faso,14,80-85,71,9.4884
burkina faso,15,85+,71,4.7442
burkina faso,0,0-15,72,0.0000
burkina faso,1,15-20,72,0.0000
burkina faso,2,20-25,72,9.4884
burkina faso,3,25-30,72,23.7210
burkina faso,4,30-35,72,71.1631
burkina faso,5,35-40,72,99.6283
burkina faso,6,40-45,72,128.0936
burkina faso,7,45-50,72,123.3494
burkina faso,8,50-55,72,142.3261
burkina faso,9,55-60,72,113.8608
burkina faso,10,60-65,72,109.1166
burkina faso,11,65-70,72,75.9072
burkina faso,12,70-75,72,33.2094
burkina faso,13,75-80,72,18.9768
burkina faso,14,80-85,72,0.0000
burkina faso,15,85+,72,0.0000
burkina faso,0,0-15,73,0.0000
burkina faso,1,15-20,73,0.0000
burkina faso,2,20-25,73,9.4884
burkina faso,3,25-30,73,23.7210
burkina faso,4,30-35,73,71.1631
burkina faso,5,35-40,73,99.6283
burkina faso,6,40-45,73,128.0936
burkina faso,7,45-50,73,123.3494
burkina faso,8,50-55,73,142.3261
burkina faso,9,55-60,73,113.8608
burkina faso,10,60-65,73,109.1166
burkina faso,11,65-70,73,75.9072
burkina faso,12,70-75,73,33.2094
burkina faso,13,75-80,73,18.9768
burkina faso,14,80-85,73,0.0000
burkina faso,15,85+,73,0.0000
burkina faso,0,0-15,74,0.0000
burkina faso,1,15-20,74,0.0000
burkina faso,2,20-25,74,9.4884
burkina faso,3,25-30,74,23.7210
burkina faso,4,30-35,74,71.1631
burkina faso,5,35-40,74,99.6283
burkina faso,6,40-45,74,128.0936
burkina faso,7,45-50,74,123.3494
burkina faso,8,50-55,74,142.3261
burkina faso,9,55-60,74,113.8608
burkina faso,10,60-65,74,109.1166
burkina faso,11,65-70,74,75.9072
burkina faso,12,70-75,74,33.2094
burkina faso,13,75-80,74,18.9768
burkina faso,14,80-85,74,0.0000
burkina faso,15,85+,74,0.0000
burkina faso,0,0-15,75,0.0000
burkina faso,1,15-20,75,0.0000
burkina faso,2,20-25,75,9.4884
burkina faso,3,25-30,75,23.7210
burkina faso,4,30-35,75,71.1631
burkina faso,5,35-40,75,99.6283
burkina faso,6,40-45,75,128.0936
burkina faso,7,45-50,75,123.3494
burkina faso,8,50-55,75,142.3261
burkina faso,9,55-60,75,113.8608
burkina faso,10,60-65,75,109.1166
burkina faso,11,65-70,75,75.9072
burkina faso,12,70-75,75,33.2094
burkina faso,13,75-80,75,18.9768
burkina faso,14,80-85,75,0.0000
burkina faso,15,85+,75,0.0000
burkina faso,0,0-15,76,0.0000
burkina faso,1,15-20,76,0.0000
burkina faso,2,20-25,76,4.7442
burkina faso,3,25-30,76,42.6979
burkina faso,4,30-35,76,109.1167
burkina faso,5,35-40,76,75.9073
burkina faso,6,40-45,76,147.0705
burkina faso,7,45-50,76,170.7914
burkina faso,8,50-55,76,104.3725
burkina faso,9,55-60,76,142.3260
burkina faso,10,60-65,76,104.3724
burkina faso,11,65-70,76,66.4188
burkina faso,12,70-75,76,33.2094
burkina faso,13,75-80,76,18.9768
burkina faso,14,80-85,76,9.4884
burkina faso,15,85+,76,0.0000
burkina faso,0,0-15,77,0.0000
burkina faso,1,15-20,77,0.0000
burkina faso,2,20-25,77,0.0000
burkina faso,3,25-30,77,33.2094
burkina faso,4,30-35,77,109.1167
burkina faso,5,35-40,77,104.3726
burkina faso,6,40-45,77,104.3726
burkina faso,7,45-50,77,156.5588
burkina faso,8,50-55,77,151.8145
burkina faso,9,55-60,77,109.1166
burkina faso,10,60-65,77,99.6282
burkina faso,11,65-70,77,104.3724
burkina faso,12,70-75,77,28.4652
burkina faso,13,75-80,77,14.2326
burkina faso,14,80-85,77,0.0000
burkina faso,15,85+,77,0.0000
burkina faso,0,0-15,78,0.0000
burkina faso,1,15-20,78,0.0000
burkina faso,2,20-25,78,9.4884
burkina faso,3,25-30,78,37.9536
burkina faso,4,30-35,78,94.8841
burkina faso,5,35-40,78,137.5820
burkina faso,6,40-45,78,175.5357
burkina faso,7,45-50,78,222.9776
burkina faso,8,50-55,78,137.5818
burkina faso,9,55-60,78,123.3492
burkina faso,10,60-65,78,94.8840
burkina faso,11,65-70,78,28.4652
burkina faso,12,70-75,78,23.7210
burkina faso,13,75-80,78,18.9768
burkina faso,14,80-85,78,0.0000
burkina faso,15,85+,78,0.0000
burkina faso,0,0-15,79,0.0000
burkina faso,1,15-20,79,0.0000
burkina faso,2,20-25,79,9.4884
burkina faso,3,25-30,79,37.9536
burkina faso,4,30-35,79,94.8841
burkina faso,5,35-40,79,137.5820
burkina faso,6,40-45,79,175.5357
burkina faso,7,45-50,79,222.9776
burkina faso,8,50-55,79,137.5818
burkina faso,9,55-60,79,123.3492
burkina faso,10,60-65,79,94.8840
burkina faso,11,65-70,79,28.4652
burkina faso,12,70-75,79,23.7210
burkina faso,13,75-80,79,18.9768
burkina faso,14,80-85,79,0.0000
burkina faso,15,85+,79,0.0000
burkina faso,0,0-15,80,0.0000
burkina faso,1,15-20,80,0.0000
burkina faso,2,20-25,80,9.4884
burkina faso,3,25-30,80,37.9536
burkina faso,4,30-35,80,94.8841
burkina faso,5,35-40,80,137.5820
burkina faso,6,40-45,80,175.5357
burkina faso,7,45-50,80,222.9776
burkina faso,8,50-55,80,137.5818
burkina faso,9,55-60,80,123.3492
burkina faso,10,60-65,80,94.8840
burkina faso,11,65-70,80,28.4652
burkina faso,12,70-75,80,23.7210
burkina faso,13,75-80,80,18.9768
burkina faso,14,80-85,80,0.0000
burkina faso,15,85+,80,0.0000
burkina faso,0,0-15,81,0.0000
burkina faso,1,15-20,81,0.0000
burkina faso,2,20-25,81,0.0000
burkina faso,3,25-30,81,23.7210
burkina faso,4,30-35,81,71.1631
burkina faso,5,35-40,81,156.5588
burkina faso,6,40-45,81,180.2799
burkina faso,7,45-50,81,161.3030
burkina faso,8,50-55,81,123.3492
burkina faso,9,55-60,81,99.6282
burkina faso,10,60-65,81,99.6282
burkina faso,11,65-70,81,56.9304
burkina faso,12,70-75,81,28.4652
burkina faso,13,75-80,81,0.0000
burkina faso,14,80-85,81,4.7442
burkina faso,15,85+,81,0.0000
burkina faso,0,0-15,82,0.0000
burkina faso,1,15-20,82,0.0000
burkina faso,2,20-25,82,4.7442
burkina faso,3,25-30,82,23.7210
burkina faso,4,30-35,82,80.6515
burkina faso,5,35-40,82,113.8610
burkina faso,6,40-45,82,132.8378
burkina faso,7,45-50,82,151.8146
burkina faso,8,50-55,82,156.5587
burkina faso,9,55-60,82,132.8377
burkina faso,10,60-65,82,47.4420
burkina faso,11,65-70,82,66.4188
burkina faso,12,70-75,82,56.9304
burkina faso,13,75-80,82,4.7442
burkina faso,14,80-85,82,0.0000
burkina faso,15,85+,82,4.7442
burkina faso,0,0-15,83,0.0000
burkina faso,1,15-20,83,0.0000
burkina faso,2,20-25,83,0.0000
burkina faso,3,25-30,83,23.7210
burkina faso,4,30-35,83,71.1631
burkina faso,5,35-40,83,109.1168
burkina faso,6,40-45,83,123.3494
burkina faso,7,45-50,83,151.8146
burkina faso,8,50-55,83,180.2798
burkina faso,9,55-60,83,151.8145
burkina faso,10,60-65,83,109.1166
burkina faso,11,65-70,83,52.1862
burkina faso,12,70-75,83,47.4420
burkina faso,13,75-80,83,37.9536
burkina faso,14,80-85,83,0.0000
burkina faso,15,85+,83,9.4884
burkina faso,0,0-15,84,0.0000
burkina faso,1,15-20,84,0.0000
burkina faso,2,20-25,84,4.7442
burkina faso,3,25-30,84,28.4652
burkina faso,4,30-35,84,128.0936
burkina faso,5,35-40,84,147.0704
burkina faso,6,40-45,84,199.2567
burkina faso,7,45-50,84,189.7681
burkina faso,8,50-55,84,132.8376
burkina faso,9,55-60,84,99.6282
burkina faso,10,60-65,84,94.8840
burkina faso,11,65-70,84,66.4188
burkina faso,12,70-75,84,42.6978
burkina faso,13,75-80,84,23.7210
burkina faso,14,80-85,84,9.4884
burkina faso,15,85+,84,0.0000
burkina faso,0,0-15,85,0.0000
burkina faso,1,15-20,85,0.0000
burkina faso,2,20-25,85,14.2326
burkina faso,3,25-30,85,47.4421
burkina faso,4,30-35,85,52.1863
burkina faso,5,35-40,85,137.5820
burkina faso,6,40-45,85,166.0473
burkina faso,7,45-50,85,180.2798
burkina faso,8,50-55,85,175.5355
burkina faso,9,55-60,85,123.3492
burkina faso,10,60-65,85,71.1630
burkina faso,11,65-70,85,66.4188
burkina faso,12,70-75,85,23.7210
burkina faso,13,75-80,85,23.7210
burkina faso,14,80-85,85,0.0000
burkina faso,15,85+,85,0.0000
burkina faso,0,0-15,86,0.0000
burkina faso,1,15-20,86,0.0000
burkina faso,2,20-25,86,4.7442
burkina faso,3,25-30,86,42.6979
burkina faso,4,30-35,86,80.6515
burkina faso,5,35-40,86,194.5125
burkina faso,6,40-45,86,137.5820
burkina faso,7,45-50,86,170.7914
burkina faso,8,50-55,86,156.5587
burkina faso,9,55-60,86,118.6050
burkina faso,10,60-65,86,118.6050
burkina faso,11,65-70,86,42.6978
burkina faso,12,70-75,86,33.2094
burkina faso,13,75-80,86,18.9768
burkina faso,14,80-85,86,9.4884
burkina faso,15,85+,86,4.7442
burkina faso,0,0-15,87,0.0000
burkina faso,1,15-20,87,0.0000
burkina faso,2,20-25,87,4.7442
burkina faso,3,25-30,87,23.7210
burkina faso,4,30-35,87,61.6747
burkina faso,5,35-40,87,151.8146
burkina faso,6,40-45,87,151.8146
burkina faso,7,45-50,87,151.8146
burkina faso,8,50-55,87,109.1167
burkina faso,9,55-60,87,123.3492
burkina faso,10,60-65,87,94.8840
burkina faso,11,65-70,87,52.1862
burkina faso,12,70-75,87,23.7210
burkina faso,13,75-80,87,18.9768
burkina faso,14,80-85,87,9.4884
burkina faso,15,85+,87,0.0000
burkina faso,0,0-15,88,0.0000
burkina faso,1,15-20,88,0.0000
burkina faso,2,20-25,88,4.7442
burkina faso,3,25-30,88,18.9768
burkina faso,4,30-35,88,71.1631
burkina faso,5,35-40,88,123.3494
burkina faso,6,40-45,88,156.5588
burkina faso,7,45-50,88,151.8146
burkina faso,8,50-55,88,161.3030
burkina faso,9,55-60,88,113.8608
burkina faso,10,60-65,88,80.6514
burkina faso,11,65-70,88,47.4420
burkina faso,12,70-75,88,28.4652
burkina faso,13,75-80,88,42.6978
burkina faso,14,80-85,88,9.4884
burkina faso,15,85+,88,4.7442
burkina faso,0,0-15,89,0.0000
burkina faso,1,15-20,89,0.0000
burkina faso,2,20-25,89,4.7442
burkina faso,3,25-30,89,14.2326
burkina faso,4,30-35,89,75.9073
burkina faso,5,35-40,89,185.0241
burkina faso,6,40-45,89,109.1168
burkina faso,7,45-50,89,151.8146
burkina faso,8,50-55,89,156.5587
burkina faso,9,55-60,89,128.0934
burkina faso,10,60-65,89,94.8840
burkina faso,11,65-70,89,56.9304
burkina faso,12,70-75,89,37.9536
burkina faso,13,75-80,89,18.9768
burkina faso,14,80-85,89,4.7442
burkina faso,15,85+,89,0.0000
burkina faso,0,0-15,90,0.0000
burkina faso,1,15-20,90,0.0000
burkina faso,2,20-25,90,4.7442
burkina faso,3,25-30,90,14.2326
burkina faso,4,30-35,90,75.9073
burkina faso,5,35-40,90,185.0241
burkina faso,6,40-45,90,109.1168
burkina faso,7,45-50,90,151.8146
burkina faso,8,50-55,90,156.5587
burkina faso,9,55-60,90,128.0934
burkina faso,10,60-65,90,94.8840
burkina faso,11,65-70,90,56.9304
burkina faso,12,70-75,90,37.9536
burkina faso,13,75-80,90,18.9768
burkina faso,14,80-85,90,4.7442
burkina faso,15,85+,90,0.0000
burkina faso,0,0-15,91,0.0000
burkina faso,1,15-20,91,0.0000
burkina faso,2,20-25,91,9.4884
burkina faso,3,25-30,91,28.4652
burkina faso,4,30-35,91,66.4189
burkina faso,5,35-40,91,142.3262
burkina faso,6,40-45,91,180.2799
burkina faso,7,45-50,91,189.7682
burkina faso,8,50-55,91,199.2565
burkina faso,9,55-60,91,109.1166
burkina faso,10,60-65,91,113.8608
burkina faso,11,65-70,91,52.1862
burkina faso,12,70-75,91,37.9536
burkina faso,13,75-80,91,14.2326
burkina faso,14,80-85,91,0.0000
burkina faso,15,85+,91,0.0000
burkina faso,0,0-15,92,0.0000
burkina faso,1,15-20,92,0.0000
burkina faso,2,20-25,92,9.4884
burkina faso,3,25-30,92,28.4652
burkina faso,4,30-35,92,66.4189
burkina faso,5,35-40,92,142.3262
burkina faso,6,40-45,92,180.2799
burkina faso,7,45-50,92,189.7682
burkina faso,8,50-55,92,199.2565
burkina faso,9,55-60,92,109.1166
burkina faso,10,60-65,92,113.8608
burkina faso,11,65-70,92,52.1862
burkina faso,12,70-75,92,37.9536
burkina faso,13,75-80,92,14.2326
burkina faso,14,80-85,92,0.0000
burkina faso,15,85+,92,0.0000
burkina faso,0,0-15,93,0.0000
burkina faso,1,15-20,93,0.0000
burkina faso,2,20-25,93,9.4884
burkina faso,3,25-30,93,28.4652
burkina faso,4,30-35,93,66.4189
burkina faso,5,35-40,93,142.3262
burkina faso,6,40-45,93,180.2799
burkina faso,7,45-50,93,189.7682
burkina faso,8,50-55,93,199.2565
burkina faso,9,55-60,93,109.1166
burkina faso,10,60-65,93,113.8608
burkina faso,11,65-70,93,52.1862
burkina faso,12,70-75,93,37.9536
burkina faso,13,75-80,93,14.2326
burkina faso,14,80-85,93,0.0000
burkina faso,15,85+,93,0.0000
burkina faso,0,0-15,94,0.0000
burkina faso,1,15-20,94,4.7442
burkina faso,2,20-25,94,14.2326
burkina faso,3,25-30,94,14.2326
burkina faso,4,30-35,94,94.8841
burkina faso,5,35-40,94,90.1399
burkina faso,6,40-45,94,147.0705
burkina faso,7,45-50,94,227.7218
burkina faso,8,50-55,94,151.8145
burkina faso,9,55-60,94,137.5818
burkina faso,10,60-65,94,94.8840
burkina faso,11,65-70,94,56.9304
burkina faso,12,70-75,94,42.6978
burkina faso,13,75-80,94,9.4884
burkina faso,14,80-85,94,4.7442
burkina faso,15,85+,94,0.0000
burkina faso,0,0-15,95,0.0000
burkina faso,1,15-20,95,0.0000
burkina faso,2,20-25,95,0.0000
burkina faso,3,25-30,95,28.4652
burkina faso,4,30-35,95,94.8841
burkina faso,5,35-40,95,151.8146
burkina faso,6,40-45,95,180.2799
burkina faso,7,45-50,95,151.8145
burkina faso,8,50-55,95,151.8145
burkina faso,9,55-60,95,71.1630
burkina faso,10,60-65,95,151.8145
burkina faso,11,65-70,95,42.6978
burkina faso,12,70-75,95,33.2094
burkina faso,13,75-80,95,23.7210
burkina faso,14,80-85,95,0.0000
burkina faso,15,85+,95,4.7442
burkina faso,0,0-15,96,0.0000
burkina faso,1,15-20,96,0.0000
burkina faso,2,20-25,96,0.0000
burkina faso,3,25-30,96,37.9536
burkina faso,4,30-35,96,66.4189
burkina faso,5,35-40,96,80.6515
burkina faso,6,40-45,96,151.8146
burkina faso,7,45-50,96,180.2799
burkina faso,8,50-55,96,189.7681
burkina faso,9,55-60,96,118.6050
burkina faso,10,60-65,96,137.5818
burkina faso,11,65-70,96,75.9072
burkina faso,12,70-75,96,47.4420
burkina faso,13,75-80,96,18.9768
burkina faso,14,80-85,96,4.7442
burkina faso,15,85+,96,4.7442
burkina faso,0,0-15,97,0.0000
burkina faso,1,15-20,97,0.0000
burkina faso,2,20-25,97,0.0000
burkina faso,3,25-30,97,18.9768
burkina faso,4,30-35,97,52.1863
burkina faso,5,35-40,97,113.8609
burkina faso,6,40-45,97,166.0473
burkina faso,7,45-50,97,118.6052
burkina faso,8,50-55,97,147.0703
burkina faso,9,55-60,97,137.5819
burkina faso,10,60-65,97,75.9072
burkina faso,11,65-70,97,56.9304
burkina faso,12,70-75,97,37.9536
burkina faso,13,75-80,97,33.2094
burkina faso,14,80-85,97,0.0000
burkina faso,15,85+,97,0.0000
burkina faso,0,0-15,98,0.0000
burkina faso,1,15-20,98,0.0000
burkina faso,2,20-25,98,4.7442
burkina faso,3,25-30,98,71.1631
burkina faso,4,30-35,98,61.6747
burkina faso,5,35-40,98,156.5588
burkina faso,6,40-45,98,151.8147
burkina faso,7,45-50,98,166.0471
burkina faso,8,50-55,98,175.5355
burkina faso,9,55-60,98,161.3029
burkina faso,10,60-65,98,99.6282
burkina faso,11,65-70,98,56.9304
burkina faso,12,70-75,98,47.4420
burkina faso,13,75-80,98,33.2094
burkina faso,14,80-85,98,4.7442
burkina faso,15,85+,98,0.0000
burkina faso,0,0-15,99,0.0000
burkina faso,1,15-20,99,0.0000
burkina faso,2,20-25,99,9.4884
burkina faso,3,25-30,99,33.2094
burkina faso,4,30-35,99,47.4421
burkina faso,5,35-40,99,118.6051
burkina faso,6,40-45,99,137.5820
burkina faso,7,45-50,99,204.0008
burkina faso,8,50-55,99,113.8609
burkina faso,9,55-60,99,128.0934
burkina faso,10,60-65,99,104.3724
burkina faso,11,65-70,99,61.6746
burkina faso,12,70-75,99,37.9536
burkina faso,13,75-80,99,18.9768
burkina faso,14,80-85,99,0.0000
burkina faso,15,85+,99,0.0000
cambodia,0,0-15,0,0.0000
cambodia,1,15-20,0,0.0000
cambodia,2,20-25,0,0.0000
cambodia,3,25-30,0,26.9526
cambodia,4,30-35,0,70.0767
cambodia,5,35-40,0,167.1061
cambodia,6,40-45,0,102.4198
cambodia,7,45-50,0,129.3724
cambodia,8,50-55,0,145.5440
cambodia,9,55-60,0,161.7154
cambodia,10,60-65,0,134.7629
cambodia,11,65-70,0,64.6862
cambodia,12,70-75,0,53.9051
cambodia,13,75-80,0,26.9526
cambodia,14,80-85,0,5.3905
cambodia,15,85+,0,0.0000
cambodia,0,0-15,1,0.0000
cambodia,1,15-20,1,0.0000
cambodia,2,20-25,1,0.0000
cambodia,3,25-30,1,16.1716
cambodia,4,30-35,1,37.7336
cambodia,5,35-40,1,156.3250
cambodia,6,40-45,1,86.2483
cambodia,7,45-50,1,140.1535
cambodia,8,50-55,1,123.9819
cambodia,9,55-60,1,150.9345
cambodia,10,60-65,1,123.9818
cambodia,11,65-70,1,59.2957
cambodia,12,70-75,1,64.6861
cambodia,13,75-80,1,26.9526
cambodia,14,80-85,1,16.1716
cambodia,15,85+,1,5.3905
cambodia,0,0-15,2,0.0000
cambodia,1,15-20,2,0.0000
cambodia,2,20-25,2,5.3905
cambodia,3,25-30,2,16.1716
cambodia,4,30-35,2,70.0767
cambodia,5,35-40,2,134.7630
cambodia,6,40-45,2,75.4673
cambodia,7,45-50,2,161.7155
cambodia,8,50-55,2,161.7155
cambodia,9,55-60,2,150.9345
cambodia,10,60-65,2,113.2009
cambodia,11,65-70,2,80.8577
cambodia,12,70-75,2,43.1241
cambodia,13,75-80,2,10.7810
cambodia,14,80-85,2,0.0000
cambodia,15,85+,2,10.7810
cambodia,0,0-15,3,0.0000
cambodia,1,15-20,3,0.0000
cambodia,2,20-25,3,0.0000
cambodia,3,25-30,3,26.9526
cambodia,4,30-35,3,102.4198
cambodia,5,35-40,3,156.3250
cambodia,6,40-45,3,102.4198
cambodia,7,45-50,3,129.3724
cambodia,8,50-55,3,150.9345
cambodia,9,55-60,3,161.7155
cambodia,10,60-65,3,118.5914
cambodia,11,65-70,3,80.8577
cambodia,12,70-75,3,26.9525
cambodia,13,75-80,3,5.3905
cambodia,14,80-85,3,0.0000
cambodia,15,85+,3,0.0000
cambodia,0,0-15,4,0.0000
cambodia,1,15-20,4,0.0000
cambodia,2,20-25,4,0.0000
cambodia,3,25-30,4,26.9526
cambodia,4,30-35,4,64.6862
cambodia,5,35-40,4,167.1061
cambodia,6,40-45,4,107.8104
cambodia,7,45-50,4,140.1535
cambodia,8,50-55,4,161.7155
cambodia,9,55-60,4,177.8871
cambodia,10,60-65,4,59.2956
cambodia,11,65-70,4,70.0767
cambodia,12,70-75,4,43.1241
cambodia,13,75-80,4,16.1715
cambodia,14,80-85,4,16.1715
cambodia,15,85+,4,5.3905
cambodia,0,0-15,5,0.0000
cambodia,1,15-20,5,0.0000
cambodia,2,20-25,5,5.3905
cambodia,3,25-30,5,21.5621
cambodia,4,30-35,5,86.2483
cambodia,5,35-40,5,134.7630
cambodia,6,40-45,5,150.9345
cambodia,7,45-50,5,129.3724
cambodia,8,50-55,5,145.5440
cambodia,9,55-60,5,118.5914
cambodia,10,60-65,5,97.0293
cambodia,11,65-70,5,64.6862
cambodia,12,70-75,5,53.9051
cambodia,13,75-80,5,5.3905
cambodia,14,80-85,5,16.1715
cambodia,15,85+,5,0.0000
cambodia,0,0-15,6,0.0000
cambodia,1,15-20,6,0.0000
cambodia,2,20-25,6,0.0000
cambodia,3,25-30,6,37.7336
cambodia,4,30-35,6,48.5147
cambodia,5,35-40,6,129.3724
cambodia,6,40-45,6,102.4198
cambodia,7,45-50,6,140.1535
cambodia,8,50-55,6,161.7155
cambodia,9,55-60,6,118.5914
cambodia,10,60-65,6,102.4198
cambodia,11,65-70,6,134.7630
cambodia,12,70-75,6,70.0767
cambodia,13,75-80,6,21.5620
cambodia,14,80-85,6,5.3905
cambodia,15,85+,6,0.0000
cambodia,0,0-15,7,0.0000
cambodia,1,15-20,7,0.0000
cambodia,2,20-25,7,0.0000
cambodia,3,25-30,7,26.9526
cambodia,4,30-35,7,64.6862
cambodia,5,35-40,7,123.9819
cambodia,6,40-45,7,75.4673
cambodia,7,45-50,7,129.3724
cambodia,8,50-55,7,172.4966
cambodia,9,55-60,7,156.3250
cambodia,10,60-65,7,107.8104
cambodia,11,65-70,7,70.0767
cambodia,12,70-75,7,26.9526
cambodia,13,75-80,7,32.3431
cambodia,14,80-85,7,5.3905
cambodia,15,85+,7,0.0000
cambodia,0,0-15,8,0.0000
cambodia,1,15-20,8,0.0000
cambodia,2,20-25,8,5.3905
cambodia,3,25-30,8,26.9526
cambodia,4,30-35,8,70.0767
cambodia,5,35-40,8,167.1061
cambodia,6,40-45,8,107.8104
cambodia,7,45-50,8,204.8397
cambodia,8,50-55,8,167.1061
cambodia,9,55-60,8,156.3250
cambodia,10,60-65,8,107.8103
cambodia,11,65-70,8,80.8576
cambodia,12,70-75,8,26.9525
cambodia,13,75-80,8,26.9525
cambodia,14,80-85,8,10.7810
cambodia,15,85+,8,0.0000
cambodia,0,0-15,9,0.0000
cambodia,1,15-20,9,0.0000
cambodia,2,20-25,9,0.0000
cambodia,3,25-30,9,16.1716
cambodia,4,30-35,9,70.0767
cambodia,5,35-40,9,140.1535
cambodia,6,40-45,9,91.6388
cambodia,7,45-50,9,172.4966
cambodia,8,50-55,9,183.2776
cambodia,9,55-60,9,118.5914
cambodia,10,60-65,9,97.0293
cambodia,11,65-70,9,53.9052
cambodia,12,70-75,9,53.9051
cambodia,13,75-80,9,32.3431
cambodia,14,80-85,9,0.0000
cambodia,15,85+,9,0.0000
cambodia,0,0-15,10,0.0000
cambodia,1,15-20,10,0.0000
cambodia,2,20-25,10,5.3905
cambodia,3,25-30,10,10.7810
cambodia,4,30-35,10,43.1241
cambodia,5,35-40,10,123.9819
cambodia,6,40-45,10,91.6388
cambodia,7,45-50,10,140.1535
cambodia,8,50-55,10,150.9345
cambodia,9,55-60,10,145.5440
cambodia,10,60-65,10,97.0293
cambodia,11,65-70,10,48.5147
cambodia,12,70-75,10,43.1241
cambodia,13,75-80,10,21.5621
cambodia,14,80-85,10,0.0000
cambodia,15,85+,10,10.7810
cambodia,0,0-15,11,0.0000
cambodia,1,15-20,11,0.0000
cambodia,2,20-25,11,0.0000
cambodia,3,25-30,11,32.3431
cambodia,4,30-35,11,48.5147
cambodia,5,35-40,11,134.7630
cambodia,6,40-45,11,102.4198
cambodia,7,45-50,11,118.5914
cambodia,8,50-55,11,156.3250
cambodia,9,55-60,11,172.4966
cambodia,10,60-65,11,107.8104
cambodia,11,65-70,11,43.1241
cambodia,12,70-75,11,53.9051
cambodia,13,75-80,11,21.5621
cambodia,14,80-85,11,5.3905
cambodia,15,85+,11,5.3905
cambodia,0,0-15,12,0.0000
cambodia,1,15-20,12,0.0000
cambodia,2,20-25,12,0.0000
cambodia,3,25-30,12,48.5147
cambodia,4,30-35,12,53.9052
cambodia,5,35-40,12,145.5440
cambodia,6,40-45,12,129.3724
cambodia,7,45-50,12,156.3250
cambodia,8,50-55,12,172.4966
cambodia,9,55-60,12,129.3724
cambodia,10,60-65,12,91.6388
cambodia,11,65-70,12,113.2008
cambodia,12,70-75,12,75.4671
cambodia,13,75-80,12,37.7335
cambodia,14,80-85,12,0.0000
cambodia,15,85+,12,0.0000
cambodia,0,0-15,13,0.0000
cambodia,1,15-20,13,0.0000
cambodia,2,20-25,13,5.3905
cambodia,3,25-30,13,5.3905
cambodia,4,30-35,13,64.6862
cambodia,5,35-40,13,75.4673
cambodia,6,40-45,13,86.2483
cambodia,7,45-50,13,140.1535
cambodia,8,50-55,13,123.9819
cambodia,9,55-60,13,156.3250
cambodia,10,60-65,13,107.8104
cambodia,11,65-70,13,75.4673
cambodia,12,70-75,13,59.2957
cambodia,13,75-80,13,21.5621
cambodia,14,80-85,13,5.3905
cambodia,15,85+,13,5.3905
cambodia,0,0-15,14,0.0000
cambodia,1,15-20,14,0.0000
cambodia,2,20-25,14,0.0000
cambodia,3,25-30,14,10.7810
cambodia,4,30-35,14,26.9526
cambodia,5,35-40,14,129.3724
cambodia,6,40-45,14,102.4198
cambodia,7,45-50,14,123.9819
cambodia,8,50-55,14,134.7630
cambodia,9,55-60,14,145.5440
cambodia,10,60-65,14,86.2483
cambodia,11,65-70,14,80.8578
cambodia,12,70-75,14,64.6862
cambodia,13,75-80,14,21.5621
cambodia,14,80-85,14,5.3905
cambodia,15,85+,14,10.7810
cambodia,0,0-15,15,0.0000
cambodia,1,15-20,15,0.0000
cambodia,2,20-25,15,0.0000
cambodia,3,25-30,15,16.1716
cambodia,4,30-35,15,75.4673
cambodia,5,35-40,15,107.8104
cambodia,6,40-45,15,102.4198
cambodia,7,45-50,15,150.9345
cambodia,8,50-55,15,140.1535
cambodia,9,55-60,15,150.9345
cambodia,10,60-65,15,156.3250
cambodia,11,65-70,15,59.2957
cambodia,12,70-75,15,48.5146
cambodia,13,75-80,15,26.9525
cambodia,14,80-85,15,0.0000
cambodia,15,85+,15,5.3905
cambodia,0,0-15,16,0.0000
cambodia,1,15-20,16,0.0000
cambodia,2,20-25,16,0.0000
cambodia,3,25-30,16,10.7810
cambodia,4,30-35,16,32.3431
cambodia,5,35-40,16,167.1061
cambodia,6,40-45,16,123.9819
cambodia,7,45-50,16,140.1535
cambodia,8,50-55,16,161.7155
cambodia,9,55-60,16,177.8871
cambodia,10,60-65,16,70.0767
cambodia,11,65-70,16,80.8577
cambodia,12,70-75,16,43.1241
cambodia,13,75-80,16,43.1241
cambodia,14,80-85,16,10.7810
cambodia,15,85+,16,10.7810
cambodia,0,0-15,17,0.0000
cambodia,1,15-20,17,0.0000
cambodia,2,20-25,17,10.7810
cambodia,3,25-30,17,16.1716
cambodia,4,30-35,17,59.2957
cambodia,5,35-40,17,129.3724
cambodia,6,40-45,17,48.5147
cambodia,7,45-50,17,134.7630
cambodia,8,50-55,17,145.5440
cambodia,9,55-60,17,156.3250
cambodia,10,60-65,17,80.8578
cambodia,11,65-70,17,70.0767
cambodia,12,70-75,17,75.4672
cambodia,13,75-80,17,16.1715
cambodia,14,80-85,17,10.7810
cambodia,15,85+,17,0.0000
cambodia,0,0-15,18,0.0000
cambodia,1,15-20,18,0.0000
cambodia,2,20-25,18,0.0000
cambodia,3,25-30,18,21.5621
cambodia,4,30-35,18,97.0293
cambodia,5,35-40,18,161.7155
cambodia,6,40-45,18,134.7630
cambodia,7,45-50,18,129.3724
cambodia,8,50-55,18,156.3250
cambodia,9,55-60,18,161.7155
cambodia,10,60-65,18,70.0766
cambodia,11,65-70,18,53.9051
cambodia,12,70-75,18,48.5146
cambodia,13,75-80,18,16.1715
cambodia,14,80-85,18,0.0000
cambodia,15,85+,18,5.3905
cambodia,0,0-15,19,0.0000
cambodia,1,15-20,19,0.0000
cambodia,2,20-25,19,10.7810
cambodia,3,25-30,19,21.5621
cambodia,4,30-35,19,37.7336
cambodia,5,35-40,19,123.9819
cambodia,6,40-45,19,59.2957
cambodia,7,45-50,19,140.1535
cambodia,8,50-55,19,156.3250
cambodia,9,55-60,19,172.4966
cambodia,10,60-65,19,107.8104
cambodia,11,65-70,19,75.4673
cambodia,12,70-75,19,32.3431
cambodia,13,75-80,19,21.5621
cambodia,14,80-85,19,10.7810
cambodia,15,85+,19,0.0000
cambodia,0,0-15,20,0.0000
cambodia,1,15-20,20,0.0000
cambodia,2,20-25,20,16.1716
cambodia,3,25-30,20,26.9526
cambodia,4,30-35,20,37.7336
cambodia,5,35-40,20,123.9819
cambodia,6,40-45,20,75.4673
cambodia,7,45-50,20,145.5440
cambodia,8,50-55,20,156.3250
cambodia,9,55-60,20,113.2009
cambodia,10,60-65,20,86.2483
cambodia,11,65-70,20,59.2957
cambodia,12,70-75,20,43.1241
cambodia,13,75-80,20,26.9526
cambodia,14,80-85,20,5.3905
cambodia,15,85+,20,0.0000
cambodia,0,0-15,21,0.0000
cambodia,1,15-20,21,0.0000
cambodia,2,20-25,21,0.0000
cambodia,3,25-30,21,0.0000
cambodia,4,30-35,21,75.4673
cambodia,5,35-40,21,129.3724
cambodia,6,40-45,21,97.0293
cambodia,7,45-50,21,156.3250
cambodia,8,50-55,21,134.7630
cambodia,9,55-60,21,183.2776
cambodia,10,60-65,21,91.6388
cambodia,11,65-70,21,75.4673
cambodia,12,70-75,21,37.7336
cambodia,13,75-80,21,21.5620
cambodia,14,80-85,21,32.3430
cambodia,15,85+,21,0.0000
cambodia,0,0-15,22,0.0000
cambodia,1,15-20,22,0.0000
cambodia,2,20-25,22,5.3905
cambodia,3,25-30,22,21.5621
cambodia,4,30-35,22,37.7336
cambodia,5,35-40,22,107.8104
cambodia,6,40-45,22,102.4198
cambodia,7,45-50,22,118.5914
cambodia,8,50-55,22,150.9345
cambodia,9,55-60,22,161.7155
cambodia,10,60-65,22,102.4198
cambodia,11,65-70,22,64.6862
cambodia,12,70-75,22,43.1241
cambodia,13,75-80,22,16.1716
cambodia,14,80-85,22,16.1716
cambodia,15,85+,22,5.3905
cambodia,0,0-15,23,0.0000
cambodia,1,15-20,23,0.0000
cambodia,2,20-25,23,0.0000
cambodia,3,25-30,23,21.5621
cambodia,4,30-35,23,37.7336
cambodia,5,35-40,23,118.5914
cambodia,6,40-45,23,118.5914
cambodia,7,45-50,23,123.9819
cambodia,8,50-55,23,167.1061
cambodia,9,55-60,23,140.1535
cambodia,10,60-65,23,91.6388
cambodia,11,65-70,23,91.6388
cambodia,12,70-75,23,59.2956
cambodia,13,75-80,23,10.7810
cambodia,14,80-85,23,0.0000
cambodia,15,85+,23,5.3905
cambodia,0,0-15,24,0.0000
cambodia,1,15-20,24,0.0000
cambodia,2,20-25,24,0.0000
cambodia,3,25-30,24,10.7810
cambodia,4,30-35,24,64.6862
cambodia,5,35-40,24,123.9819
cambodia,6,40-45,24,107.8104
cambodia,7,45-50,24,188.6681
cambodia,8,50-55,24,145.5440
cambodia,9,55-60,24,145.5440
cambodia,10,60-65,24,140.1535
cambodia,11,65-70,24,64.6862
cambodia,12,70-75,24,48.5146
cambodia,13,75-80,24,43.1240
cambodia,14,80-85,24,21.5620
cambodia,15,85+,24,5.3905
cambodia,0,0-15,25,0.0000
cambodia,1,15-20,25,0.0000
cambodia,2,20-25,25,5.3905
cambodia,3,25-30,25,21.5621
cambodia,4,30-35,25,37.7336
cambodia,5,35-40,25,145.5440
cambodia,6,40-45,25,134.7630
cambodia,7,45-50,25,161.7155
cambodia,8,50-55,25,183.2776
cambodia,9,55-60,25,140.1535
cambodia,10,60-65,25,102.4198
cambodia,11,65-70,25,86.2482
cambodia,12,70-75,25,26.9526
cambodia,13,75-80,25,21.5620
cambodia,14,80-85,25,5.3905
cambodia,15,85+,25,0.0000
cambodia,0,0-15,26,0.0000
cambodia,1,15-20,26,0.0000
cambodia,2,20-25,26,5.3905
cambodia,3,25-30,26,5.3905
cambodia,4,30-35,26,75.4673
cambodia,5,35-40,26,183.2776
cambodia,6,40-45,26,134.7630
cambodia,7,45-50,26,177.8871
cambodia,8,50-55,26,161.7155
cambodia,9,55-60,26,150.9345
cambodia,10,60-65,26,107.8103
cambodia,11,65-70,26,80.8576
cambodia,12,70-75,26,37.7336
cambodia,13,75-80,26,5.3905
cambodia,14,80-85,26,32.3430
cambodia,15,85+,26,0.0000
cambodia,0,0-15,27,0.0000
cambodia,1,15-20,27,0.0000
cambodia,2,20-25,27,5.3905
cambodia,3,25-30,27,5.3905
cambodia,4,30-35,27,75.4673
cambodia,5,35-40,27,183.2776
cambodia,6,40-45,27,134.7630
cambodia,7,45-50,27,177.8871
cambodia,8,50-55,27,161.7155
cambodia,9,55-60,27,150.9345
cambodia,10,60-65,27,107.8103
cambodia,11,65-70,27,80.8576
cambodia,12,70-75,27,37.7336
cambodia,13,75-80,27,5.3905
cambodia,14,80-85,27,32.3430
cambodia,15,85+,27,0.0000
cambodia,0,0-15,28,0.0000
cambodia,1,15-20,28,0.0000
cambodia,2,20-25,28,0.0000
cambodia,3,25-30,28,32.3431
cambodia,4,30-35,28,37.7336
cambodia,5,35-40,28,123.9819
cambodia,6,40-45,28,91.6388
cambodia,7,45-50,28,145.5440
cambodia,8,50-55,28,183.2776
cambodia,9,55-60,28,177.8871
cambodia,10,60-65,28,118.5914
cambodia,11,65-70,28,97.0292
cambodia,12,70-75,28,43.1241
cambodia,13,75-80,28,5.3905
cambodia,14,80-85,28,10.7810
cambodia,15,85+,28,0.0000
cambodia,0,0-15,29,0.0000
cambodia,1,15-20,29,0.0000
cambodia,2,20-25,29,10.7810
cambodia,3,25-30,29,48.5147
cambodia,4,30-35,29,53.9052
cambodia,5,35-40,29,107.8104
cambodia,6,40-45,29,91.6388
cambodia,7,45-50,29,161.7155
cambodia,8,50-55,29,226.4018
cambodia,9,55-60,29,167.1061
cambodia,10,60-65,29,70.0766
cambodia,11,65-70,29,86.2482
cambodia,12,70-75,29,48.5145
cambodia,13,75-80,29,32.3431
cambodia,14,80-85,29,16.1715
cambodia,15,85+,29,5.3905
cambodia,0,0-15,30,0.0000
cambodia,1,15-20,30,0.0000
cambodia,2,20-25,30,0.0000
cambodia,3,25-30,30,0.0000
cambodia,4,30-35,30,75.4673
cambodia,5,35-40,30,150.9345
cambodia,6,40-45,30,80.8578
cambodia,7,45-50,30,118.5914
cambodia,8,50-55,30,172.4966
cambodia,9,55-60,30,145.5440
cambodia,10,60-65,30,97.0293
cambodia,11,65-70,30,37.7336
cambodia,12,70-75,30,26.9526
cambodia,13,75-80,30,16.1716
cambodia,14,80-85,30,5.3905
cambodia,15,85+,30,10.7810
cambodia,0,0-15,31,0.0000
cambodia,1,15-20,31,0.0000
cambodia,2,20-25,31,0.0000
cambodia,3,25-30,31,10.7810
cambodia,4,30-35,31,75.4673
cambodia,5,35-40,31,145.5440
cambodia,6,40-45,31,129.3724
cambodia,7,45-50,31,134.7630
cambodia,8,50-55,31,199.4492
cambodia,9,55-60,31,167.1061
cambodia,10,60-65,31,70.0767
cambodia,11,65-70,31,91.6388
cambodia,12,70-75,31,59.2956
cambodia,13,75-80,31,21.5620
cambodia,14,80-85,31,5.3905
cambodia,15,85+,31,5.3905
cambodia,0,0-15,32,0.0000
cambodia,1,15-20,32,0.0000
cambodia,2,20-25,32,0.0000
cambodia,3,25-30,32,10.7810
cambodia,4,30-35,32,75.4673
cambodia,5,35-40,32,145.5440
cambodia,6,40-45,32,129.3724
cambodia,7,45-50,32,134.7630
cambodia,8,50-55,32,199.4492
cambodia,9,55-60,32,167.1061
cambodia,10,60-65,32,70.0767
cambodia,11,65-70,32,91.6388
cambodia,12,70-75,32,59.2956
cambodia,13,75-80,32,21.5620
cambodia,14,80-85,32,5.3905
cambodia,15,85+,32,5.3905
cambodia,0,0-15,33,0.0000
cambodia,1,15-20,33,0.0000
cambodia,2,20-25,33,0.0000
cambodia,3,25-30,33,10.7810
cambodia,4,30-35,33,75.4673
cambodia,5,35-40,33,145.5440
cambodia,6,40-45,33,129.3724
cambodia,7,45-50,33,134.7630
cambodia,8,50-55,33,199.4492
cambodia,9,55-60,33,167.1061
cambodia,10,60-65,33,70.0767
cambodia,11,65-70,33,91.6388
cambodia,12,70-75,33,59.2956
cambodia,13,75-80,33,21.5620
cambodia,14,80-85,33,5.3905
cambodia,15,85+,33,5.3905
cambodia,0,0-15,34,0.0000
cambodia,1,15-20,34,0.0000
cambodia,2,20-25,34,0.0000
cambodia,3,25-30,34,10.7810
cambodia,4,30-35,34,75.4673
cambodia,5,35-40,34,145.5440
cambodia,6,40-45,34,129.3724
cambodia,7,45-50,34,134.7630
cambodia,8,50-55,34,199.4492
cambodia,9,55-60,34,167.1061
cambodia,10,60-65,34,70.0767
cambodia,11,65-70,34,91.6388
cambodia,12,70-75,34,59.2956
cambodia,13,75-80,34,21.5620
cambodia,14,80-85,34,5.3905
cambodia,15,85+,34,5.3905
cambodia,0,0-15,35,0.0000
cambodia,1,15-20,35,0.0000
cambodia,2,20-25,35,5.3905
cambodia,3,25-30,35,26.9526
cambodia,4,30-35,35,80.8578
cambodia,5,35-40,35,86.2483
cambodia,6,40-45,35,97.0293
cambodia,7,45-50,35,140.1535
cambodia,8,50-55,35,183.2776
cambodia,9,55-60,35,194.0586
cambodia,10,60-65,35,97.0293
cambodia,11,65-70,35,113.2007
cambodia,12,70-75,35,48.5146
cambodia,13,75-80,35,21.5620
cambodia,14,80-85,35,16.1715
cambodia,15,85+,35,0.0000
cambodia,0,0-15,36,0.0000
cambodia,1,15-20,36,0.0000
cambodia,2,20-25,36,5.3905
cambodia,3,25-30,36,26.9526
cambodia,4,30-35,36,97.0293
cambodia,5,35-40,36,177.8871
cambodia,6,40-45,36,129.3724
cambodia,7,45-50,36,215.6207
cambodia,8,50-55,36,161.7155
cambodia,9,55-60,36,140.1534
cambodia,10,60-65,36,102.4197
cambodia,11,65-70,36,59.2956
cambodia,12,70-75,36,43.1240
cambodia,13,75-80,36,26.9526
cambodia,14,80-85,36,0.0000
cambodia,15,85+,36,5.3905
cambodia,0,0-15,37,0.0000
cambodia,1,15-20,37,0.0000
cambodia,2,20-25,37,5.3905
cambodia,3,25-30,37,26.9526
cambodia,4,30-35,37,97.0293
cambodia,5,35-40,37,177.8871
cambodia,6,40-45,37,129.3724
cambodia,7,45-50,37,215.6207
cambodia,8,50-55,37,161.7155
cambodia,9,55-60,37,140.1534
cambodia,10,60-65,37,102.4197
cambodia,11,65-70,37,59.2956
cambodia,12,70-75,37,43.1240
cambodia,13,75-80,37,26.9526
cambodia,14,80-85,37,0.0000
cambodia,15,85+,37,5.3905
cambodia,0,0-15,38,0.0000
cambodia,1,15-20,38,0.0000
cambodia,2,20-25,38,0.0000
cambodia,3,25-30,38,16.1716
cambodia,4,30-35,38,59.2957
cambodia,5,35-40,38,113.2009
cambodia,6,40-45,38,107.8104
cambodia,7,45-50,38,134.7630
cambodia,8,50-55,38,129.3724
cambodia,9,55-60,38,91.6388
cambodia,10,60-65,38,97.0293
cambodia,11,65-70,38,75.4673
cambodia,12,70-75,38,32.3431
cambodia,13,75-80,38,37.7336
cambodia,14,80-85,38,10.7810
cambodia,15,85+,38,0.0000
cambodia,0,0-15,39,0.0000
cambodia,1,15-20,39,0.0000
cambodia,2,20-25,39,0.0000
cambodia,3,25-30,39,16.1716
cambodia,4,30-35,39,75.4673
cambodia,5,35-40,39,161.7155
cambodia,6,40-45,39,172.4966
cambodia,7,45-50,39,167.1061
cambodia,8,50-55,39,129.3724
cambodia,9,55-60,39,150.9345
cambodia,10,60-65,39,118.5914
cambodia,11,65-70,39,70.0766
cambodia,12,70-75,39,37.7336
cambodia,13,75-80,39,5.3905
cambodia,14,80-85,39,16.1715
cambodia,15,85+,39,5.3905
cambodia,0,0-15,40,0.0000
cambodia,1,15-20,40,0.0000
cambodia,2,20-25,40,0.0000
cambodia,3,25-30,40,16.1716
cambodia,4,30-35,40,70.0767
cambodia,5,35-40,40,161.7155
cambodia,6,40-45,40,140.1535
cambodia,7,45-50,40,172.4966
cambodia,8,50-55,40,150.9345
cambodia,9,55-60,40,118.5914
cambodia,10,60-65,40,107.8103
cambodia,11,65-70,40,64.6862
cambodia,12,70-75,40,5.3905
cambodia,13,75-80,40,10.7810
cambodia,14,80-85,40,5.3905
cambodia,15,85+,40,0.0000
cambodia,0,0-15,41,0.0000
cambodia,1,15-20,41,0.0000
cambodia,2,20-25,41,0.0000
cambodia,3,25-30,41,5.3905
cambodia,4,30-35,41,91.6388
cambodia,5,35-40,41,118.5914
cambodia,6,40-45,41,97.0293
cambodia,7,45-50,41,156.3250
cambodia,8,50-55,41,161.7155
cambodia,9,55-60,41,183.2776
cambodia,10,60-65,41,145.5440
cambodia,11,65-70,41,75.4671
cambodia,12,70-75,41,59.2957
cambodia,13,75-80,41,26.9525
cambodia,14,80-85,41,5.3905
cambodia,15,85+,41,10.7810
cambodia,0,0-15,42,0.0000
cambodia,1,15-20,42,0.0000
cambodia,2,20-25,42,0.0000
cambodia,3,25-30,42,5.3905
cambodia,4,30-35,42,91.6388
cambodia,5,35-40,42,118.5914
cambodia,6,40-45,42,97.0293
cambodia,7,45-50,42,156.3250
cambodia,8,50-55,42,161.7155
cambodia,9,55-60,42,183.2776
cambodia,10,60-65,42,145.5440
cambodia,11,65-70,42,75.4671
cambodia,12,70-75,42,59.2957
cambodia,13,75-80,42,26.9525
cambodia,14,80-85,42,5.3905
cambodia,15,85+,42,10.7810
cambodia,0,0-15,43,0.0000
cambodia,1,15-20,43,0.0000
cambodia,2,20-25,43,10.7810
cambodia,3,25-30,43,16.1716
cambodia,4,30-35,43,70.0767
cambodia,5,35-40,43,97.0293
cambodia,6,40-45,43,113.2009
cambodia,7,45-50,43,107.8104
cambodia,8,50-55,43,140.1535
cambodia,9,55-60,43,123.9819
cambodia,10,60-65,43,97.0293
cambodia,11,65-70,43,70.0767
cambodia,12,70-75,43,37.7336
cambodia,13,75-80,43,10.7810
cambodia,14,80-85,43,10.7810
cambodia,15,85+,43,0.0000
cambodia,0,0-15,44,0.0000
cambodia,1,15-20,44,0.0000
cambodia,2,20-25,44,0.0000
cambodia,3,25-30,44,16.1716
cambodia,4,30-35,44,43.1241
cambodia,5,35-40,44,140.1535
cambodia,6,40-45,44,97.0293
cambodia,7,45-50,44,172.4966
cambodia,8,50-55,44,199.4492
cambodia,9,55-60,44,118.5914
cambodia,10,60-65,44,113.2009
cambodia,11,65-70,44,59.2957
cambodia,12,70-75,44,53.9051
cambodia,13,75-80,44,21.5621
cambodia,14,80-85,44,5.3905
cambodia,15,85+,44,0.0000
cambodia,0,0-15,45,0.0000
cambodia,1,15-20,45,0.0000
cambodia,2,20-25,45,0.0000
cambodia,3,25-30,45,16.1716
cambodia,4,30-35,45,64.6862
cambodia,5,35-40,45,118.5914
cambodia,6,40-45,45,134.7630
cambodia,7,45-50,45,150.9345
cambodia,8,50-55,45,107.8104
cambodia,9,55-60,45,145.5440
cambodia,10,60-65,45,134.7629
cambodia,11,65-70,45,97.0293
cambodia,12,70-75,45,53.9051
cambodia,13,75-80,45,21.5621
cambodia,14,80-85,45,0.0000
cambodia,15,85+,45,0.0000
cambodia,0,0-15,46,0.0000
cambodia,1,15-20,46,0.0000
cambodia,2,20-25,46,0.0000
cambodia,3,25-30,46,26.9526
cambodia,4,30-35,46,70.0767
cambodia,5,35-40,46,134.7630
cambodia,6,40-45,46,134.7630
cambodia,7,45-50,46,150.9345
cambodia,8,50-55,46,140.1535
cambodia,9,55-60,46,231.7922
cambodia,10,60-65,46,102.4198
cambodia,11,65-70,46,80.8577
cambodia,12,70-75,46,48.5146
cambodia,13,75-80,46,26.9526
cambodia,14,80-85,46,0.0000
cambodia,15,85+,46,5.3905
cambodia,0,0-15,47,0.0000
cambodia,1,15-20,47,0.0000
cambodia,2,20-25,47,0.0000
cambodia,3,25-30,47,0.0000
cambodia,4,30-35,47,70.0767
cambodia,5,35-40,47,97.0293
cambodia,6,40-45,47,86.2483
cambodia,7,45-50,47,118.5914
cambodia,8,50-55,47,183.2776
cambodia,9,55-60,47,145.5440
cambodia,10,60-65,47,118.5914
cambodia,11,65-70,47,70.0767
cambodia,12,70-75,47,59.2957
cambodia,13,75-80,47,10.7810
cambodia,14,80-85,47,5.3905
cambodia,15,85+,47,16.1715
cambodia,0,0-15,48,0.0000
cambodia,1,15-20,48,0.0000
cambodia,2,20-25,48,0.0000
cambodia,3,25-30,48,48.5147
cambodia,4,30-35,48,59.2957
cambodia,5,35-40,48,97.0293
cambodia,6,40-45,48,150.9345
cambodia,7,45-50,48,156.3250
cambodia,8,50-55,48,161.7155
cambodia,9,55-60,48,145.5440
cambodia,10,60-65,48,113.2009
cambodia,11,65-70,48,48.5146
cambodia,12,70-75,48,37.7336
cambodia,13,75-80,48,26.9526
cambodia,14,80-85,48,10.7810
cambodia,15,85+,48,0.0000
cambodia,0,0-15,49,0.0000
cambodia,1,15-20,49,0.0000
cambodia,2,20-25,49,0.0000
cambodia,3,25-30,49,48.5147
cambodia,4,30-35,49,59.2957
cambodia,5,35-40,49,97.0293
cambodia,6,40-45,49,150.9345
cambodia,7,45-50,49,156.3250
cambodia,8,50-55,49,161.7155
cambodia,9,55-60,49,145.5440
cambodia,10,60-65,49,113.2009
cambodia,11,65-70,49,48.5146
cambodia,12,70-75,49,37.7336
cambodia,13,75-80,49,26.9526
cambodia,14,80-85,49,10.7810
cambodia,15,85+,49,0.0000
cambodia,0,0-15,50,0.0000
cambodia,1,15-20,50,0.0000
cambodia,2,20-25,50,0.0000
cambodia,3,25-30,50,48.5147
cambodia,4,30-35,50,59.2957
cambodia,5,35-40,50,97.0293
cambodia,6,40-45,50,150.9345
cambodia,7,45-50,50,156.3250
cambodia,8,50-55,50,161.7155
cambodia,9,55-60,50,145.5440
cambodia,10,60-65,50,113.2009
cambodia,11,65-70,50,48.5146
cambodia,12,70-75,50,37.7336
cambodia,13,75-80,50,26.9526
cambodia,14,80-85,50,10.7810
cambodia,15,85+,50,0.0000
cambodia,0,0-15,51,0.0000
cambodia,1,15-20,51,0.0000
cambodia,2,20-25,51,0.0000
cambodia,3,25-30,51,48.5147
cambodia,4,30-35,51,59.2957
cambodia,5,35-40,51,97.0293
cambodia,6,40-45,51,150.9345
cambodia,7,45-50,51,156.3250
cambodia,8,50-55,51,161.7155
cambodia,9,55-60,51,145.5440
cambodia,10,60-65,51,113.2009
cambodia,11,65-70,51,48.5146
cambodia,12,70-75,51,37.7336
cambodia,13,75-80,51,26.9526
cambodia,14,80-85,51,10.7810
cambodia,15,85+,51,0.0000
cambodia,0,0-15,52,0.0000
cambodia,1,15-20,52,0.0000
cambodia,2,20-25,52,0.0000
cambodia,3,25-30,52,48.5147
cambodia,4,30-35,52,59.2957
cambodia,5,35-40,52,97.0293
cambodia,6,40-45,52,150.9345
cambodia,7,45-50,52,156.3250
cambodia,8,50-55,52,161.7155
cambodia,9,55-60,52,145.5440
cambodia,10,60-65,52,113.2009
cambodia,11,65-70,52,48.5146
cambodia,12,70-75,52,37.7336
cambodia,13,75-80,52,26.9526
cambodia,14,80-85,52,10.7810
cambodia,15,85+,52,0.0000
cambodia,0,0-15,53,0.0000
cambodia,1,15-20,53,0.0000
cambodia,2,20-25,53,0.0000
cambodia,3,25-30,53,16.1716
cambodia,4,30-35,53,48.5147
cambodia,5,35-40,53,123.9819
cambodia,6,40-45,53,97.0293
cambodia,7,45-50,53,140.1535
cambodia,8,50-55,53,167.1061
cambodia,9,55-60,53,177.8871
cambodia,10,60-65,53,134.7629
cambodia,11,65-70,53,75.4672
cambodia,12,70-75,53,26.9526
cambodia,13,75-80,53,10.7810
cambodia,14,80-85,53,16.1715
cambodia,15,85+,53,0.0000
cambodia,0,0-15,54,0.0000
cambodia,1,15-20,54,0.0000
cambodia,2,20-25,54,0.0000
cambodia,3,25-30,54,16.1716
cambodia,4,30-35,54,48.5147
cambodia,5,35-40,54,123.9819
cambodia,6,40-45,54,97.0293
cambodia,7,45-50,54,140.1535
cambodia,8,50-55,54,167.1061
cambodia,9,55-60,54,177.8871
cambodia,10,60-65,54,134.7629
cambodia,11,65-70,54,75.4672
cambodia,12,70-75,54,26.9526
cambodia,13,75-80,54,10.7810
cambodia,14,80-85,54,16.1715
cambodia,15,85+,54,0.0000
cambodia,0,0-15,55,0.0000
cambodia,1,15-20,55,0.0000
cambodia,2,20-25,55,0.0000
cambodia,3,25-30,55,43.1241
cambodia,4,30-35,55,59.2957
cambodia,5,35-40,55,118.5914
cambodia,6,40-45,55,97.0293
cambodia,7,45-50,55,150.9345
cambodia,8,50-55,55,210.2302
cambodia,9,55-60,55,188.6681
cambodia,10,60-65,55,102.4198
cambodia,11,65-70,55,59.2956
cambodia,12,70-75,55,48.5146
cambodia,13,75-80,55,43.1240
cambodia,14,80-85,55,10.7810
cambodia,15,85+,55,0.0000
cambodia,0,0-15,56,0.0000
cambodia,1,15-20,56,0.0000
cambodia,2,20-25,56,0.0000
cambodia,3,25-30,56,43.1241
cambodia,4,30-35,56,59.2957
cambodia,5,35-40,56,118.5914
cambodia,6,40-45,56,97.0293
cambodia,7,45-50,56,150.9345
cambodia,8,50-55,56,210.2302
cambodia,9,55-60,56,188.6681
cambodia,10,60-65,56,102.4198
cambodia,11,65-70,56,59.2956
cambodia,12,70-75,56,48.5146
cambodia,13,75-80,56,43.1240
cambodia,14,80-85,56,10.7810
cambodia,15,85+,56,0.0000
cambodia,0,0-15,57,0.0000
cambodia,1,15-20,57,0.0000
cambodia,2,20-25,57,5.3905
cambodia,3,25-30,57,10.7810
cambodia,4,30-35,57,53.9052
cambodia,5,35-40,57,129.3724
cambodia,6,40-45,57,107.8104
cambodia,7,45-50,57,123.9819
cambodia,8,50-55,57,167.1061
cambodia,9,55-60,57,150.9345
cambodia,10,60-65,57,150.9345
cambodia,11,65-70,57,75.4672
cambodia,12,70-75,57,37.7336
cambodia,13,75-80,57,5.3905
cambodia,14,80-85,57,5.3905
cambodia,15,85+,57,5.3905
cambodia,0,0-15,58,0.0000
cambodia,1,15-20,58,0.0000
cambodia,2,20-25,58,0.0000
cambodia,3,25-30,58,21.5621
cambodia,4,30-35,58,75.4673
cambodia,5,35-40,58,91.6388
cambodia,6,40-45,58,91.6388
cambodia,7,45-50,58,156.3250
cambodia,8,50-55,58,129.3724
cambodia,9,55-60,58,118.5914
cambodia,10,60-65,58,156.3250
cambodia,11,65-70,58,80.8578
cambodia,12,70-75,58,26.9526
cambodia,13,75-80,58,5.3905
cambodia,14,80-85,58,16.1715
cambodia,15,85+,58,5.3905
cambodia,0,0-15,59,0.0000
cambodia,1,15-20,59,0.0000
cambodia,2,20-25,59,0.0000
cambodia,3,25-30,59,32.3431
cambodia,4,30-35,59,64.6862
cambodia,5,35-40,59,145.5440
cambodia,6,40-45,59,129.3724
cambodia,7,45-50,59,75.4673
cambodia,8,50-55,59,156.3250
cambodia,9,55-60,59,172.4966
cambodia,10,60-65,59,150.9345
cambodia,11,65-70,59,70.0766
cambodia,12,70-75,59,53.9051
cambodia,13,75-80,59,16.1715
cambodia,14,80-85,59,16.1715
cambodia,15,85+,59,5.3905
cambodia,0,0-15,60,0.0000
cambodia,1,15-20,60,0.0000
cambodia,2,20-25,60,0.0000
cambodia,3,25-30,60,32.3431
cambodia,4,30-35,60,64.6862
cambodia,5,35-40,60,145.5440
cambodia,6,40-45,60,129.3724
cambodia,7,45-50,60,75.4673
cambodia,8,50-55,60,156.3250
cambodia,9,55-60,60,172.4966
cambodia,10,60-65,60,150.9345
cambodia,11,65-70,60,70.0766
cambodia,12,70-75,60,53.9051
cambodia,13,75-80,60,16.1715
cambodia,14,80-85,60,16.1715
cambodia,15,85+,60,5.3905
cambodia,0,0-15,61,0.0000
cambodia,1,15-20,61,0.0000
cambodia,2,20-25,61,5.3905
cambodia,3,25-30,61,21.5621
cambodia,4,30-35,61,59.2957
cambodia,5,35-40,61,134.7630
cambodia,6,40-45,61,86.2483
cambodia,7,45-50,61,64.6862
cambodia,8,50-55,61,123.9819
cambodia,9,55-60,61,129.3724
cambodia,10,60-65,61,129.3724
cambodia,11,65-70,61,70.0767
cambodia,12,70-75,61,43.1241
cambodia,13,75-80,61,21.5621
cambodia,14,80-85,61,5.3905
cambodia,15,85+,61,0.0000
cambodia,0,0-15,62,0.0000
cambodia,1,15-20,62,0.0000
cambodia,2,20-25,62,5.3905
cambodia,3,25-30,62,0.0000
cambodia,4,30-35,62,32.3431
cambodia,5,35-40,62,134.7630
cambodia,6,40-45,62,113.2009
cambodia,7,45-50,62,140.1535
cambodia,8,50-55,62,156.3250
cambodia,9,55-60,62,113.2009
cambodia,10,60-65,62,113.2009
cambodia,11,65-70,62,80.8577
cambodia,12,70-75,62,21.5621
cambodia,13,75-80,62,16.1716
cambodia,14,80-85,62,0.0000
cambodia,15,85+,62,0.0000
cambodia,0,0-15,63,0.0000
cambodia,1,15-20,63,0.0000
cambodia,2,20-25,63,5.3905
cambodia,3,25-30,63,0.0000
cambodia,4,30-35,63,64.6862
cambodia,5,35-40,63,80.8578
cambodia,6,40-45,63,102.4198
cambodia,7,45-50,63,140.1535
cambodia,8,50-55,63,140.1535
cambodia,9,55-60,63,118.5914
cambodia,10,60-65,63,75.4673
cambodia,11,65-70,63,80.8578
cambodia,12,70-75,63,21.5621
cambodia,13,75-80,63,26.9526
cambodia,14,80-85,63,16.1716
cambodia,15,85+,63,5.3905
cambodia,0,0-15,64,0.0000
cambodia,1,15-20,64,0.0000
cambodia,2,20-25,64,0.0000
cambodia,3,25-30,64,5.3905
cambodia,4,30-35,64,48.5147
cambodia,5,35-40,64,70.0767
cambodia,6,40-45,64,97.0293
cambodia,7,45-50,64,150.9345
cambodia,8,50-55,64,145.5440
cambodia,9,55-60,64,134.7630
cambodia,10,60-65,64,64.6862
cambodia,11,65-70,64,86.2483
cambodia,12,70-75,64,43.1241
cambodia,13,75-80,64,21.5621
cambodia,14,80-85,64,16.1716
cambodia,15,85+,64,0.0000
cambodia,0,0-15,65,0.0000
cambodia,1,15-20,65,0.0000
cambodia,2,20-25,65,0.0000
cambodia,3,25-30,65,16.1716
cambodia,4,30-35,65,80.8578
cambodia,5,35-40,65,129.3724
cambodia,6,40-45,65,150.9345
cambodia,7,45-50,65,161.7155
cambodia,8,50-55,65,156.3250
cambodia,9,55-60,65,194.0587
cambodia,10,60-65,65,107.8103
cambodia,11,65-70,65,70.0766
cambodia,12,70-75,65,26.9525
cambodia,13,75-80,65,32.3430
cambodia,14,80-85,65,16.1715
cambodia,15,85+,65,0.0000
cambodia,0,0-15,66,0.0000
cambodia,1,15-20,66,0.0000
cambodia,2,20-25,66,0.0000
cambodia,3,25-30,66,16.1716
cambodia,4,30-35,66,43.1241
cambodia,5,35-40,66,134.7630
cambodia,6,40-45,66,113.2009
cambodia,7,45-50,66,150.9345
cambodia,8,50-55,66,123.9819
cambodia,9,55-60,66,118.5914
cambodia,10,60-65,66,123.9819
cambodia,11,65-70,66,48.5147
cambodia,12,70-75,66,37.7336
cambodia,13,75-80,66,26.9526
cambodia,14,80-85,66,5.3905
cambodia,15,85+,66,0.0000
cambodia,0,0-15,67,0.0000
cambodia,1,15-20,67,0.0000
cambodia,2,20-25,67,5.3905
cambodia,3,25-30,67,37.7336
cambodia,4,30-35,67,53.9052
cambodia,5,35-40,67,134.7630
cambodia,6,40-45,67,123.9819
cambodia,7,45-50,67,150.9345
cambodia,8,50-55,67,183.2776
cambodia,9,55-60,67,183.2774
cambodia,10,60-65,67,107.8103
cambodia,11,65-70,67,48.5146
cambodia,12,70-75,67,26.9525
cambodia,13,75-80,67,26.9526
cambodia,14,80-85,67,0.0000
cambodia,15,85+,67,10.7810
cambodia,0,0-15,68,0.0000
cambodia,1,15-20,68,0.0000
cambodia,2,20-25,68,0.0000
cambodia,3,25-30,68,10.7810
cambodia,4,30-35,68,64.6862
cambodia,5,35-40,68,80.8578
cambodia,6,40-45,68,129.3724
cambodia,7,45-50,68,161.7155
cambodia,8,50-55,68,167.1061
cambodia,9,55-60,68,134.7630
cambodia,10,60-65,68,107.8104
cambodia,11,65-70,68,86.2483
cambodia,12,70-75,68,75.4672
cambodia,13,75-80,68,0.0000
cambodia,14,80-85,68,10.7810
cambodia,15,85+,68,0.0000
cambodia,0,0-15,69,0.0000
cambodia,1,15-20,69,0.0000
cambodia,2,20-25,69,0.0000
cambodia,3,25-30,69,10.7810
cambodia,4,30-35,69,64.6862
cambodia,5,35-40,69,80.8578
cambodia,6,40-45,69,129.3724
cambodia,7,45-50,69,161.7155
cambodia,8,50-55,69,167.1061
cambodia,9,55-60,69,134.7630
cambodia,10,60-65,69,107.8104
cambodia,11,65-70,69,86.2483
cambodia,12,70-75,69,75.4672
cambodia,13,75-80,69,0.0000
cambodia,14,80-85,69,10.7810
cambodia,15,85+,69,0.0000
cambodia,0,0-15,70,0.0000
cambodia,1,15-20,70,0.0000
cambodia,2,20-25,70,0.0000
cambodia,3,25-30,70,10.7810
cambodia,4,30-35,70,64.6862
cambodia,5,35-40,70,80.8578
cambodia,6,40-45,70,129.3724
cambodia,7,45-50,70,161.7155
cambodia,8,50-55,70,167.1061
cambodia,9,55-60,70,134.7630
cambodia,10,60-65,70,107.8104
cambodia,11,65-70,70,86.2483
cambodia,12,70-75,70,75.4672
cambodia,13,75-80,70,0.0000
cambodia,14,80-85,70,10.7810
cambodia,15,85+,70,0.0000
cambodia,0,0-15,71,0.0000
cambodia,1,15-20,71,0.0000
cambodia,2,20-25,71,0.0000
cambodia,3,25-30,71,10.7810
cambodia,4,30-35,71,53.9052
cambodia,5,35-40,71,86.2483
cambodia,6,40-45,71,107.8104
cambodia,7,45-50,71,134.7630
cambodia,8,50-55,71,145.5440
cambodia,9,55-60,71,161.7155
cambodia,10,60-65,71,156.3250
cambodia,11,65-70,71,80.8577
cambodia,12,70-75,71,75.4672
cambodia,13,75-80,71,21.5621
cambodia,14,80-85,71,5.3905
cambodia,15,85+,71,5.3905
cambodia,0,0-15,72,0.0000
cambodia,1,15-20,72,0.0000
cambodia,2,20-25,72,5.3905
cambodia,3,25-30,72,32.3431
cambodia,4,30-35,72,113.2009
cambodia,5,35-40,72,134.7630
cambodia,6,40-45,72,167.1061
cambodia,7,45-50,72,167.1061
cambodia,8,50-55,72,150.9345
cambodia,9,55-60,72,156.3250
cambodia,10,60-65,72,102.4197
cambodia,11,65-70,72,64.6861
cambodia,12,70-75,72,37.7335
cambodia,13,75-80,72,26.9525
cambodia,14,80-85,72,0.0000
cambodia,15,85+,72,0.0000
cambodia,0,0-15,73,0.0000
cambodia,1,15-20,73,0.0000
cambodia,2,20-25,73,5.3905
cambodia,3,25-30,73,32.3431
cambodia,4,30-35,73,113.2009
cambodia,5,35-40,73,134.7630
cambodia,6,40-45,73,167.1061
cambodia,7,45-50,73,167.1061
cambodia,8,50-55,73,150.9345
cambodia,9,55-60,73,156.3250
cambodia,10,60-65,73,102.4197
cambodia,11,65-70,73,64.6861
cambodia,12,70-75,73,37.7335
cambodia,13,75-80,73,26.9525
cambodia,14,80-85,73,0.0000
cambodia,15,85+,73,0.0000
cambodia,0,0-15,74,0.0000
cambodia,1,15-20,74,0.0000
cambodia,2,20-25,74,5.3905
cambodia,3,25-30,74,32.3431
cambodia,4,30-35,74,113.2009
cambodia,5,35-40,74,134.7630
cambodia,6,40-45,74,167.1061
cambodia,7,45-50,74,167.1061
cambodia,8,50-55,74,150.9345
cambodia,9,55-60,74,156.3250
cambodia,10,60-65,74,102.4197
cambodia,11,65-70,74,64.6861
cambodia,12,70-75,74,37.7335
cambodia,13,75-80,74,26.9525
cambodia,14,80-85,74,0.0000
cambodia,15,85+,74,0.0000
cambodia,0,0-15,75,0.0000
cambodia,1,15-20,75,0.0000
cambodia,2,20-25,75,5.3905
cambodia,3,25-30,75,32.3431
cambodia,4,30-35,75,113.2009
cambodia,5,35-40,75,134.7630
cambodia,6,40-45,75,167.1061
cambodia,7,45-50,75,167.1061
cambodia,8,50-55,75,150.9345
cambodia,9,55-60,75,156.3250
cambodia,10,60-65,75,102.4197
cambodia,11,65-70,75,64.6861
cambodia,12,70-75,75,37.7335
cambodia,13,75-80,75,26.9525
cambodia,14,80-85,75,0.0000
cambodia,15,85+,75,0.0000
cambodia,0,0-15,76,0.0000
cambodia,1,15-20,76,0.0000
cambodia,2,20-25,76,5.3905
cambodia,3,25-30,76,32.3431
cambodia,4,30-35,76,113.2009
cambodia,5,35-40,76,134.7630
cambodia,6,40-45,76,167.1061
cambodia,7,45-50,76,167.1061
cambodia,8,50-55,76,150.9345
cambodia,9,55-60,76,156.3250
cambodia,10,60-65,76,102.4197
cambodia,11,65-70,76,64.6861
cambodia,12,70-75,76,37.7335
cambodia,13,75-80,76,26.9525
cambodia,14,80-85,76,0.0000
cambodia,15,85+,76,0.0000
cambodia,0,0-15,77,0.0000
cambodia,1,15-20,77,0.0000
cambodia,2,20-25,77,5.3905
cambodia,3,25-30,77,32.3431
cambodia,4,30-35,77,113.2009
cambodia,5,35-40,77,134.7630
cambodia,6,40-45,77,167.1061
cambodia,7,45-50,77,167.1061
cambodia,8,50-55,77,150.9345
cambodia,9,55-60,77,156.3250
cambodia,10,60-65,77,102.4197
cambodia,11,65-70,77,64.6861
cambodia,12,70-75,77,37.7335
cambodia,13,75-80,77,26.9525
cambodia,14,80-85,77,0.0000
cambodia,15,85+,77,0.0000
cambodia,0,0-15,78,0.0000
cambodia,1,15-20,78,0.0000
cambodia,2,20-25,78,0.0000
cambodia,3,25-30,78,10.7810
cambodia,4,30-35,78,43.1241
cambodia,5,35-40,78,161.7155
cambodia,6,40-45,78,107.8104
cambodia,7,45-50,78,145.5440
cambodia,8,50-55,78,140.1535
cambodia,9,55-60,78,183.2776
cambodia,10,60-65,78,188.6680
cambodia,11,65-70,78,86.2482
cambodia,12,70-75,78,53.9051
cambodia,13,75-80,78,10.7810
cambodia,14,80-85,78,5.3905
cambodia,15,85+,78,5.3905
cambodia,0,0-15,79,0.0000
cambodia,1,15-20,79,0.0000
cambodia,2,20-25,79,0.0000
cambodia,3,25-30,79,37.7336
cambodia,4,30-35,79,43.1241
cambodia,5,35-40,79,118.5914
cambodia,6,40-45,79,123.9819
cambodia,7,45-50,79,167.1061
cambodia,8,50-55,79,150.9345
cambodia,9,55-60,79,188.6681
cambodia,10,60-65,79,97.0293
cambodia,11,65-70,79,70.0767
cambodia,12,70-75,79,32.3431
cambodia,13,75-80,79,21.5621
cambodia,14,80-85,79,0.0000
cambodia,15,85+,79,10.7810
cambodia,0,0-15,80,0.0000
cambodia,1,15-20,80,0.0000
cambodia,2,20-25,80,0.0000
cambodia,3,25-30,80,16.1716
cambodia,4,30-35,80,53.9052
cambodia,5,35-40,80,102.4198
cambodia,6,40-45,80,113.2009
cambodia,7,45-50,80,113.2009
cambodia,8,50-55,80,97.0293
cambodia,9,55-60,80,156.3250
cambodia,10,60-65,80,107.8104
cambodia,11,65-70,80,97.0293
cambodia,12,70-75,80,75.4672
cambodia,13,75-80,80,48.5146
cambodia,14,80-85,80,16.1715
cambodia,15,85+,80,5.3905
cambodia,0,0-15,81,0.0000
cambodia,1,15-20,81,0.0000
cambodia,2,20-25,81,0.0000
cambodia,3,25-30,81,16.1716
cambodia,4,30-35,81,48.5147
cambodia,5,35-40,81,118.5914
cambodia,6,40-45,81,107.8104
cambodia,7,45-50,81,145.5440
cambodia,8,50-55,81,177.8871
cambodia,9,55-60,81,183.2776
cambodia,10,60-65,81,123.9819
cambodia,11,65-70,81,97.0292
cambodia,12,70-75,81,48.5145
cambodia,13,75-80,81,10.7810
cambodia,14,80-85,81,0.0000
cambodia,15,85+,81,5.3905
cambodia,0,0-15,82,0.0000
cambodia,1,15-20,82,0.0000
cambodia,2,20-25,82,5.3905
cambodia,3,25-30,82,5.3905
cambodia,4,30-35,82,70.0767
cambodia,5,35-40,82,53.9052
cambodia,6,40-45,82,102.4198
cambodia,7,45-50,82,129.3724
cambodia,8,50-55,82,140.1535
cambodia,9,55-60,82,134.7630
cambodia,10,60-65,82,107.8104
cambodia,11,65-70,82,75.4673
cambodia,12,70-75,82,10.7810
cambodia,13,75-80,82,26.9526
cambodia,14,80-85,82,5.3905
cambodia,15,85+,82,0.0000
cambodia,0,0-15,83,0.0000
cambodia,1,15-20,83,0.0000
cambodia,2,20-25,83,5.3905
cambodia,3,25-30,83,5.3905
cambodia,4,30-35,83,70.0767
cambodia,5,35-40,83,53.9052
cambodia,6,40-45,83,102.4198
cambodia,7,45-50,83,129.3724
cambodia,8,50-55,83,140.1535
cambodia,9,55-60,83,134.7630
cambodia,10,60-65,83,107.8104
cambodia,11,65-70,83,75.4673
cambodia,12,70-75,83,10.7810
cambodia,13,75-80,83,26.9526
cambodia,14,80-85,83,5.3905
cambodia,15,85+,83,0.0000
cambodia,0,0-15,84,0.0000
cambodia,1,15-20,84,0.0000
cambodia,2,20-25,84,5.3905
cambodia,3,25-30,84,5.3905
cambodia,4,30-35,84,70.0767
cambodia,5,35-40,84,53.9052
cambodia,6,40-45,84,102.4198
cambodia,7,45-50,84,129.3724
cambodia,8,50-55,84,140.1535
cambodia,9,55-60,84,134.7630
cambodia,10,60-65,84,107.8104
cambodia,11,65-70,84,75.4673
cambodia,12,70-75,84,10.7810
cambodia,13,75-80,84,26.9526
cambodia,14,80-85,84,5.3905
cambodia,15,85+,84,0.0000
cambodia,0,0-15,85,0.0000
cambodia,1,15-20,85,0.0000
cambodia,2,20-25,85,5.3905
cambodia,3,25-30,85,5.3905
cambodia,4,30-35,85,70.0767
cambodia,5,35-40,85,53.9052
cambodia,6,40-45,85,102.4198
cambodia,7,45-50,85,129.3724
cambodia,8,50-55,85,140.1535
cambodia,9,55-60,85,134.7630
cambodia,10,60-65,85,107.8104
cambodia,11,65-70,85,75.4673
cambodia,12,70-75,85,10.7810
cambodia,13,75-80,85,26.9526
cambodia,14,80-85,85,5.3905
cambodia,15,85+,85,0.0000
cambodia,0,0-15,86,0.0000
cambodia,1,15-20,86,0.0000
cambodia,2,20-25,86,0.0000
cambodia,3,25-30,86,16.1716
cambodia,4,30-35,86,70.0767
cambodia,5,35-40,86,210.2302
cambodia,6,40-45,86,113.2009
cambodia,7,45-50,86,167.1061
cambodia,8,50-55,86,140.1535
cambodia,9,55-60,86,188.6681
cambodia,10,60-65,86,129.3724
cambodia,11,65-70,86,53.9051
cambodia,12,70-75,86,53.9050
cambodia,13,75-80,86,21.5620
cambodia,14,80-85,86,5.3905
cambodia,15,85+,86,10.7810
cambodia,0,0-15,87,0.0000
cambodia,1,15-20,87,0.0000
cambodia,2,20-25,87,0.0000
cambodia,3,25-30,87,0.0000
cambodia,4,30-35,87,80.8578
cambodia,5,35-40,87,59.2957
cambodia,6,40-45,87,80.8578
cambodia,7,45-50,87,150.9345
cambodia,8,50-55,87,156.3250
cambodia,9,55-60,87,97.0293
cambodia,10,60-65,87,113.2009
cambodia,11,65-70,87,64.6862
cambodia,12,70-75,87,64.6862
cambodia,13,75-80,87,32.3431
cambodia,14,80-85,87,10.7810
cambodia,15,85+,87,0.0000
cambodia,0,0-15,88,0.0000
cambodia,1,15-20,88,0.0000
cambodia,2,20-25,88,5.3905
cambodia,3,25-30,88,26.9526
cambodia,4,30-35,88,43.1241
cambodia,5,35-40,88,156.3250
cambodia,6,40-45,88,113.2009
cambodia,7,45-50,88,150.9345
cambodia,8,50-55,88,194.0587
cambodia,9,55-60,88,183.2776
cambodia,10,60-65,88,86.2482
cambodia,11,65-70,88,102.4197
cambodia,12,70-75,88,26.9525
cambodia,13,75-80,88,10.7810
cambodia,14,80-85,88,10.7810
cambodia,15,85+,88,0.0000
cambodia,0,0-15,89,0.0000
cambodia,1,15-20,89,0.0000
cambodia,2,20-25,89,5.3905
cambodia,3,25-30,89,26.9526
cambodia,4,30-35,89,53.9052
cambodia,5,35-40,89,86.2483
cambodia,6,40-45,89,123.9819
cambodia,7,45-50,89,177.8871
cambodia,8,50-55,89,167.1061
cambodia,9,55-60,89,134.7630
cambodia,10,60-65,89,134.7630
cambodia,11,65-70,89,86.2483
cambodia,12,70-75,89,32.3430
cambodia,13,75-80,89,21.5620
cambodia,14,80-85,89,10.7810
cambodia,15,85+,89,0.0000
cambodia,0,0-15,90,0.0000
cambodia,1,15-20,90,0.0000
cambodia,2,20-25,90,0.0000
cambodia,3,25-30,90,37.7336
cambodia,4,30-35,90,86.2483
cambodia,5,35-40,90,91.6388
cambodia,6,40-45,90,129.3724
cambodia,7,45-50,90,107.8104
cambodia,8,50-55,90,140.1535
cambodia,9,55-60,90,113.2009
cambodia,10,60-65,90,91.6388
cambodia,11,65-70,90,53.9052
cambodia,12,70-75,90,48.5147
cambodia,13,75-80,90,16.1716
cambodia,14,80-85,90,0.0000
cambodia,15,85+,90,5.3905
cambodia,0,0-15,91,0.0000
cambodia,1,15-20,91,0.0000
cambodia,2,20-25,91,0.0000
cambodia,3,25-30,91,21.5621
cambodia,4,30-35,91,26.9526
cambodia,5,35-40,91,118.5914
cambodia,6,40-45,91,86.2483
cambodia,7,45-50,91,161.7155
cambodia,8,50-55,91,183.2776
cambodia,9,55-60,91,161.7155
cambodia,10,60-65,91,129.3724
cambodia,11,65-70,91,59.2956
cambodia,12,70-75,91,59.2956
cambodia,13,75-80,91,16.1715
cambodia,14,80-85,91,5.3905
cambodia,15,85+,91,5.3905
cambodia,0,0-15,92,0.0000
cambodia,1,15-20,92,0.0000
cambodia,2,20-25,92,0.0000
cambodia,3,25-30,92,26.9526
cambodia,4,30-35,92,43.1241
cambodia,5,35-40,92,102.4198
cambodia,6,40-45,92,113.2009
cambodia,7,45-50,92,156.3250
cambodia,8,50-55,92,156.3250
cambodia,9,55-60,92,134.7630
cambodia,10,60-65,92,64.6862
cambodia,11,65-70,92,123.9819
cambodia,12,70-75,92,70.0767
cambodia,13,75-80,92,5.3905
cambodia,14,80-85,92,21.5620
cambodia,15,85+,92,5.3905
cambodia,0,0-15,93,0.0000
cambodia,1,15-20,93,0.0000
cambodia,2,20-25,93,5.3905
cambodia,3,25-30,93,5.3905
cambodia,4,30-35,93,64.6862
cambodia,5,35-40,93,91.6388
cambodia,6,40-45,93,107.8104
cambodia,7,45-50,93,134.7630
cambodia,8,50-55,93,188.6681
cambodia,9,55-60,93,194.0587
cambodia,10,60-65,93,107.8103
cambodia,11,65-70,93,75.4672
cambodia,12,70-75,93,26.9526
cambodia,13,75-80,93,32.3431
cambodia,14,80-85,93,10.7810
cambodia,15,85+,93,0.0000
cambodia,0,0-15,94,0.0000
cambodia,1,15-20,94,0.0000
cambodia,2,20-25,94,0.0000
cambodia,3,25-30,94,10.7810
cambodia,4,30-35,94,21.5621
cambodia,5,35-40,94,113.2009
cambodia,6,40-45,94,102.4198
cambodia,7,45-50,94,177.8871
cambodia,8,50-55,94,150.9345
cambodia,9,55-60,94,172.4966
cambodia,10,60-65,94,102.4198
cambodia,11,65-70,94,80.8577
cambodia,12,70-75,94,37.7336
cambodia,13,75-80,94,26.9525
cambodia,14,80-85,94,0.0000
cambodia,15,85+,94,0.0000
cambodia,0,0-15,95,0.0000
cambodia,1,15-20,95,0.0000
cambodia,2,20-25,95,0.0000
cambodia,3,25-30,95,32.3431
cambodia,4,30-35,95,48.5147
cambodia,5,35-40,95,172.4966
cambodia,6,40-45,95,129.3724
cambodia,7,45-50,95,145.5440
cambodia,8,50-55,95,183.2776
cambodia,9,55-60,95,172.4965
cambodia,10,60-65,95,150.9344
cambodia,11,65-70,95,97.0292
cambodia,12,70-75,95,32.3430
cambodia,13,75-80,95,26.9525
cambodia,14,80-85,95,0.0000
cambodia,15,85+,95,0.0000
cambodia,0,0-15,96,0.0000
cambodia,1,15-20,96,0.0000
cambodia,2,20-25,96,0.0000
cambodia,3,25-30,96,32.3431
cambodia,4,30-35,96,48.5147
cambodia,5,35-40,96,172.4966
cambodia,6,40-45,96,129.3724
cambodia,7,45-50,96,145.5440
cambodia,8,50-55,96,183.2776
cambodia,9,55-60,96,172.4965
cambodia,10,60-65,96,150.9344
cambodia,11,65-70,96,97.0292
cambodia,12,70-75,96,32.3430
cambodia,13,75-80,96,26.9525
cambodia,14,80-85,96,0.0000
cambodia,15,85+,96,0.0000
cambodia,0,0-15,97,0.0000
cambodia,1,15-20,97,0.0000
cambodia,2,20-25,97,10.7810
cambodia,3,25-30,97,16.1716
cambodia,4,30-35,97,53.9052
cambodia,5,35-40,97,91.6388
cambodia,6,40-45,97,53.9052
cambodia,7,45-50,97,145.5440
cambodia,8,50-55,97,123.9819
cambodia,9,55-60,97,161.7155
cambodia,10,60-65,97,107.8104
cambodia,11,65-70,97,102.4198
cambodia,12,70-75,97,43.1241
cambodia,13,75-80,97,5.3905
cambodia,14,80-85,97,5.3905
cambodia,15,85+,97,0.0000
cambodia,0,0-15,98,0.0000
cambodia,1,15-20,98,0.0000
cambodia,2,20-25,98,0.0000
cambodia,3,25-30,98,21.5621
cambodia,4,30-35,98,59.2957
cambodia,5,35-40,98,107.8104
cambodia,6,40-45,98,113.2009
cambodia,7,45-50,98,172.4966
cambodia,8,50-55,98,134.7630
cambodia,9,55-60,98,183.2776
cambodia,10,60-65,98,129.3724
cambodia,11,65-70,98,86.2482
cambodia,12,70-75,98,32.3430
cambodia,13,75-80,98,16.1715
cambodia,14,80-85,98,5.3905
cambodia,15,85+,98,0.0000
cambodia,0,0-15,99,0.0000
cambodia,1,15-20,99,0.0000
cambodia,2,20-25,99,0.0000
cambodia,3,25-30,99,21.5621
cambodia,4,30-35,99,59.2957
cambodia,5,35-40,99,107.8104
cambodia,6,40-45,99,113.2009
cambodia,7,45-50,99,172.4966
cambodia,8,50-55,99,134.7630
cambodia,9,55-60,99,183.2776
cambodia,10,60-65,99,129.3724
cambodia,11,65-70,99,86.2482
cambodia,12,70-75,99,32.3430
cambodia,13,75-80,99,16.1715
cambodia,14,80-85,99,5.3905
cambodia,15,85+,99,0.0000
cameroon,0,0-15,0,0.0000
cameroon,1,15-20,0,0.0000
cameroon,2,20-25,0,15.3603
cameroon,3,25-30,0,76.8013
cameroon,4,30-35,0,261.1243
cameroon,5,35-40,0,337.9257
cameroon,6,40-45,0,389.1265
cameroon,7,45-50,0,353.2860
cameroon,8,50-55,0,322.5655
cameroon,9,55-60,0,266.2445
cameroon,10,60-65,0,215.0425
cameroon,11,65-70,0,163.8418
cameroon,12,70-75,0,66.5607
cameroon,13,75-80,0,30.7203
cameroon,14,80-85,0,25.6003
cameroon,15,85+,0,0.0000
cameroon,0,0-15,1,0.0000
cameroon,1,15-20,1,0.0000
cameroon,2,20-25,1,15.3603
cameroon,3,25-30,1,76.8013
cameroon,4,30-35,1,261.1243
cameroon,5,35-40,1,337.9257
cameroon,6,40-45,1,389.1265
cameroon,7,45-50,1,353.2860
cameroon,8,50-55,1,322.5655
cameroon,9,55-60,1,266.2445
cameroon,10,60-65,1,215.0425
cameroon,11,65-70,1,163.8418
cameroon,12,70-75,1,66.5607
cameroon,13,75-80,1,30.7203
cameroon,14,80-85,1,25.6003
cameroon,15,85+,1,0.0000
cameroon,0,0-15,2,0.0000
cameroon,1,15-20,2,0.0000
cameroon,2,20-25,2,5.1201
cameroon,3,25-30,2,66.5611
cameroon,4,30-35,2,184.3230
cameroon,5,35-40,2,343.0458
cameroon,6,40-45,2,389.1266
cameroon,7,45-50,2,378.8864
cameroon,8,50-55,2,348.1659
cameroon,9,55-60,2,281.6046
cameroon,10,60-65,2,220.1629
cameroon,11,65-70,2,107.5212
cameroon,12,70-75,2,71.6808
cameroon,13,75-80,2,20.4802
cameroon,14,80-85,2,10.2401
cameroon,15,85+,2,0.0000
cameroon,0,0-15,3,0.0000
cameroon,1,15-20,3,0.0000
cameroon,2,20-25,3,15.3603
cameroon,3,25-30,3,66.5611
cameroon,4,30-35,3,250.8841
cameroon,5,35-40,3,353.2860
cameroon,6,40-45,3,378.8864
cameroon,7,45-50,3,414.7270
cameroon,8,50-55,3,312.3253
cameroon,9,55-60,3,302.0841
cameroon,10,60-65,3,174.0820
cameroon,11,65-70,3,97.2813
cameroon,12,70-75,3,92.1612
cameroon,13,75-80,3,15.3602
cameroon,14,80-85,3,20.4802
cameroon,15,85+,3,0.0000
cameroon,0,0-15,4,0.0000
cameroon,1,15-20,4,0.0000
cameroon,2,20-25,4,5.1201
cameroon,3,25-30,4,56.3209
cameroon,4,30-35,4,204.8033
cameroon,5,35-40,4,327.6855
cameroon,6,40-45,4,409.6069
cameroon,7,45-50,4,368.6462
cameroon,8,50-55,4,373.7663
cameroon,9,55-60,4,312.3247
cameroon,10,60-65,4,194.5626
cameroon,11,65-70,4,174.0819
cameroon,12,70-75,4,46.0805
cameroon,13,75-80,4,35.8404
cameroon,14,80-85,4,10.2401
cameroon,15,85+,4,5.1201
cameroon,0,0-15,5,0.0000
cameroon,1,15-20,5,0.0000
cameroon,2,20-25,5,15.3603
cameroon,3,25-30,5,56.3209
cameroon,4,30-35,5,240.6439
cameroon,5,35-40,5,358.4061
cameroon,6,40-45,5,384.0065
cameroon,7,45-50,5,435.2073
cameroon,8,50-55,5,363.5261
cameroon,9,55-60,5,322.5645
cameroon,10,60-65,5,256.0031
cameroon,11,65-70,5,158.7217
cameroon,12,70-75,5,71.6808
cameroon,13,75-80,5,10.2401
cameroon,14,80-85,5,5.1201
cameroon,15,85+,5,0.0000
cameroon,0,0-15,6,0.0000
cameroon,1,15-20,6,0.0000
cameroon,2,20-25,6,25.6004
cameroon,3,25-30,6,76.8013
cameroon,4,30-35,6,184.3230
cameroon,5,35-40,6,358.4061
cameroon,6,40-45,6,404.4868
cameroon,7,45-50,6,419.8471
cameroon,8,50-55,6,327.6855
cameroon,9,55-60,6,266.2439
cameroon,10,60-65,6,235.5230
cameroon,11,65-70,6,133.1215
cameroon,12,70-75,6,51.2006
cameroon,13,75-80,6,35.8404
cameroon,14,80-85,6,15.3602
cameroon,15,85+,6,5.1201
cameroon,0,0-15,7,0.0000
cameroon,1,15-20,7,0.0000
cameroon,2,20-25,7,5.1201
cameroon,3,25-30,7,35.8406
cameroon,4,30-35,7,225.2837
cameroon,5,35-40,7,332.8056
cameroon,6,40-45,7,363.5261
cameroon,7,45-50,7,389.1265
cameroon,8,50-55,7,348.1659
cameroon,9,55-60,7,281.6044
cameroon,10,60-65,7,184.3225
cameroon,11,65-70,7,66.5609
cameroon,12,70-75,7,87.0411
cameroon,13,75-80,7,46.0805
cameroon,14,80-85,7,20.4802
cameroon,15,85+,7,5.1201
cameroon,0,0-15,8,0.0000
cameroon,1,15-20,8,0.0000
cameroon,2,20-25,8,10.2402
cameroon,3,25-30,8,56.3209
cameroon,4,30-35,8,204.8033
cameroon,5,35-40,8,353.2860
cameroon,6,40-45,8,399.3667
cameroon,7,45-50,8,404.4868
cameroon,8,50-55,8,378.8864
cameroon,9,55-60,8,286.7244
cameroon,10,60-65,8,138.2417
cameroon,11,65-70,8,122.8813
cameroon,12,70-75,8,61.4407
cameroon,13,75-80,8,35.8404
cameroon,14,80-85,8,10.2401
cameroon,15,85+,8,5.1201
cameroon,0,0-15,9,0.0000
cameroon,1,15-20,9,0.0000
cameroon,2,20-25,9,25.6004
cameroon,3,25-30,9,102.4017
cameroon,4,30-35,9,209.9235
cameroon,5,35-40,9,348.1659
cameroon,6,40-45,9,424.9671
cameroon,7,45-50,9,419.8471
cameroon,8,50-55,9,409.6067
cameroon,9,55-60,9,332.8044
cameroon,10,60-65,9,225.2826
cameroon,11,65-70,9,163.8418
cameroon,12,70-75,9,51.2006
cameroon,13,75-80,9,46.0805
cameroon,14,80-85,9,10.2401
cameroon,15,85+,9,0.0000
cameroon,0,0-15,10,0.0000
cameroon,1,15-20,10,0.0000
cameroon,2,20-25,10,35.8406
cameroon,3,25-30,10,143.3623
cameroon,4,30-35,10,250.8842
cameroon,5,35-40,10,317.4454
cameroon,6,40-45,10,404.4868
cameroon,7,45-50,10,460.8078
cameroon,8,50-55,10,363.5258
cameroon,9,55-60,10,296.9641
cameroon,10,60-65,10,199.6822
cameroon,11,65-70,10,71.6808
cameroon,12,70-75,10,56.3206
cameroon,13,75-80,10,35.8404
cameroon,14,80-85,10,20.4802
cameroon,15,85+,10,10.2401
cameroon,0,0-15,11,0.0000
cameroon,1,15-20,11,0.0000
cameroon,2,20-25,11,35.8406
cameroon,3,25-30,11,143.3623
cameroon,4,30-35,11,250.8842
cameroon,5,35-40,11,317.4454
cameroon,6,40-45,11,404.4868
cameroon,7,45-50,11,460.8078
cameroon,8,50-55,11,363.5258
cameroon,9,55-60,11,296.9641
cameroon,10,60-65,11,199.6822
cameroon,11,65-70,11,71.6808
cameroon,12,70-75,11,56.3206
cameroon,13,75-80,11,35.8404
cameroon,14,80-85,11,20.4802
cameroon,15,85+,11,10.2401
cameroon,0,0-15,12,0.0000
cameroon,1,15-20,12,0.0000
cameroon,2,20-25,12,35.8406
cameroon,3,25-30,12,143.3623
cameroon,4,30-35,12,250.8842
cameroon,5,35-40,12,317.4454
cameroon,6,40-45,12,404.4868
cameroon,7,45-50,12,460.8078
cameroon,8,50-55,12,363.5258
cameroon,9,55-60,12,296.9641
cameroon,10,60-65,12,199.6822
cameroon,11,65-70,12,71.6808
cameroon,12,70-75,12,56.3206
cameroon,13,75-80,12,35.8404
cameroon,14,80-85,12,20.4802
cameroon,15,85+,12,10.2401
cameroon,0,0-15,13,0.0000
cameroon,1,15-20,13,0.0000
cameroon,2,20-25,13,35.8406
cameroon,3,25-30,13,143.3623
cameroon,4,30-35,13,250.8842
cameroon,5,35-40,13,317.4454
cameroon,6,40-45,13,404.4868
cameroon,7,45-50,13,460.8078
cameroon,8,50-55,13,363.5258
cameroon,9,55-60,13,296.9641
cameroon,10,60-65,13,199.6822
cameroon,11,65-70,13,71.6808
cameroon,12,70-75,13,56.3206
cameroon,13,75-80,13,35.8404
cameroon,14,80-85,13,20.4802
cameroon,15,85+,13,10.2401
cameroon,0,0-15,14,0.0000
cameroon,1,15-20,14,0.0000
cameroon,2,20-25,14,5.1201
cameroon,3,25-30,14,102.4017
cameroon,4,30-35,14,179.2029
cameroon,5,35-40,14,348.1659
cameroon,6,40-45,14,389.1266
cameroon,7,45-50,14,414.7270
cameroon,8,50-55,14,389.1266
cameroon,9,55-60,14,256.0037
cameroon,10,60-65,14,163.8421
cameroon,11,65-70,14,92.1611
cameroon,12,70-75,14,81.9209
cameroon,13,75-80,14,51.2006
cameroon,14,80-85,14,20.4802
cameroon,15,85+,14,0.0000
cameroon,0,0-15,15,0.0000
cameroon,1,15-20,15,0.0000
cameroon,2,20-25,15,5.1201
cameroon,3,25-30,15,71.6812
cameroon,4,30-35,15,220.1636
cameroon,5,35-40,15,312.3253
cameroon,6,40-45,15,384.0065
cameroon,7,45-50,15,343.0458
cameroon,8,50-55,15,337.9257
cameroon,9,55-60,15,322.5651
cameroon,10,60-65,15,163.8423
cameroon,11,65-70,15,128.0015
cameroon,12,70-75,15,76.8009
cameroon,13,75-80,15,30.7203
cameroon,14,80-85,15,20.4802
cameroon,15,85+,15,5.1201
cameroon,0,0-15,16,0.0000
cameroon,1,15-20,16,0.0000
cameroon,2,20-25,16,5.1201
cameroon,3,25-30,16,76.8013
cameroon,4,30-35,16,245.7640
cameroon,5,35-40,16,373.7663
cameroon,6,40-45,16,419.8471
cameroon,7,45-50,16,409.6069
cameroon,8,50-55,16,414.7267
cameroon,9,55-60,16,312.3243
cameroon,10,60-65,16,209.9223
cameroon,11,65-70,16,194.5621
cameroon,12,70-75,16,40.9604
cameroon,13,75-80,16,30.7203
cameroon,14,80-85,16,15.3602
cameroon,15,85+,16,0.0000
cameroon,0,0-15,17,0.0000
cameroon,1,15-20,17,0.0000
cameroon,2,20-25,17,5.1201
cameroon,3,25-30,17,66.5611
cameroon,4,30-35,17,220.1636
cameroon,5,35-40,17,256.0043
cameroon,6,40-45,17,327.6855
cameroon,7,45-50,17,373.7663
cameroon,8,50-55,17,368.6462
cameroon,9,55-60,17,312.3253
cameroon,10,60-65,17,230.4030
cameroon,11,65-70,17,117.7614
cameroon,12,70-75,17,87.0410
cameroon,13,75-80,17,51.2006
cameroon,14,80-85,17,15.3602
cameroon,15,85+,17,5.1201
cameroon,0,0-15,18,0.0000
cameroon,1,15-20,18,0.0000
cameroon,2,20-25,18,5.1201
cameroon,3,25-30,18,66.5611
cameroon,4,30-35,18,220.1636
cameroon,5,35-40,18,256.0043
cameroon,6,40-45,18,327.6855
cameroon,7,45-50,18,373.7663
cameroon,8,50-55,18,368.6462
cameroon,9,55-60,18,312.3253
cameroon,10,60-65,18,230.4030
cameroon,11,65-70,18,117.7614
cameroon,12,70-75,18,87.0410
cameroon,13,75-80,18,51.2006
cameroon,14,80-85,18,15.3602
cameroon,15,85+,18,5.1201
cameroon,0,0-15,19,0.0000
cameroon,1,15-20,19,0.0000
cameroon,2,20-25,19,15.3603
cameroon,3,25-30,19,92.1615
cameroon,4,30-35,19,209.9234
cameroon,5,35-40,19,296.9650
cameroon,6,40-45,19,430.0872
cameroon,7,45-50,19,409.6069
cameroon,8,50-55,19,337.9257
cameroon,9,55-60,19,317.4446
cameroon,10,60-65,19,204.8026
cameroon,11,65-70,19,81.9209
cameroon,12,70-75,19,92.1610
cameroon,13,75-80,19,30.7203
cameroon,14,80-85,19,5.1201
cameroon,15,85+,19,5.1201
cameroon,0,0-15,20,0.0000
cameroon,1,15-20,20,0.0000
cameroon,2,20-25,20,20.4803
cameroon,3,25-30,20,97.2816
cameroon,4,30-35,20,225.2837
cameroon,5,35-40,20,353.2860
cameroon,6,40-45,20,435.2073
cameroon,7,45-50,20,435.2074
cameroon,8,50-55,20,317.4453
cameroon,9,55-60,20,271.3640
cameroon,10,60-65,20,189.4422
cameroon,11,65-70,20,97.2811
cameroon,12,70-75,20,76.8008
cameroon,13,75-80,20,20.4802
cameroon,14,80-85,20,15.3602
cameroon,15,85+,20,5.1201
cameroon,0,0-15,21,0.0000
cameroon,1,15-20,21,0.0000
cameroon,2,20-25,21,20.4803
cameroon,3,25-30,21,92.1615
cameroon,4,30-35,21,230.4038
cameroon,5,35-40,21,363.5262
cameroon,6,40-45,21,389.1265
cameroon,7,45-50,21,368.6462
cameroon,8,50-55,21,419.8470
cameroon,9,55-60,21,230.4032
cameroon,10,60-65,21,163.8420
cameroon,11,65-70,21,122.8815
cameroon,12,70-75,21,61.4407
cameroon,13,75-80,21,51.2006
cameroon,14,80-85,21,10.2401
cameroon,15,85+,21,5.1201
cameroon,0,0-15,22,0.0000
cameroon,1,15-20,22,0.0000
cameroon,2,20-25,22,5.1201
cameroon,3,25-30,22,51.2008
cameroon,4,30-35,22,215.0435
cameroon,5,35-40,22,317.4454
cameroon,6,40-45,22,348.1659
cameroon,7,45-50,22,317.4453
cameroon,8,50-55,22,368.6461
cameroon,9,55-60,22,302.0847
cameroon,10,60-65,22,199.6827
cameroon,11,65-70,22,133.1219
cameroon,12,70-75,22,51.2007
cameroon,13,75-80,22,51.2007
cameroon,14,80-85,22,15.3602
cameroon,15,85+,22,5.1201
cameroon,0,0-15,23,0.0000
cameroon,1,15-20,23,0.0000
cameroon,2,20-25,23,5.1201
cameroon,3,25-30,23,117.7619
cameroon,4,30-35,23,209.9234
cameroon,5,35-40,23,348.1659
cameroon,6,40-45,23,419.8471
cameroon,7,45-50,23,486.4082
cameroon,8,50-55,23,389.1263
cameroon,9,55-60,23,250.8833
cameroon,10,60-65,23,225.2826
cameroon,11,65-70,23,153.6017
cameroon,12,70-75,23,76.8008
cameroon,13,75-80,23,20.4802
cameroon,14,80-85,23,5.1201
cameroon,15,85+,23,15.3602
cameroon,0,0-15,24,0.0000
cameroon,1,15-20,24,0.0000
cameroon,2,20-25,24,15.3603
cameroon,3,25-30,24,128.0021
cameroon,4,30-35,24,230.4038
cameroon,5,35-40,24,373.7663
cameroon,6,40-45,24,389.1265
cameroon,7,45-50,24,481.2881
cameroon,8,50-55,24,307.2048
cameroon,9,55-60,24,261.1234
cameroon,10,60-65,24,158.7220
cameroon,11,65-70,24,112.6415
cameroon,12,70-75,24,66.5608
cameroon,13,75-80,24,56.3206
cameroon,14,80-85,24,20.4802
cameroon,15,85+,24,15.3602
cameroon,0,0-15,25,0.0000
cameroon,1,15-20,25,5.1201
cameroon,2,20-25,25,20.4803
cameroon,3,25-30,25,97.2816
cameroon,4,30-35,25,240.6440
cameroon,5,35-40,25,368.6462
cameroon,6,40-45,25,496.6483
cameroon,7,45-50,25,363.5261
cameroon,8,50-55,25,327.6846
cameroon,9,55-60,25,256.0038
cameroon,10,60-65,25,204.8026
cameroon,11,65-70,25,174.0821
cameroon,12,70-75,25,56.3207
cameroon,13,75-80,25,25.6003
cameroon,14,80-85,25,5.1201
cameroon,15,85+,25,0.0000
cameroon,0,0-15,26,0.0000
cameroon,1,15-20,26,0.0000
cameroon,2,20-25,26,10.2402
cameroon,3,25-30,26,87.0414
cameroon,4,30-35,26,240.6440
cameroon,5,35-40,26,296.9650
cameroon,6,40-45,26,486.4082
cameroon,7,45-50,26,358.4060
cameroon,8,50-55,26,358.4061
cameroon,9,55-60,26,307.2045
cameroon,10,60-65,26,148.4818
cameroon,11,65-70,26,122.8813
cameroon,12,70-75,26,81.9209
cameroon,13,75-80,26,35.8404
cameroon,14,80-85,26,15.3602
cameroon,15,85+,26,5.1201
cameroon,0,0-15,27,0.0000
cameroon,1,15-20,27,0.0000
cameroon,2,20-25,27,10.2402
cameroon,3,25-30,27,92.1615
cameroon,4,30-35,27,189.4431
cameroon,5,35-40,27,358.4060
cameroon,6,40-45,27,414.7270
cameroon,7,45-50,27,409.6069
cameroon,8,50-55,27,302.0851
cameroon,9,55-60,27,399.3660
cameroon,10,60-65,27,225.2825
cameroon,11,65-70,27,112.6412
cameroon,12,70-75,27,97.2811
cameroon,13,75-80,27,56.3206
cameroon,14,80-85,27,25.6003
cameroon,15,85+,27,10.2401
cameroon,0,0-15,28,0.0000
cameroon,1,15-20,28,0.0000
cameroon,2,20-25,28,5.1201
cameroon,3,25-30,28,61.4410
cameroon,4,30-35,28,250.8841
cameroon,5,35-40,28,312.3253
cameroon,6,40-45,28,358.4060
cameroon,7,45-50,28,440.3274
cameroon,8,50-55,28,384.0065
cameroon,9,55-60,28,240.6437
cameroon,10,60-65,28,204.8026
cameroon,11,65-70,28,179.2020
cameroon,12,70-75,28,46.0805
cameroon,13,75-80,28,61.4407
cameroon,14,80-85,28,5.1201
cameroon,15,85+,28,5.1201
cameroon,0,0-15,29,0.0000
cameroon,1,15-20,29,0.0000
cameroon,2,20-25,29,5.1201
cameroon,3,25-30,29,92.1615
cameroon,4,30-35,29,174.0828
cameroon,5,35-40,29,363.5261
cameroon,6,40-45,29,353.2859
cameroon,7,45-50,29,337.9257
cameroon,8,50-55,29,307.2052
cameroon,9,55-60,29,245.7640
cameroon,10,60-65,29,220.1632
cameroon,11,65-70,29,122.8817
cameroon,12,70-75,29,71.6808
cameroon,13,75-80,29,40.9604
cameroon,14,80-85,29,5.1201
cameroon,15,85+,29,5.1201
cameroon,0,0-15,30,0.0000
cameroon,1,15-20,30,5.1201
cameroon,2,20-25,30,30.7205
cameroon,3,25-30,30,97.2816
cameroon,4,30-35,30,220.1636
cameroon,5,35-40,30,394.2467
cameroon,6,40-45,30,404.4868
cameroon,7,45-50,30,419.8471
cameroon,8,50-55,30,404.4868
cameroon,9,55-60,30,271.3634
cameroon,10,60-65,30,163.8418
cameroon,11,65-70,30,133.1215
cameroon,12,70-75,30,61.4407
cameroon,13,75-80,30,35.8404
cameroon,14,80-85,30,25.6003
cameroon,15,85+,30,5.1201
cameroon,0,0-15,31,0.0000
cameroon,1,15-20,31,5.1201
cameroon,2,20-25,31,30.7205
cameroon,3,25-30,31,97.2816
cameroon,4,30-35,31,220.1636
cameroon,5,35-40,31,394.2467
cameroon,6,40-45,31,404.4868
cameroon,7,45-50,31,419.8471
cameroon,8,50-55,31,404.4868
cameroon,9,55-60,31,271.3634
cameroon,10,60-65,31,163.8418
cameroon,11,65-70,31,133.1215
cameroon,12,70-75,31,61.4407
cameroon,13,75-80,31,35.8404
cameroon,14,80-85,31,25.6003
cameroon,15,85+,31,5.1201
cameroon,0,0-15,32,0.0000
cameroon,1,15-20,32,0.0000
cameroon,2,20-25,32,5.1201
cameroon,3,25-30,32,112.6418
cameroon,4,30-35,32,225.2837
cameroon,5,35-40,32,373.7663
cameroon,6,40-45,32,445.4475
cameroon,7,45-50,32,455.6877
cameroon,8,50-55,32,322.5652
cameroon,9,55-60,32,261.1237
cameroon,10,60-65,32,230.4026
cameroon,11,65-70,32,112.6412
cameroon,12,70-75,32,46.0805
cameroon,13,75-80,32,30.7203
cameroon,14,80-85,32,0.0000
cameroon,15,85+,32,0.0000
cameroon,0,0-15,33,0.0000
cameroon,1,15-20,33,0.0000
cameroon,2,20-25,33,20.4803
cameroon,3,25-30,33,71.6812
cameroon,4,30-35,33,296.9649
cameroon,5,35-40,33,327.6855
cameroon,6,40-45,33,322.5654
cameroon,7,45-50,33,373.7663
cameroon,8,50-55,33,337.9257
cameroon,9,55-60,33,302.0844
cameroon,10,60-65,33,215.0427
cameroon,11,65-70,33,92.1610
cameroon,12,70-75,33,71.6809
cameroon,13,75-80,33,30.7204
cameroon,14,80-85,33,5.1201
cameroon,15,85+,33,0.0000
cameroon,0,0-15,34,0.0000
cameroon,1,15-20,34,0.0000
cameroon,2,20-25,34,15.3603
cameroon,3,25-30,34,56.3209
cameroon,4,30-35,34,153.6025
cameroon,5,35-40,34,302.0851
cameroon,6,40-45,34,399.3667
cameroon,7,45-50,34,414.7270
cameroon,8,50-55,34,337.9257
cameroon,9,55-60,34,256.0043
cameroon,10,60-65,34,215.0431
cameroon,11,65-70,34,87.0410
cameroon,12,70-75,34,92.1610
cameroon,13,75-80,34,25.6003
cameroon,14,80-85,34,10.2401
cameroon,15,85+,34,0.0000
cameroon,0,0-15,35,0.0000
cameroon,1,15-20,35,0.0000
cameroon,2,20-25,35,10.2402
cameroon,3,25-30,35,51.2008
cameroon,4,30-35,35,235.5238
cameroon,5,35-40,35,378.8864
cameroon,6,40-45,35,343.0458
cameroon,7,45-50,35,445.4475
cameroon,8,50-55,35,348.1659
cameroon,9,55-60,35,240.6437
cameroon,10,60-65,35,209.9226
cameroon,11,65-70,35,133.1215
cameroon,12,70-75,35,46.0805
cameroon,13,75-80,35,46.0805
cameroon,14,80-85,35,5.1201
cameroon,15,85+,35,5.1201
cameroon,0,0-15,36,0.0000
cameroon,1,15-20,36,0.0000
cameroon,2,20-25,36,10.2402
cameroon,3,25-30,36,51.2008
cameroon,4,30-35,36,235.5238
cameroon,5,35-40,36,378.8864
cameroon,6,40-45,36,343.0458
cameroon,7,45-50,36,445.4475
cameroon,8,50-55,36,348.1659
cameroon,9,55-60,36,240.6437
cameroon,10,60-65,36,209.9226
cameroon,11,65-70,36,133.1215
cameroon,12,70-75,36,46.0805
cameroon,13,75-80,36,46.0805
cameroon,14,80-85,36,5.1201
cameroon,15,85+,36,5.1201
cameroon,0,0-15,37,0.0000
cameroon,1,15-20,37,0.0000
cameroon,2,20-25,37,10.2402
cameroon,3,25-30,37,92.1615
cameroon,4,30-35,37,199.6833
cameroon,5,35-40,37,261.1244
cameroon,6,40-45,37,394.2467
cameroon,7,45-50,37,399.3667
cameroon,8,50-55,37,332.8056
cameroon,9,55-60,37,250.8842
cameroon,10,60-65,37,189.4427
cameroon,11,65-70,37,97.2811
cameroon,12,70-75,37,51.2006
cameroon,13,75-80,37,35.8404
cameroon,14,80-85,37,10.2401
cameroon,15,85+,37,0.0000
cameroon,0,0-15,38,0.0000
cameroon,1,15-20,38,5.1201
cameroon,2,20-25,38,20.4803
cameroon,3,25-30,38,92.1615
cameroon,4,30-35,38,240.6440
cameroon,5,35-40,38,337.9257
cameroon,6,40-45,38,455.6877
cameroon,7,45-50,38,291.8449
cameroon,8,50-55,38,358.4059
cameroon,9,55-60,38,225.2835
cameroon,10,60-65,38,148.4821
cameroon,11,65-70,38,168.9620
cameroon,12,70-75,38,61.4407
cameroon,13,75-80,38,51.2006
cameroon,14,80-85,38,10.2401
cameroon,15,85+,38,5.1201
cameroon,0,0-15,39,0.0000
cameroon,1,15-20,39,0.0000
cameroon,2,20-25,39,30.7205
cameroon,3,25-30,39,92.1615
cameroon,4,30-35,39,302.0850
cameroon,5,35-40,39,348.1659
cameroon,6,40-45,39,343.0458
cameroon,7,45-50,39,465.9279
cameroon,8,50-55,39,363.5259
cameroon,9,55-60,39,245.7634
cameroon,10,60-65,39,220.1626
cameroon,11,65-70,39,153.6017
cameroon,12,70-75,39,46.0805
cameroon,13,75-80,39,56.3206
cameroon,14,80-85,39,10.2401
cameroon,15,85+,39,0.0000
cameroon,0,0-15,40,0.0000
cameroon,1,15-20,40,0.0000
cameroon,2,20-25,40,15.3603
cameroon,3,25-30,40,71.6812
cameroon,4,30-35,40,194.5632
cameroon,5,35-40,40,307.2052
cameroon,6,40-45,40,296.9650
cameroon,7,45-50,40,368.6462
cameroon,8,50-55,40,327.6855
cameroon,9,55-60,40,281.6048
cameroon,10,60-65,40,174.0826
cameroon,11,65-70,40,133.1216
cameroon,12,70-75,40,92.1611
cameroon,13,75-80,40,30.7204
cameroon,14,80-85,40,15.3602
cameroon,15,85+,40,0.0000
cameroon,0,0-15,41,0.0000
cameroon,1,15-20,41,0.0000
cameroon,2,20-25,41,15.3603
cameroon,3,25-30,41,71.6812
cameroon,4,30-35,41,194.5632
cameroon,5,35-40,41,307.2052
cameroon,6,40-45,41,296.9650
cameroon,7,45-50,41,368.6462
cameroon,8,50-55,41,327.6855
cameroon,9,55-60,41,281.6048
cameroon,10,60-65,41,174.0826
cameroon,11,65-70,41,133.1216
cameroon,12,70-75,41,92.1611
cameroon,13,75-80,41,30.7204
cameroon,14,80-85,41,15.3602
cameroon,15,85+,41,0.0000
cameroon,0,0-15,42,0.0000
cameroon,1,15-20,42,5.1201
cameroon,2,20-25,42,15.3603
cameroon,3,25-30,42,158.7226
cameroon,4,30-35,42,240.6440
cameroon,5,35-40,42,312.3253
cameroon,6,40-45,42,476.1680
cameroon,7,45-50,42,363.5262
cameroon,8,50-55,42,348.1658
cameroon,9,55-60,42,281.6039
cameroon,10,60-65,42,174.0819
cameroon,11,65-70,42,76.8008
cameroon,12,70-75,42,76.8008
cameroon,13,75-80,42,20.4802
cameroon,14,80-85,42,10.2401
cameroon,15,85+,42,10.2401
cameroon,0,0-15,43,0.0000
cameroon,1,15-20,43,5.1201
cameroon,2,20-25,43,15.3603
cameroon,3,25-30,43,158.7226
cameroon,4,30-35,43,240.6440
cameroon,5,35-40,43,312.3253
cameroon,6,40-45,43,476.1680
cameroon,7,45-50,43,363.5262
cameroon,8,50-55,43,348.1658
cameroon,9,55-60,43,281.6039
cameroon,10,60-65,43,174.0819
cameroon,11,65-70,43,76.8008
cameroon,12,70-75,43,76.8008
cameroon,13,75-80,43,20.4802
cameroon,14,80-85,43,10.2401
cameroon,15,85+,43,10.2401
cameroon,0,0-15,44,0.0000
cameroon,1,15-20,44,0.0000
cameroon,2,20-25,44,15.3603
cameroon,3,25-30,44,128.0021
cameroon,4,30-35,44,179.2029
cameroon,5,35-40,44,302.0851
cameroon,6,40-45,44,424.9672
cameroon,7,45-50,44,394.2466
cameroon,8,50-55,44,281.6048
cameroon,9,55-60,44,250.8840
cameroon,10,60-65,44,153.6021
cameroon,11,65-70,44,143.3618
cameroon,12,70-75,44,35.8405
cameroon,13,75-80,44,46.0805
cameroon,14,80-85,44,5.1201
cameroon,15,85+,44,5.1201
cameroon,0,0-15,45,0.0000
cameroon,1,15-20,45,0.0000
cameroon,2,20-25,45,15.3603
cameroon,3,25-30,45,87.0414
cameroon,4,30-35,45,240.6440
cameroon,5,35-40,45,353.2860
cameroon,6,40-45,45,445.4475
cameroon,7,45-50,45,363.5261
cameroon,8,50-55,45,399.3668
cameroon,9,55-60,45,281.6037
cameroon,10,60-65,45,168.9621
cameroon,11,65-70,45,87.0410
cameroon,12,70-75,45,51.2006
cameroon,13,75-80,45,30.7203
cameroon,14,80-85,45,10.2401
cameroon,15,85+,45,20.4802
cameroon,0,0-15,46,0.0000
cameroon,1,15-20,46,0.0000
cameroon,2,20-25,46,10.2402
cameroon,3,25-30,46,92.1615
cameroon,4,30-35,46,179.2029
cameroon,5,35-40,46,266.2445
cameroon,6,40-45,46,419.8471
cameroon,7,45-50,46,430.0872
cameroon,8,50-55,46,337.9257
cameroon,9,55-60,46,286.7244
cameroon,10,60-65,46,184.3226
cameroon,11,65-70,46,117.7613
cameroon,12,70-75,46,51.2006
cameroon,13,75-80,46,40.9604
cameroon,14,80-85,46,5.1201
cameroon,15,85+,46,5.1201
cameroon,0,0-15,47,0.0000
cameroon,1,15-20,47,0.0000
cameroon,2,20-25,47,15.3603
cameroon,3,25-30,47,148.4824
cameroon,4,30-35,47,225.2837
cameroon,5,35-40,47,332.8056
cameroon,6,40-45,47,394.2466
cameroon,7,45-50,47,486.4082
cameroon,8,50-55,47,476.1678
cameroon,9,55-60,47,296.9634
cameroon,10,60-65,47,215.0424
cameroon,11,65-70,47,153.6017
cameroon,12,70-75,47,102.4011
cameroon,13,75-80,47,15.3602
cameroon,14,80-85,47,30.7203
cameroon,15,85+,47,5.1201
cameroon,0,0-15,48,0.0000
cameroon,1,15-20,48,0.0000
cameroon,2,20-25,48,15.3603
cameroon,3,25-30,48,148.4824
cameroon,4,30-35,48,225.2837
cameroon,5,35-40,48,332.8056
cameroon,6,40-45,48,394.2466
cameroon,7,45-50,48,486.4082
cameroon,8,50-55,48,476.1678
cameroon,9,55-60,48,296.9634
cameroon,10,60-65,48,215.0424
cameroon,11,65-70,48,153.6017
cameroon,12,70-75,48,102.4011
cameroon,13,75-80,48,15.3602
cameroon,14,80-85,48,30.7203
cameroon,15,85+,48,5.1201
cameroon,0,0-15,49,0.0000
cameroon,1,15-20,49,0.0000
cameroon,2,20-25,49,15.3603
cameroon,3,25-30,49,81.9213
cameroon,4,30-35,49,245.7641
cameroon,5,35-40,49,307.2052
cameroon,6,40-45,49,465.9278
cameroon,7,45-50,49,419.8471
cameroon,8,50-55,49,312.3253
cameroon,9,55-60,49,266.2439
cameroon,10,60-65,49,168.9620
cameroon,11,65-70,49,163.8418
cameroon,12,70-75,49,46.0805
cameroon,13,75-80,49,15.3602
cameroon,14,80-85,49,5.1201
cameroon,15,85+,49,0.0000
cameroon,0,0-15,50,0.0000
cameroon,1,15-20,50,0.0000
cameroon,2,20-25,50,10.2402
cameroon,3,25-30,50,61.4410
cameroon,4,30-35,50,286.7247
cameroon,5,35-40,50,368.6462
cameroon,6,40-45,50,358.4060
cameroon,7,45-50,50,440.3274
cameroon,8,50-55,50,343.0458
cameroon,9,55-60,50,209.9231
cameroon,10,60-65,50,184.3223
cameroon,11,65-70,50,143.3616
cameroon,12,70-75,50,92.1610
cameroon,13,75-80,50,25.6003
cameroon,14,80-85,50,5.1201
cameroon,15,85+,50,5.1201
cameroon,0,0-15,51,0.0000
cameroon,1,15-20,51,0.0000
cameroon,2,20-25,51,15.3603
cameroon,3,25-30,51,92.1615
cameroon,4,30-35,51,245.7641
cameroon,5,35-40,51,409.6069
cameroon,6,40-45,51,501.7684
cameroon,7,45-50,51,409.6069
cameroon,8,50-55,51,373.7657
cameroon,9,55-60,51,266.2435
cameroon,10,60-65,51,189.4422
cameroon,11,65-70,51,128.0014
cameroon,12,70-75,51,56.3206
cameroon,13,75-80,51,46.0805
cameroon,14,80-85,51,20.4802
cameroon,15,85+,51,0.0000
cameroon,0,0-15,52,0.0000
cameroon,1,15-20,52,0.0000
cameroon,2,20-25,52,5.1201
cameroon,3,25-30,52,56.3209
cameroon,4,30-35,52,240.6439
cameroon,5,35-40,52,332.8056
cameroon,6,40-45,52,435.2073
cameroon,7,45-50,52,532.4890
cameroon,8,50-55,52,378.8857
cameroon,9,55-60,52,291.8439
cameroon,10,60-65,52,199.6825
cameroon,11,65-70,52,174.0820
cameroon,12,70-75,52,81.9209
cameroon,13,75-80,52,61.4407
cameroon,14,80-85,52,0.0000
cameroon,15,85+,52,10.2401
cameroon,0,0-15,53,0.0000
cameroon,1,15-20,53,0.0000
cameroon,2,20-25,53,10.2402
cameroon,3,25-30,53,76.8013
cameroon,4,30-35,53,220.1636
cameroon,5,35-40,53,337.9257
cameroon,6,40-45,53,394.2466
cameroon,7,45-50,53,312.3253
cameroon,8,50-55,53,424.9671
cameroon,9,55-60,53,327.6849
cameroon,10,60-65,53,189.4423
cameroon,11,65-70,53,184.3222
cameroon,12,70-75,53,46.0805
cameroon,13,75-80,53,20.4802
cameroon,14,80-85,53,15.3602
cameroon,15,85+,53,0.0000
cameroon,0,0-15,54,0.0000
cameroon,1,15-20,54,0.0000
cameroon,2,20-25,54,10.2402
cameroon,3,25-30,54,76.8013
cameroon,4,30-35,54,220.1636
cameroon,5,35-40,54,337.9257
cameroon,6,40-45,54,394.2466
cameroon,7,45-50,54,312.3253
cameroon,8,50-55,54,424.9671
cameroon,9,55-60,54,327.6849
cameroon,10,60-65,54,189.4423
cameroon,11,65-70,54,184.3222
cameroon,12,70-75,54,46.0805
cameroon,13,75-80,54,20.4802
cameroon,14,80-85,54,15.3602
cameroon,15,85+,54,0.0000
cameroon,0,0-15,55,0.0000
cameroon,1,15-20,55,0.0000
cameroon,2,20-25,55,10.2402
cameroon,3,25-30,55,102.4017
cameroon,4,30-35,55,209.9234
cameroon,5,35-40,55,358.4061
cameroon,6,40-45,55,384.0065
cameroon,7,45-50,55,394.2467
cameroon,8,50-55,55,281.6048
cameroon,9,55-60,55,337.9255
cameroon,10,60-65,55,117.7614
cameroon,11,65-70,55,97.2811
cameroon,12,70-75,55,51.2006
cameroon,13,75-80,55,25.6003
cameroon,14,80-85,55,20.4802
cameroon,15,85+,55,5.1201
cameroon,0,0-15,56,0.0000
cameroon,1,15-20,56,5.1201
cameroon,2,20-25,56,0.0000
cameroon,3,25-30,56,61.4410
cameroon,4,30-35,56,189.4431
cameroon,5,35-40,56,363.5261
cameroon,6,40-45,56,435.2073
cameroon,7,45-50,56,414.7270
cameroon,8,50-55,56,384.0061
cameroon,9,55-60,56,332.8047
cameroon,10,60-65,56,199.6826
cameroon,11,65-70,56,107.5212
cameroon,12,70-75,56,81.9209
cameroon,13,75-80,56,30.7203
cameroon,14,80-85,56,0.0000
cameroon,15,85+,56,5.1201
cameroon,0,0-15,57,0.0000
cameroon,1,15-20,57,0.0000
cameroon,2,20-25,57,15.3603
cameroon,3,25-30,57,35.8406
cameroon,4,30-35,57,230.4038
cameroon,5,35-40,57,343.0458
cameroon,6,40-45,57,327.6855
cameroon,7,45-50,57,419.8471
cameroon,8,50-55,57,302.0848
cameroon,9,55-60,57,266.2441
cameroon,10,60-65,57,158.7224
cameroon,11,65-70,57,133.1220
cameroon,12,70-75,57,71.6808
cameroon,13,75-80,57,20.4802
cameroon,14,80-85,57,20.4802
cameroon,15,85+,57,0.0000
cameroon,0,0-15,58,0.0000
cameroon,1,15-20,58,0.0000
cameroon,2,20-25,58,25.6004
cameroon,3,25-30,58,122.8820
cameroon,4,30-35,58,138.2423
cameroon,5,35-40,58,337.9257
cameroon,6,40-45,58,409.6069
cameroon,7,45-50,58,322.5654
cameroon,8,50-55,58,358.4061
cameroon,9,55-60,58,281.6046
cameroon,10,60-65,58,143.3618
cameroon,11,65-70,58,97.2813
cameroon,12,70-75,58,46.0805
cameroon,13,75-80,58,51.2006
cameroon,14,80-85,58,5.1201
cameroon,15,85+,58,0.0000
cameroon,0,0-15,59,0.0000
cameroon,1,15-20,59,0.0000
cameroon,2,20-25,59,25.6004
cameroon,3,25-30,59,138.2422
cameroon,4,30-35,59,276.4846
cameroon,5,35-40,59,435.2074
cameroon,6,40-45,59,455.6877
cameroon,7,45-50,59,368.6462
cameroon,8,50-55,59,368.6459
cameroon,9,55-60,59,286.7234
cameroon,10,60-65,59,174.0819
cameroon,11,65-70,59,117.7613
cameroon,12,70-75,59,61.4407
cameroon,13,75-80,59,15.3602
cameroon,14,80-85,59,15.3602
cameroon,15,85+,59,5.1201
cameroon,0,0-15,60,0.0000
cameroon,1,15-20,60,0.0000
cameroon,2,20-25,60,25.6004
cameroon,3,25-30,60,138.2422
cameroon,4,30-35,60,276.4846
cameroon,5,35-40,60,435.2074
cameroon,6,40-45,60,455.6877
cameroon,7,45-50,60,368.6462
cameroon,8,50-55,60,368.6459
cameroon,9,55-60,60,286.7234
cameroon,10,60-65,60,174.0819
cameroon,11,65-70,60,117.7613
cameroon,12,70-75,60,61.4407
cameroon,13,75-80,60,15.3602
cameroon,14,80-85,60,15.3602
cameroon,15,85+,60,5.1201
cameroon,0,0-15,61,0.0000
cameroon,1,15-20,61,0.0000
cameroon,2,20-25,61,20.4803
cameroon,3,25-30,61,102.4017
cameroon,4,30-35,61,230.4038
cameroon,5,35-40,61,348.1659
cameroon,6,40-45,61,363.5261
cameroon,7,45-50,61,384.0065
cameroon,8,50-55,61,471.0478
cameroon,9,55-60,61,276.4840
cameroon,10,60-65,61,194.5621
cameroon,11,65-70,61,81.9209
cameroon,12,70-75,61,40.9604
cameroon,13,75-80,61,25.6003
cameroon,14,80-85,61,10.2401
cameroon,15,85+,61,5.1201
cameroon,0,0-15,62,0.0000
cameroon,1,15-20,62,0.0000
cameroon,2,20-25,62,20.4803
cameroon,3,25-30,62,102.4017
cameroon,4,30-35,62,230.4038
cameroon,5,35-40,62,348.1659
cameroon,6,40-45,62,363.5261
cameroon,7,45-50,62,384.0065
cameroon,8,50-55,62,471.0478
cameroon,9,55-60,62,276.4840
cameroon,10,60-65,62,194.5621
cameroon,11,65-70,62,81.9209
cameroon,12,70-75,62,40.9604
cameroon,13,75-80,62,25.6003
cameroon,14,80-85,62,10.2401
cameroon,15,85+,62,5.1201
cameroon,0,0-15,63,0.0000
cameroon,1,15-20,63,0.0000
cameroon,2,20-25,63,20.4803
cameroon,3,25-30,63,102.4017
cameroon,4,30-35,63,230.4038
cameroon,5,35-40,63,348.1659
cameroon,6,40-45,63,363.5261
cameroon,7,45-50,63,384.0065
cameroon,8,50-55,63,471.0478
cameroon,9,55-60,63,276.4840
cameroon,10,60-65,63,194.5621
cameroon,11,65-70,63,81.9209
cameroon,12,70-75,63,40.9604
cameroon,13,75-80,63,25.6003
cameroon,14,80-85,63,10.2401
cameroon,15,85+,63,5.1201
cameroon,0,0-15,64,0.0000
cameroon,1,15-20,64,0.0000
cameroon,2,20-25,64,5.1201
cameroon,3,25-30,64,102.4017
cameroon,4,30-35,64,204.8034
cameroon,5,35-40,64,276.4847
cameroon,6,40-45,64,440.3274
cameroon,7,45-50,64,476.1680
cameroon,8,50-55,64,348.1658
cameroon,9,55-60,64,302.0843
cameroon,10,60-65,64,189.4423
cameroon,11,65-70,64,148.4816
cameroon,12,70-75,64,56.3206
cameroon,13,75-80,64,30.7203
cameroon,14,80-85,64,0.0000
cameroon,15,85+,64,0.0000
cameroon,0,0-15,65,0.0000
cameroon,1,15-20,65,0.0000
cameroon,2,20-25,65,0.0000
cameroon,3,25-30,65,51.2008
cameroon,4,30-35,65,240.6439
cameroon,5,35-40,65,276.4847
cameroon,6,40-45,65,343.0458
cameroon,7,45-50,65,358.4060
cameroon,8,50-55,65,363.5262
cameroon,9,55-60,65,204.8035
cameroon,10,60-65,65,240.6437
cameroon,11,65-70,65,184.3222
cameroon,12,70-75,65,61.4407
cameroon,13,75-80,65,25.6003
cameroon,14,80-85,65,5.1201
cameroon,15,85+,65,10.2401
cameroon,0,0-15,66,0.0000
cameroon,1,15-20,66,0.0000
cameroon,2,20-25,66,5.1201
cameroon,3,25-30,66,66.5611
cameroon,4,30-35,66,256.0042
cameroon,5,35-40,66,332.8056
cameroon,6,40-45,66,312.3253
cameroon,7,45-50,66,322.5654
cameroon,8,50-55,66,430.0870
cameroon,9,55-60,66,281.6044
cameroon,10,60-65,66,194.5629
cameroon,11,65-70,66,138.2416
cameroon,12,70-75,66,71.6808
cameroon,13,75-80,66,71.6808
cameroon,14,80-85,66,15.3602
cameroon,15,85+,66,0.0000
cameroon,0,0-15,67,0.0000
cameroon,1,15-20,67,0.0000
cameroon,2,20-25,67,15.3603
cameroon,3,25-30,67,102.4017
cameroon,4,30-35,67,245.7641
cameroon,5,35-40,67,327.6855
cameroon,6,40-45,67,399.3667
cameroon,7,45-50,67,512.0087
cameroon,8,50-55,67,302.0851
cameroon,9,55-60,67,302.0842
cameroon,10,60-65,67,250.8828
cameroon,11,65-70,67,87.0410
cameroon,12,70-75,67,56.3206
cameroon,13,75-80,67,25.6003
cameroon,14,80-85,67,0.0000
cameroon,15,85+,67,0.0000
cameroon,0,0-15,68,0.0000
cameroon,1,15-20,68,5.1201
cameroon,2,20-25,68,5.1201
cameroon,3,25-30,68,107.5218
cameroon,4,30-35,68,174.0828
cameroon,5,35-40,68,348.1659
cameroon,6,40-45,68,455.6877
cameroon,7,45-50,68,450.5676
cameroon,8,50-55,68,363.5262
cameroon,9,55-60,68,343.0446
cameroon,10,60-65,68,230.4025
cameroon,11,65-70,68,112.6412
cameroon,12,70-75,68,46.0805
cameroon,13,75-80,68,25.6003
cameroon,14,80-85,68,10.2401
cameroon,15,85+,68,0.0000
cameroon,0,0-15,69,0.0000
cameroon,1,15-20,69,0.0000
cameroon,2,20-25,69,25.6004
cameroon,3,25-30,69,97.2816
cameroon,4,30-35,69,225.2837
cameroon,5,35-40,69,343.0458
cameroon,6,40-45,69,512.0086
cameroon,7,45-50,69,373.7663
cameroon,8,50-55,69,327.6855
cameroon,9,55-60,69,332.8045
cameroon,10,60-65,69,199.6822
cameroon,11,65-70,69,112.6412
cameroon,12,70-75,69,61.4407
cameroon,13,75-80,69,25.6003
cameroon,14,80-85,69,5.1201
cameroon,15,85+,69,0.0000
cameroon,0,0-15,70,0.0000
cameroon,1,15-20,70,0.0000
cameroon,2,20-25,70,15.3603
cameroon,3,25-30,70,102.4017
cameroon,4,30-35,70,256.0042
cameroon,5,35-40,70,378.8864
cameroon,6,40-45,70,266.2445
cameroon,7,45-50,70,353.2859
cameroon,8,50-55,70,363.5262
cameroon,9,55-60,70,235.5240
cameroon,10,60-65,70,117.7617
cameroon,11,65-70,70,153.6018
cameroon,12,70-75,70,76.8008
cameroon,13,75-80,70,40.9604
cameroon,14,80-85,70,30.7203
cameroon,15,85+,70,0.0000
cameroon,0,0-15,71,0.0000
cameroon,1,15-20,71,0.0000
cameroon,2,20-25,71,15.3603
cameroon,3,25-30,71,97.2816
cameroon,4,30-35,71,133.1222
cameroon,5,35-40,71,399.3667
cameroon,6,40-45,71,404.4868
cameroon,7,45-50,71,414.7270
cameroon,8,50-55,71,332.8056
cameroon,9,55-60,71,225.2832
cameroon,10,60-65,71,168.9622
cameroon,11,65-70,71,163.8420
cameroon,12,70-75,71,51.2006
cameroon,13,75-80,71,25.6003
cameroon,14,80-85,71,10.2401
cameroon,15,85+,71,0.0000
cameroon,0,0-15,72,0.0000
cameroon,1,15-20,72,0.0000
cameroon,2,20-25,72,20.4803
cameroon,3,25-30,72,102.4017
cameroon,4,30-35,72,189.4431
cameroon,5,35-40,72,378.8864
cameroon,6,40-45,72,471.0479
cameroon,7,45-50,72,414.7270
cameroon,8,50-55,72,322.5652
cameroon,9,55-60,72,230.4035
cameroon,10,60-65,72,143.3618
cameroon,11,65-70,72,158.7217
cameroon,12,70-75,72,87.0410
cameroon,13,75-80,72,25.6003
cameroon,14,80-85,72,10.2401
cameroon,15,85+,72,0.0000
cameroon,0,0-15,73,0.0000
cameroon,1,15-20,73,0.0000
cameroon,2,20-25,73,5.1201
cameroon,3,25-30,73,51.2008
cameroon,4,30-35,73,158.7226
cameroon,5,35-40,73,384.0065
cameroon,6,40-45,73,373.7663
cameroon,7,45-50,73,404.4868
cameroon,8,50-55,73,312.3253
cameroon,9,55-60,73,343.0456
cameroon,10,60-65,73,225.2827
cameroon,11,65-70,73,112.6413
cameroon,12,70-75,73,56.3206
cameroon,13,75-80,73,40.9604
cameroon,14,80-85,73,5.1201
cameroon,15,85+,73,0.0000
cameroon,0,0-15,74,0.0000
cameroon,1,15-20,74,0.0000
cameroon,2,20-25,74,5.1201
cameroon,3,25-30,74,81.9213
cameroon,4,30-35,74,199.6833
cameroon,5,35-40,74,317.4454
cameroon,6,40-45,74,358.4061
cameroon,7,45-50,74,465.9278
cameroon,8,50-55,74,358.4060
cameroon,9,55-60,74,261.1240
cameroon,10,60-65,74,143.3619
cameroon,11,65-70,74,117.7614
cameroon,12,70-75,74,61.4407
cameroon,13,75-80,74,40.9604
cameroon,14,80-85,74,10.2401
cameroon,15,85+,74,0.0000
cameroon,0,0-15,75,0.0000
cameroon,1,15-20,75,0.0000
cameroon,2,20-25,75,5.1201
cameroon,3,25-30,75,20.4803
cameroon,4,30-35,75,168.9627
cameroon,5,35-40,75,399.3667
cameroon,6,40-45,75,378.8864
cameroon,7,45-50,75,368.6462
cameroon,8,50-55,75,296.9650
cameroon,9,55-60,75,261.1243
cameroon,10,60-65,75,215.0431
cameroon,11,65-70,75,143.3619
cameroon,12,70-75,75,56.3206
cameroon,13,75-80,75,35.8404
cameroon,14,80-85,75,15.3602
cameroon,15,85+,75,5.1201
cameroon,0,0-15,76,0.0000
cameroon,1,15-20,76,0.0000
cameroon,2,20-25,76,10.2402
cameroon,3,25-30,76,97.2816
cameroon,4,30-35,76,256.0042
cameroon,5,35-40,76,291.8449
cameroon,6,40-45,76,455.6877
cameroon,7,45-50,76,481.2881
cameroon,8,50-55,76,348.1657
cameroon,9,55-60,76,291.8440
cameroon,10,60-65,76,112.6413
cameroon,11,65-70,76,148.4816
cameroon,12,70-75,76,76.8008
cameroon,13,75-80,76,25.6003
cameroon,14,80-85,76,10.2401
cameroon,15,85+,76,0.0000
cameroon,0,0-15,77,0.0000
cameroon,1,15-20,77,0.0000
cameroon,2,20-25,77,15.3603
cameroon,3,25-30,77,51.2008
cameroon,4,30-35,77,163.8427
cameroon,5,35-40,77,327.6855
cameroon,6,40-45,77,312.3253
cameroon,7,45-50,77,384.0065
cameroon,8,50-55,77,343.0458
cameroon,9,55-60,77,235.5238
cameroon,10,60-65,77,230.4036
cameroon,11,65-70,77,128.0018
cameroon,12,70-75,77,56.3206
cameroon,13,75-80,77,20.4802
cameroon,14,80-85,77,5.1201
cameroon,15,85+,77,0.0000
cameroon,0,0-15,78,0.0000
cameroon,1,15-20,78,0.0000
cameroon,2,20-25,78,25.6004
cameroon,3,25-30,78,76.8013
cameroon,4,30-35,78,163.8427
cameroon,5,35-40,78,296.9650
cameroon,6,40-45,78,409.6069
cameroon,7,45-50,78,378.8864
cameroon,8,50-55,78,373.7663
cameroon,9,55-60,78,363.5257
cameroon,10,60-65,78,225.2827
cameroon,11,65-70,78,92.1610
cameroon,12,70-75,78,61.4407
cameroon,13,75-80,78,40.9604
cameroon,14,80-85,78,15.3602
cameroon,15,85+,78,10.2401
cameroon,0,0-15,79,0.0000
cameroon,1,15-20,79,0.0000
cameroon,2,20-25,79,20.4803
cameroon,3,25-30,79,76.8012
cameroon,4,30-35,79,179.2029
cameroon,5,35-40,79,240.6441
cameroon,6,40-45,79,414.7270
cameroon,7,45-50,79,440.3274
cameroon,8,50-55,79,348.1659
cameroon,9,55-60,79,296.9650
cameroon,10,60-65,79,215.0426
cameroon,11,65-70,79,61.4407
cameroon,12,70-75,79,87.0410
cameroon,13,75-80,79,35.8404
cameroon,14,80-85,79,25.6003
cameroon,15,85+,79,5.1201
cameroon,0,0-15,80,0.0000
cameroon,1,15-20,80,0.0000
cameroon,2,20-25,80,10.2402
cameroon,3,25-30,80,112.6418
cameroon,4,30-35,80,225.2837
cameroon,5,35-40,80,532.4890
cameroon,6,40-45,80,455.6877
cameroon,7,45-50,80,389.1266
cameroon,8,50-55,80,363.5255
cameroon,9,55-60,80,271.3633
cameroon,10,60-65,80,189.4421
cameroon,11,65-70,80,158.7217
cameroon,12,70-75,80,46.0805
cameroon,13,75-80,80,51.2006
cameroon,14,80-85,80,5.1201
cameroon,15,85+,80,5.1201
cameroon,0,0-15,81,0.0000
cameroon,1,15-20,81,5.1201
cameroon,2,20-25,81,5.1201
cameroon,3,25-30,81,81.9213
cameroon,4,30-35,81,194.5632
cameroon,5,35-40,81,332.8056
cameroon,6,40-45,81,424.9672
cameroon,7,45-50,81,435.2073
cameroon,8,50-55,81,435.2070
cameroon,9,55-60,81,291.8439
cameroon,10,60-65,81,138.2419
cameroon,11,65-70,81,189.4422
cameroon,12,70-75,81,87.0410
cameroon,13,75-80,81,35.8404
cameroon,14,80-85,81,10.2401
cameroon,15,85+,81,15.3602
cameroon,0,0-15,82,0.0000
cameroon,1,15-20,82,0.0000
cameroon,2,20-25,82,15.3603
cameroon,3,25-30,82,71.6812
cameroon,4,30-35,82,117.7619
cameroon,5,35-40,82,312.3252
cameroon,6,40-45,82,445.4475
cameroon,7,45-50,82,419.8471
cameroon,8,50-55,82,394.2467
cameroon,9,55-60,82,261.1241
cameroon,10,60-65,82,225.2829
cameroon,11,65-70,82,194.5621
cameroon,12,70-75,82,122.8813
cameroon,13,75-80,82,35.8404
cameroon,14,80-85,82,20.4802
cameroon,15,85+,82,5.1201
cameroon,0,0-15,83,0.0000
cameroon,1,15-20,83,0.0000
cameroon,2,20-25,83,10.2402
cameroon,3,25-30,83,92.1615
cameroon,4,30-35,83,225.2837
cameroon,5,35-40,83,394.2467
cameroon,6,40-45,83,409.6069
cameroon,7,45-50,83,471.0480
cameroon,8,50-55,83,373.7662
cameroon,9,55-60,83,256.0033
cameroon,10,60-65,83,122.8813
cameroon,11,65-70,83,128.0014
cameroon,12,70-75,83,51.2006
cameroon,13,75-80,83,25.6003
cameroon,14,80-85,83,25.6003
cameroon,15,85+,83,0.0000
cameroon,0,0-15,84,0.0000
cameroon,1,15-20,84,0.0000
cameroon,2,20-25,84,20.4803
cameroon,3,25-30,84,112.6418
cameroon,4,30-35,84,215.0435
cameroon,5,35-40,84,209.9236
cameroon,6,40-45,84,378.8864
cameroon,7,45-50,84,368.6462
cameroon,8,50-55,84,332.8056
cameroon,9,55-60,84,235.5240
cameroon,10,60-65,84,179.2029
cameroon,11,65-70,84,122.8815
cameroon,12,70-75,84,56.3206
cameroon,13,75-80,84,25.6003
cameroon,14,80-85,84,25.6003
cameroon,15,85+,84,5.1201
cameroon,0,0-15,85,0.0000
cameroon,1,15-20,85,0.0000
cameroon,2,20-25,85,0.0000
cameroon,3,25-30,85,87.0414
cameroon,4,30-35,85,148.4824
cameroon,5,35-40,85,378.8864
cameroon,6,40-45,85,404.4868
cameroon,7,45-50,85,389.1266
cameroon,8,50-55,85,424.9671
cameroon,9,55-60,85,337.9248
cameroon,10,60-65,85,194.5624
cameroon,11,65-70,85,133.1215
cameroon,12,70-75,85,46.0805
cameroon,13,75-80,85,30.7203
cameroon,14,80-85,85,10.2401
cameroon,15,85+,85,0.0000
cameroon,0,0-15,86,0.0000
cameroon,1,15-20,86,0.0000
cameroon,2,20-25,86,15.3603
cameroon,3,25-30,86,76.8013
cameroon,4,30-35,86,199.6833
cameroon,5,35-40,86,220.1637
cameroon,6,40-45,86,368.6462
cameroon,7,45-50,86,368.6462
cameroon,8,50-55,86,327.6855
cameroon,9,55-60,86,261.1242
cameroon,10,60-65,86,163.8426
cameroon,11,65-70,86,87.0413
cameroon,12,70-75,86,117.7615
cameroon,13,75-80,86,56.3207
cameroon,14,80-85,86,10.2401
cameroon,15,85+,86,5.1201
cameroon,0,0-15,87,0.0000
cameroon,1,15-20,87,0.0000
cameroon,2,20-25,87,40.9607
cameroon,3,25-30,87,71.6812
cameroon,4,30-35,87,230.4038
cameroon,5,35-40,87,430.0873
cameroon,6,40-45,87,414.7270
cameroon,7,45-50,87,460.8078
cameroon,8,50-55,87,332.8053
cameroon,9,55-60,87,337.9244
cameroon,10,60-65,87,240.6427
cameroon,11,65-70,87,133.1215
cameroon,12,70-75,87,81.9209
cameroon,13,75-80,87,30.7203
cameroon,14,80-85,87,15.3602
cameroon,15,85+,87,5.1201
cameroon,0,0-15,88,0.0000
cameroon,1,15-20,88,0.0000
cameroon,2,20-25,88,10.2402
cameroon,3,25-30,88,112.6418
cameroon,4,30-35,88,158.7226
cameroon,5,35-40,88,327.6855
cameroon,6,40-45,88,353.2860
cameroon,7,45-50,88,363.5261
cameroon,8,50-55,88,332.8056
cameroon,9,55-60,88,209.9236
cameroon,10,60-65,88,174.0826
cameroon,11,65-70,88,107.5215
cameroon,12,70-75,88,61.4407
cameroon,13,75-80,88,30.7203
cameroon,14,80-85,88,15.3602
cameroon,15,85+,88,5.1201
cameroon,0,0-15,89,0.0000
cameroon,1,15-20,89,0.0000
cameroon,2,20-25,89,0.0000
cameroon,3,25-30,89,107.5218
cameroon,4,30-35,89,168.9628
cameroon,5,35-40,89,271.3646
cameroon,6,40-45,89,368.6462
cameroon,7,45-50,89,450.5676
cameroon,8,50-55,89,317.4454
cameroon,9,55-60,89,266.2445
cameroon,10,60-65,89,204.8028
cameroon,11,65-70,89,102.4011
cameroon,12,70-75,89,76.8009
cameroon,13,75-80,89,25.6003
cameroon,14,80-85,89,10.2401
cameroon,15,85+,89,10.2401
cameroon,0,0-15,90,0.0000
cameroon,1,15-20,90,0.0000
cameroon,2,20-25,90,15.3603
cameroon,3,25-30,90,66.5611
cameroon,4,30-35,90,184.3230
cameroon,5,35-40,90,307.2052
cameroon,6,40-45,90,409.6069
cameroon,7,45-50,90,363.5261
cameroon,8,50-55,90,399.3668
cameroon,9,55-60,90,327.6852
cameroon,10,60-65,90,163.8420
cameroon,11,65-70,90,122.8813
cameroon,12,70-75,90,66.5607
cameroon,13,75-80,90,15.3602
cameroon,14,80-85,90,15.3602
cameroon,15,85+,90,0.0000
cameroon,0,0-15,91,0.0000
cameroon,1,15-20,91,0.0000
cameroon,2,20-25,91,30.7205
cameroon,3,25-30,91,61.4410
cameroon,4,30-35,91,215.0435
cameroon,5,35-40,91,286.7248
cameroon,6,40-45,91,368.6462
cameroon,7,45-50,91,409.6069
cameroon,8,50-55,91,450.5676
cameroon,9,55-60,91,327.6846
cameroon,10,60-65,91,199.6823
cameroon,11,65-70,91,158.7219
cameroon,12,70-75,91,117.7613
cameroon,13,75-80,91,30.7203
cameroon,14,80-85,91,10.2401
cameroon,15,85+,91,0.0000
cameroon,0,0-15,92,0.0000
cameroon,1,15-20,92,0.0000
cameroon,2,20-25,92,5.1201
cameroon,3,25-30,92,92.1615
cameroon,4,30-35,92,168.9628
cameroon,5,35-40,92,373.7663
cameroon,6,40-45,92,455.6877
cameroon,7,45-50,92,435.2073
cameroon,8,50-55,92,312.3252
cameroon,9,55-60,92,250.8837
cameroon,10,60-65,92,189.4425
cameroon,11,65-70,92,107.5212
cameroon,12,70-75,92,66.5607
cameroon,13,75-80,92,46.0805
cameroon,14,80-85,92,0.0000
cameroon,15,85+,92,5.1201
cameroon,0,0-15,93,0.0000
cameroon,1,15-20,93,0.0000
cameroon,2,20-25,93,5.1201
cameroon,3,25-30,93,92.1615
cameroon,4,30-35,93,168.9628
cameroon,5,35-40,93,373.7663
cameroon,6,40-45,93,455.6877
cameroon,7,45-50,93,435.2073
cameroon,8,50-55,93,312.3252
cameroon,9,55-60,93,250.8837
cameroon,10,60-65,93,189.4425
cameroon,11,65-70,93,107.5212
cameroon,12,70-75,93,66.5607
cameroon,13,75-80,93,46.0805
cameroon,14,80-85,93,0.0000
cameroon,15,85+,93,5.1201
cameroon,0,0-15,94,0.0000
cameroon,1,15-20,94,0.0000
cameroon,2,20-25,94,25.6004
cameroon,3,25-30,94,112.6418
cameroon,4,30-35,94,225.2837
cameroon,5,35-40,94,307.2052
cameroon,6,40-45,94,424.9671
cameroon,7,45-50,94,491.5283
cameroon,8,50-55,94,414.7267
cameroon,9,55-60,94,337.9243
cameroon,10,60-65,94,215.0424
cameroon,11,65-70,94,158.7217
cameroon,12,70-75,94,117.7613
cameroon,13,75-80,94,10.2401
cameroon,14,80-85,94,10.2401
cameroon,15,85+,94,10.2401
cameroon,0,0-15,95,0.0000
cameroon,1,15-20,95,0.0000
cameroon,2,20-25,95,15.3603
cameroon,3,25-30,95,71.6812
cameroon,4,30-35,95,209.9234
cameroon,5,35-40,95,409.6069
cameroon,6,40-45,95,348.1658
cameroon,7,45-50,95,424.9672
cameroon,8,50-55,95,276.4847
cameroon,9,55-60,95,256.0041
cameroon,10,60-65,95,168.9621
cameroon,11,65-70,95,143.3618
cameroon,12,70-75,95,66.5607
cameroon,13,75-80,95,46.0805
cameroon,14,80-85,95,5.1201
cameroon,15,85+,95,0.0000
cameroon,0,0-15,96,0.0000
cameroon,1,15-20,96,0.0000
cameroon,2,20-25,96,10.2402
cameroon,3,25-30,96,81.9213
cameroon,4,30-35,96,153.6025
cameroon,5,35-40,96,271.3646
cameroon,6,40-45,96,409.6069
cameroon,7,45-50,96,465.9278
cameroon,8,50-55,96,409.6069
cameroon,9,55-60,96,286.7245
cameroon,10,60-65,96,220.1625
cameroon,11,65-70,96,112.6412
cameroon,12,70-75,96,92.1610
cameroon,13,75-80,96,51.2006
cameroon,14,80-85,96,15.3602
cameroon,15,85+,96,10.2401
cameroon,0,0-15,97,0.0000
cameroon,1,15-20,97,0.0000
cameroon,2,20-25,97,10.2402
cameroon,3,25-30,97,117.7619
cameroon,4,30-35,97,174.0829
cameroon,5,35-40,97,291.8449
cameroon,6,40-45,97,353.2859
cameroon,7,45-50,97,399.3667
cameroon,8,50-55,97,307.2052
cameroon,9,55-60,97,291.8448
cameroon,10,60-65,97,128.0019
cameroon,11,65-70,97,122.8815
cameroon,12,70-75,97,51.2006
cameroon,13,75-80,97,15.3602
cameroon,14,80-85,97,5.1201
cameroon,15,85+,97,5.1201
cameroon,0,0-15,98,0.0000
cameroon,1,15-20,98,0.0000
cameroon,2,20-25,98,5.1201
cameroon,3,25-30,98,71.6812
cameroon,4,30-35,98,184.3230
cameroon,5,35-40,98,343.0458
cameroon,6,40-45,98,368.6462
cameroon,7,45-50,98,435.2073
cameroon,8,50-55,98,286.7249
cameroon,9,55-60,98,327.6853
cameroon,10,60-65,98,163.8422
cameroon,11,65-70,98,87.0410
cameroon,12,70-75,98,71.6808
cameroon,13,75-80,98,30.7203
cameroon,14,80-85,98,25.6003
cameroon,15,85+,98,0.0000
cameroon,0,0-15,99,0.0000
cameroon,1,15-20,99,0.0000
cameroon,2,20-25,99,15.3603
cameroon,3,25-30,99,81.9213
cameroon,4,30-35,99,256.0042
cameroon,5,35-40,99,317.4453
cameroon,6,40-45,99,430.0873
cameroon,7,45-50,99,409.6069
cameroon,8,50-55,99,542.7285
cameroon,9,55-60,99,296.9640
cameroon,10,60-65,99,209.9223
cameroon,11,65-70,99,122.8813
cameroon,12,70-75,99,92.1610
cameroon,13,75-80,99,46.0805
cameroon,14,80-85,99,15.3602
cameroon,15,85+,99,0.0000
cote divoire,0,0-15,0,0.0000
cote divoire,1,15-20,0,0.0000
cote divoire,2,20-25,0,0.0000
cote divoire,3,25-30,0,18.0409
cote divoire,4,30-35,0,50.5144
cote divoire,5,35-40,0,122.6778
cote divoire,6,40-45,0,165.9758
cote divoire,7,45-50,0,252.5719
cote divoire,8,50-55,0,248.9637
cote divoire,9,55-60,0,270.6132
cote divoire,10,60-65,0,245.3566
cote divoire,11,65-70,0,122.6783
cote divoire,12,70-75,0,68.5555
cote divoire,13,75-80,0,25.2573
cote divoire,14,80-85,0,3.6082
cote divoire,15,85+,0,7.2164
cote divoire,0,0-15,1,0.0000
cote divoire,1,15-20,1,0.0000
cote divoire,2,20-25,1,0.0000
cote divoire,3,25-30,1,18.0409
cote divoire,4,30-35,1,50.5144
cote divoire,5,35-40,1,122.6778
cote divoire,6,40-45,1,165.9758
cote divoire,7,45-50,1,252.5719
cote divoire,8,50-55,1,248.9637
cote divoire,9,55-60,1,270.6132
cote divoire,10,60-65,1,245.3566
cote divoire,11,65-70,1,122.6783
cote divoire,12,70-75,1,68.5555
cote divoire,13,75-80,1,25.2573
cote divoire,14,80-85,1,3.6082
cote divoire,15,85+,1,7.2164
cote divoire,0,0-15,2,0.0000
cote divoire,1,15-20,2,0.0000
cote divoire,2,20-25,2,0.0000
cote divoire,3,25-30,2,18.0409
cote divoire,4,30-35,2,50.5144
cote divoire,5,35-40,2,122.6778
cote divoire,6,40-45,2,165.9758
cote divoire,7,45-50,2,252.5719
cote divoire,8,50-55,2,248.9637
cote divoire,9,55-60,2,270.6132
cote divoire,10,60-65,2,245.3566
cote divoire,11,65-70,2,122.6783
cote divoire,12,70-75,2,68.5555
cote divoire,13,75-80,2,25.2573
cote divoire,14,80-85,2,3.6082
cote divoire,15,85+,2,7.2164
cote divoire,0,0-15,3,0.0000
cote divoire,1,15-20,3,0.0000
cote divoire,2,20-25,3,0.0000
cote divoire,3,25-30,3,18.0409
cote divoire,4,30-35,3,50.5144
cote divoire,5,35-40,3,122.6778
cote divoire,6,40-45,3,165.9758
cote divoire,7,45-50,3,252.5719
cote divoire,8,50-55,3,248.9637
cote divoire,9,55-60,3,270.6132
cote divoire,10,60-65,3,245.3566
cote divoire,11,65-70,3,122.6783
cote divoire,12,70-75,3,68.5555
cote divoire,13,75-80,3,25.2573
cote divoire,14,80-85,3,3.6082
cote divoire,15,85+,3,7.2164
cote divoire,0,0-15,4,0.0000
cote divoire,1,15-20,4,0.0000
cote divoire,2,20-25,4,0.0000
cote divoire,3,25-30,4,18.0409
cote divoire,4,30-35,4,50.5144
cote divoire,5,35-40,4,122.6778
cote divoire,6,40-45,4,165.9758
cote divoire,7,45-50,4,252.5719
cote divoire,8,50-55,4,248.9637
cote divoire,9,55-60,4,270.6132
cote divoire,10,60-65,4,245.3566
cote divoire,11,65-70,4,122.6783
cote divoire,12,70-75,4,68.5555
cote divoire,13,75-80,4,25.2573
cote divoire,14,80-85,4,3.6082
cote divoire,15,85+,4,7.2164
cote divoire,0,0-15,5,0.0000
cote divoire,1,15-20,5,0.0000
cote divoire,2,20-25,5,3.6082
cote divoire,3,25-30,5,14.4327
cote divoire,4,30-35,5,36.0817
cote divoire,5,35-40,5,155.1513
cote divoire,6,40-45,5,216.4902
cote divoire,7,45-50,5,248.9637
cote divoire,8,50-55,5,306.6945
cote divoire,9,55-60,5,263.3972
cote divoire,10,60-65,5,285.0466
cote divoire,11,65-70,5,97.4210
cote divoire,12,70-75,5,46.9064
cote divoire,13,75-80,5,25.2573
cote divoire,14,80-85,5,7.2164
cote divoire,15,85+,5,7.2164
cote divoire,0,0-15,6,0.0000
cote divoire,1,15-20,6,0.0000
cote divoire,2,20-25,6,3.6082
cote divoire,3,25-30,6,14.4327
cote divoire,4,30-35,6,36.0817
cote divoire,5,35-40,6,155.1513
cote divoire,6,40-45,6,216.4902
cote divoire,7,45-50,6,248.9637
cote divoire,8,50-55,6,306.6945
cote divoire,9,55-60,6,263.3972
cote divoire,10,60-65,6,285.0466
cote divoire,11,65-70,6,97.4210
cote divoire,12,70-75,6,46.9064
cote divoire,13,75-80,6,25.2573
cote divoire,14,80-85,6,7.2164
cote divoire,15,85+,6,7.2164
cote divoire,0,0-15,7,0.0000
cote divoire,1,15-20,7,0.0000
cote divoire,2,20-25,7,0.0000
cote divoire,3,25-30,7,14.4327
cote divoire,4,30-35,7,82.9879
cote divoire,5,35-40,7,158.7595
cote divoire,6,40-45,7,184.0166
cote divoire,7,45-50,7,285.0454
cote divoire,8,50-55,7,310.3027
cote divoire,9,55-60,7,349.9939
cote divoire,10,60-65,7,248.9648
cote divoire,11,65-70,7,122.6783
cote divoire,12,70-75,7,75.7719
cote divoire,13,75-80,7,32.4736
cote divoire,14,80-85,7,18.0409
cote divoire,15,85+,7,0.0000
cote divoire,0,0-15,8,0.0000
cote divoire,1,15-20,8,0.0000
cote divoire,2,20-25,8,0.0000
cote divoire,3,25-30,8,14.4327
cote divoire,4,30-35,8,82.9879
cote divoire,5,35-40,8,158.7595
cote divoire,6,40-45,8,184.0166
cote divoire,7,45-50,8,285.0454
cote divoire,8,50-55,8,310.3027
cote divoire,9,55-60,8,349.9939
cote divoire,10,60-65,8,248.9648
cote divoire,11,65-70,8,122.6783
cote divoire,12,70-75,8,75.7719
cote divoire,13,75-80,8,32.4736
cote divoire,14,80-85,8,18.0409
cote divoire,15,85+,8,0.0000
cote divoire,0,0-15,9,0.0000
cote divoire,1,15-20,9,0.0000
cote divoire,2,20-25,9,0.0000
cote divoire,3,25-30,9,14.4327
cote divoire,4,30-35,9,82.9879
cote divoire,5,35-40,9,158.7595
cote divoire,6,40-45,9,184.0166
cote divoire,7,45-50,9,285.0454
cote divoire,8,50-55,9,310.3027
cote divoire,9,55-60,9,349.9939
cote divoire,10,60-65,9,248.9648
cote divoire,11,65-70,9,122.6783
cote divoire,12,70-75,9,75.7719
cote divoire,13,75-80,9,32.4736
cote divoire,14,80-85,9,18.0409
cote divoire,15,85+,9,0.0000
cote divoire,0,0-15,10,0.0000
cote divoire,1,15-20,10,0.0000
cote divoire,2,20-25,10,3.6082
cote divoire,3,25-30,10,14.4327
cote divoire,4,30-35,10,72.1634
cote divoire,5,35-40,10,68.5552
cote divoire,6,40-45,10,238.1392
cote divoire,7,45-50,10,335.5598
cote divoire,8,50-55,10,292.2619
cote divoire,9,55-60,10,306.6955
cote divoire,10,60-65,10,230.9238
cote divoire,11,65-70,10,158.7601
cote divoire,12,70-75,10,43.2982
cote divoire,13,75-80,10,32.4737
cote divoire,14,80-85,10,36.0818
cote divoire,15,85+,10,10.8246
cote divoire,0,0-15,11,0.0000
cote divoire,1,15-20,11,0.0000
cote divoire,2,20-25,11,3.6082
cote divoire,3,25-30,11,25.2572
cote divoire,4,30-35,11,57.7307
cote divoire,5,35-40,11,155.1513
cote divoire,6,40-45,11,198.4493
cote divoire,7,45-50,11,248.9637
cote divoire,8,50-55,11,324.7353
cote divoire,9,55-60,11,281.4383
cote divoire,10,60-65,11,209.2747
cote divoire,11,65-70,11,133.5028
cote divoire,12,70-75,11,43.2982
cote divoire,13,75-80,11,21.6491
cote divoire,14,80-85,11,25.2573
cote divoire,15,85+,11,0.0000
cote divoire,0,0-15,12,0.0000
cote divoire,1,15-20,12,0.0000
cote divoire,2,20-25,12,3.6082
cote divoire,3,25-30,12,25.2572
cote divoire,4,30-35,12,36.0817
cote divoire,5,35-40,12,144.3268
cote divoire,6,40-45,12,256.1800
cote divoire,7,45-50,12,306.6944
cote divoire,8,50-55,12,295.8704
cote divoire,9,55-60,12,295.8709
cote divoire,10,60-65,12,209.2747
cote divoire,11,65-70,12,162.3681
cote divoire,12,70-75,12,82.9881
cote divoire,13,75-80,12,21.6491
cote divoire,14,80-85,12,7.2163
cote divoire,15,85+,12,3.6082
cote divoire,0,0-15,13,0.0000
cote divoire,1,15-20,13,0.0000
cote divoire,2,20-25,13,0.0000
cote divoire,3,25-30,13,21.6490
cote divoire,4,30-35,13,46.9062
cote divoire,5,35-40,13,162.3677
cote divoire,6,40-45,13,310.3026
cote divoire,7,45-50,13,277.8291
cote divoire,8,50-55,13,310.3031
cote divoire,9,55-60,13,295.8711
cote divoire,10,60-65,13,277.8300
cote divoire,11,65-70,13,111.8535
cote divoire,12,70-75,13,68.5555
cote divoire,13,75-80,13,43.2981
cote divoire,14,80-85,13,7.2164
cote divoire,15,85+,13,7.2164
cote divoire,0,0-15,14,0.0000
cote divoire,1,15-20,14,0.0000
cote divoire,2,20-25,14,3.6082
cote divoire,3,25-30,14,14.4327
cote divoire,4,30-35,14,61.3389
cote divoire,5,35-40,14,104.6369
cote divoire,6,40-45,14,194.8412
cote divoire,7,45-50,14,285.0454
cote divoire,8,50-55,14,274.2211
cote divoire,9,55-60,14,288.6542
cote divoire,10,60-65,14,165.9765
cote divoire,11,65-70,14,129.8947
cote divoire,12,70-75,14,57.7310
cote divoire,13,75-80,14,25.2573
cote divoire,14,80-85,14,10.8246
cote divoire,15,85+,14,3.6082
cote divoire,0,0-15,15,0.0000
cote divoire,1,15-20,15,0.0000
cote divoire,2,20-25,15,3.6082
cote divoire,3,25-30,15,7.2163
cote divoire,4,30-35,15,28.8654
cote divoire,5,35-40,15,101.0288
cote divoire,6,40-45,15,209.2738
cote divoire,7,45-50,15,313.9108
cote divoire,8,50-55,15,324.7354
cote divoire,9,55-60,15,277.8299
cote divoire,10,60-65,15,230.9238
cote divoire,11,65-70,15,119.0701
cote divoire,12,70-75,15,57.7310
cote divoire,13,75-80,15,50.5146
cote divoire,14,80-85,15,14.4327
cote divoire,15,85+,15,10.8246
cote divoire,0,0-15,16,0.0000
cote divoire,1,15-20,16,0.0000
cote divoire,2,20-25,16,3.6082
cote divoire,3,25-30,16,14.4327
cote divoire,4,30-35,16,82.9879
cote divoire,5,35-40,16,108.2451
cote divoire,6,40-45,16,270.6127
cote divoire,7,45-50,16,238.1392
cote divoire,8,50-55,16,274.2212
cote divoire,9,55-60,16,277.8298
cote divoire,10,60-65,16,245.3566
cote divoire,11,65-70,16,115.4619
cote divoire,12,70-75,16,39.6900
cote divoire,13,75-80,16,25.2573
cote divoire,14,80-85,16,7.2164
cote divoire,15,85+,16,3.6082
cote divoire,0,0-15,17,0.0000
cote divoire,1,15-20,17,0.0000
cote divoire,2,20-25,17,3.6082
cote divoire,3,25-30,17,14.4327
cote divoire,4,30-35,17,82.9879
cote divoire,5,35-40,17,108.2451
cote divoire,6,40-45,17,270.6127
cote divoire,7,45-50,17,238.1392
cote divoire,8,50-55,17,274.2212
cote divoire,9,55-60,17,277.8298
cote divoire,10,60-65,17,245.3566
cote divoire,11,65-70,17,115.4619
cote divoire,12,70-75,17,39.6900
cote divoire,13,75-80,17,25.2573
cote divoire,14,80-85,17,7.2164
cote divoire,15,85+,17,3.6082
cote divoire,0,0-15,18,0.0000
cote divoire,1,15-20,18,0.0000
cote divoire,2,20-25,18,3.6082
cote divoire,3,25-30,18,14.4327
cote divoire,4,30-35,18,82.9879
cote divoire,5,35-40,18,108.2451
cote divoire,6,40-45,18,270.6127
cote divoire,7,45-50,18,238.1392
cote divoire,8,50-55,18,274.2212
cote divoire,9,55-60,18,277.8298
cote divoire,10,60-65,18,245.3566
cote divoire,11,65-70,18,115.4619
cote divoire,12,70-75,18,39.6900
cote divoire,13,75-80,18,25.2573
cote divoire,14,80-85,18,7.2164
cote divoire,15,85+,18,3.6082
cote divoire,0,0-15,19,0.0000
cote divoire,1,15-20,19,0.0000
cote divoire,2,20-25,19,0.0000
cote divoire,3,25-30,19,21.6490
cote divoire,4,30-35,19,39.6899
cote divoire,5,35-40,19,93.8124
cote divoire,6,40-45,19,173.1922
cote divoire,7,45-50,19,277.8291
cote divoire,8,50-55,19,274.2209
cote divoire,9,55-60,19,252.5723
cote divoire,10,60-65,19,173.1928
cote divoire,11,65-70,19,137.1110
cote divoire,12,70-75,19,82.9883
cote divoire,13,75-80,19,54.1228
cote divoire,14,80-85,19,7.2164
cote divoire,15,85+,19,7.2164
cote divoire,0,0-15,20,0.0000
cote divoire,1,15-20,20,0.0000
cote divoire,2,20-25,20,0.0000
cote divoire,3,25-30,20,25.2572
cote divoire,4,30-35,20,75.7716
cote divoire,5,35-40,20,104.6369
cote divoire,6,40-45,20,212.8820
cote divoire,7,45-50,20,263.3964
cote divoire,8,50-55,20,288.6537
cote divoire,9,55-60,20,313.9117
cote divoire,10,60-65,20,202.0583
cote divoire,11,65-70,20,93.8128
cote divoire,12,70-75,20,64.9473
cote divoire,13,75-80,20,18.0409
cote divoire,14,80-85,20,25.2573
cote divoire,15,85+,20,3.6082
cote divoire,0,0-15,21,0.0000
cote divoire,1,15-20,21,0.0000
cote divoire,2,20-25,21,0.0000
cote divoire,3,25-30,21,25.2572
cote divoire,4,30-35,21,75.7716
cote divoire,5,35-40,21,104.6369
cote divoire,6,40-45,21,212.8820
cote divoire,7,45-50,21,263.3964
cote divoire,8,50-55,21,288.6537
cote divoire,9,55-60,21,313.9117
cote divoire,10,60-65,21,202.0583
cote divoire,11,65-70,21,93.8128
cote divoire,12,70-75,21,64.9473
cote divoire,13,75-80,21,18.0409
cote divoire,14,80-85,21,25.2573
cote divoire,15,85+,21,3.6082
cote divoire,0,0-15,22,0.0000
cote divoire,1,15-20,22,0.0000
cote divoire,2,20-25,22,3.6082
cote divoire,3,25-30,22,25.2572
cote divoire,4,30-35,22,90.2043
cote divoire,5,35-40,22,144.3268
cote divoire,6,40-45,22,216.4902
cote divoire,7,45-50,22,317.5189
cote divoire,8,50-55,22,299.4784
cote divoire,9,55-60,22,245.3565
cote divoire,10,60-65,22,292.2630
cote divoire,11,65-70,22,101.0292
cote divoire,12,70-75,22,57.7310
cote divoire,13,75-80,22,28.8655
cote divoire,14,80-85,22,14.4327
cote divoire,15,85+,22,3.6082
cote divoire,0,0-15,23,0.0000
cote divoire,1,15-20,23,0.0000
cote divoire,2,20-25,23,0.0000
cote divoire,3,25-30,23,25.2572
cote divoire,4,30-35,23,32.4735
cote divoire,5,35-40,23,108.2451
cote divoire,6,40-45,23,158.7595
cote divoire,7,45-50,23,216.4902
cote divoire,8,50-55,23,277.8291
cote divoire,9,55-60,23,324.7359
cote divoire,10,60-65,23,198.4500
cote divoire,11,65-70,23,122.6783
cote divoire,12,70-75,23,75.7719
cote divoire,13,75-80,23,21.6491
cote divoire,14,80-85,23,10.8246
cote divoire,15,85+,23,0.0000
cote divoire,0,0-15,24,0.0000
cote divoire,1,15-20,24,0.0000
cote divoire,2,20-25,24,0.0000
cote divoire,3,25-30,24,10.8245
cote divoire,4,30-35,24,46.9062
cote divoire,5,35-40,24,169.5840
cote divoire,6,40-45,24,187.6248
cote divoire,7,45-50,24,245.3555
cote divoire,8,50-55,24,292.2617
cote divoire,9,55-60,24,274.2217
cote divoire,10,60-65,24,151.5438
cote divoire,11,65-70,24,155.1519
cote divoire,12,70-75,24,61.3391
cote divoire,13,75-80,24,10.8246
cote divoire,14,80-85,24,18.0409
cote divoire,15,85+,24,0.0000
cote divoire,0,0-15,25,0.0000
cote divoire,1,15-20,25,0.0000
cote divoire,2,20-25,25,3.6082
cote divoire,3,25-30,25,32.4735
cote divoire,4,30-35,25,68.5553
cote divoire,5,35-40,25,119.0696
cote divoire,6,40-45,25,209.2738
cote divoire,7,45-50,25,234.5310
cote divoire,8,50-55,25,317.5193
cote divoire,9,55-60,25,234.5316
cote divoire,10,60-65,25,227.3155
cote divoire,11,65-70,25,122.6783
cote divoire,12,70-75,25,61.3391
cote divoire,13,75-80,25,18.0409
cote divoire,14,80-85,25,10.8246
cote divoire,15,85+,25,0.0000
cote divoire,0,0-15,26,0.0000
cote divoire,1,15-20,26,0.0000
cote divoire,2,20-25,26,3.6082
cote divoire,3,25-30,26,10.8245
cote divoire,4,30-35,26,75.7716
cote divoire,5,35-40,26,137.1105
cote divoire,6,40-45,26,180.4085
cote divoire,7,45-50,26,277.8291
cote divoire,8,50-55,26,353.6007
cote divoire,9,55-60,26,299.4793
cote divoire,10,60-65,26,230.9238
cote divoire,11,65-70,26,111.8537
cote divoire,12,70-75,26,39.6900
cote divoire,13,75-80,26,21.6491
cote divoire,14,80-85,26,14.4327
cote divoire,15,85+,26,0.0000
cote divoire,0,0-15,27,0.0000
cote divoire,1,15-20,27,0.0000
cote divoire,2,20-25,27,7.2163
cote divoire,3,25-30,27,3.6082
cote divoire,4,30-35,27,54.1226
cote divoire,5,35-40,27,86.5961
cote divoire,6,40-45,27,205.6657
cote divoire,7,45-50,27,267.0045
cote divoire,8,50-55,27,277.8291
cote divoire,9,55-60,27,274.2215
cote divoire,10,60-65,27,187.6256
cote divoire,11,65-70,27,133.5028
cote divoire,12,70-75,27,50.5146
cote divoire,13,75-80,27,3.6082
cote divoire,14,80-85,27,14.4327
cote divoire,15,85+,27,0.0000
cote divoire,0,0-15,28,0.0000
cote divoire,1,15-20,28,0.0000
cote divoire,2,20-25,28,7.2163
cote divoire,3,25-30,28,7.2163
cote divoire,4,30-35,28,68.5553
cote divoire,5,35-40,28,137.1105
cote divoire,6,40-45,28,202.0575
cote divoire,7,45-50,28,256.1800
cote divoire,8,50-55,28,349.9926
cote divoire,9,55-60,28,328.3447
cote divoire,10,60-65,28,198.4502
cote divoire,11,65-70,28,115.4619
cote divoire,12,70-75,28,43.2982
cote divoire,13,75-80,28,36.0818
cote divoire,14,80-85,28,7.2164
cote divoire,15,85+,28,0.0000
cote divoire,0,0-15,29,0.0000
cote divoire,1,15-20,29,0.0000
cote divoire,2,20-25,29,7.2163
cote divoire,3,25-30,29,7.2163
cote divoire,4,30-35,29,68.5553
cote divoire,5,35-40,29,137.1105
cote divoire,6,40-45,29,202.0575
cote divoire,7,45-50,29,256.1800
cote divoire,8,50-55,29,349.9926
cote divoire,9,55-60,29,328.3447
cote divoire,10,60-65,29,198.4502
cote divoire,11,65-70,29,115.4619
cote divoire,12,70-75,29,43.2982
cote divoire,13,75-80,29,36.0818
cote divoire,14,80-85,29,7.2164
cote divoire,15,85+,29,0.0000
cote divoire,0,0-15,30,0.0000
cote divoire,1,15-20,30,0.0000
cote divoire,2,20-25,30,7.2163
cote divoire,3,25-30,30,7.2163
cote divoire,4,30-35,30,68.5553
cote divoire,5,35-40,30,137.1105
cote divoire,6,40-45,30,202.0575
cote divoire,7,45-50,30,256.1800
cote divoire,8,50-55,30,349.9926
cote divoire,9,55-60,30,328.3447
cote divoire,10,60-65,30,198.4502
cote divoire,11,65-70,30,115.4619
cote divoire,12,70-75,30,43.2982
cote divoire,13,75-80,30,36.0818
cote divoire,14,80-85,30,7.2164
cote divoire,15,85+,30,0.0000
cote divoire,0,0-15,31,0.0000
cote divoire,1,15-20,31,0.0000
cote divoire,2,20-25,31,7.2163
cote divoire,3,25-30,31,7.2163
cote divoire,4,30-35,31,68.5553
cote divoire,5,35-40,31,137.1105
cote divoire,6,40-45,31,202.0575
cote divoire,7,45-50,31,256.1800
cote divoire,8,50-55,31,349.9926
cote divoire,9,55-60,31,328.3447
cote divoire,10,60-65,31,198.4502
cote divoire,11,65-70,31,115.4619
cote divoire,12,70-75,31,43.2982
cote divoire,13,75-80,31,36.0818
cote divoire,14,80-85,31,7.2164
cote divoire,15,85+,31,0.0000
cote divoire,0,0-15,32,0.0000
cote divoire,1,15-20,32,0.0000
cote divoire,2,20-25,32,7.2163
cote divoire,3,25-30,32,7.2163
cote divoire,4,30-35,32,68.5553
cote divoire,5,35-40,32,137.1105
cote divoire,6,40-45,32,202.0575
cote divoire,7,45-50,32,256.1800
cote divoire,8,50-55,32,349.9926
cote divoire,9,55-60,32,328.3447
cote divoire,10,60-65,32,198.4502
cote divoire,11,65-70,32,115.4619
cote divoire,12,70-75,32,43.2982
cote divoire,13,75-80,32,36.0818
cote divoire,14,80-85,32,7.2164
cote divoire,15,85+,32,0.0000
cote divoire,0,0-15,33,0.0000
cote divoire,1,15-20,33,0.0000
cote divoire,2,20-25,33,0.0000
cote divoire,3,25-30,33,10.8245
cote divoire,4,30-35,33,57.7307
cote divoire,5,35-40,33,101.0288
cote divoire,6,40-45,33,187.6248
cote divoire,7,45-50,33,324.7353
cote divoire,8,50-55,33,328.3438
cote divoire,9,55-60,33,263.3973
cote divoire,10,60-65,33,223.7072
cote divoire,11,65-70,33,111.8537
cote divoire,12,70-75,33,61.3391
cote divoire,13,75-80,33,28.8655
cote divoire,14,80-85,33,21.6491
cote divoire,15,85+,33,7.2164
cote divoire,0,0-15,34,0.0000
cote divoire,1,15-20,34,0.0000
cote divoire,2,20-25,34,0.0000
cote divoire,3,25-30,34,25.2572
cote divoire,4,30-35,34,82.9879
cote divoire,5,35-40,34,108.2451
cote divoire,6,40-45,34,191.2330
cote divoire,7,45-50,34,241.7474
cote divoire,8,50-55,34,303.0863
cote divoire,9,55-60,34,277.8299
cote divoire,10,60-65,34,176.8010
cote divoire,11,65-70,34,119.0701
cote divoire,12,70-75,34,50.5146
cote divoire,13,75-80,34,25.2573
cote divoire,14,80-85,34,14.4327
cote divoire,15,85+,34,0.0000
cote divoire,0,0-15,35,0.0000
cote divoire,1,15-20,35,0.0000
cote divoire,2,20-25,35,3.6082
cote divoire,3,25-30,35,36.0817
cote divoire,4,30-35,35,57.7307
cote divoire,5,35-40,35,129.8941
cote divoire,6,40-45,35,227.3147
cote divoire,7,45-50,35,245.3555
cote divoire,8,50-55,35,364.4255
cote divoire,9,55-60,35,277.8301
cote divoire,10,60-65,35,184.0174
cote divoire,11,65-70,35,115.4619
cote divoire,12,70-75,35,101.0292
cote divoire,13,75-80,35,10.8246
cote divoire,14,80-85,35,10.8246
cote divoire,15,85+,35,7.2164
cote divoire,0,0-15,36,0.0000
cote divoire,1,15-20,36,0.0000
cote divoire,2,20-25,36,3.6082
cote divoire,3,25-30,36,36.0817
cote divoire,4,30-35,36,57.7307
cote divoire,5,35-40,36,129.8941
cote divoire,6,40-45,36,227.3147
cote divoire,7,45-50,36,245.3555
cote divoire,8,50-55,36,364.4255
cote divoire,9,55-60,36,277.8301
cote divoire,10,60-65,36,184.0174
cote divoire,11,65-70,36,115.4619
cote divoire,12,70-75,36,101.0292
cote divoire,13,75-80,36,10.8246
cote divoire,14,80-85,36,10.8246
cote divoire,15,85+,36,7.2164
cote divoire,0,0-15,37,0.0000
cote divoire,1,15-20,37,0.0000
cote divoire,2,20-25,37,3.6082
cote divoire,3,25-30,37,36.0817
cote divoire,4,30-35,37,57.7307
cote divoire,5,35-40,37,129.8941
cote divoire,6,40-45,37,227.3147
cote divoire,7,45-50,37,245.3555
cote divoire,8,50-55,37,364.4255
cote divoire,9,55-60,37,277.8301
cote divoire,10,60-65,37,184.0174
cote divoire,11,65-70,37,115.4619
cote divoire,12,70-75,37,101.0292
cote divoire,13,75-80,37,10.8246
cote divoire,14,80-85,37,10.8246
cote divoire,15,85+,37,7.2164
cote divoire,0,0-15,38,0.0000
cote divoire,1,15-20,38,0.0000
cote divoire,2,20-25,38,3.6082
cote divoire,3,25-30,38,36.0817
cote divoire,4,30-35,38,57.7307
cote divoire,5,35-40,38,129.8941
cote divoire,6,40-45,38,227.3147
cote divoire,7,45-50,38,245.3555
cote divoire,8,50-55,38,364.4255
cote divoire,9,55-60,38,277.8301
cote divoire,10,60-65,38,184.0174
cote divoire,11,65-70,38,115.4619
cote divoire,12,70-75,38,101.0292
cote divoire,13,75-80,38,10.8246
cote divoire,14,80-85,38,10.8246
cote divoire,15,85+,38,7.2164
cote divoire,0,0-15,39,0.0000
cote divoire,1,15-20,39,0.0000
cote divoire,2,20-25,39,0.0000
cote divoire,3,25-30,39,18.0409
cote divoire,4,30-35,39,75.7716
cote divoire,5,35-40,39,133.5023
cote divoire,6,40-45,39,194.8412
cote divoire,7,45-50,39,349.9924
cote divoire,8,50-55,39,295.8704
cote divoire,9,55-60,39,267.0054
cote divoire,10,60-65,39,212.8829
cote divoire,11,65-70,39,140.7192
cote divoire,12,70-75,39,64.9472
cote divoire,13,75-80,39,10.8245
cote divoire,14,80-85,39,7.2164
cote divoire,15,85+,39,7.2164
cote divoire,0,0-15,40,0.0000
cote divoire,1,15-20,40,0.0000
cote divoire,2,20-25,40,3.6082
cote divoire,3,25-30,40,21.6490
cote divoire,4,30-35,40,46.9062
cote divoire,5,35-40,40,108.2451
cote divoire,6,40-45,40,212.8820
cote divoire,7,45-50,40,292.2617
cote divoire,8,50-55,40,328.3435
cote divoire,9,55-60,40,263.3974
cote divoire,10,60-65,40,205.6665
cote divoire,11,65-70,40,97.4210
cote divoire,12,70-75,40,79.3801
cote divoire,13,75-80,40,32.4737
cote divoire,14,80-85,40,18.0409
cote divoire,15,85+,40,10.8246
cote divoire,0,0-15,41,0.0000
cote divoire,1,15-20,41,0.0000
cote divoire,2,20-25,41,10.8245
cote divoire,3,25-30,41,32.4735
cote divoire,4,30-35,41,57.7307
cote divoire,5,35-40,41,115.4614
cote divoire,6,40-45,41,194.8412
cote divoire,7,45-50,41,230.9229
cote divoire,8,50-55,41,270.6128
cote divoire,9,55-60,41,238.1398
cote divoire,10,60-65,41,205.6664
cote divoire,11,65-70,41,93.8128
cote divoire,12,70-75,41,43.2982
cote divoire,13,75-80,41,10.8246
cote divoire,14,80-85,41,32.4737
cote divoire,15,85+,41,3.6082
cote divoire,0,0-15,42,0.0000
cote divoire,1,15-20,42,0.0000
cote divoire,2,20-25,42,0.0000
cote divoire,3,25-30,42,21.6490
cote divoire,4,30-35,42,50.5144
cote divoire,5,35-40,42,122.6778
cote divoire,6,40-45,42,263.3964
cote divoire,7,45-50,42,288.6536
cote divoire,8,50-55,42,295.8704
cote divoire,9,55-60,42,281.4381
cote divoire,10,60-65,42,202.0582
cote divoire,11,65-70,42,108.2455
cote divoire,12,70-75,42,64.9473
cote divoire,13,75-80,42,36.0818
cote divoire,14,80-85,42,0.0000
cote divoire,15,85+,42,10.8245
cote divoire,0,0-15,43,0.0000
cote divoire,1,15-20,43,0.0000
cote divoire,2,20-25,43,0.0000
cote divoire,3,25-30,43,21.6490
cote divoire,4,30-35,43,50.5144
cote divoire,5,35-40,43,122.6778
cote divoire,6,40-45,43,263.3964
cote divoire,7,45-50,43,288.6536
cote divoire,8,50-55,43,295.8704
cote divoire,9,55-60,43,281.4381
cote divoire,10,60-65,43,202.0582
cote divoire,11,65-70,43,108.2455
cote divoire,12,70-75,43,64.9473
cote divoire,13,75-80,43,36.0818
cote divoire,14,80-85,43,0.0000
cote divoire,15,85+,43,10.8245
cote divoire,0,0-15,44,0.0000
cote divoire,1,15-20,44,0.0000
cote divoire,2,20-25,44,0.0000
cote divoire,3,25-30,44,21.6490
cote divoire,4,30-35,44,68.5553
cote divoire,5,35-40,44,140.7186
cote divoire,6,40-45,44,191.2330
cote divoire,7,45-50,44,349.9924
cote divoire,8,50-55,44,306.6948
cote divoire,9,55-60,44,220.0992
cote divoire,10,60-65,44,227.3156
cote divoire,11,65-70,44,165.9765
cote divoire,12,70-75,44,75.7719
cote divoire,13,75-80,44,10.8246
cote divoire,14,80-85,44,10.8246
cote divoire,15,85+,44,3.6082
cote divoire,0,0-15,45,0.0000
cote divoire,1,15-20,45,0.0000
cote divoire,2,20-25,45,3.6082
cote divoire,3,25-30,45,21.6490
cote divoire,4,30-35,45,57.7307
cote divoire,5,35-40,45,158.7595
cote divoire,6,40-45,45,328.3434
cote divoire,7,45-50,45,245.3555
cote divoire,8,50-55,45,277.8297
cote divoire,9,55-60,45,267.0054
cote divoire,10,60-65,45,227.3156
cote divoire,11,65-70,45,115.4619
cote divoire,12,70-75,45,72.1637
cote divoire,13,75-80,45,21.6491
cote divoire,14,80-85,45,10.8246
cote divoire,15,85+,45,7.2164
cote divoire,0,0-15,46,0.0000
cote divoire,1,15-20,46,0.0000
cote divoire,2,20-25,46,3.6082
cote divoire,3,25-30,46,25.2572
cote divoire,4,30-35,46,75.7716
cote divoire,5,35-40,46,155.1513
cote divoire,6,40-45,46,220.0983
cote divoire,7,45-50,46,223.7065
cote divoire,8,50-55,46,267.0046
cote divoire,9,55-60,46,252.5727
cote divoire,10,60-65,46,223.7075
cote divoire,11,65-70,46,122.6783
cote divoire,12,70-75,46,36.0818
cote divoire,13,75-80,46,14.4327
cote divoire,14,80-85,46,14.4327
cote divoire,15,85+,46,14.4327
cote divoire,0,0-15,47,0.0000
cote divoire,1,15-20,47,0.0000
cote divoire,2,20-25,47,7.2163
cote divoire,3,25-30,47,10.8245
cote divoire,4,30-35,47,79.3798
cote divoire,5,35-40,47,133.5023
cote divoire,6,40-45,47,180.4085
cote divoire,7,45-50,47,364.4251
cote divoire,8,50-55,47,310.3031
cote divoire,9,55-60,47,248.9645
cote divoire,10,60-65,47,256.1811
cote divoire,11,65-70,47,111.8536
cote divoire,12,70-75,47,61.3390
cote divoire,13,75-80,47,25.2573
cote divoire,14,80-85,47,18.0409
cote divoire,15,85+,47,7.2164
cote divoire,0,0-15,48,0.0000
cote divoire,1,15-20,48,0.0000
cote divoire,2,20-25,48,7.2163
cote divoire,3,25-30,48,3.6082
cote divoire,4,30-35,48,82.9879
cote divoire,5,35-40,48,140.7186
cote divoire,6,40-45,48,230.9229
cote divoire,7,45-50,48,281.4372
cote divoire,8,50-55,48,313.9111
cote divoire,9,55-60,48,313.9119
cote divoire,10,60-65,48,169.5847
cote divoire,11,65-70,48,140.7192
cote divoire,12,70-75,48,43.2982
cote divoire,13,75-80,48,43.2982
cote divoire,14,80-85,48,14.4327
cote divoire,15,85+,48,0.0000
cote divoire,0,0-15,49,0.0000
cote divoire,1,15-20,49,0.0000
cote divoire,2,20-25,49,7.2163
cote divoire,3,25-30,49,3.6082
cote divoire,4,30-35,49,82.9879
cote divoire,5,35-40,49,140.7186
cote divoire,6,40-45,49,230.9229
cote divoire,7,45-50,49,281.4372
cote divoire,8,50-55,49,313.9111
cote divoire,9,55-60,49,313.9119
cote divoire,10,60-65,49,169.5847
cote divoire,11,65-70,49,140.7192
cote divoire,12,70-75,49,43.2982
cote divoire,13,75-80,49,43.2982
cote divoire,14,80-85,49,14.4327
cote divoire,15,85+,49,0.0000
cote divoire,0,0-15,50,0.0000
cote divoire,1,15-20,50,0.0000
cote divoire,2,20-25,50,7.2163
cote divoire,3,25-30,50,3.6082
cote divoire,4,30-35,50,82.9879
cote divoire,5,35-40,50,140.7186
cote divoire,6,40-45,50,230.9229
cote divoire,7,45-50,50,281.4372
cote divoire,8,50-55,50,313.9111
cote divoire,9,55-60,50,313.9119
cote divoire,10,60-65,50,169.5847
cote divoire,11,65-70,50,140.7192
cote divoire,12,70-75,50,43.2982
cote divoire,13,75-80,50,43.2982
cote divoire,14,80-85,50,14.4327
cote divoire,15,85+,50,0.0000
cote divoire,0,0-15,51,0.0000
cote divoire,1,15-20,51,0.0000
cote divoire,2,20-25,51,7.2163
cote divoire,3,25-30,51,3.6082
cote divoire,4,30-35,51,82.9879
cote divoire,5,35-40,51,140.7186
cote divoire,6,40-45,51,230.9229
cote divoire,7,45-50,51,281.4372
cote divoire,8,50-55,51,313.9111
cote divoire,9,55-60,51,313.9119
cote divoire,10,60-65,51,169.5847
cote divoire,11,65-70,51,140.7192
cote divoire,12,70-75,51,43.2982
cote divoire,13,75-80,51,43.2982
cote divoire,14,80-85,51,14.4327
cote divoire,15,85+,51,0.0000
cote divoire,0,0-15,52,0.0000
cote divoire,1,15-20,52,0.0000
cote divoire,2,20-25,52,7.2163
cote divoire,3,25-30,52,3.6082
cote divoire,4,30-35,52,82.9879
cote divoire,5,35-40,52,140.7186
cote divoire,6,40-45,52,230.9229
cote divoire,7,45-50,52,281.4372
cote divoire,8,50-55,52,313.9111
cote divoire,9,55-60,52,313.9119
cote divoire,10,60-65,52,169.5847
cote divoire,11,65-70,52,140.7192
cote divoire,12,70-75,52,43.2982
cote divoire,13,75-80,52,43.2982
cote divoire,14,80-85,52,14.4327
cote divoire,15,85+,52,0.0000
cote divoire,0,0-15,53,0.0000
cote divoire,1,15-20,53,0.0000
cote divoire,2,20-25,53,7.2163
cote divoire,3,25-30,53,3.6082
cote divoire,4,30-35,53,82.9879
cote divoire,5,35-40,53,140.7186
cote divoire,6,40-45,53,230.9229
cote divoire,7,45-50,53,281.4372
cote divoire,8,50-55,53,313.9111
cote divoire,9,55-60,53,313.9119
cote divoire,10,60-65,53,169.5847
cote divoire,11,65-70,53,140.7192
cote divoire,12,70-75,53,43.2982
cote divoire,13,75-80,53,43.2982
cote divoire,14,80-85,53,14.4327
cote divoire,15,85+,53,0.0000
cote divoire,0,0-15,54,0.0000
cote divoire,1,15-20,54,0.0000
cote divoire,2,20-25,54,7.2163
cote divoire,3,25-30,54,3.6082
cote divoire,4,30-35,54,82.9879
cote divoire,5,35-40,54,140.7186
cote divoire,6,40-45,54,230.9229
cote divoire,7,45-50,54,281.4372
cote divoire,8,50-55,54,313.9111
cote divoire,9,55-60,54,313.9119
cote divoire,10,60-65,54,169.5847
cote divoire,11,65-70,54,140.7192
cote divoire,12,70-75,54,43.2982
cote divoire,13,75-80,54,43.2982
cote divoire,14,80-85,54,14.4327
cote divoire,15,85+,54,0.0000
cote divoire,0,0-15,55,0.0000
cote divoire,1,15-20,55,0.0000
cote divoire,2,20-25,55,7.2163
cote divoire,3,25-30,55,3.6082
cote divoire,4,30-35,55,82.9879
cote divoire,5,35-40,55,140.7186
cote divoire,6,40-45,55,230.9229
cote divoire,7,45-50,55,281.4372
cote divoire,8,50-55,55,313.9111
cote divoire,9,55-60,55,313.9119
cote divoire,10,60-65,55,169.5847
cote divoire,11,65-70,55,140.7192
cote divoire,12,70-75,55,43.2982
cote divoire,13,75-80,55,43.2982
cote divoire,14,80-85,55,14.4327
cote divoire,15,85+,55,0.0000
cote divoire,0,0-15,56,0.0000
cote divoire,1,15-20,56,0.0000
cote divoire,2,20-25,56,7.2163
cote divoire,3,25-30,56,3.6082
cote divoire,4,30-35,56,82.9879
cote divoire,5,35-40,56,140.7186
cote divoire,6,40-45,56,230.9229
cote divoire,7,45-50,56,281.4372
cote divoire,8,50-55,56,313.9111
cote divoire,9,55-60,56,313.9119
cote divoire,10,60-65,56,169.5847
cote divoire,11,65-70,56,140.7192
cote divoire,12,70-75,56,43.2982
cote divoire,13,75-80,56,43.2982
cote divoire,14,80-85,56,14.4327
cote divoire,15,85+,56,0.0000
cote divoire,0,0-15,57,0.0000
cote divoire,1,15-20,57,0.0000
cote divoire,2,20-25,57,0.0000
cote divoire,3,25-30,57,10.8245
cote divoire,4,30-35,57,68.5553
cote divoire,5,35-40,57,155.1513
cote divoire,6,40-45,57,216.4902
cote divoire,7,45-50,57,241.7474
cote divoire,8,50-55,57,227.3148
cote divoire,9,55-60,57,281.4380
cote divoire,10,60-65,57,202.0582
cote divoire,11,65-70,57,104.6374
cote divoire,12,70-75,57,43.2982
cote divoire,13,75-80,57,32.4737
cote divoire,14,80-85,57,18.0409
cote divoire,15,85+,57,3.6082
cote divoire,0,0-15,58,0.0000
cote divoire,1,15-20,58,0.0000
cote divoire,2,20-25,58,0.0000
cote divoire,3,25-30,58,18.0409
cote divoire,4,30-35,58,32.4735
cote divoire,5,35-40,58,93.8124
cote divoire,6,40-45,58,165.9758
cote divoire,7,45-50,58,241.7474
cote divoire,8,50-55,58,303.0862
cote divoire,9,55-60,58,223.7068
cote divoire,10,60-65,58,209.2747
cote divoire,11,65-70,58,155.1519
cote divoire,12,70-75,58,46.9064
cote divoire,13,75-80,58,25.2573
cote divoire,14,80-85,58,25.2573
cote divoire,15,85+,58,0.0000
cote divoire,0,0-15,59,0.0000
cote divoire,1,15-20,59,0.0000
cote divoire,2,20-25,59,0.0000
cote divoire,3,25-30,59,18.0409
cote divoire,4,30-35,59,32.4735
cote divoire,5,35-40,59,93.8124
cote divoire,6,40-45,59,165.9758
cote divoire,7,45-50,59,241.7474
cote divoire,8,50-55,59,303.0862
cote divoire,9,55-60,59,223.7068
cote divoire,10,60-65,59,209.2747
cote divoire,11,65-70,59,155.1519
cote divoire,12,70-75,59,46.9064
cote divoire,13,75-80,59,25.2573
cote divoire,14,80-85,59,25.2573
cote divoire,15,85+,59,0.0000
cote divoire,0,0-15,60,0.0000
cote divoire,1,15-20,60,0.0000
cote divoire,2,20-25,60,3.6082
cote divoire,3,25-30,60,0.0000
cote divoire,4,30-35,60,43.2981
cote divoire,5,35-40,60,122.6778
cote divoire,6,40-45,60,191.2330
cote divoire,7,45-50,60,252.5719
cote divoire,8,50-55,60,256.1802
cote divoire,9,55-60,60,227.3150
cote divoire,10,60-65,60,187.6254
cote divoire,11,65-70,60,137.1110
cote divoire,12,70-75,60,39.6900
cote divoire,13,75-80,60,21.6491
cote divoire,14,80-85,60,18.0409
cote divoire,15,85+,60,3.6082
cote divoire,0,0-15,61,0.0000
cote divoire,1,15-20,61,0.0000
cote divoire,2,20-25,61,10.8245
cote divoire,3,25-30,61,10.8245
cote divoire,4,30-35,61,64.9471
cote divoire,5,35-40,61,144.3268
cote divoire,6,40-45,61,234.5310
cote divoire,7,45-50,61,245.3555
cote divoire,8,50-55,61,317.5192
cote divoire,9,55-60,61,285.0464
cote divoire,10,60-65,61,184.0174
cote divoire,11,65-70,61,111.8537
cote divoire,12,70-75,61,46.9064
cote divoire,13,75-80,61,18.0409
cote divoire,14,80-85,61,10.8246
cote divoire,15,85+,61,3.6082
cote divoire,0,0-15,62,0.0000
cote divoire,1,15-20,62,0.0000
cote divoire,2,20-25,62,0.0000
cote divoire,3,25-30,62,18.0409
cote divoire,4,30-35,62,25.2572
cote divoire,5,35-40,62,86.5961
cote divoire,6,40-45,62,223.7065
cote divoire,7,45-50,62,277.8291
cote divoire,8,50-55,62,281.4373
cote divoire,9,55-60,62,357.2098
cote divoire,10,60-65,62,220.0993
cote divoire,11,65-70,62,115.4619
cote divoire,12,70-75,62,43.2982
cote divoire,13,75-80,62,32.4737
cote divoire,14,80-85,62,25.2573
cote divoire,15,85+,62,0.0000
cote divoire,0,0-15,63,0.0000
cote divoire,1,15-20,63,0.0000
cote divoire,2,20-25,63,0.0000
cote divoire,3,25-30,63,18.0409
cote divoire,4,30-35,63,25.2572
cote divoire,5,35-40,63,86.5961
cote divoire,6,40-45,63,223.7065
cote divoire,7,45-50,63,277.8291
cote divoire,8,50-55,63,281.4373
cote divoire,9,55-60,63,357.2098
cote divoire,10,60-65,63,220.0993
cote divoire,11,65-70,63,115.4619
cote divoire,12,70-75,63,43.2982
cote divoire,13,75-80,63,32.4737
cote divoire,14,80-85,63,25.2573
cote divoire,15,85+,63,0.0000
cote divoire,0,0-15,64,0.0000
cote divoire,1,15-20,64,0.0000
cote divoire,2,20-25,64,0.0000
cote divoire,3,25-30,64,18.0409
cote divoire,4,30-35,64,57.7307
cote divoire,5,35-40,64,151.5432
cote divoire,6,40-45,64,212.8820
cote divoire,7,45-50,64,209.2738
cote divoire,8,50-55,64,303.0864
cote divoire,9,55-60,64,324.7362
cote divoire,10,60-65,64,212.8829
cote divoire,11,65-70,64,90.2046
cote divoire,12,70-75,64,25.2573
cote divoire,13,75-80,64,36.0818
cote divoire,14,80-85,64,10.8246
cote divoire,15,85+,64,14.4327
cote divoire,0,0-15,65,0.0000
cote divoire,1,15-20,65,0.0000
cote divoire,2,20-25,65,3.6082
cote divoire,3,25-30,65,10.8245
cote divoire,4,30-35,65,39.6899
cote divoire,5,35-40,65,144.3268
cote divoire,6,40-45,65,187.6248
cote divoire,7,45-50,65,303.0862
cote divoire,8,50-55,65,292.2618
cote divoire,9,55-60,65,256.1809
cote divoire,10,60-65,65,187.6256
cote divoire,11,65-70,65,104.6374
cote divoire,12,70-75,65,90.2046
cote divoire,13,75-80,65,28.8655
cote divoire,14,80-85,65,3.6082
cote divoire,15,85+,65,0.0000
cote divoire,0,0-15,66,0.0000
cote divoire,1,15-20,66,0.0000
cote divoire,2,20-25,66,0.0000
cote divoire,3,25-30,66,10.8245
cote divoire,4,30-35,66,39.6899
cote divoire,5,35-40,66,93.8124
cote divoire,6,40-45,66,180.4085
cote divoire,7,45-50,66,263.3964
cote divoire,8,50-55,66,310.3027
cote divoire,9,55-60,66,364.4261
cote divoire,10,60-65,66,180.4092
cote divoire,11,65-70,66,140.7192
cote divoire,12,70-75,66,43.2982
cote divoire,13,75-80,66,32.4737
cote divoire,14,80-85,66,25.2573
cote divoire,15,85+,66,0.0000
cote divoire,0,0-15,67,0.0000
cote divoire,1,15-20,67,0.0000
cote divoire,2,20-25,67,7.2163
cote divoire,3,25-30,67,46.9062
cote divoire,4,30-35,67,36.0817
cote divoire,5,35-40,67,126.2859
cote divoire,6,40-45,67,212.8820
cote divoire,7,45-50,67,281.4372
cote divoire,8,50-55,67,270.6127
cote divoire,9,55-60,67,295.8710
cote divoire,10,60-65,67,187.6256
cote divoire,11,65-70,67,111.8537
cote divoire,12,70-75,67,39.6900
cote divoire,13,75-80,67,25.2573
cote divoire,14,80-85,67,7.2164
cote divoire,15,85+,67,3.6082
cote divoire,0,0-15,68,0.0000
cote divoire,1,15-20,68,0.0000
cote divoire,2,20-25,68,7.2163
cote divoire,3,25-30,68,46.9062
cote divoire,4,30-35,68,36.0817
cote divoire,5,35-40,68,126.2859
cote divoire,6,40-45,68,212.8820
cote divoire,7,45-50,68,281.4372
cote divoire,8,50-55,68,270.6127
cote divoire,9,55-60,68,295.8710
cote divoire,10,60-65,68,187.6256
cote divoire,11,65-70,68,111.8537
cote divoire,12,70-75,68,39.6900
cote divoire,13,75-80,68,25.2573
cote divoire,14,80-85,68,7.2164
cote divoire,15,85+,68,3.6082
cote divoire,0,0-15,69,0.0000
cote divoire,1,15-20,69,0.0000
cote divoire,2,20-25,69,3.6082
cote divoire,3,25-30,69,18.0409
cote divoire,4,30-35,69,50.5144
cote divoire,5,35-40,69,126.2860
cote divoire,6,40-45,69,169.5840
cote divoire,7,45-50,69,212.8820
cote divoire,8,50-55,69,263.3964
cote divoire,9,55-60,69,227.3150
cote divoire,10,60-65,69,223.7074
cote divoire,11,65-70,69,97.4210
cote divoire,12,70-75,69,57.7310
cote divoire,13,75-80,69,36.0818
cote divoire,14,80-85,69,7.2164
cote divoire,15,85+,69,3.6082
cote divoire,0,0-15,70,0.0000
cote divoire,1,15-20,70,0.0000
cote divoire,2,20-25,70,0.0000
cote divoire,3,25-30,70,3.6082
cote divoire,4,30-35,70,50.5144
cote divoire,5,35-40,70,115.4615
cote divoire,6,40-45,70,209.2738
cote divoire,7,45-50,70,256.1800
cote divoire,8,50-55,70,299.4782
cote divoire,9,55-60,70,245.3560
cote divoire,10,60-65,70,147.9356
cote divoire,11,65-70,70,151.5438
cote divoire,12,70-75,70,39.6900
cote divoire,13,75-80,70,25.2573
cote divoire,14,80-85,70,18.0409
cote divoire,15,85+,70,3.6082
cote divoire,0,0-15,71,0.0000
cote divoire,1,15-20,71,0.0000
cote divoire,2,20-25,71,3.6082
cote divoire,3,25-30,71,25.2572
cote divoire,4,30-35,71,72.1634
cote divoire,5,35-40,71,104.6369
cote divoire,6,40-45,71,223.7065
cote divoire,7,45-50,71,292.2617
cote divoire,8,50-55,71,281.4372
cote divoire,9,55-60,71,270.6138
cote divoire,10,60-65,71,191.2338
cote divoire,11,65-70,71,108.2455
cote divoire,12,70-75,71,50.5146
cote divoire,13,75-80,71,36.0818
cote divoire,14,80-85,71,7.2164
cote divoire,15,85+,71,7.2164
cote divoire,0,0-15,72,0.0000
cote divoire,1,15-20,72,0.0000
cote divoire,2,20-25,72,3.6082
cote divoire,3,25-30,72,25.2572
cote divoire,4,30-35,72,72.1634
cote divoire,5,35-40,72,104.6369
cote divoire,6,40-45,72,223.7065
cote divoire,7,45-50,72,292.2617
cote divoire,8,50-55,72,281.4372
cote divoire,9,55-60,72,270.6138
cote divoire,10,60-65,72,191.2338
cote divoire,11,65-70,72,108.2455
cote divoire,12,70-75,72,50.5146
cote divoire,13,75-80,72,36.0818
cote divoire,14,80-85,72,7.2164
cote divoire,15,85+,72,7.2164
cote divoire,0,0-15,73,0.0000
cote divoire,1,15-20,73,0.0000
cote divoire,2,20-25,73,0.0000
cote divoire,3,25-30,73,28.8654
cote divoire,4,30-35,73,90.2043
cote divoire,5,35-40,73,122.6778
cote divoire,6,40-45,73,209.2738
cote divoire,7,45-50,73,295.8699
cote divoire,8,50-55,73,292.2619
cote divoire,9,55-60,73,245.3564
cote divoire,10,60-65,73,173.1929
cote divoire,11,65-70,73,144.3274
cote divoire,12,70-75,73,61.3391
cote divoire,13,75-80,73,32.4737
cote divoire,14,80-85,73,7.2164
cote divoire,15,85+,73,3.6082
cote divoire,0,0-15,74,0.0000
cote divoire,1,15-20,74,0.0000
cote divoire,2,20-25,74,0.0000
cote divoire,3,25-30,74,28.8654
cote divoire,4,30-35,74,90.2043
cote divoire,5,35-40,74,122.6778
cote divoire,6,40-45,74,209.2738
cote divoire,7,45-50,74,295.8699
cote divoire,8,50-55,74,292.2619
cote divoire,9,55-60,74,245.3564
cote divoire,10,60-65,74,173.1929
cote divoire,11,65-70,74,144.3274
cote divoire,12,70-75,74,61.3391
cote divoire,13,75-80,74,32.4737
cote divoire,14,80-85,74,7.2164
cote divoire,15,85+,74,3.6082
cote divoire,0,0-15,75,0.0000
cote divoire,1,15-20,75,0.0000
cote divoire,2,20-25,75,7.2163
cote divoire,3,25-30,75,7.2163
cote divoire,4,30-35,75,57.7307
cote divoire,5,35-40,75,90.2043
cote divoire,6,40-45,75,180.4085
cote divoire,7,45-50,75,202.0575
cote divoire,8,50-55,75,288.6536
cote divoire,9,55-60,75,252.5722
cote divoire,10,60-65,75,198.4501
cote divoire,11,65-70,75,122.6783
cote divoire,12,70-75,75,57.7310
cote divoire,13,75-80,75,18.0409
cote divoire,14,80-85,75,3.6082
cote divoire,15,85+,75,7.2164
cote divoire,0,0-15,76,0.0000
cote divoire,1,15-20,76,3.6082
cote divoire,2,20-25,76,7.2163
cote divoire,3,25-30,76,10.8245
cote divoire,4,30-35,76,50.5144
cote divoire,5,35-40,76,119.0696
cote divoire,6,40-45,76,202.0575
cote divoire,7,45-50,76,267.0045
cote divoire,8,50-55,76,321.1273
cote divoire,9,55-60,76,313.9117
cote divoire,10,60-65,76,176.8011
cote divoire,11,65-70,76,90.2046
cote divoire,12,70-75,76,39.6900
cote divoire,13,75-80,76,14.4327
cote divoire,14,80-85,76,7.2164
cote divoire,15,85+,76,10.8246
cote divoire,0,0-15,77,0.0000
cote divoire,1,15-20,77,0.0000
cote divoire,2,20-25,77,0.0000
cote divoire,3,25-30,77,14.4327
cote divoire,4,30-35,77,72.1634
cote divoire,5,35-40,77,97.4206
cote divoire,6,40-45,77,212.8820
cote divoire,7,45-50,77,285.0454
cote divoire,8,50-55,77,277.8291
cote divoire,9,55-60,77,285.0463
cote divoire,10,60-65,77,169.5847
cote divoire,11,65-70,77,93.8128
cote divoire,12,70-75,77,64.9473
cote divoire,13,75-80,77,25.2573
cote divoire,14,80-85,77,14.4327
cote divoire,15,85+,77,3.6082
cote divoire,0,0-15,78,0.0000
cote divoire,1,15-20,78,0.0000
cote divoire,2,20-25,78,0.0000
cote divoire,3,25-30,78,18.0409
cote divoire,4,30-35,78,64.9471
cote divoire,5,35-40,78,129.8941
cote divoire,6,40-45,78,241.7474
cote divoire,7,45-50,78,288.6536
cote divoire,8,50-55,78,295.8701
cote divoire,9,55-60,78,303.0874
cote divoire,10,60-65,78,155.1519
cote divoire,11,65-70,78,93.8128
cote divoire,12,70-75,78,68.5555
cote divoire,13,75-80,78,28.8655
cote divoire,14,80-85,78,18.0409
cote divoire,15,85+,78,7.2164
cote divoire,0,0-15,79,0.0000
cote divoire,1,15-20,79,0.0000
cote divoire,2,20-25,79,3.6082
cote divoire,3,25-30,79,18.0409
cote divoire,4,30-35,79,50.5144
cote divoire,5,35-40,79,115.4615
cote divoire,6,40-45,79,194.8412
cote divoire,7,45-50,79,256.1800
cote divoire,8,50-55,79,335.5600
cote divoire,9,55-60,79,220.0990
cote divoire,10,60-65,79,187.6255
cote divoire,11,65-70,79,108.2455
cote divoire,12,70-75,79,72.1637
cote divoire,13,75-80,79,43.2982
cote divoire,14,80-85,79,10.8246
cote divoire,15,85+,79,0.0000
cote divoire,0,0-15,80,0.0000
cote divoire,1,15-20,80,0.0000
cote divoire,2,20-25,80,3.6082
cote divoire,3,25-30,80,18.0409
cote divoire,4,30-35,80,68.5553
cote divoire,5,35-40,80,151.5431
cote divoire,6,40-45,80,216.4902
cote divoire,7,45-50,80,400.5068
cote divoire,8,50-55,80,299.4786
cote divoire,9,55-60,80,328.3448
cote divoire,10,60-65,80,238.1402
cote divoire,11,65-70,80,122.6782
cote divoire,12,70-75,80,54.1226
cote divoire,13,75-80,80,28.8654
cote divoire,14,80-85,80,18.0409
cote divoire,15,85+,80,7.2164
cote divoire,0,0-15,81,0.0000
cote divoire,1,15-20,81,0.0000
cote divoire,2,20-25,81,0.0000
cote divoire,3,25-30,81,14.4327
cote divoire,4,30-35,81,75.7716
cote divoire,5,35-40,81,111.8533
cote divoire,6,40-45,81,198.4493
cote divoire,7,45-50,81,245.3555
cote divoire,8,50-55,81,317.5191
cote divoire,9,55-60,81,230.9236
cote divoire,10,60-65,81,194.8418
cote divoire,11,65-70,81,97.4210
cote divoire,12,70-75,81,75.7719
cote divoire,13,75-80,81,18.0409
cote divoire,14,80-85,81,7.2164
cote divoire,15,85+,81,3.6082
cote divoire,0,0-15,82,0.0000
cote divoire,1,15-20,82,0.0000
cote divoire,2,20-25,82,3.6082
cote divoire,3,25-30,82,25.2572
cote divoire,4,30-35,82,75.7716
cote divoire,5,35-40,82,220.0984
cote divoire,6,40-45,82,220.0983
cote divoire,7,45-50,82,313.9108
cote divoire,8,50-55,82,285.0460
cote divoire,9,55-60,82,256.1810
cote divoire,10,60-65,82,241.7484
cote divoire,11,65-70,82,137.1110
cote divoire,12,70-75,82,50.5146
cote divoire,13,75-80,82,32.4737
cote divoire,14,80-85,82,7.2164
cote divoire,15,85+,82,10.8246
cote divoire,0,0-15,83,0.0000
cote divoire,1,15-20,83,0.0000
cote divoire,2,20-25,83,0.0000
cote divoire,3,25-30,83,7.2163
cote divoire,4,30-35,83,72.1634
cote divoire,5,35-40,83,169.5840
cote divoire,6,40-45,83,263.3964
cote divoire,7,45-50,83,277.8291
cote divoire,8,50-55,83,274.2212
cote divoire,9,55-60,83,295.8710
cote divoire,10,60-65,83,216.4911
cote divoire,11,65-70,83,79.3801
cote divoire,12,70-75,83,64.9473
cote divoire,13,75-80,83,25.2573
cote divoire,14,80-85,83,7.2164
cote divoire,15,85+,83,3.6082
cote divoire,0,0-15,84,0.0000
cote divoire,1,15-20,84,3.6082
cote divoire,2,20-25,84,3.6082
cote divoire,3,25-30,84,25.2572
cote divoire,4,30-35,84,57.7307
cote divoire,5,35-40,84,140.7186
cote divoire,6,40-45,84,187.6248
cote divoire,7,45-50,84,270.6127
cote divoire,8,50-55,84,292.2617
cote divoire,9,55-60,84,205.6664
cote divoire,10,60-65,84,194.8420
cote divoire,11,65-70,84,129.8947
cote divoire,12,70-75,84,57.7310
cote divoire,13,75-80,84,18.0409
cote divoire,14,80-85,84,10.8246
cote divoire,15,85+,84,3.6082
cote divoire,0,0-15,85,0.0000
cote divoire,1,15-20,85,0.0000
cote divoire,2,20-25,85,3.6082
cote divoire,3,25-30,85,18.0409
cote divoire,4,30-35,85,64.9471
cote divoire,5,35-40,85,176.8003
cote divoire,6,40-45,85,212.8820
cote divoire,7,45-50,85,270.6127
cote divoire,8,50-55,85,299.4785
cote divoire,9,55-60,85,274.2217
cote divoire,10,60-65,85,194.8420
cote divoire,11,65-70,85,90.2046
cote divoire,12,70-75,85,61.3391
cote divoire,13,75-80,85,25.2573
cote divoire,14,80-85,85,14.4327
cote divoire,15,85+,85,3.6082
cote divoire,0,0-15,86,0.0000
cote divoire,1,15-20,86,0.0000
cote divoire,2,20-25,86,3.6082
cote divoire,3,25-30,86,18.0409
cote divoire,4,30-35,86,57.7307
cote divoire,5,35-40,86,129.8941
cote divoire,6,40-45,86,216.4902
cote divoire,7,45-50,86,223.7065
cote divoire,8,50-55,86,274.2209
cote divoire,9,55-60,86,216.4907
cote divoire,10,60-65,86,191.2338
cote divoire,11,65-70,86,104.6374
cote divoire,12,70-75,86,32.4737
cote divoire,13,75-80,86,39.6900
cote divoire,14,80-85,86,14.4327
cote divoire,15,85+,86,7.2164
cote divoire,0,0-15,87,0.0000
cote divoire,1,15-20,87,7.2163
cote divoire,2,20-25,87,3.6082
cote divoire,3,25-30,87,14.4327
cote divoire,4,30-35,87,68.5553
cote divoire,5,35-40,87,137.1105
cote divoire,6,40-45,87,184.0166
cote divoire,7,45-50,87,267.0045
cote divoire,8,50-55,87,317.5190
cote divoire,9,55-60,87,346.3855
cote divoire,10,60-65,87,158.7601
cote divoire,11,65-70,87,115.4619
cote divoire,12,70-75,87,64.9473
cote divoire,13,75-80,87,18.0409
cote divoire,14,80-85,87,3.6082
cote divoire,15,85+,87,7.2164
cote divoire,0,0-15,88,0.0000
cote divoire,1,15-20,88,0.0000
cote divoire,2,20-25,88,0.0000
cote divoire,3,25-30,88,18.0409
cote divoire,4,30-35,88,50.5144
cote divoire,5,35-40,88,144.3268
cote divoire,6,40-45,88,187.6248
cote divoire,7,45-50,88,299.4781
cote divoire,8,50-55,88,274.2209
cote divoire,9,55-60,88,321.1282
cote divoire,10,60-65,88,137.1110
cote divoire,11,65-70,88,108.2455
cote divoire,12,70-75,88,68.5555
cote divoire,13,75-80,88,28.8655
cote divoire,14,80-85,88,7.2164
cote divoire,15,85+,88,7.2164
cote divoire,0,0-15,89,0.0000
cote divoire,1,15-20,89,0.0000
cote divoire,2,20-25,89,0.0000
cote divoire,3,25-30,89,18.0409
cote divoire,4,30-35,89,50.5144
cote divoire,5,35-40,89,144.3268
cote divoire,6,40-45,89,187.6248
cote divoire,7,45-50,89,299.4781
cote divoire,8,50-55,89,274.2209
cote divoire,9,55-60,89,321.1282
cote divoire,10,60-65,89,137.1110
cote divoire,11,65-70,89,108.2455
cote divoire,12,70-75,89,68.5555
cote divoire,13,75-80,89,28.8655
cote divoire,14,80-85,89,7.2164
cote divoire,15,85+,89,7.2164
cote divoire,0,0-15,90,0.0000
cote divoire,1,15-20,90,0.0000
cote divoire,2,20-25,90,0.0000
cote divoire,3,25-30,90,18.0409
cote divoire,4,30-35,90,50.5144
cote divoire,5,35-40,90,144.3268
cote divoire,6,40-45,90,187.6248
cote divoire,7,45-50,90,299.4781
cote divoire,8,50-55,90,274.2209
cote divoire,9,55-60,90,321.1282
cote divoire,10,60-65,90,137.1110
cote divoire,11,65-70,90,108.2455
cote divoire,12,70-75,90,68.5555
cote divoire,13,75-80,90,28.8655
cote divoire,14,80-85,90,7.2164
cote divoire,15,85+,90,7.2164
cote divoire,0,0-15,91,0.0000
cote divoire,1,15-20,91,0.0000
cote divoire,2,20-25,91,0.0000
cote divoire,3,25-30,91,18.0409
cote divoire,4,30-35,91,50.5144
cote divoire,5,35-40,91,144.3268
cote divoire,6,40-45,91,187.6248
cote divoire,7,45-50,91,299.4781
cote divoire,8,50-55,91,274.2209
cote divoire,9,55-60,91,321.1282
cote divoire,10,60-65,91,137.1110
cote divoire,11,65-70,91,108.2455
cote divoire,12,70-75,91,68.5555
cote divoire,13,75-80,91,28.8655
cote divoire,14,80-85,91,7.2164
cote divoire,15,85+,91,7.2164
cote divoire,0,0-15,92,0.0000
cote divoire,1,15-20,92,0.0000
cote divoire,2,20-25,92,0.0000
cote divoire,3,25-30,92,18.0409
cote divoire,4,30-35,92,50.5144
cote divoire,5,35-40,92,144.3268
cote divoire,6,40-45,92,187.6248
cote divoire,7,45-50,92,299.4781
cote divoire,8,50-55,92,274.2209
cote divoire,9,55-60,92,321.1282
cote divoire,10,60-65,92,137.1110
cote divoire,11,65-70,92,108.2455
cote divoire,12,70-75,92,68.5555
cote divoire,13,75-80,92,28.8655
cote divoire,14,80-85,92,7.2164
cote divoire,15,85+,92,7.2164
cote divoire,0,0-15,93,0.0000
cote divoire,1,15-20,93,0.0000
cote divoire,2,20-25,93,0.0000
cote divoire,3,25-30,93,18.0409
cote divoire,4,30-35,93,50.5144
cote divoire,5,35-40,93,144.3268
cote divoire,6,40-45,93,187.6248
cote divoire,7,45-50,93,299.4781
cote divoire,8,50-55,93,274.2209
cote divoire,9,55-60,93,321.1282
cote divoire,10,60-65,93,137.1110
cote divoire,11,65-70,93,108.2455
cote divoire,12,70-75,93,68.5555
cote divoire,13,75-80,93,28.8655
cote divoire,14,80-85,93,7.2164
cote divoire,15,85+,93,7.2164
cote divoire,0,0-15,94,0.0000
cote divoire,1,15-20,94,0.0000
cote divoire,2,20-25,94,3.6082
cote divoire,3,25-30,94,36.0817
cote divoire,4,30-35,94,68.5553
cote divoire,5,35-40,94,119.0696
cote divoire,6,40-45,94,223.7065
cote divoire,7,45-50,94,270.6127
cote divoire,8,50-55,94,288.6537
cote divoire,9,55-60,94,245.3564
cote divoire,10,60-65,94,191.2338
cote divoire,11,65-70,94,104.6374
cote divoire,12,70-75,94,57.7310
cote divoire,13,75-80,94,28.8655
cote divoire,14,80-85,94,7.2164
cote divoire,15,85+,94,7.2164
cote divoire,0,0-15,95,0.0000
cote divoire,1,15-20,95,0.0000
cote divoire,2,20-25,95,0.0000
cote divoire,3,25-30,95,10.8245
cote divoire,4,30-35,95,64.9471
cote divoire,5,35-40,95,79.3798
cote divoire,6,40-45,95,212.8820
cote divoire,7,45-50,95,317.5189
cote divoire,8,50-55,95,256.1801
cote divoire,9,55-60,95,274.2217
cote divoire,10,60-65,95,165.9765
cote divoire,11,65-70,95,126.2865
cote divoire,12,70-75,95,75.7719
cote divoire,13,75-80,95,28.8655
cote divoire,14,80-85,95,14.4327
cote divoire,15,85+,95,3.6082
cote divoire,0,0-15,96,0.0000
cote divoire,1,15-20,96,0.0000
cote divoire,2,20-25,96,3.6082
cote divoire,3,25-30,96,14.4327
cote divoire,4,30-35,96,72.1634
cote divoire,5,35-40,96,122.6778
cote divoire,6,40-45,96,198.4493
cote divoire,7,45-50,96,313.9108
cote divoire,8,50-55,96,288.6540
cote divoire,9,55-60,96,263.3970
cote divoire,10,60-65,96,169.5847
cote divoire,11,65-70,96,101.0292
cote divoire,12,70-75,96,64.9473
cote divoire,13,75-80,96,18.0409
cote divoire,14,80-85,96,18.0409
cote divoire,15,85+,96,0.0000
cote divoire,0,0-15,97,0.0000
cote divoire,1,15-20,97,0.0000
cote divoire,2,20-25,97,3.6082
cote divoire,3,25-30,97,21.6490
cote divoire,4,30-35,97,43.2981
cote divoire,5,35-40,97,126.2860
cote divoire,6,40-45,97,176.8003
cote divoire,7,45-50,97,299.4781
cote divoire,8,50-55,97,303.0863
cote divoire,9,55-60,97,259.7891
cote divoire,10,60-65,97,184.0174
cote divoire,11,65-70,97,104.6374
cote divoire,12,70-75,97,54.1228
cote divoire,13,75-80,97,28.8655
cote divoire,14,80-85,97,7.2164
cote divoire,15,85+,97,14.4327
cote divoire,0,0-15,98,0.0000
cote divoire,1,15-20,98,0.0000
cote divoire,2,20-25,98,0.0000
cote divoire,3,25-30,98,18.0409
cote divoire,4,30-35,98,75.7716
cote divoire,5,35-40,98,90.2043
cote divoire,6,40-45,98,216.4902
cote divoire,7,45-50,98,306.6944
cote divoire,8,50-55,98,299.4781
cote divoire,9,55-60,98,342.7775
cote divoire,10,60-65,98,216.4911
cote divoire,11,65-70,98,79.3801
cote divoire,12,70-75,98,79.3801
cote divoire,13,75-80,98,28.8655
cote divoire,14,80-85,98,3.6082
cote divoire,15,85+,98,3.6082
cote divoire,0,0-15,99,0.0000
cote divoire,1,15-20,99,0.0000
cote divoire,2,20-25,99,10.8245
cote divoire,3,25-30,99,21.6490
cote divoire,4,30-35,99,79.3798
cote divoire,5,35-40,99,129.8941
cote divoire,6,40-45,99,212.8820
cote divoire,7,45-50,99,295.8699
cote divoire,8,50-55,99,299.4784
cote divoire,9,55-60,99,209.2745
cote divoire,10,60-65,99,209.2747
cote divoire,11,65-70,99,115.4619
cote divoire,12,70-75,99,57.7310
cote divoire,13,75-80,99,43.2982
cote divoire,14,80-85,99,7.2164
cote divoire,15,85+,99,3.6082
ethiopia,0,0-15,0,0.0000
ethiopia,1,15-20,0,0.0000
ethiopia,2,20-25,0,42.2400
ethiopia,3,25-30,0,42.2400
ethiopia,4,30-35,0,253.4400
ethiopia,5,35-40,0,359.0400
ethiopia,6,40-45,0,696.9599
ethiopia,7,45-50,0,971.5198
ethiopia,8,50-55,0,992.6398
ethiopia,9,55-60,0,1055.9999
ethiopia,10,60-65,0,781.4399
ethiopia,11,65-70,0,633.5999
ethiopia,12,70-75,0,549.1199
ethiopia,13,75-80,0,253.4399
ethiopia,14,80-85,0,84.4800
ethiopia,15,85+,0,0.0000
ethiopia,0,0-15,1,0.0000
ethiopia,1,15-20,1,0.0000
ethiopia,2,20-25,1,21.1200
ethiopia,3,25-30,1,105.6000
ethiopia,4,30-35,1,253.4400
ethiopia,5,35-40,1,464.6400
ethiopia,6,40-45,1,739.1999
ethiopia,7,45-50,1,1140.4797
ethiopia,8,50-55,1,1119.3598
ethiopia,9,55-60,1,971.5199
ethiopia,10,60-65,1,654.7199
ethiopia,11,65-70,1,633.5999
ethiopia,12,70-75,1,401.2799
ethiopia,13,75-80,1,126.7200
ethiopia,14,80-85,1,84.4800
ethiopia,15,85+,1,21.1200
ethiopia,0,0-15,2,0.0000
ethiopia,1,15-20,2,0.0000
ethiopia,2,20-25,2,21.1200
ethiopia,3,25-30,2,105.6000
ethiopia,4,30-35,2,253.4400
ethiopia,5,35-40,2,464.6400
ethiopia,6,40-45,2,739.1999
ethiopia,7,45-50,2,1140.4797
ethiopia,8,50-55,2,1119.3598
ethiopia,9,55-60,2,971.5199
ethiopia,10,60-65,2,654.7199
ethiopia,11,65-70,2,633.5999
ethiopia,12,70-75,2,401.2799
ethiopia,13,75-80,2,126.7200
ethiopia,14,80-85,2,84.4800
ethiopia,15,85+,2,21.1200
ethiopia,0,0-15,3,0.0000
ethiopia,1,15-20,3,0.0000
ethiopia,2,20-25,3,21.1200
ethiopia,3,25-30,3,105.6000
ethiopia,4,30-35,3,253.4400
ethiopia,5,35-40,3,464.6400
ethiopia,6,40-45,3,739.1999
ethiopia,7,45-50,3,1140.4797
ethiopia,8,50-55,3,1119.3598
ethiopia,9,55-60,3,971.5199
ethiopia,10,60-65,3,654.7199
ethiopia,11,65-70,3,633.5999
ethiopia,12,70-75,3,401.2799
ethiopia,13,75-80,3,126.7200
ethiopia,14,80-85,3,84.4800
ethiopia,15,85+,3,21.1200
ethiopia,0,0-15,4,0.0000
ethiopia,1,15-20,4,0.0000
ethiopia,2,20-25,4,21.1200
ethiopia,3,25-30,4,105.6000
ethiopia,4,30-35,4,253.4400
ethiopia,5,35-40,4,464.6400
ethiopia,6,40-45,4,739.1999
ethiopia,7,45-50,4,1140.4797
ethiopia,8,50-55,4,1119.3598
ethiopia,9,55-60,4,971.5199
ethiopia,10,60-65,4,654.7199
ethiopia,11,65-70,4,633.5999
ethiopia,12,70-75,4,401.2799
ethiopia,13,75-80,4,126.7200
ethiopia,14,80-85,4,84.4800
ethiopia,15,85+,4,21.1200
ethiopia,0,0-15,5,0.0000
ethiopia,1,15-20,5,0.0000
ethiopia,2,20-25,5,21.1200
ethiopia,3,25-30,5,105.6000
ethiopia,4,30-35,5,253.4400
ethiopia,5,35-40,5,464.6400
ethiopia,6,40-45,5,739.1999
ethiopia,7,45-50,5,1140.4797
ethiopia,8,50-55,5,1119.3598
ethiopia,9,55-60,5,971.5199
ethiopia,10,60-65,5,654.7199
ethiopia,11,65-70,5,633.5999
ethiopia,12,70-75,5,401.2799
ethiopia,13,75-80,5,126.7200
ethiopia,14,80-85,5,84.4800
ethiopia,15,85+,5,21.1200
ethiopia,0,0-15,6,0.0000
ethiopia,1,15-20,6,0.0000
ethiopia,2,20-25,6,21.1200
ethiopia,3,25-30,6,105.6000
ethiopia,4,30-35,6,253.4400
ethiopia,5,35-40,6,464.6400
ethiopia,6,40-45,6,739.1999
ethiopia,7,45-50,6,1140.4797
ethiopia,8,50-55,6,1119.3598
ethiopia,9,55-60,6,971.5199
ethiopia,10,60-65,6,654.7199
ethiopia,11,65-70,6,633.5999
ethiopia,12,70-75,6,401.2799
ethiopia,13,75-80,6,126.7200
ethiopia,14,80-85,6,84.4800
ethiopia,15,85+,6,21.1200
ethiopia,0,0-15,7,0.0000
ethiopia,1,15-20,7,0.0000
ethiopia,2,20-25,7,21.1200
ethiopia,3,25-30,7,105.6000
ethiopia,4,30-35,7,253.4400
ethiopia,5,35-40,7,464.6400
ethiopia,6,40-45,7,739.1999
ethiopia,7,45-50,7,1140.4797
ethiopia,8,50-55,7,1119.3598
ethiopia,9,55-60,7,971.5199
ethiopia,10,60-65,7,654.7199
ethiopia,11,65-70,7,633.5999
ethiopia,12,70-75,7,401.2799
ethiopia,13,75-80,7,126.7200
ethiopia,14,80-85,7,84.4800
ethiopia,15,85+,7,21.1200
ethiopia,0,0-15,8,0.0000
ethiopia,1,15-20,8,0.0000
ethiopia,2,20-25,8,21.1200
ethiopia,3,25-30,8,105.6000
ethiopia,4,30-35,8,253.4400
ethiopia,5,35-40,8,464.6400
ethiopia,6,40-45,8,739.1999
ethiopia,7,45-50,8,1140.4797
ethiopia,8,50-55,8,1119.3598
ethiopia,9,55-60,8,971.5199
ethiopia,10,60-65,8,654.7199
ethiopia,11,65-70,8,633.5999
ethiopia,12,70-75,8,401.2799
ethiopia,13,75-80,8,126.7200
ethiopia,14,80-85,8,84.4800
ethiopia,15,85+,8,21.1200
ethiopia,0,0-15,9,0.0000
ethiopia,1,15-20,9,0.0000
ethiopia,2,20-25,9,21.1200
ethiopia,3,25-30,9,105.6000
ethiopia,4,30-35,9,253.4400
ethiopia,5,35-40,9,464.6400
ethiopia,6,40-45,9,739.1999
ethiopia,7,45-50,9,1140.4797
ethiopia,8,50-55,9,1119.3598
ethiopia,9,55-60,9,971.5199
ethiopia,10,60-65,9,654.7199
ethiopia,11,65-70,9,633.5999
ethiopia,12,70-75,9,401.2799
ethiopia,13,75-80,9,126.7200
ethiopia,14,80-85,9,84.4800
ethiopia,15,85+,9,21.1200
ethiopia,0,0-15,10,0.0000
ethiopia,1,15-20,10,0.0000
ethiopia,2,20-25,10,21.1200
ethiopia,3,25-30,10,105.6000
ethiopia,4,30-35,10,253.4400
ethiopia,5,35-40,10,464.6400
ethiopia,6,40-45,10,739.1999
ethiopia,7,45-50,10,1140.4797
ethiopia,8,50-55,10,1119.3598
ethiopia,9,55-60,10,971.5199
ethiopia,10,60-65,10,654.7199
ethiopia,11,65-70,10,633.5999
ethiopia,12,70-75,10,401.2799
ethiopia,13,75-80,10,126.7200
ethiopia,14,80-85,10,84.4800
ethiopia,15,85+,10,21.1200
ethiopia,0,0-15,11,0.0000
ethiopia,1,15-20,11,0.0000
ethiopia,2,20-25,11,21.1200
ethiopia,3,25-30,11,105.6000
ethiopia,4,30-35,11,253.4400
ethiopia,5,35-40,11,464.6400
ethiopia,6,40-45,11,739.1999
ethiopia,7,45-50,11,1140.4797
ethiopia,8,50-55,11,1119.3598
ethiopia,9,55-60,11,971.5199
ethiopia,10,60-65,11,654.7199
ethiopia,11,65-70,11,633.5999
ethiopia,12,70-75,11,401.2799
ethiopia,13,75-80,11,126.7200
ethiopia,14,80-85,11,84.4800
ethiopia,15,85+,11,21.1200
ethiopia,0,0-15,12,0.0000
ethiopia,1,15-20,12,0.0000
ethiopia,2,20-25,12,42.2400
ethiopia,3,25-30,12,126.7200
ethiopia,4,30-35,12,253.4400
ethiopia,5,35-40,12,528.0000
ethiopia,6,40-45,12,802.5599
ethiopia,7,45-50,12,1098.2397
ethiopia,8,50-55,12,1267.1998
ethiopia,9,55-60,12,1203.8399
ethiopia,10,60-65,12,929.2798
ethiopia,11,65-70,12,591.3599
ethiopia,12,70-75,12,506.8799
ethiopia,13,75-80,12,84.4800
ethiopia,14,80-85,12,42.2400
ethiopia,15,85+,12,0.0000
ethiopia,0,0-15,13,0.0000
ethiopia,1,15-20,13,0.0000
ethiopia,2,20-25,13,0.0000
ethiopia,3,25-30,13,21.1200
ethiopia,4,30-35,13,168.9600
ethiopia,5,35-40,13,380.1600
ethiopia,6,40-45,13,718.0799
ethiopia,7,45-50,13,971.5198
ethiopia,8,50-55,13,1098.2398
ethiopia,9,55-60,13,1203.8398
ethiopia,10,60-65,13,739.1999
ethiopia,11,65-70,13,549.1199
ethiopia,12,70-75,13,506.8799
ethiopia,13,75-80,13,190.0800
ethiopia,14,80-85,13,84.4800
ethiopia,15,85+,13,21.1200
ethiopia,0,0-15,14,0.0000
ethiopia,1,15-20,14,0.0000
ethiopia,2,20-25,14,0.0000
ethiopia,3,25-30,14,84.4800
ethiopia,4,30-35,14,359.0400
ethiopia,5,35-40,14,401.2800
ethiopia,6,40-45,14,718.0799
ethiopia,7,45-50,14,971.5198
ethiopia,8,50-55,14,1140.4798
ethiopia,9,55-60,14,950.3999
ethiopia,10,60-65,14,1098.2398
ethiopia,11,65-70,14,549.1199
ethiopia,12,70-75,14,401.2799
ethiopia,13,75-80,14,147.8400
ethiopia,14,80-85,14,84.4800
ethiopia,15,85+,14,42.2400
ethiopia,0,0-15,15,0.0000
ethiopia,1,15-20,15,0.0000
ethiopia,2,20-25,15,21.1200
ethiopia,3,25-30,15,63.3600
ethiopia,4,30-35,15,274.5600
ethiopia,5,35-40,15,464.6400
ethiopia,6,40-45,15,992.6398
ethiopia,7,45-50,15,992.6398
ethiopia,8,50-55,15,1140.4797
ethiopia,9,55-60,15,1013.7599
ethiopia,10,60-65,15,718.0799
ethiopia,11,65-70,15,570.2399
ethiopia,12,70-75,15,422.4005
ethiopia,13,75-80,15,232.3202
ethiopia,14,80-85,15,63.3602
ethiopia,15,85+,15,63.3602
ethiopia,0,0-15,16,0.0000
ethiopia,1,15-20,16,0.0000
ethiopia,2,20-25,16,42.2400
ethiopia,3,25-30,16,105.6000
ethiopia,4,30-35,16,232.3200
ethiopia,5,35-40,16,506.8800
ethiopia,6,40-45,16,802.5599
ethiopia,7,45-50,16,929.2798
ethiopia,8,50-55,16,929.2798
ethiopia,9,55-60,16,950.4000
ethiopia,10,60-65,16,718.0799
ethiopia,11,65-70,16,549.1199
ethiopia,12,70-75,16,316.7999
ethiopia,13,75-80,16,168.9600
ethiopia,14,80-85,16,21.1200
ethiopia,15,85+,16,0.0000
ethiopia,0,0-15,17,0.0000
ethiopia,1,15-20,17,0.0000
ethiopia,2,20-25,17,42.2400
ethiopia,3,25-30,17,63.3600
ethiopia,4,30-35,17,295.6800
ethiopia,5,35-40,17,464.6400
ethiopia,6,40-45,17,549.1199
ethiopia,7,45-50,17,971.5198
ethiopia,8,50-55,17,1182.7198
ethiopia,9,55-60,17,1098.2399
ethiopia,10,60-65,17,1055.9998
ethiopia,11,65-70,17,506.8799
ethiopia,12,70-75,17,485.7599
ethiopia,13,75-80,17,190.0800
ethiopia,14,80-85,17,42.2401
ethiopia,15,85+,17,84.4800
ethiopia,0,0-15,18,0.0000
ethiopia,1,15-20,18,0.0000
ethiopia,2,20-25,18,0.0000
ethiopia,3,25-30,18,63.3600
ethiopia,4,30-35,18,401.2800
ethiopia,5,35-40,18,528.0000
ethiopia,6,40-45,18,929.2798
ethiopia,7,45-50,18,929.2798
ethiopia,8,50-55,18,1119.3599
ethiopia,9,55-60,18,1309.4398
ethiopia,10,60-65,18,908.1599
ethiopia,11,65-70,18,549.1199
ethiopia,12,70-75,18,443.5199
ethiopia,13,75-80,18,211.2002
ethiopia,14,80-85,18,42.2401
ethiopia,15,85+,18,0.0000
ethiopia,0,0-15,19,0.0000
ethiopia,1,15-20,19,0.0000
ethiopia,2,20-25,19,42.2400
ethiopia,3,25-30,19,84.4800
ethiopia,4,30-35,19,295.6800
ethiopia,5,35-40,19,549.1200
ethiopia,6,40-45,19,739.1999
ethiopia,7,45-50,19,823.6798
ethiopia,8,50-55,19,1288.3198
ethiopia,9,55-60,19,992.6398
ethiopia,10,60-65,19,887.0399
ethiopia,11,65-70,19,443.5199
ethiopia,12,70-75,19,359.0399
ethiopia,13,75-80,19,168.9602
ethiopia,14,80-85,19,63.3602
ethiopia,15,85+,19,0.0000
ethiopia,0,0-15,20,0.0000
ethiopia,1,15-20,20,0.0000
ethiopia,2,20-25,20,42.2400
ethiopia,3,25-30,20,147.8400
ethiopia,4,30-35,20,147.8400
ethiopia,5,35-40,20,549.1200
ethiopia,6,40-45,20,844.7998
ethiopia,7,45-50,20,781.4398
ethiopia,8,50-55,20,1246.0798
ethiopia,9,55-60,20,1246.0799
ethiopia,10,60-65,20,908.1598
ethiopia,11,65-70,20,633.5999
ethiopia,12,70-75,20,401.2803
ethiopia,13,75-80,20,211.2006
ethiopia,14,80-85,20,21.1201
ethiopia,15,85+,20,21.1200
ethiopia,0,0-15,21,0.0000
ethiopia,1,15-20,21,0.0000
ethiopia,2,20-25,21,0.0000
ethiopia,3,25-30,21,21.1200
ethiopia,4,30-35,21,211.2000
ethiopia,5,35-40,21,591.3600
ethiopia,6,40-45,21,781.4399
ethiopia,7,45-50,21,1013.7598
ethiopia,8,50-55,21,992.6398
ethiopia,9,55-60,21,1055.9999
ethiopia,10,60-65,21,1055.9998
ethiopia,11,65-70,21,612.4799
ethiopia,12,70-75,21,380.1599
ethiopia,13,75-80,21,126.7200
ethiopia,14,80-85,21,63.3600
ethiopia,15,85+,21,21.1200
ethiopia,0,0-15,22,0.0000
ethiopia,1,15-20,22,0.0000
ethiopia,2,20-25,22,0.0000
ethiopia,3,25-30,22,21.1200
ethiopia,4,30-35,22,211.2000
ethiopia,5,35-40,22,591.3600
ethiopia,6,40-45,22,781.4399
ethiopia,7,45-50,22,1013.7598
ethiopia,8,50-55,22,992.6398
ethiopia,9,55-60,22,1055.9999
ethiopia,10,60-65,22,1055.9998
ethiopia,11,65-70,22,612.4799
ethiopia,12,70-75,22,380.1599
ethiopia,13,75-80,22,126.7200
ethiopia,14,80-85,22,63.3600
ethiopia,15,85+,22,21.1200
ethiopia,0,0-15,23,0.0000
ethiopia,1,15-20,23,0.0000
ethiopia,2,20-25,23,0.0000
ethiopia,3,25-30,23,63.3600
ethiopia,4,30-35,23,232.3200
ethiopia,5,35-40,23,401.2800
ethiopia,6,40-45,23,781.4399
ethiopia,7,45-50,23,992.6398
ethiopia,8,50-55,23,1161.5998
ethiopia,9,55-60,23,1246.0798
ethiopia,10,60-65,23,760.3199
ethiopia,11,65-70,23,570.2399
ethiopia,12,70-75,23,316.7999
ethiopia,13,75-80,23,190.0800
ethiopia,14,80-85,23,42.2400
ethiopia,15,85+,23,21.1200
ethiopia,0,0-15,24,0.0000
ethiopia,1,15-20,24,0.0000
ethiopia,2,20-25,24,0.0000
ethiopia,3,25-30,24,63.3600
ethiopia,4,30-35,24,232.3200
ethiopia,5,35-40,24,401.2800
ethiopia,6,40-45,24,781.4399
ethiopia,7,45-50,24,992.6398
ethiopia,8,50-55,24,1161.5998
ethiopia,9,55-60,24,1246.0798
ethiopia,10,60-65,24,760.3199
ethiopia,11,65-70,24,570.2399
ethiopia,12,70-75,24,316.7999
ethiopia,13,75-80,24,190.0800
ethiopia,14,80-85,24,42.2400
ethiopia,15,85+,24,21.1200
ethiopia,0,0-15,25,0.0000
ethiopia,1,15-20,25,0.0000
ethiopia,2,20-25,25,0.0000
ethiopia,3,25-30,25,63.3600
ethiopia,4,30-35,25,232.3200
ethiopia,5,35-40,25,401.2800
ethiopia,6,40-45,25,781.4399
ethiopia,7,45-50,25,992.6398
ethiopia,8,50-55,25,1161.5998
ethiopia,9,55-60,25,1246.0798
ethiopia,10,60-65,25,760.3199
ethiopia,11,65-70,25,570.2399
ethiopia,12,70-75,25,316.7999
ethiopia,13,75-80,25,190.0800
ethiopia,14,80-85,25,42.2400
ethiopia,15,85+,25,21.1200
ethiopia,0,0-15,26,0.0000
ethiopia,1,15-20,26,0.0000
ethiopia,2,20-25,26,0.0000
ethiopia,3,25-30,26,63.3600
ethiopia,4,30-35,26,232.3200
ethiopia,5,35-40,26,401.2800
ethiopia,6,40-45,26,781.4399
ethiopia,7,45-50,26,992.6398
ethiopia,8,50-55,26,1161.5998
ethiopia,9,55-60,26,1246.0798
ethiopia,10,60-65,26,760.3199
ethiopia,11,65-70,26,570.2399
ethiopia,12,70-75,26,316.7999
ethiopia,13,75-80,26,190.0800
ethiopia,14,80-85,26,42.2400
ethiopia,15,85+,26,21.1200
ethiopia,0,0-15,27,0.0000
ethiopia,1,15-20,27,0.0000
ethiopia,2,20-25,27,0.0000
ethiopia,3,25-30,27,63.3600
ethiopia,4,30-35,27,232.3200
ethiopia,5,35-40,27,401.2800
ethiopia,6,40-45,27,781.4399
ethiopia,7,45-50,27,992.6398
ethiopia,8,50-55,27,1161.5998
ethiopia,9,55-60,27,1246.0798
ethiopia,10,60-65,27,760.3199
ethiopia,11,65-70,27,570.2399
ethiopia,12,70-75,27,316.7999
ethiopia,13,75-80,27,190.0800
ethiopia,14,80-85,27,42.2400
ethiopia,15,85+,27,21.1200
ethiopia,0,0-15,28,0.0000
ethiopia,1,15-20,28,0.0000
ethiopia,2,20-25,28,0.0000
ethiopia,3,25-30,28,63.3600
ethiopia,4,30-35,28,232.3200
ethiopia,5,35-40,28,401.2800
ethiopia,6,40-45,28,781.4399
ethiopia,7,45-50,28,992.6398
ethiopia,8,50-55,28,1161.5998
ethiopia,9,55-60,28,1246.0798
ethiopia,10,60-65,28,760.3199
ethiopia,11,65-70,28,570.2399
ethiopia,12,70-75,28,316.7999
ethiopia,13,75-80,28,190.0800
ethiopia,14,80-85,28,42.2400
ethiopia,15,85+,28,21.1200
ethiopia,0,0-15,29,0.0000
ethiopia,1,15-20,29,0.0000
ethiopia,2,20-25,29,0.0000
ethiopia,3,25-30,29,63.3600
ethiopia,4,30-35,29,232.3200
ethiopia,5,35-40,29,401.2800
ethiopia,6,40-45,29,781.4399
ethiopia,7,45-50,29,992.6398
ethiopia,8,50-55,29,1161.5998
ethiopia,9,55-60,29,1246.0798
ethiopia,10,60-65,29,760.3199
ethiopia,11,65-70,29,570.2399
ethiopia,12,70-75,29,316.7999
ethiopia,13,75-80,29,190.0800
ethiopia,14,80-85,29,42.2400
ethiopia,15,85+,29,21.1200
ethiopia,0,0-15,30,0.0000
ethiopia,1,15-20,30,0.0000
ethiopia,2,20-25,30,0.0000
ethiopia,3,25-30,30,63.3600
ethiopia,4,30-35,30,232.3200
ethiopia,5,35-40,30,401.2800
ethiopia,6,40-45,30,781.4399
ethiopia,7,45-50,30,992.6398
ethiopia,8,50-55,30,1161.5998
ethiopia,9,55-60,30,1246.0798
ethiopia,10,60-65,30,760.3199
ethiopia,11,65-70,30,570.2399
ethiopia,12,70-75,30,316.7999
ethiopia,13,75-80,30,190.0800
ethiopia,14,80-85,30,42.2400
ethiopia,15,85+,30,21.1200
ethiopia,0,0-15,31,0.0000
ethiopia,1,15-20,31,0.0000
ethiopia,2,20-25,31,0.0000
ethiopia,3,25-30,31,63.3600
ethiopia,4,30-35,31,232.3200
ethiopia,5,35-40,31,401.2800
ethiopia,6,40-45,31,781.4399
ethiopia,7,45-50,31,992.6398
ethiopia,8,50-55,31,1161.5998
ethiopia,9,55-60,31,1246.0798
ethiopia,10,60-65,31,760.3199
ethiopia,11,65-70,31,570.2399
ethiopia,12,70-75,31,316.7999
ethiopia,13,75-80,31,190.0800
ethiopia,14,80-85,31,42.2400
ethiopia,15,85+,31,21.1200
ethiopia,0,0-15,32,0.0000
ethiopia,1,15-20,32,0.0000
ethiopia,2,20-25,32,21.1200
ethiopia,3,25-30,32,105.6000
ethiopia,4,30-35,32,232.3200
ethiopia,5,35-40,32,316.8000
ethiopia,6,40-45,32,718.0799
ethiopia,7,45-50,32,1013.7598
ethiopia,8,50-55,32,1140.4797
ethiopia,9,55-60,32,1140.4800
ethiopia,10,60-65,32,971.5198
ethiopia,11,65-70,32,718.0798
ethiopia,12,70-75,32,232.3199
ethiopia,13,75-80,32,190.0800
ethiopia,14,80-85,32,21.1200
ethiopia,15,85+,32,0.0000
ethiopia,0,0-15,33,0.0000
ethiopia,1,15-20,33,0.0000
ethiopia,2,20-25,33,21.1200
ethiopia,3,25-30,33,105.6000
ethiopia,4,30-35,33,232.3200
ethiopia,5,35-40,33,316.8000
ethiopia,6,40-45,33,718.0799
ethiopia,7,45-50,33,1013.7598
ethiopia,8,50-55,33,1140.4797
ethiopia,9,55-60,33,1140.4800
ethiopia,10,60-65,33,971.5198
ethiopia,11,65-70,33,718.0798
ethiopia,12,70-75,33,232.3199
ethiopia,13,75-80,33,190.0800
ethiopia,14,80-85,33,21.1200
ethiopia,15,85+,33,0.0000
ethiopia,0,0-15,34,0.0000
ethiopia,1,15-20,34,0.0000
ethiopia,2,20-25,34,21.1200
ethiopia,3,25-30,34,105.6000
ethiopia,4,30-35,34,232.3200
ethiopia,5,35-40,34,316.8000
ethiopia,6,40-45,34,718.0799
ethiopia,7,45-50,34,1013.7598
ethiopia,8,50-55,34,1140.4797
ethiopia,9,55-60,34,1140.4800
ethiopia,10,60-65,34,971.5198
ethiopia,11,65-70,34,718.0798
ethiopia,12,70-75,34,232.3199
ethiopia,13,75-80,34,190.0800
ethiopia,14,80-85,34,21.1200
ethiopia,15,85+,34,0.0000
ethiopia,0,0-15,35,0.0000
ethiopia,1,15-20,35,0.0000
ethiopia,2,20-25,35,21.1200
ethiopia,3,25-30,35,105.6000
ethiopia,4,30-35,35,232.3200
ethiopia,5,35-40,35,316.8000
ethiopia,6,40-45,35,718.0799
ethiopia,7,45-50,35,1013.7598
ethiopia,8,50-55,35,1140.4797
ethiopia,9,55-60,35,1140.4800
ethiopia,10,60-65,35,971.5198
ethiopia,11,65-70,35,718.0798
ethiopia,12,70-75,35,232.3199
ethiopia,13,75-80,35,190.0800
ethiopia,14,80-85,35,21.1200
ethiopia,15,85+,35,0.0000
ethiopia,0,0-15,36,0.0000
ethiopia,1,15-20,36,0.0000
ethiopia,2,20-25,36,21.1200
ethiopia,3,25-30,36,105.6000
ethiopia,4,30-35,36,232.3200
ethiopia,5,35-40,36,316.8000
ethiopia,6,40-45,36,718.0799
ethiopia,7,45-50,36,1013.7598
ethiopia,8,50-55,36,1140.4797
ethiopia,9,55-60,36,1140.4800
ethiopia,10,60-65,36,971.5198
ethiopia,11,65-70,36,718.0798
ethiopia,12,70-75,36,232.3199
ethiopia,13,75-80,36,190.0800
ethiopia,14,80-85,36,21.1200
ethiopia,15,85+,36,0.0000
ethiopia,0,0-15,37,0.0000
ethiopia,1,15-20,37,0.0000
ethiopia,2,20-25,37,21.1200
ethiopia,3,25-30,37,105.6000
ethiopia,4,30-35,37,232.3200
ethiopia,5,35-40,37,316.8000
ethiopia,6,40-45,37,718.0799
ethiopia,7,45-50,37,1013.7598
ethiopia,8,50-55,37,1140.4797
ethiopia,9,55-60,37,1140.4800
ethiopia,10,60-65,37,971.5198
ethiopia,11,65-70,37,718.0798
ethiopia,12,70-75,37,232.3199
ethiopia,13,75-80,37,190.0800
ethiopia,14,80-85,37,21.1200
ethiopia,15,85+,37,0.0000
ethiopia,0,0-15,38,0.0000
ethiopia,1,15-20,38,0.0000
ethiopia,2,20-25,38,21.1200
ethiopia,3,25-30,38,105.6000
ethiopia,4,30-35,38,232.3200
ethiopia,5,35-40,38,316.8000
ethiopia,6,40-45,38,718.0799
ethiopia,7,45-50,38,1013.7598
ethiopia,8,50-55,38,1140.4797
ethiopia,9,55-60,38,1140.4800
ethiopia,10,60-65,38,971.5198
ethiopia,11,65-70,38,718.0798
ethiopia,12,70-75,38,232.3199
ethiopia,13,75-80,38,190.0800
ethiopia,14,80-85,38,21.1200
ethiopia,15,85+,38,0.0000
ethiopia,0,0-15,39,0.0000
ethiopia,1,15-20,39,0.0000
ethiopia,2,20-25,39,21.1200
ethiopia,3,25-30,39,105.6000
ethiopia,4,30-35,39,232.3200
ethiopia,5,35-40,39,316.8000
ethiopia,6,40-45,39,718.0799
ethiopia,7,45-50,39,1013.7598
ethiopia,8,50-55,39,1140.4797
ethiopia,9,55-60,39,1140.4800
ethiopia,10,60-65,39,971.5198
ethiopia,11,65-70,39,718.0798
ethiopia,12,70-75,39,232.3199
ethiopia,13,75-80,39,190.0800
ethiopia,14,80-85,39,21.1200
ethiopia,15,85+,39,0.0000
ethiopia,0,0-15,40,0.0000
ethiopia,1,15-20,40,0.0000
ethiopia,2,20-25,40,21.1200
ethiopia,3,25-30,40,105.6000
ethiopia,4,30-35,40,232.3200
ethiopia,5,35-40,40,316.8000
ethiopia,6,40-45,40,718.0799
ethiopia,7,45-50,40,1013.7598
ethiopia,8,50-55,40,1140.4797
ethiopia,9,55-60,40,1140.4800
ethiopia,10,60-65,40,971.5198
ethiopia,11,65-70,40,718.0798
ethiopia,12,70-75,40,232.3199
ethiopia,13,75-80,40,190.0800
ethiopia,14,80-85,40,21.1200
ethiopia,15,85+,40,0.0000
ethiopia,0,0-15,41,0.0000
ethiopia,1,15-20,41,0.0000
ethiopia,2,20-25,41,21.1200
ethiopia,3,25-30,41,105.6000
ethiopia,4,30-35,41,232.3200
ethiopia,5,35-40,41,316.8000
ethiopia,6,40-45,41,718.0799
ethiopia,7,45-50,41,1013.7598
ethiopia,8,50-55,41,1140.4797
ethiopia,9,55-60,41,1140.4800
ethiopia,10,60-65,41,971.5198
ethiopia,11,65-70,41,718.0798
ethiopia,12,70-75,41,232.3199
ethiopia,13,75-80,41,190.0800
ethiopia,14,80-85,41,21.1200
ethiopia,15,85+,41,0.0000
ethiopia,0,0-15,42,0.0000
ethiopia,1,15-20,42,0.0000
ethiopia,2,20-25,42,21.1200
ethiopia,3,25-30,42,105.6000
ethiopia,4,30-35,42,232.3200
ethiopia,5,35-40,42,316.8000
ethiopia,6,40-45,42,718.0799
ethiopia,7,45-50,42,1013.7598
ethiopia,8,50-55,42,1140.4797
ethiopia,9,55-60,42,1140.4800
ethiopia,10,60-65,42,971.5198
ethiopia,11,65-70,42,718.0798
ethiopia,12,70-75,42,232.3199
ethiopia,13,75-80,42,190.0800
ethiopia,14,80-85,42,21.1200
ethiopia,15,85+,42,0.0000
ethiopia,0,0-15,43,0.0000
ethiopia,1,15-20,43,0.0000
ethiopia,2,20-25,43,21.1200
ethiopia,3,25-30,43,105.6000
ethiopia,4,30-35,43,232.3200
ethiopia,5,35-40,43,316.8000
ethiopia,6,40-45,43,718.0799
ethiopia,7,45-50,43,1013.7598
ethiopia,8,50-55,43,1140.4797
ethiopia,9,55-60,43,1140.4800
ethiopia,10,60-65,43,971.5198
ethiopia,11,65-70,43,718.0798
ethiopia,12,70-75,43,232.3199
ethiopia,13,75-80,43,190.0800
ethiopia,14,80-85,43,21.1200
ethiopia,15,85+,43,0.0000
ethiopia,0,0-15,44,0.0000
ethiopia,1,15-20,44,0.0000
ethiopia,2,20-25,44,21.1200
ethiopia,3,25-30,44,105.6000
ethiopia,4,30-35,44,232.3200
ethiopia,5,35-40,44,316.8000
ethiopia,6,40-45,44,718.0799
ethiopia,7,45-50,44,1013.7598
ethiopia,8,50-55,44,1140.4797
ethiopia,9,55-60,44,1140.4800
ethiopia,10,60-65,44,971.5198
ethiopia,11,65-70,44,718.0798
ethiopia,12,70-75,44,232.3199
ethiopia,13,75-80,44,190.0800
ethiopia,14,80-85,44,21.1200
ethiopia,15,85+,44,0.0000
ethiopia,0,0-15,45,0.0000
ethiopia,1,15-20,45,0.0000
ethiopia,2,20-25,45,21.1200
ethiopia,3,25-30,45,105.6000
ethiopia,4,30-35,45,232.3200
ethiopia,5,35-40,45,316.8000
ethiopia,6,40-45,45,718.0799
ethiopia,7,45-50,45,1013.7598
ethiopia,8,50-55,45,1140.4797
ethiopia,9,55-60,45,1140.4800
ethiopia,10,60-65,45,971.5198
ethiopia,11,65-70,45,718.0798
ethiopia,12,70-75,45,232.3199
ethiopia,13,75-80,45,190.0800
ethiopia,14,80-85,45,21.1200
ethiopia,15,85+,45,0.0000
ethiopia,0,0-15,46,0.0000
ethiopia,1,15-20,46,0.0000
ethiopia,2,20-25,46,21.1200
ethiopia,3,25-30,46,105.6000
ethiopia,4,30-35,46,232.3200
ethiopia,5,35-40,46,316.8000
ethiopia,6,40-45,46,718.0799
ethiopia,7,45-50,46,1013.7598
ethiopia,8,50-55,46,1140.4797
ethiopia,9,55-60,46,1140.4800
ethiopia,10,60-65,46,971.5198
ethiopia,11,65-70,46,718.0798
ethiopia,12,70-75,46,232.3199
ethiopia,13,75-80,46,190.0800
ethiopia,14,80-85,46,21.1200
ethiopia,15,85+,46,0.0000
ethiopia,0,0-15,47,0.0000
ethiopia,1,15-20,47,0.0000
ethiopia,2,20-25,47,21.1200
ethiopia,3,25-30,47,105.6000
ethiopia,4,30-35,47,232.3200
ethiopia,5,35-40,47,316.8000
ethiopia,6,40-45,47,718.0799
ethiopia,7,45-50,47,1013.7598
ethiopia,8,50-55,47,1140.4797
ethiopia,9,55-60,47,1140.4800
ethiopia,10,60-65,47,971.5198
ethiopia,11,65-70,47,718.0798
ethiopia,12,70-75,47,232.3199
ethiopia,13,75-80,47,190.0800
ethiopia,14,80-85,47,21.1200
ethiopia,15,85+,47,0.0000
ethiopia,0,0-15,48,0.0000
ethiopia,1,15-20,48,0.0000
ethiopia,2,20-25,48,21.1200
ethiopia,3,25-30,48,105.6000
ethiopia,4,30-35,48,232.3200
ethiopia,5,35-40,48,316.8000
ethiopia,6,40-45,48,718.0799
ethiopia,7,45-50,48,1013.7598
ethiopia,8,50-55,48,1140.4797
ethiopia,9,55-60,48,1140.4800
ethiopia,10,60-65,48,971.5198
ethiopia,11,65-70,48,718.0798
ethiopia,12,70-75,48,232.3199
ethiopia,13,75-80,48,190.0800
ethiopia,14,80-85,48,21.1200
ethiopia,15,85+,48,0.0000
ethiopia,0,0-15,49,0.0000
ethiopia,1,15-20,49,0.0000
ethiopia,2,20-25,49,21.1200
ethiopia,3,25-30,49,105.6000
ethiopia,4,30-35,49,232.3200
ethiopia,5,35-40,49,316.8000
ethiopia,6,40-45,49,718.0799
ethiopia,7,45-50,49,1013.7598
ethiopia,8,50-55,49,1140.4797
ethiopia,9,55-60,49,1140.4800
ethiopia,10,60-65,49,971.5198
ethiopia,11,65-70,49,718.0798
ethiopia,12,70-75,49,232.3199
ethiopia,13,75-80,49,190.0800
ethiopia,14,80-85,49,21.1200
ethiopia,15,85+,49,0.0000
ethiopia,0,0-15,50,0.0000
ethiopia,1,15-20,50,0.0000
ethiopia,2,20-25,50,21.1200
ethiopia,3,25-30,50,105.6000
ethiopia,4,30-35,50,232.3200
ethiopia,5,35-40,50,316.8000
ethiopia,6,40-45,50,718.0799
ethiopia,7,45-50,50,1013.7598
ethiopia,8,50-55,50,1140.4797
ethiopia,9,55-60,50,1140.4800
ethiopia,10,60-65,50,971.5198
ethiopia,11,65-70,50,718.0798
ethiopia,12,70-75,50,232.3199
ethiopia,13,75-80,50,190.0800
ethiopia,14,80-85,50,21.1200
ethiopia,15,85+,50,0.0000
ethiopia,0,0-15,51,0.0000
ethiopia,1,15-20,51,0.0000
ethiopia,2,20-25,51,21.1200
ethiopia,3,25-30,51,105.6000
ethiopia,4,30-35,51,232.3200
ethiopia,5,35-40,51,316.8000
ethiopia,6,40-45,51,718.0799
ethiopia,7,45-50,51,1013.7598
ethiopia,8,50-55,51,1140.4797
ethiopia,9,55-60,51,1140.4800
ethiopia,10,60-65,51,971.5198
ethiopia,11,65-70,51,718.0798
ethiopia,12,70-75,51,232.3199
ethiopia,13,75-80,51,190.0800
ethiopia,14,80-85,51,21.1200
ethiopia,15,85+,51,0.0000
ethiopia,0,0-15,52,0.0000
ethiopia,1,15-20,52,0.0000
ethiopia,2,20-25,52,21.1200
ethiopia,3,25-30,52,105.6000
ethiopia,4,30-35,52,232.3200
ethiopia,5,35-40,52,316.8000
ethiopia,6,40-45,52,718.0799
ethiopia,7,45-50,52,1013.7598
ethiopia,8,50-55,52,1140.4797
ethiopia,9,55-60,52,1140.4800
ethiopia,10,60-65,52,971.5198
ethiopia,11,65-70,52,718.0798
ethiopia,12,70-75,52,232.3199
ethiopia,13,75-80,52,190.0800
ethiopia,14,80-85,52,21.1200
ethiopia,15,85+,52,0.0000
ethiopia,0,0-15,53,0.0000
ethiopia,1,15-20,53,0.0000
ethiopia,2,20-25,53,21.1200
ethiopia,3,25-30,53,105.6000
ethiopia,4,30-35,53,232.3200
ethiopia,5,35-40,53,316.8000
ethiopia,6,40-45,53,718.0799
ethiopia,7,45-50,53,1013.7598
ethiopia,8,50-55,53,1140.4797
ethiopia,9,55-60,53,1140.4800
ethiopia,10,60-65,53,971.5198
ethiopia,11,65-70,53,718.0798
ethiopia,12,70-75,53,232.3199
ethiopia,13,75-80,53,190.0800
ethiopia,14,80-85,53,21.1200
ethiopia,15,85+,53,0.0000
ethiopia,0,0-15,54,0.0000
ethiopia,1,15-20,54,0.0000
ethiopia,2,20-25,54,21.1200
ethiopia,3,25-30,54,105.6000
ethiopia,4,30-35,54,232.3200
ethiopia,5,35-40,54,316.8000
ethiopia,6,40-45,54,718.0799
ethiopia,7,45-50,54,1013.7598
ethiopia,8,50-55,54,1140.4797
ethiopia,9,55-60,54,1140.4800
ethiopia,10,60-65,54,971.5198
ethiopia,11,65-70,54,718.0798
ethiopia,12,70-75,54,232.3199
ethiopia,13,75-80,54,190.0800
ethiopia,14,80-85,54,21.1200
ethiopia,15,85+,54,0.0000
ethiopia,0,0-15,55,0.0000
ethiopia,1,15-20,55,0.0000
ethiopia,2,20-25,55,21.1200
ethiopia,3,25-30,55,105.6000
ethiopia,4,30-35,55,232.3200
ethiopia,5,35-40,55,316.8000
ethiopia,6,40-45,55,718.0799
ethiopia,7,45-50,55,1013.7598
ethiopia,8,50-55,55,1140.4797
ethiopia,9,55-60,55,1140.4800
ethiopia,10,60-65,55,971.5198
ethiopia,11,65-70,55,718.0798
ethiopia,12,70-75,55,232.3199
ethiopia,13,75-80,55,190.0800
ethiopia,14,80-85,55,21.1200
ethiopia,15,85+,55,0.0000
ethiopia,0,0-15,56,0.0000
ethiopia,1,15-20,56,0.0000
ethiopia,2,20-25,56,21.1200
ethiopia,3,25-30,56,105.6000
ethiopia,4,30-35,56,232.3200
ethiopia,5,35-40,56,316.8000
ethiopia,6,40-45,56,718.0799
ethiopia,7,45-50,56,1013.7598
ethiopia,8,50-55,56,1140.4797
ethiopia,9,55-60,56,1140.4800
ethiopia,10,60-65,56,971.5198
ethiopia,11,65-70,56,718.0798
ethiopia,12,70-75,56,232.3199
ethiopia,13,75-80,56,190.0800
ethiopia,14,80-85,56,21.1200
ethiopia,15,85+,56,0.0000
ethiopia,0,0-15,57,0.0000
ethiopia,1,15-20,57,0.0000
ethiopia,2,20-25,57,21.1200
ethiopia,3,25-30,57,63.3600
ethiopia,4,30-35,57,316.8000
ethiopia,5,35-40,57,464.6400
ethiopia,6,40-45,57,781.4398
ethiopia,7,45-50,57,929.2798
ethiopia,8,50-55,57,1203.8397
ethiopia,9,55-60,57,1140.4800
ethiopia,10,60-65,57,696.9598
ethiopia,11,65-70,57,549.1199
ethiopia,12,70-75,57,464.6399
ethiopia,13,75-80,57,147.8400
ethiopia,14,80-85,57,21.1200
ethiopia,15,85+,57,0.0000
ethiopia,0,0-15,58,0.0000
ethiopia,1,15-20,58,0.0000
ethiopia,2,20-25,58,21.1200
ethiopia,3,25-30,58,63.3600
ethiopia,4,30-35,58,316.8000
ethiopia,5,35-40,58,464.6400
ethiopia,6,40-45,58,781.4398
ethiopia,7,45-50,58,929.2798
ethiopia,8,50-55,58,1203.8397
ethiopia,9,55-60,58,1140.4800
ethiopia,10,60-65,58,696.9598
ethiopia,11,65-70,58,549.1199
ethiopia,12,70-75,58,464.6399
ethiopia,13,75-80,58,147.8400
ethiopia,14,80-85,58,21.1200
ethiopia,15,85+,58,0.0000
ethiopia,0,0-15,59,0.0000
ethiopia,1,15-20,59,0.0000
ethiopia,2,20-25,59,21.1200
ethiopia,3,25-30,59,63.3600
ethiopia,4,30-35,59,316.8000
ethiopia,5,35-40,59,464.6400
ethiopia,6,40-45,59,781.4398
ethiopia,7,45-50,59,929.2798
ethiopia,8,50-55,59,1203.8397
ethiopia,9,55-60,59,1140.4800
ethiopia,10,60-65,59,696.9598
ethiopia,11,65-70,59,549.1199
ethiopia,12,70-75,59,464.6399
ethiopia,13,75-80,59,147.8400
ethiopia,14,80-85,59,21.1200
ethiopia,15,85+,59,0.0000
ethiopia,0,0-15,60,0.0000
ethiopia,1,15-20,60,21.1200
ethiopia,2,20-25,60,0.0000
ethiopia,3,25-30,60,147.8400
ethiopia,4,30-35,60,232.3200
ethiopia,5,35-40,60,380.1600
ethiopia,6,40-45,60,739.1999
ethiopia,7,45-50,60,929.2798
ethiopia,8,50-55,60,1182.7198
ethiopia,9,55-60,60,1140.4799
ethiopia,10,60-65,60,844.7999
ethiopia,11,65-70,60,760.3198
ethiopia,12,70-75,60,380.1599
ethiopia,13,75-80,60,105.6000
ethiopia,14,80-85,60,42.2400
ethiopia,15,85+,60,21.1200
ethiopia,0,0-15,61,0.0000
ethiopia,1,15-20,61,21.1200
ethiopia,2,20-25,61,0.0000
ethiopia,3,25-30,61,126.7200
ethiopia,4,30-35,61,168.9600
ethiopia,5,35-40,61,443.5200
ethiopia,6,40-45,61,696.9599
ethiopia,7,45-50,61,865.9198
ethiopia,8,50-55,61,971.5198
ethiopia,9,55-60,61,1203.8399
ethiopia,10,60-65,61,696.9599
ethiopia,11,65-70,61,654.7198
ethiopia,12,70-75,61,401.2799
ethiopia,13,75-80,61,147.8400
ethiopia,14,80-85,61,105.6000
ethiopia,15,85+,61,0.0000
ethiopia,0,0-15,62,0.0000
ethiopia,1,15-20,62,21.1200
ethiopia,2,20-25,62,0.0000
ethiopia,3,25-30,62,126.7200
ethiopia,4,30-35,62,168.9600
ethiopia,5,35-40,62,443.5200
ethiopia,6,40-45,62,696.9599
ethiopia,7,45-50,62,865.9198
ethiopia,8,50-55,62,971.5198
ethiopia,9,55-60,62,1203.8399
ethiopia,10,60-65,62,696.9599
ethiopia,11,65-70,62,654.7198
ethiopia,12,70-75,62,401.2799
ethiopia,13,75-80,62,147.8400
ethiopia,14,80-85,62,105.6000
ethiopia,15,85+,62,0.0000
ethiopia,0,0-15,63,0.0000
ethiopia,1,15-20,63,21.1200
ethiopia,2,20-25,63,0.0000
ethiopia,3,25-30,63,126.7200
ethiopia,4,30-35,63,168.9600
ethiopia,5,35-40,63,443.5200
ethiopia,6,40-45,63,696.9599
ethiopia,7,45-50,63,865.9198
ethiopia,8,50-55,63,971.5198
ethiopia,9,55-60,63,1203.8399
ethiopia,10,60-65,63,696.9599
ethiopia,11,65-70,63,654.7198
ethiopia,12,70-75,63,401.2799
ethiopia,13,75-80,63,147.8400
ethiopia,14,80-85,63,105.6000
ethiopia,15,85+,63,0.0000
ethiopia,0,0-15,64,0.0000
ethiopia,1,15-20,64,21.1200
ethiopia,2,20-25,64,0.0000
ethiopia,3,25-30,64,126.7200
ethiopia,4,30-35,64,168.9600
ethiopia,5,35-40,64,443.5200
ethiopia,6,40-45,64,696.9599
ethiopia,7,45-50,64,865.9198
ethiopia,8,50-55,64,971.5198
ethiopia,9,55-60,64,1203.8399
ethiopia,10,60-65,64,696.9599
ethiopia,11,65-70,64,654.7198
ethiopia,12,70-75,64,401.2799
ethiopia,13,75-80,64,147.8400
ethiopia,14,80-85,64,105.6000
ethiopia,15,85+,64,0.0000
ethiopia,0,0-15,65,0.0000
ethiopia,1,15-20,65,21.1200
ethiopia,2,20-25,65,0.0000
ethiopia,3,25-30,65,126.7200
ethiopia,4,30-35,65,168.9600
ethiopia,5,35-40,65,443.5200
ethiopia,6,40-45,65,696.9599
ethiopia,7,45-50,65,865.9198
ethiopia,8,50-55,65,971.5198
ethiopia,9,55-60,65,1203.8399
ethiopia,10,60-65,65,696.9599
ethiopia,11,65-70,65,654.7198
ethiopia,12,70-75,65,401.2799
ethiopia,13,75-80,65,147.8400
ethiopia,14,80-85,65,105.6000
ethiopia,15,85+,65,0.0000
ethiopia,0,0-15,66,0.0000
ethiopia,1,15-20,66,21.1200
ethiopia,2,20-25,66,0.0000
ethiopia,3,25-30,66,126.7200
ethiopia,4,30-35,66,168.9600
ethiopia,5,35-40,66,443.5200
ethiopia,6,40-45,66,696.9599
ethiopia,7,45-50,66,865.9198
ethiopia,8,50-55,66,971.5198
ethiopia,9,55-60,66,1203.8399
ethiopia,10,60-65,66,696.9599
ethiopia,11,65-70,66,654.7198
ethiopia,12,70-75,66,401.2799
ethiopia,13,75-80,66,147.8400
ethiopia,14,80-85,66,105.6000
ethiopia,15,85+,66,0.0000
ethiopia,0,0-15,67,0.0000
ethiopia,1,15-20,67,0.0000
ethiopia,2,20-25,67,0.0000
ethiopia,3,25-30,67,84.4800
ethiopia,4,30-35,67,295.6800
ethiopia,5,35-40,67,570.2400
ethiopia,6,40-45,67,718.0799
ethiopia,7,45-50,67,908.1598
ethiopia,8,50-55,67,1077.1198
ethiopia,9,55-60,67,1351.6798
ethiopia,10,60-65,67,1013.7598
ethiopia,11,65-70,67,760.3198
ethiopia,12,70-75,67,380.1604
ethiopia,13,75-80,67,168.9600
ethiopia,14,80-85,67,21.1200
ethiopia,15,85+,67,21.1200
ethiopia,0,0-15,68,0.0000
ethiopia,1,15-20,68,0.0000
ethiopia,2,20-25,68,0.0000
ethiopia,3,25-30,68,63.3600
ethiopia,4,30-35,68,190.0800
ethiopia,5,35-40,68,359.0400
ethiopia,6,40-45,68,696.9599
ethiopia,7,45-50,68,908.1598
ethiopia,8,50-55,68,1034.8798
ethiopia,9,55-60,68,1203.8399
ethiopia,10,60-65,68,971.5198
ethiopia,11,65-70,68,549.1199
ethiopia,12,70-75,68,549.1199
ethiopia,13,75-80,68,168.9600
ethiopia,14,80-85,68,42.2400
ethiopia,15,85+,68,42.2400
ethiopia,0,0-15,69,0.0000
ethiopia,1,15-20,69,0.0000
ethiopia,2,20-25,69,0.0000
ethiopia,3,25-30,69,84.4800
ethiopia,4,30-35,69,337.9200
ethiopia,5,35-40,69,211.2000
ethiopia,6,40-45,69,908.1599
ethiopia,7,45-50,69,823.6798
ethiopia,8,50-55,69,1372.7997
ethiopia,9,55-60,69,1077.1199
ethiopia,10,60-65,69,908.1598
ethiopia,11,65-70,69,696.9599
ethiopia,12,70-75,69,506.8801
ethiopia,13,75-80,69,232.3201
ethiopia,14,80-85,69,63.3601
ethiopia,15,85+,69,21.1200
ethiopia,0,0-15,70,0.0000
ethiopia,1,15-20,70,0.0000
ethiopia,2,20-25,70,0.0000
ethiopia,3,25-30,70,84.4800
ethiopia,4,30-35,70,337.9200
ethiopia,5,35-40,70,211.2000
ethiopia,6,40-45,70,908.1599
ethiopia,7,45-50,70,823.6798
ethiopia,8,50-55,70,1372.7997
ethiopia,9,55-60,70,1077.1199
ethiopia,10,60-65,70,908.1598
ethiopia,11,65-70,70,696.9599
ethiopia,12,70-75,70,506.8801
ethiopia,13,75-80,70,232.3201
ethiopia,14,80-85,70,63.3601
ethiopia,15,85+,70,21.1200
ethiopia,0,0-15,71,0.0000
ethiopia,1,15-20,71,0.0000
ethiopia,2,20-25,71,0.0000
ethiopia,3,25-30,71,84.4800
ethiopia,4,30-35,71,337.9200
ethiopia,5,35-40,71,211.2000
ethiopia,6,40-45,71,908.1599
ethiopia,7,45-50,71,823.6798
ethiopia,8,50-55,71,1372.7997
ethiopia,9,55-60,71,1077.1199
ethiopia,10,60-65,71,908.1598
ethiopia,11,65-70,71,696.9599
ethiopia,12,70-75,71,506.8801
ethiopia,13,75-80,71,232.3201
ethiopia,14,80-85,71,63.3601
ethiopia,15,85+,71,21.1200
ethiopia,0,0-15,72,0.0000
ethiopia,1,15-20,72,0.0000
ethiopia,2,20-25,72,21.1200
ethiopia,3,25-30,72,84.4800
ethiopia,4,30-35,72,401.2800
ethiopia,5,35-40,72,380.1600
ethiopia,6,40-45,72,675.8399
ethiopia,7,45-50,72,865.9198
ethiopia,8,50-55,72,1415.0397
ethiopia,9,55-60,72,1055.9999
ethiopia,10,60-65,72,823.6799
ethiopia,11,65-70,72,718.0798
ethiopia,12,70-75,72,464.6407
ethiopia,13,75-80,72,232.3203
ethiopia,14,80-85,72,42.2401
ethiopia,15,85+,72,21.1200
ethiopia,0,0-15,73,0.0000
ethiopia,1,15-20,73,0.0000
ethiopia,2,20-25,73,21.1200
ethiopia,3,25-30,73,105.6000
ethiopia,4,30-35,73,253.4400
ethiopia,5,35-40,73,401.2800
ethiopia,6,40-45,73,633.5999
ethiopia,7,45-50,73,887.0398
ethiopia,8,50-55,73,1372.7997
ethiopia,9,55-60,73,1161.5999
ethiopia,10,60-65,73,865.9198
ethiopia,11,65-70,73,654.7198
ethiopia,12,70-75,73,506.8806
ethiopia,13,75-80,73,168.9601
ethiopia,14,80-85,73,84.4801
ethiopia,15,85+,73,42.2401
ethiopia,0,0-15,74,0.0000
ethiopia,1,15-20,74,0.0000
ethiopia,2,20-25,74,21.1200
ethiopia,3,25-30,74,42.2400
ethiopia,4,30-35,74,168.9600
ethiopia,5,35-40,74,253.4400
ethiopia,6,40-45,74,739.1999
ethiopia,7,45-50,74,802.5598
ethiopia,8,50-55,74,1013.7598
ethiopia,9,55-60,74,992.6399
ethiopia,10,60-65,74,1013.7599
ethiopia,11,65-70,74,633.5999
ethiopia,12,70-75,74,422.3999
ethiopia,13,75-80,74,105.6000
ethiopia,14,80-85,74,63.3600
ethiopia,15,85+,74,42.2400
ethiopia,0,0-15,75,0.0000
ethiopia,1,15-20,75,0.0000
ethiopia,2,20-25,75,21.1200
ethiopia,3,25-30,75,105.6000
ethiopia,4,30-35,75,316.8000
ethiopia,5,35-40,75,528.0000
ethiopia,6,40-45,75,506.8799
ethiopia,7,45-50,75,1034.8798
ethiopia,8,50-55,75,950.3998
ethiopia,9,55-60,75,1077.1200
ethiopia,10,60-65,75,1119.3597
ethiopia,11,65-70,75,549.1199
ethiopia,12,70-75,75,295.6799
ethiopia,13,75-80,75,190.0800
ethiopia,14,80-85,75,126.7200
ethiopia,15,85+,75,42.2400
ethiopia,0,0-15,76,0.0000
ethiopia,1,15-20,76,0.0000
ethiopia,2,20-25,76,21.1200
ethiopia,3,25-30,76,105.6000
ethiopia,4,30-35,76,316.8000
ethiopia,5,35-40,76,528.0000
ethiopia,6,40-45,76,506.8799
ethiopia,7,45-50,76,1034.8798
ethiopia,8,50-55,76,950.3998
ethiopia,9,55-60,76,1077.1200
ethiopia,10,60-65,76,1119.3597
ethiopia,11,65-70,76,549.1199
ethiopia,12,70-75,76,295.6799
ethiopia,13,75-80,76,190.0800
ethiopia,14,80-85,76,126.7200
ethiopia,15,85+,76,42.2400
ethiopia,0,0-15,77,0.0000
ethiopia,1,15-20,77,0.0000
ethiopia,2,20-25,77,21.1200
ethiopia,3,25-30,77,105.6000
ethiopia,4,30-35,77,316.8000
ethiopia,5,35-40,77,528.0000
ethiopia,6,40-45,77,506.8799
ethiopia,7,45-50,77,1034.8798
ethiopia,8,50-55,77,950.3998
ethiopia,9,55-60,77,1077.1200
ethiopia,10,60-65,77,1119.3597
ethiopia,11,65-70,77,549.1199
ethiopia,12,70-75,77,295.6799
ethiopia,13,75-80,77,190.0800
ethiopia,14,80-85,77,126.7200
ethiopia,15,85+,77,42.2400
ethiopia,0,0-15,78,0.0000
ethiopia,1,15-20,78,0.0000
ethiopia,2,20-25,78,21.1200
ethiopia,3,25-30,78,105.6000
ethiopia,4,30-35,78,316.8000
ethiopia,5,35-40,78,528.0000
ethiopia,6,40-45,78,506.8799
ethiopia,7,45-50,78,1034.8798
ethiopia,8,50-55,78,950.3998
ethiopia,9,55-60,78,1077.1200
ethiopia,10,60-65,78,1119.3597
ethiopia,11,65-70,78,549.1199
ethiopia,12,70-75,78,295.6799
ethiopia,13,75-80,78,190.0800
ethiopia,14,80-85,78,126.7200
ethiopia,15,85+,78,42.2400
ethiopia,0,0-15,79,0.0000
ethiopia,1,15-20,79,0.0000
ethiopia,2,20-25,79,21.1200
ethiopia,3,25-30,79,105.6000
ethiopia,4,30-35,79,316.8000
ethiopia,5,35-40,79,528.0000
ethiopia,6,40-45,79,506.8799
ethiopia,7,45-50,79,1034.8798
ethiopia,8,50-55,79,950.3998
ethiopia,9,55-60,79,1077.1200
ethiopia,10,60-65,79,1119.3597
ethiopia,11,65-70,79,549.1199
ethiopia,12,70-75,79,295.6799
ethiopia,13,75-80,79,190.0800
ethiopia,14,80-85,79,126.7200
ethiopia,15,85+,79,42.2400
ethiopia,0,0-15,80,0.0000
ethiopia,1,15-20,80,0.0000
ethiopia,2,20-25,80,21.1200
ethiopia,3,25-30,80,105.6000
ethiopia,4,30-35,80,316.8000
ethiopia,5,35-40,80,528.0000
ethiopia,6,40-45,80,506.8799
ethiopia,7,45-50,80,1034.8798
ethiopia,8,50-55,80,950.3998
ethiopia,9,55-60,80,1077.1200
ethiopia,10,60-65,80,1119.3597
ethiopia,11,65-70,80,549.1199
ethiopia,12,70-75,80,295.6799
ethiopia,13,75-80,80,190.0800
ethiopia,14,80-85,80,126.7200
ethiopia,15,85+,80,42.2400
ethiopia,0,0-15,81,0.0000
ethiopia,1,15-20,81,0.0000
ethiopia,2,20-25,81,21.1200
ethiopia,3,25-30,81,105.6000
ethiopia,4,30-35,81,316.8000
ethiopia,5,35-40,81,528.0000
ethiopia,6,40-45,81,506.8799
ethiopia,7,45-50,81,1034.8798
ethiopia,8,50-55,81,950.3998
ethiopia,9,55-60,81,1077.1200
ethiopia,10,60-65,81,1119.3597
ethiopia,11,65-70,81,549.1199
ethiopia,12,70-75,81,295.6799
ethiopia,13,75-80,81,190.0800
ethiopia,14,80-85,81,126.7200
ethiopia,15,85+,81,42.2400
ethiopia,0,0-15,82,0.0000
ethiopia,1,15-20,82,0.0000
ethiopia,2,20-25,82,21.1200
ethiopia,3,25-30,82,105.6000
ethiopia,4,30-35,82,316.8000
ethiopia,5,35-40,82,528.0000
ethiopia,6,40-45,82,506.8799
ethiopia,7,45-50,82,1034.8798
ethiopia,8,50-55,82,950.3998
ethiopia,9,55-60,82,1077.1200
ethiopia,10,60-65,82,1119.3597
ethiopia,11,65-70,82,549.1199
ethiopia,12,70-75,82,295.6799
ethiopia,13,75-80,82,190.0800
ethiopia,14,80-85,82,126.7200
ethiopia,15,85+,82,42.2400
ethiopia,0,0-15,83,0.0000
ethiopia,1,15-20,83,0.0000
ethiopia,2,20-25,83,21.1200
ethiopia,3,25-30,83,105.6000
ethiopia,4,30-35,83,316.8000
ethiopia,5,35-40,83,528.0000
ethiopia,6,40-45,83,506.8799
ethiopia,7,45-50,83,1034.8798
ethiopia,8,50-55,83,950.3998
ethiopia,9,55-60,83,1077.1200
ethiopia,10,60-65,83,1119.3597
ethiopia,11,65-70,83,549.1199
ethiopia,12,70-75,83,295.6799
ethiopia,13,75-80,83,190.0800
ethiopia,14,80-85,83,126.7200
ethiopia,15,85+,83,42.2400
ethiopia,0,0-15,84,0.0000
ethiopia,1,15-20,84,0.0000
ethiopia,2,20-25,84,0.0000
ethiopia,3,25-30,84,211.2000
ethiopia,4,30-35,84,316.8000
ethiopia,5,35-40,84,422.3999
ethiopia,6,40-45,84,718.0799
ethiopia,7,45-50,84,1055.9998
ethiopia,8,50-55,84,1288.3199
ethiopia,9,55-60,84,1098.2398
ethiopia,10,60-65,84,971.5198
ethiopia,11,65-70,84,485.7599
ethiopia,12,70-75,84,359.0399
ethiopia,13,75-80,84,232.3199
ethiopia,14,80-85,84,42.2400
ethiopia,15,85+,84,21.1200
ethiopia,0,0-15,85,0.0000
ethiopia,1,15-20,85,0.0000
ethiopia,2,20-25,85,21.1200
ethiopia,3,25-30,85,42.2400
ethiopia,4,30-35,85,274.5600
ethiopia,5,35-40,85,464.6400
ethiopia,6,40-45,85,844.7999
ethiopia,7,45-50,85,1034.8798
ethiopia,8,50-55,85,1224.9598
ethiopia,9,55-60,85,1288.3198
ethiopia,10,60-65,85,865.9198
ethiopia,11,65-70,85,696.9598
ethiopia,12,70-75,85,359.0399
ethiopia,13,75-80,85,232.3208
ethiopia,14,80-85,85,21.1201
ethiopia,15,85+,85,0.0000
ethiopia,0,0-15,86,0.0000
ethiopia,1,15-20,86,0.0000
ethiopia,2,20-25,86,21.1200
ethiopia,3,25-30,86,105.6000
ethiopia,4,30-35,86,274.5600
ethiopia,5,35-40,86,485.7600
ethiopia,6,40-45,86,696.9599
ethiopia,7,45-50,86,1098.2397
ethiopia,8,50-55,86,1351.6797
ethiopia,9,55-60,86,1224.9599
ethiopia,10,60-65,86,865.9198
ethiopia,11,65-70,86,464.6399
ethiopia,12,70-75,86,485.7604
ethiopia,13,75-80,86,190.0802
ethiopia,14,80-85,86,126.7202
ethiopia,15,85+,86,21.1200
ethiopia,0,0-15,87,0.0000
ethiopia,1,15-20,87,0.0000
ethiopia,2,20-25,87,0.0000
ethiopia,3,25-30,87,105.6000
ethiopia,4,30-35,87,211.2000
ethiopia,5,35-40,87,359.0400
ethiopia,6,40-45,87,781.4399
ethiopia,7,45-50,87,1077.1198
ethiopia,8,50-55,87,1140.4798
ethiopia,9,55-60,87,1267.1998
ethiopia,10,60-65,87,887.0399
ethiopia,11,65-70,87,612.4799
ethiopia,12,70-75,87,211.2000
ethiopia,13,75-80,87,274.5601
ethiopia,14,80-85,87,126.7202
ethiopia,15,85+,87,42.2400
ethiopia,0,0-15,88,0.0000
ethiopia,1,15-20,88,0.0000
ethiopia,2,20-25,88,0.0000
ethiopia,3,25-30,88,42.2400
ethiopia,4,30-35,88,147.8400
ethiopia,5,35-40,88,570.2400
ethiopia,6,40-45,88,654.7199
ethiopia,7,45-50,88,950.3998
ethiopia,8,50-55,88,1203.8398
ethiopia,9,55-60,88,971.5198
ethiopia,10,60-65,88,1034.8798
ethiopia,11,65-70,88,675.8402
ethiopia,12,70-75,88,253.4401
ethiopia,13,75-80,88,232.3203
ethiopia,14,80-85,88,84.4801
ethiopia,15,85+,88,0.0000
ethiopia,0,0-15,89,0.0000
ethiopia,1,15-20,89,0.0000
ethiopia,2,20-25,89,0.0000
ethiopia,3,25-30,89,42.2400
ethiopia,4,30-35,89,147.8400
ethiopia,5,35-40,89,570.2400
ethiopia,6,40-45,89,654.7199
ethiopia,7,45-50,89,950.3998
ethiopia,8,50-55,89,1203.8398
ethiopia,9,55-60,89,971.5198
ethiopia,10,60-65,89,1034.8798
ethiopia,11,65-70,89,675.8402
ethiopia,12,70-75,89,253.4401
ethiopia,13,75-80,89,232.3203
ethiopia,14,80-85,89,84.4801
ethiopia,15,85+,89,0.0000
ethiopia,0,0-15,90,0.0000
ethiopia,1,15-20,90,0.0000
ethiopia,2,20-25,90,0.0000
ethiopia,3,25-30,90,42.2400
ethiopia,4,30-35,90,147.8400
ethiopia,5,35-40,90,570.2400
ethiopia,6,40-45,90,654.7199
ethiopia,7,45-50,90,950.3998
ethiopia,8,50-55,90,1203.8398
ethiopia,9,55-60,90,971.5198
ethiopia,10,60-65,90,1034.8798
ethiopia,11,65-70,90,675.8402
ethiopia,12,70-75,90,253.4401
ethiopia,13,75-80,90,232.3203
ethiopia,14,80-85,90,84.4801
ethiopia,15,85+,90,0.0000
ethiopia,0,0-15,91,0.0000
ethiopia,1,15-20,91,0.0000
ethiopia,2,20-25,91,0.0000
ethiopia,3,25-30,91,42.2400
ethiopia,4,30-35,91,147.8400
ethiopia,5,35-40,91,570.2400
ethiopia,6,40-45,91,654.7199
ethiopia,7,45-50,91,950.3998
ethiopia,8,50-55,91,1203.8398
ethiopia,9,55-60,91,971.5198
ethiopia,10,60-65,91,1034.8798
ethiopia,11,65-70,91,675.8402
ethiopia,12,70-75,91,253.4401
ethiopia,13,75-80,91,232.3203
ethiopia,14,80-85,91,84.4801
ethiopia,15,85+,91,0.0000
ethiopia,0,0-15,92,0.0000
ethiopia,1,15-20,92,0.0000
ethiopia,2,20-25,92,0.0000
ethiopia,3,25-30,92,42.2400
ethiopia,4,30-35,92,147.8400
ethiopia,5,35-40,92,570.2400
ethiopia,6,40-45,92,654.7199
ethiopia,7,45-50,92,950.3998
ethiopia,8,50-55,92,1203.8398
ethiopia,9,55-60,92,971.5198
ethiopia,10,60-65,92,1034.8798
ethiopia,11,65-70,92,675.8402
ethiopia,12,70-75,92,253.4401
ethiopia,13,75-80,92,232.3203
ethiopia,14,80-85,92,84.4801
ethiopia,15,85+,92,0.0000
ethiopia,0,0-15,93,0.0000
ethiopia,1,15-20,93,0.0000
ethiopia,2,20-25,93,0.0000
ethiopia,3,25-30,93,42.2400
ethiopia,4,30-35,93,147.8400
ethiopia,5,35-40,93,570.2400
ethiopia,6,40-45,93,654.7199
ethiopia,7,45-50,93,950.3998
ethiopia,8,50-55,93,1203.8398
ethiopia,9,55-60,93,971.5198
ethiopia,10,60-65,93,1034.8798
ethiopia,11,65-70,93,675.8402
ethiopia,12,70-75,93,253.4401
ethiopia,13,75-80,93,232.3203
ethiopia,14,80-85,93,84.4801
ethiopia,15,85+,93,0.0000
ethiopia,0,0-15,94,0.0000
ethiopia,1,15-20,94,0.0000
ethiopia,2,20-25,94,42.2400
ethiopia,3,25-30,94,126.7200
ethiopia,4,30-35,94,337.9200
ethiopia,5,35-40,94,401.2800
ethiopia,6,40-45,94,675.8399
ethiopia,7,45-50,94,1013.7598
ethiopia,8,50-55,94,1267.1998
ethiopia,9,55-60,94,1203.8398
ethiopia,10,60-65,94,781.4399
ethiopia,11,65-70,94,464.6399
ethiopia,12,70-75,94,570.2399
ethiopia,13,75-80,94,84.4800
ethiopia,14,80-85,94,63.3600
ethiopia,15,85+,94,42.2400
ethiopia,0,0-15,95,0.0000
ethiopia,1,15-20,95,0.0000
ethiopia,2,20-25,95,42.2400
ethiopia,3,25-30,95,126.7200
ethiopia,4,30-35,95,337.9200
ethiopia,5,35-40,95,401.2800
ethiopia,6,40-45,95,675.8399
ethiopia,7,45-50,95,1013.7598
ethiopia,8,50-55,95,1267.1998
ethiopia,9,55-60,95,1203.8398
ethiopia,10,60-65,95,781.4399
ethiopia,11,65-70,95,464.6399
ethiopia,12,70-75,95,570.2399
ethiopia,13,75-80,95,84.4800
ethiopia,14,80-85,95,63.3600
ethiopia,15,85+,95,42.2400
ethiopia,0,0-15,96,0.0000
ethiopia,1,15-20,96,0.0000
ethiopia,2,20-25,96,42.2400
ethiopia,3,25-30,96,126.7200
ethiopia,4,30-35,96,337.9200
ethiopia,5,35-40,96,401.2800
ethiopia,6,40-45,96,675.8399
ethiopia,7,45-50,96,1013.7598
ethiopia,8,50-55,96,1267.1998
ethiopia,9,55-60,96,1203.8398
ethiopia,10,60-65,96,781.4399
ethiopia,11,65-70,96,464.6399
ethiopia,12,70-75,96,570.2399
ethiopia,13,75-80,96,84.4800
ethiopia,14,80-85,96,63.3600
ethiopia,15,85+,96,42.2400
ethiopia,0,0-15,97,0.0000
ethiopia,1,15-20,97,0.0000
ethiopia,2,20-25,97,0.0000
ethiopia,3,25-30,97,42.2400
ethiopia,4,30-35,97,211.2000
ethiopia,5,35-40,97,422.4000
ethiopia,6,40-45,97,654.7199
ethiopia,7,45-50,97,950.3998
ethiopia,8,50-55,97,950.3998
ethiopia,9,55-60,97,1330.5599
ethiopia,10,60-65,97,823.6798
ethiopia,11,65-70,97,929.2798
ethiopia,12,70-75,97,527.9999
ethiopia,13,75-80,97,274.5599
ethiopia,14,80-85,97,126.7201
ethiopia,15,85+,97,21.1201
ethiopia,0,0-15,98,0.0000
ethiopia,1,15-20,98,0.0000
ethiopia,2,20-25,98,0.0000
ethiopia,3,25-30,98,42.2400
ethiopia,4,30-35,98,211.2000
ethiopia,5,35-40,98,422.4000
ethiopia,6,40-45,98,654.7199
ethiopia,7,45-50,98,950.3998
ethiopia,8,50-55,98,950.3998
ethiopia,9,55-60,98,1330.5599
ethiopia,10,60-65,98,823.6798
ethiopia,11,65-70,98,929.2798
ethiopia,12,70-75,98,527.9999
ethiopia,13,75-80,98,274.5599
ethiopia,14,80-85,98,126.7201
ethiopia,15,85+,98,21.1201
ethiopia,0,0-15,99,0.0000
ethiopia,1,15-20,99,0.0000
ethiopia,2,20-25,99,63.3600
ethiopia,3,25-30,99,42.2400
ethiopia,4,30-35,99,190.0800
ethiopia,5,35-40,99,570.2400
ethiopia,6,40-45,99,802.5599
ethiopia,7,45-50,99,1267.1997
ethiopia,8,50-55,99,1288.3198
ethiopia,9,55-60,99,1203.8398
ethiopia,10,60-65,99,929.2798
ethiopia,11,65-70,99,760.3203
ethiopia,12,70-75,99,401.2802
ethiopia,13,75-80,99,274.5608
ethiopia,14,80-85,99,105.6003
ethiopia,15,85+,99,42.2401
gambia,0,0-15,0,0.0000
gambia,1,15-20,0,0.3927
gambia,2,20-25,0,6.6761
gambia,3,25-30,0,16.4939
gambia,4,30-35,0,29.4533
gambia,5,35-40,0,36.1294
gambia,6,40-45,0,29.8461
gambia,7,45-50,0,32.9878
gambia,8,50-55,0,23.9554
gambia,9,55-60,0,18.0647
gambia,10,60-65,0,14.1376
gambia,11,65-70,0,8.2469
gambia,12,70-75,0,3.9271
gambia,13,75-80,0,0.3927
gambia,14,80-85,0,1.5708
gambia,15,85+,0,0.3927
gambia,0,0-15,1,0.0000
gambia,1,15-20,1,0.0000
gambia,2,20-25,1,3.1417
gambia,3,25-30,1,18.8501
gambia,4,30-35,1,31.4169
gambia,5,35-40,1,31.8096
gambia,6,40-45,1,43.1983
gambia,7,45-50,1,32.2024
gambia,8,50-55,1,24.3481
gambia,9,55-60,1,18.4574
gambia,10,60-65,1,11.7813
gambia,11,65-70,1,10.9959
gambia,12,70-75,1,4.3198
gambia,13,75-80,1,2.7490
gambia,14,80-85,1,0.0000
gambia,15,85+,1,0.3927
gambia,0,0-15,2,0.0000
gambia,1,15-20,2,0.0000
gambia,2,20-25,2,4.3198
gambia,3,25-30,2,19.2428
gambia,4,30-35,2,31.0242
gambia,5,35-40,2,33.3805
gambia,6,40-45,2,33.3805
gambia,7,45-50,2,32.5951
gambia,8,50-55,2,20.0283
gambia,9,55-60,2,21.9919
gambia,10,60-65,2,15.3158
gambia,11,65-70,2,7.4615
gambia,12,70-75,2,2.7490
gambia,13,75-80,2,3.1417
gambia,14,80-85,2,0.7854
gambia,15,85+,2,0.0000
gambia,0,0-15,3,0.0000
gambia,1,15-20,3,0.0000
gambia,2,20-25,3,4.3198
gambia,3,25-30,3,19.2428
gambia,4,30-35,3,31.0242
gambia,5,35-40,3,33.3805
gambia,6,40-45,3,33.3805
gambia,7,45-50,3,32.5951
gambia,8,50-55,3,20.0283
gambia,9,55-60,3,21.9919
gambia,10,60-65,3,15.3158
gambia,11,65-70,3,7.4615
gambia,12,70-75,3,2.7490
gambia,13,75-80,3,3.1417
gambia,14,80-85,3,0.7854
gambia,15,85+,3,0.0000
gambia,0,0-15,4,0.0000
gambia,1,15-20,4,0.0000
gambia,2,20-25,4,4.3198
gambia,3,25-30,4,19.2428
gambia,4,30-35,4,31.0242
gambia,5,35-40,4,33.3805
gambia,6,40-45,4,33.3805
gambia,7,45-50,4,32.5951
gambia,8,50-55,4,20.0283
gambia,9,55-60,4,21.9919
gambia,10,60-65,4,15.3158
gambia,11,65-70,4,7.4615
gambia,12,70-75,4,2.7490
gambia,13,75-80,4,3.1417
gambia,14,80-85,4,0.7854
gambia,15,85+,4,0.0000
gambia,0,0-15,5,0.0000
gambia,1,15-20,5,0.0000
gambia,2,20-25,5,4.3198
gambia,3,25-30,5,19.2428
gambia,4,30-35,5,31.0242
gambia,5,35-40,5,33.3805
gambia,6,40-45,5,33.3805
gambia,7,45-50,5,32.5951
gambia,8,50-55,5,20.0283
gambia,9,55-60,5,21.9919
gambia,10,60-65,5,15.3158
gambia,11,65-70,5,7.4615
gambia,12,70-75,5,2.7490
gambia,13,75-80,5,3.1417
gambia,14,80-85,5,0.7854
gambia,15,85+,5,0.0000
gambia,0,0-15,6,0.0000
gambia,1,15-20,6,0.0000
gambia,2,20-25,6,4.3198
gambia,3,25-30,6,19.2428
gambia,4,30-35,6,31.0242
gambia,5,35-40,6,33.3805
gambia,6,40-45,6,33.3805
gambia,7,45-50,6,32.5951
gambia,8,50-55,6,20.0283
gambia,9,55-60,6,21.9919
gambia,10,60-65,6,15.3158
gambia,11,65-70,6,7.4615
gambia,12,70-75,6,2.7490
gambia,13,75-80,6,3.1417
gambia,14,80-85,6,0.7854
gambia,15,85+,6,0.0000
gambia,0,0-15,7,0.0000
gambia,1,15-20,7,0.0000
gambia,2,20-25,7,4.3198
gambia,3,25-30,7,19.2428
gambia,4,30-35,7,31.0242
gambia,5,35-40,7,33.3805
gambia,6,40-45,7,33.3805
gambia,7,45-50,7,32.5951
gambia,8,50-55,7,20.0283
gambia,9,55-60,7,21.9919
gambia,10,60-65,7,15.3158
gambia,11,65-70,7,7.4615
gambia,12,70-75,7,2.7490
gambia,13,75-80,7,3.1417
gambia,14,80-85,7,0.7854
gambia,15,85+,7,0.0000
gambia,0,0-15,8,0.0000
gambia,1,15-20,8,0.0000
gambia,2,20-25,8,3.5344
gambia,3,25-30,8,15.7084
gambia,4,30-35,8,28.2752
gambia,5,35-40,8,34.1659
gambia,6,40-45,8,33.7732
gambia,7,45-50,8,34.5586
gambia,8,50-55,8,29.0607
gambia,9,55-60,8,20.4210
gambia,10,60-65,8,10.2105
gambia,11,65-70,8,9.8178
gambia,12,70-75,8,5.1053
gambia,13,75-80,8,3.9271
gambia,14,80-85,8,0.3927
gambia,15,85+,8,0.0000
gambia,0,0-15,9,0.0000
gambia,1,15-20,9,0.3927
gambia,2,20-25,9,3.9271
gambia,3,25-30,9,10.2105
gambia,4,30-35,9,27.0971
gambia,5,35-40,9,33.3804
gambia,6,40-45,9,34.5586
gambia,7,45-50,9,31.0242
gambia,8,50-55,9,25.1335
gambia,9,55-60,9,19.2429
gambia,10,60-65,9,13.3522
gambia,11,65-70,9,7.0688
gambia,12,70-75,9,3.9271
gambia,13,75-80,9,3.1417
gambia,14,80-85,9,1.1781
gambia,15,85+,9,0.0000
gambia,0,0-15,10,0.0000
gambia,1,15-20,10,0.3927
gambia,2,20-25,10,3.1417
gambia,3,25-30,10,18.0647
gambia,4,30-35,10,25.1335
gambia,5,35-40,10,34.1659
gambia,6,40-45,10,36.5222
gambia,7,45-50,10,27.0971
gambia,8,50-55,10,24.3481
gambia,9,55-60,10,18.8502
gambia,10,60-65,10,12.1741
gambia,11,65-70,10,8.2469
gambia,12,70-75,10,4.3198
gambia,13,75-80,10,0.3927
gambia,14,80-85,10,0.7854
gambia,15,85+,10,0.0000
gambia,0,0-15,11,0.0000
gambia,1,15-20,11,0.0000
gambia,2,20-25,11,3.1417
gambia,3,25-30,11,12.5668
gambia,4,30-35,11,29.4533
gambia,5,35-40,11,32.5950
gambia,6,40-45,11,31.4169
gambia,7,45-50,11,32.9878
gambia,8,50-55,11,29.4534
gambia,9,55-60,11,20.8137
gambia,10,60-65,11,13.3522
gambia,11,65-70,11,7.8542
gambia,12,70-75,11,3.9271
gambia,13,75-80,11,2.7490
gambia,14,80-85,11,0.7854
gambia,15,85+,11,0.3927
gambia,0,0-15,12,0.0000
gambia,1,15-20,12,0.0000
gambia,2,20-25,12,1.9636
gambia,3,25-30,12,13.3522
gambia,4,30-35,12,27.4898
gambia,5,35-40,12,35.7367
gambia,6,40-45,12,32.5951
gambia,7,45-50,12,34.5586
gambia,8,50-55,12,23.5627
gambia,9,55-60,12,17.2793
gambia,10,60-65,12,9.0324
gambia,11,65-70,12,9.0324
gambia,12,70-75,12,4.3198
gambia,13,75-80,12,2.7490
gambia,14,80-85,12,0.3927
gambia,15,85+,12,0.3927
gambia,0,0-15,13,0.0000
gambia,1,15-20,13,0.0000
gambia,2,20-25,13,1.9636
gambia,3,25-30,13,13.3522
gambia,4,30-35,13,27.4898
gambia,5,35-40,13,35.7367
gambia,6,40-45,13,32.5951
gambia,7,45-50,13,34.5586
gambia,8,50-55,13,23.5627
gambia,9,55-60,13,17.2793
gambia,10,60-65,13,9.0324
gambia,11,65-70,13,9.0324
gambia,12,70-75,13,4.3198
gambia,13,75-80,13,2.7490
gambia,14,80-85,13,0.3927
gambia,15,85+,13,0.3927
gambia,0,0-15,14,0.0000
gambia,1,15-20,14,0.7854
gambia,2,20-25,14,4.7125
gambia,3,25-30,14,10.6032
gambia,4,30-35,14,27.0971
gambia,5,35-40,14,32.5950
gambia,6,40-45,14,31.4169
gambia,7,45-50,14,30.2388
gambia,8,50-55,14,26.3117
gambia,9,55-60,14,20.0283
gambia,10,60-65,14,10.2105
gambia,11,65-70,14,7.0688
gambia,12,70-75,14,3.1417
gambia,13,75-80,14,1.1781
gambia,14,80-85,14,1.5708
gambia,15,85+,14,0.7854
gambia,0,0-15,15,0.0000
gambia,1,15-20,15,0.0000
gambia,2,20-25,15,1.9636
gambia,3,25-30,15,14.1376
gambia,4,30-35,15,25.9189
gambia,5,35-40,15,32.9877
gambia,6,40-45,15,34.9513
gambia,7,45-50,15,28.2752
gambia,8,50-55,15,28.2752
gambia,9,55-60,15,20.0283
gambia,10,60-65,15,11.3886
gambia,11,65-70,15,9.4251
gambia,12,70-75,15,5.1053
gambia,13,75-80,15,3.1417
gambia,14,80-85,15,0.7854
gambia,15,85+,15,0.0000
gambia,0,0-15,16,0.0000
gambia,1,15-20,16,0.0000
gambia,2,20-25,16,1.9636
gambia,3,25-30,16,14.1376
gambia,4,30-35,16,25.9189
gambia,5,35-40,16,32.9877
gambia,6,40-45,16,34.9513
gambia,7,45-50,16,28.2752
gambia,8,50-55,16,28.2752
gambia,9,55-60,16,20.0283
gambia,10,60-65,16,11.3886
gambia,11,65-70,16,9.4251
gambia,12,70-75,16,5.1053
gambia,13,75-80,16,3.1417
gambia,14,80-85,16,0.7854
gambia,15,85+,16,0.0000
gambia,0,0-15,17,0.0000
gambia,1,15-20,17,0.0000
gambia,2,20-25,17,1.9636
gambia,3,25-30,17,14.1376
gambia,4,30-35,17,25.9189
gambia,5,35-40,17,32.9877
gambia,6,40-45,17,34.9513
gambia,7,45-50,17,28.2752
gambia,8,50-55,17,28.2752
gambia,9,55-60,17,20.0283
gambia,10,60-65,17,11.3886
gambia,11,65-70,17,9.4251
gambia,12,70-75,17,5.1053
gambia,13,75-80,17,3.1417
gambia,14,80-85,17,0.7854
gambia,15,85+,17,0.0000
gambia,0,0-15,18,0.0000
gambia,1,15-20,18,0.0000
gambia,2,20-25,18,3.5344
gambia,3,25-30,18,17.2793
gambia,4,30-35,18,25.9189
gambia,5,35-40,18,30.6315
gambia,6,40-45,18,29.8461
gambia,7,45-50,18,32.5951
gambia,8,50-55,18,32.2024
gambia,9,55-60,18,22.7773
gambia,10,60-65,18,14.1376
gambia,11,65-70,18,10.2105
gambia,12,70-75,18,5.8907
gambia,13,75-80,18,1.9636
gambia,14,80-85,18,0.3927
gambia,15,85+,18,0.3927
gambia,0,0-15,19,0.0000
gambia,1,15-20,19,0.0000
gambia,2,20-25,19,2.7490
gambia,3,25-30,19,13.3522
gambia,4,30-35,19,27.4898
gambia,5,35-40,19,32.5950
gambia,6,40-45,19,31.4169
gambia,7,45-50,19,29.0607
gambia,8,50-55,19,28.6679
gambia,9,55-60,19,20.8137
gambia,10,60-65,19,15.7085
gambia,11,65-70,19,5.8907
gambia,12,70-75,19,5.1053
gambia,13,75-80,19,3.5344
gambia,14,80-85,19,0.7854
gambia,15,85+,19,0.0000
gambia,0,0-15,20,0.0000
gambia,1,15-20,20,0.3927
gambia,2,20-25,20,4.3198
gambia,3,25-30,20,17.2793
gambia,4,30-35,20,27.0970
gambia,5,35-40,20,34.5586
gambia,6,40-45,20,32.2023
gambia,7,45-50,20,28.2752
gambia,8,50-55,20,28.2752
gambia,9,55-60,20,26.7044
gambia,10,60-65,20,13.3522
gambia,11,65-70,20,6.6761
gambia,12,70-75,20,4.7125
gambia,13,75-80,20,2.3563
gambia,14,80-85,20,0.0000
gambia,15,85+,20,0.3927
gambia,0,0-15,21,0.0000
gambia,1,15-20,21,0.0000
gambia,2,20-25,21,5.4980
gambia,3,25-30,21,13.7449
gambia,4,30-35,21,27.0971
gambia,5,35-40,21,31.4169
gambia,6,40-45,21,29.8461
gambia,7,45-50,21,29.8461
gambia,8,50-55,21,25.9190
gambia,9,55-60,21,21.5991
gambia,10,60-65,21,10.6032
gambia,11,65-70,21,5.8907
gambia,12,70-75,21,4.3198
gambia,13,75-80,21,0.7854
gambia,14,80-85,21,0.3927
gambia,15,85+,21,0.3927
gambia,0,0-15,22,0.0000
gambia,1,15-20,22,0.0000
gambia,2,20-25,22,5.4980
gambia,3,25-30,22,13.7449
gambia,4,30-35,22,27.0971
gambia,5,35-40,22,31.4169
gambia,6,40-45,22,29.8461
gambia,7,45-50,22,29.8461
gambia,8,50-55,22,25.9190
gambia,9,55-60,22,21.5991
gambia,10,60-65,22,10.6032
gambia,11,65-70,22,5.8907
gambia,12,70-75,22,4.3198
gambia,13,75-80,22,0.7854
gambia,14,80-85,22,0.3927
gambia,15,85+,22,0.3927
gambia,0,0-15,23,0.0000
gambia,1,15-20,23,0.0000
gambia,2,20-25,23,2.7490
gambia,3,25-30,23,17.2793
gambia,4,30-35,23,26.3116
gambia,5,35-40,23,31.4169
gambia,6,40-45,23,30.6315
gambia,7,45-50,23,33.7732
gambia,8,50-55,23,27.8825
gambia,9,55-60,23,19.6356
gambia,10,60-65,23,10.9959
gambia,11,65-70,23,6.2834
gambia,12,70-75,23,3.5344
gambia,13,75-80,23,1.9636
gambia,14,80-85,23,1.5708
gambia,15,85+,23,0.0000
gambia,0,0-15,24,0.0000
gambia,1,15-20,24,0.3927
gambia,2,20-25,24,7.8542
gambia,3,25-30,24,14.5303
gambia,4,30-35,24,29.0606
gambia,5,35-40,24,31.8096
gambia,6,40-45,24,32.5951
gambia,7,45-50,24,37.7003
gambia,8,50-55,24,18.8502
gambia,9,55-60,24,20.4210
gambia,10,60-65,24,10.2105
gambia,11,65-70,24,8.2469
gambia,12,70-75,24,0.3927
gambia,13,75-80,24,1.5708
gambia,14,80-85,24,0.0000
gambia,15,85+,24,1.1781
gambia,0,0-15,25,0.0000
gambia,1,15-20,25,0.0000
gambia,2,20-25,25,2.3563
gambia,3,25-30,25,16.4939
gambia,4,30-35,25,26.3116
gambia,5,35-40,25,36.1294
gambia,6,40-45,25,32.2024
gambia,7,45-50,25,27.8825
gambia,8,50-55,25,29.4534
gambia,9,55-60,25,19.6356
gambia,10,60-65,25,10.9959
gambia,11,65-70,25,9.0324
gambia,12,70-75,25,5.1053
gambia,13,75-80,25,1.5708
gambia,14,80-85,25,0.3927
gambia,15,85+,25,0.0000
gambia,0,0-15,26,0.0000
gambia,1,15-20,26,0.3927
gambia,2,20-25,26,1.9636
gambia,3,25-30,26,15.7084
gambia,4,30-35,26,30.2387
gambia,5,35-40,26,31.8096
gambia,6,40-45,26,28.2752
gambia,7,45-50,26,27.0971
gambia,8,50-55,26,29.0607
gambia,9,55-60,26,18.8502
gambia,10,60-65,26,11.3886
gambia,11,65-70,26,7.0688
gambia,12,70-75,26,4.3198
gambia,13,75-80,26,2.7490
gambia,14,80-85,26,0.0000
gambia,15,85+,26,0.7854
gambia,0,0-15,27,0.0000
gambia,1,15-20,27,1.1781
gambia,2,20-25,27,1.9636
gambia,3,25-30,27,23.9554
gambia,4,30-35,27,32.5950
gambia,5,35-40,27,33.7732
gambia,6,40-45,27,38.8785
gambia,7,45-50,27,29.0607
gambia,8,50-55,27,29.8461
gambia,9,55-60,27,20.8137
gambia,10,60-65,27,15.7085
gambia,11,65-70,27,10.2105
gambia,12,70-75,27,2.7490
gambia,13,75-80,27,1.5708
gambia,14,80-85,27,1.1781
gambia,15,85+,27,0.0000
gambia,0,0-15,28,0.0000
gambia,1,15-20,28,0.0000
gambia,2,20-25,28,3.1417
gambia,3,25-30,28,17.6720
gambia,4,30-35,28,32.5950
gambia,5,35-40,28,34.1659
gambia,6,40-45,28,41.2347
gambia,7,45-50,28,33.3805
gambia,8,50-55,28,23.1700
gambia,9,55-60,28,21.2064
gambia,10,60-65,28,12.5667
gambia,11,65-70,28,5.1052
gambia,12,70-75,28,7.0688
gambia,13,75-80,28,0.7854
gambia,14,80-85,28,1.1781
gambia,15,85+,28,0.3927
gambia,0,0-15,29,0.0000
gambia,1,15-20,29,0.0000
gambia,2,20-25,29,8.2469
gambia,3,25-30,29,11.7813
gambia,4,30-35,29,34.5586
gambia,5,35-40,29,31.8096
gambia,6,40-45,29,35.7368
gambia,7,45-50,29,35.3440
gambia,8,50-55,29,32.2024
gambia,9,55-60,29,18.4574
gambia,10,60-65,29,11.3886
gambia,11,65-70,29,7.4615
gambia,12,70-75,29,6.2834
gambia,13,75-80,29,2.3563
gambia,14,80-85,29,0.7854
gambia,15,85+,29,0.7854
gambia,0,0-15,30,0.0000
gambia,1,15-20,30,0.0000
gambia,2,20-25,30,1.1781
gambia,3,25-30,30,16.8866
gambia,4,30-35,30,28.2752
gambia,5,35-40,30,34.5586
gambia,6,40-45,30,31.8096
gambia,7,45-50,30,34.9513
gambia,8,50-55,30,29.0607
gambia,9,55-60,30,23.1700
gambia,10,60-65,30,11.7813
gambia,11,65-70,30,7.4615
gambia,12,70-75,30,6.2834
gambia,13,75-80,30,0.7854
gambia,14,80-85,30,0.3927
gambia,15,85+,30,0.3927
gambia,0,0-15,31,0.0000
gambia,1,15-20,31,0.0000
gambia,2,20-25,31,1.1781
gambia,3,25-30,31,16.8866
gambia,4,30-35,31,28.2752
gambia,5,35-40,31,34.5586
gambia,6,40-45,31,31.8096
gambia,7,45-50,31,34.9513
gambia,8,50-55,31,29.0607
gambia,9,55-60,31,23.1700
gambia,10,60-65,31,11.7813
gambia,11,65-70,31,7.4615
gambia,12,70-75,31,6.2834
gambia,13,75-80,31,0.7854
gambia,14,80-85,31,0.3927
gambia,15,85+,31,0.3927
gambia,0,0-15,32,0.0000
gambia,1,15-20,32,0.0000
gambia,2,20-25,32,3.5344
gambia,3,25-30,32,14.1376
gambia,4,30-35,32,34.1658
gambia,5,35-40,32,32.9878
gambia,6,40-45,32,31.8096
gambia,7,45-50,32,25.5263
gambia,8,50-55,32,29.0607
gambia,9,55-60,32,22.3846
gambia,10,60-65,32,13.3522
gambia,11,65-70,32,8.6397
gambia,12,70-75,32,6.6761
gambia,13,75-80,32,0.3927
gambia,14,80-85,32,0.3927
gambia,15,85+,32,0.3927
gambia,0,0-15,33,0.0000
gambia,1,15-20,33,0.0000
gambia,2,20-25,33,4.7125
gambia,3,25-30,33,16.8866
gambia,4,30-35,33,25.5262
gambia,5,35-40,33,31.8096
gambia,6,40-45,33,31.4169
gambia,7,45-50,33,38.4857
gambia,8,50-55,33,24.7408
gambia,9,55-60,33,25.5263
gambia,10,60-65,33,17.2793
gambia,11,65-70,33,8.2469
gambia,12,70-75,33,4.3198
gambia,13,75-80,33,2.7490
gambia,14,80-85,33,0.3927
gambia,15,85+,33,0.0000
gambia,0,0-15,34,0.0000
gambia,1,15-20,34,0.7854
gambia,2,20-25,34,3.9271
gambia,3,25-30,34,14.1376
gambia,4,30-35,34,27.8825
gambia,5,35-40,34,39.6638
gambia,6,40-45,34,34.1659
gambia,7,45-50,34,32.5951
gambia,8,50-55,34,21.5991
gambia,9,55-60,34,23.9554
gambia,10,60-65,34,11.7813
gambia,11,65-70,34,8.6397
gambia,12,70-75,34,4.3198
gambia,13,75-80,34,1.1781
gambia,14,80-85,34,0.7854
gambia,15,85+,34,0.3927
gambia,0,0-15,35,0.0000
gambia,1,15-20,35,0.0000
gambia,2,20-25,35,2.7490
gambia,3,25-30,35,16.8866
gambia,4,30-35,35,29.8460
gambia,5,35-40,35,39.6638
gambia,6,40-45,35,33.7732
gambia,7,45-50,35,35.3440
gambia,8,50-55,35,23.5627
gambia,9,55-60,35,19.6356
gambia,10,60-65,35,14.5303
gambia,11,65-70,35,6.6761
gambia,12,70-75,35,3.1417
gambia,13,75-80,35,0.0000
gambia,14,80-85,35,0.7854
gambia,15,85+,35,0.7854
gambia,0,0-15,36,0.0000
gambia,1,15-20,36,0.0000
gambia,2,20-25,36,1.5708
gambia,3,25-30,36,16.1012
gambia,4,30-35,36,27.8825
gambia,5,35-40,36,30.2388
gambia,6,40-45,36,28.2752
gambia,7,45-50,36,34.5586
gambia,8,50-55,36,28.2752
gambia,9,55-60,36,22.7773
gambia,10,60-65,36,12.9595
gambia,11,65-70,36,10.9959
gambia,12,70-75,36,3.1417
gambia,13,75-80,36,0.7854
gambia,14,80-85,36,0.7854
gambia,15,85+,36,0.0000
gambia,0,0-15,37,0.0000
gambia,1,15-20,37,0.0000
gambia,2,20-25,37,2.3563
gambia,3,25-30,37,15.3157
gambia,4,30-35,37,28.2752
gambia,5,35-40,37,32.2023
gambia,6,40-45,37,35.7368
gambia,7,45-50,37,37.7003
gambia,8,50-55,37,29.0607
gambia,9,55-60,37,16.8866
gambia,10,60-65,37,16.1012
gambia,11,65-70,37,5.4980
gambia,12,70-75,37,3.9271
gambia,13,75-80,37,2.7490
gambia,14,80-85,37,1.5708
gambia,15,85+,37,0.3927
gambia,0,0-15,38,0.0000
gambia,1,15-20,38,0.0000
gambia,2,20-25,38,1.9636
gambia,3,25-30,38,18.8501
gambia,4,30-35,38,23.5627
gambia,5,35-40,38,38.0930
gambia,6,40-45,38,32.9878
gambia,7,45-50,38,26.7044
gambia,8,50-55,38,24.3481
gambia,9,55-60,38,22.3846
gambia,10,60-65,38,11.7813
gambia,11,65-70,38,7.8542
gambia,12,70-75,38,2.7490
gambia,13,75-80,38,2.7490
gambia,14,80-85,38,0.7854
gambia,15,85+,38,0.3927
gambia,0,0-15,39,0.0000
gambia,1,15-20,39,0.0000
gambia,2,20-25,39,3.1417
gambia,3,25-30,39,12.1740
gambia,4,30-35,39,27.0971
gambia,5,35-40,39,27.8825
gambia,6,40-45,39,29.4534
gambia,7,45-50,39,29.4534
gambia,8,50-55,39,24.7408
gambia,9,55-60,39,19.2429
gambia,10,60-65,39,11.7813
gambia,11,65-70,39,8.6397
gambia,12,70-75,39,1.9636
gambia,13,75-80,39,0.7854
gambia,14,80-85,39,0.7854
gambia,15,85+,39,0.0000
gambia,0,0-15,40,0.0000
gambia,1,15-20,40,0.0000
gambia,2,20-25,40,3.1417
gambia,3,25-30,40,12.1740
gambia,4,30-35,40,27.0971
gambia,5,35-40,40,27.8825
gambia,6,40-45,40,29.4534
gambia,7,45-50,40,29.4534
gambia,8,50-55,40,24.7408
gambia,9,55-60,40,19.2429
gambia,10,60-65,40,11.7813
gambia,11,65-70,40,8.6397
gambia,12,70-75,40,1.9636
gambia,13,75-80,40,0.7854
gambia,14,80-85,40,0.7854
gambia,15,85+,40,0.0000
gambia,0,0-15,41,0.0000
gambia,1,15-20,41,0.0000
gambia,2,20-25,41,3.1417
gambia,3,25-30,41,12.1740
gambia,4,30-35,41,27.0971
gambia,5,35-40,41,27.8825
gambia,6,40-45,41,29.4534
gambia,7,45-50,41,29.4534
gambia,8,50-55,41,24.7408
gambia,9,55-60,41,19.2429
gambia,10,60-65,41,11.7813
gambia,11,65-70,41,8.6397
gambia,12,70-75,41,1.9636
gambia,13,75-80,41,0.7854
gambia,14,80-85,41,0.7854
gambia,15,85+,41,0.0000
gambia,0,0-15,42,0.0000
gambia,1,15-20,42,0.0000
gambia,2,20-25,42,1.9636
gambia,3,25-30,42,8.2469
gambia,4,30-35,42,29.4533
gambia,5,35-40,42,39.2711
gambia,6,40-45,42,31.8096
gambia,7,45-50,42,32.2024
gambia,8,50-55,42,26.3117
gambia,9,55-60,42,20.4210
gambia,10,60-65,42,13.3522
gambia,11,65-70,42,6.2834
gambia,12,70-75,42,7.8542
gambia,13,75-80,42,2.3563
gambia,14,80-85,42,0.0000
gambia,15,85+,42,0.7854
gambia,0,0-15,43,0.0000
gambia,1,15-20,43,0.0000
gambia,2,20-25,43,2.7490
gambia,3,25-30,43,15.7084
gambia,4,30-35,43,23.5627
gambia,5,35-40,43,34.9513
gambia,6,40-45,43,33.7732
gambia,7,45-50,43,33.3805
gambia,8,50-55,43,24.7408
gambia,9,55-60,43,18.4574
gambia,10,60-65,43,13.7449
gambia,11,65-70,43,4.3198
gambia,12,70-75,43,3.9271
gambia,13,75-80,43,1.5708
gambia,14,80-85,43,0.7854
gambia,15,85+,43,0.0000
gambia,0,0-15,44,0.0000
gambia,1,15-20,44,0.0000
gambia,2,20-25,44,2.7490
gambia,3,25-30,44,15.7084
gambia,4,30-35,44,23.5627
gambia,5,35-40,44,34.9513
gambia,6,40-45,44,33.7732
gambia,7,45-50,44,33.3805
gambia,8,50-55,44,24.7408
gambia,9,55-60,44,18.4574
gambia,10,60-65,44,13.7449
gambia,11,65-70,44,4.3198
gambia,12,70-75,44,3.9271
gambia,13,75-80,44,1.5708
gambia,14,80-85,44,0.7854
gambia,15,85+,44,0.0000
gambia,0,0-15,45,0.0000
gambia,1,15-20,45,0.0000
gambia,2,20-25,45,2.7490
gambia,3,25-30,45,15.7084
gambia,4,30-35,45,23.5627
gambia,5,35-40,45,34.9513
gambia,6,40-45,45,33.7732
gambia,7,45-50,45,33.3805
gambia,8,50-55,45,24.7408
gambia,9,55-60,45,18.4574
gambia,10,60-65,45,13.7449
gambia,11,65-70,45,4.3198
gambia,12,70-75,45,3.9271
gambia,13,75-80,45,1.5708
gambia,14,80-85,45,0.7854
gambia,15,85+,45,0.0000
gambia,0,0-15,46,0.0000
gambia,1,15-20,46,0.0000
gambia,2,20-25,46,2.7490
gambia,3,25-30,46,15.7084
gambia,4,30-35,46,23.5627
gambia,5,35-40,46,34.9513
gambia,6,40-45,46,33.7732
gambia,7,45-50,46,33.3805
gambia,8,50-55,46,24.7408
gambia,9,55-60,46,18.4574
gambia,10,60-65,46,13.7449
gambia,11,65-70,46,4.3198
gambia,12,70-75,46,3.9271
gambia,13,75-80,46,1.5708
gambia,14,80-85,46,0.7854
gambia,15,85+,46,0.0000
gambia,0,0-15,47,0.0000
gambia,1,15-20,47,0.0000
gambia,2,20-25,47,4.3198
gambia,3,25-30,47,16.8866
gambia,4,30-35,47,19.6355
gambia,5,35-40,47,29.4533
gambia,6,40-45,47,32.5951
gambia,7,45-50,47,28.2752
gambia,8,50-55,47,29.4534
gambia,9,55-60,47,19.2429
gambia,10,60-65,47,13.3522
gambia,11,65-70,47,7.0688
gambia,12,70-75,47,3.5344
gambia,13,75-80,47,1.9636
gambia,14,80-85,47,0.7854
gambia,15,85+,47,0.3927
gambia,0,0-15,48,0.0000
gambia,1,15-20,48,0.0000
gambia,2,20-25,48,4.3198
gambia,3,25-30,48,16.8866
gambia,4,30-35,48,19.6355
gambia,5,35-40,48,29.4533
gambia,6,40-45,48,32.5951
gambia,7,45-50,48,28.2752
gambia,8,50-55,48,29.4534
gambia,9,55-60,48,19.2429
gambia,10,60-65,48,13.3522
gambia,11,65-70,48,7.0688
gambia,12,70-75,48,3.5344
gambia,13,75-80,48,1.9636
gambia,14,80-85,48,0.7854
gambia,15,85+,48,0.3927
gambia,0,0-15,49,0.0000
gambia,1,15-20,49,0.0000
gambia,2,20-25,49,2.7490
gambia,3,25-30,49,11.7813
gambia,4,30-35,49,28.2752
gambia,5,35-40,49,32.5950
gambia,6,40-45,49,35.7368
gambia,7,45-50,49,32.9878
gambia,8,50-55,49,29.0607
gambia,9,55-60,49,21.2064
gambia,10,60-65,49,12.9595
gambia,11,65-70,49,7.4615
gambia,12,70-75,49,4.7125
gambia,13,75-80,49,1.5708
gambia,14,80-85,49,0.0000
gambia,15,85+,49,0.0000
gambia,0,0-15,50,0.0000
gambia,1,15-20,50,0.3927
gambia,2,20-25,50,1.5708
gambia,3,25-30,50,10.6032
gambia,4,30-35,50,30.6315
gambia,5,35-40,50,31.8096
gambia,6,40-45,50,36.9149
gambia,7,45-50,50,31.8096
gambia,8,50-55,50,28.6679
gambia,9,55-60,50,16.8866
gambia,10,60-65,50,10.2105
gambia,11,65-70,50,7.8542
gambia,12,70-75,50,5.1053
gambia,13,75-80,50,1.9636
gambia,14,80-85,50,0.3927
gambia,15,85+,50,0.0000
gambia,0,0-15,51,0.0000
gambia,1,15-20,51,0.7854
gambia,2,20-25,51,3.5344
gambia,3,25-30,51,12.1740
gambia,4,30-35,51,24.3481
gambia,5,35-40,51,31.4169
gambia,6,40-45,51,28.2752
gambia,7,45-50,51,33.3805
gambia,8,50-55,51,22.7773
gambia,9,55-60,51,19.2429
gambia,10,60-65,51,9.4251
gambia,11,65-70,51,8.2469
gambia,12,70-75,51,3.5344
gambia,13,75-80,51,1.9636
gambia,14,80-85,51,0.3927
gambia,15,85+,51,0.0000
gambia,0,0-15,52,0.0000
gambia,1,15-20,52,0.7854
gambia,2,20-25,52,3.5344
gambia,3,25-30,52,12.1740
gambia,4,30-35,52,24.3481
gambia,5,35-40,52,31.4169
gambia,6,40-45,52,28.2752
gambia,7,45-50,52,33.3805
gambia,8,50-55,52,22.7773
gambia,9,55-60,52,19.2429
gambia,10,60-65,52,9.4251
gambia,11,65-70,52,8.2469
gambia,12,70-75,52,3.5344
gambia,13,75-80,52,1.9636
gambia,14,80-85,52,0.3927
gambia,15,85+,52,0.0000
gambia,0,0-15,53,0.0000
gambia,1,15-20,53,0.0000
gambia,2,20-25,53,3.1417
gambia,3,25-30,53,14.5303
gambia,4,30-35,53,25.1335
gambia,5,35-40,53,32.9877
gambia,6,40-45,53,29.0607
gambia,7,45-50,53,31.8096
gambia,8,50-55,53,30.6315
gambia,9,55-60,53,19.6356
gambia,10,60-65,53,12.1741
gambia,11,65-70,53,7.8542
gambia,12,70-75,53,2.3563
gambia,13,75-80,53,2.7490
gambia,14,80-85,53,0.3927
gambia,15,85+,53,0.3927
gambia,0,0-15,54,0.0000
gambia,1,15-20,54,0.3927
gambia,2,20-25,54,4.3198
gambia,3,25-30,54,17.6720
gambia,4,30-35,54,29.4533
gambia,5,35-40,54,37.3076
gambia,6,40-45,54,37.7003
gambia,7,45-50,54,39.6639
gambia,8,50-55,54,28.2752
gambia,9,55-60,54,19.6356
gambia,10,60-65,54,12.5668
gambia,11,65-70,54,7.4615
gambia,12,70-75,54,5.1052
gambia,13,75-80,54,1.5708
gambia,14,80-85,54,0.0000
gambia,15,85+,54,0.7854
gambia,0,0-15,55,0.0000
gambia,1,15-20,55,0.3927
gambia,2,20-25,55,2.3563
gambia,3,25-30,55,18.8501
gambia,4,30-35,55,31.8096
gambia,5,35-40,55,38.4857
gambia,6,40-45,55,31.4169
gambia,7,45-50,55,30.6315
gambia,8,50-55,55,26.3117
gambia,9,55-60,55,26.7044
gambia,10,60-65,55,14.5303
gambia,11,65-70,55,5.1053
gambia,12,70-75,55,5.4980
gambia,13,75-80,55,1.1781
gambia,14,80-85,55,0.7854
gambia,15,85+,55,0.0000
gambia,0,0-15,56,0.0000
gambia,1,15-20,56,0.3927
gambia,2,20-25,56,2.3563
gambia,3,25-30,56,18.8501
gambia,4,30-35,56,31.8096
gambia,5,35-40,56,38.4857
gambia,6,40-45,56,31.4169
gambia,7,45-50,56,30.6315
gambia,8,50-55,56,26.3117
gambia,9,55-60,56,26.7044
gambia,10,60-65,56,14.5303
gambia,11,65-70,56,5.1053
gambia,12,70-75,56,5.4980
gambia,13,75-80,56,1.1781
gambia,14,80-85,56,0.7854
gambia,15,85+,56,0.0000
gambia,0,0-15,57,0.0000
gambia,1,15-20,57,0.0000
gambia,2,20-25,57,3.1417
gambia,3,25-30,57,19.6356
gambia,4,30-35,57,25.5262
gambia,5,35-40,57,35.3440
gambia,6,40-45,57,36.5222
gambia,7,45-50,57,29.4534
gambia,8,50-55,57,26.7044
gambia,9,55-60,57,23.9554
gambia,10,60-65,57,11.3886
gambia,11,65-70,57,6.6761
gambia,12,70-75,57,1.5708
gambia,13,75-80,57,1.9636
gambia,14,80-85,57,0.7854
gambia,15,85+,57,0.3927
gambia,0,0-15,58,0.0000
gambia,1,15-20,58,0.0000
gambia,2,20-25,58,2.3563
gambia,3,25-30,58,13.7449
gambia,4,30-35,58,29.0606
gambia,5,35-40,58,31.0242
gambia,6,40-45,58,26.3117
gambia,7,45-50,58,25.9190
gambia,8,50-55,58,20.4210
gambia,9,55-60,58,18.4574
gambia,10,60-65,58,13.7449
gambia,11,65-70,58,4.7125
gambia,12,70-75,58,4.7125
gambia,13,75-80,58,2.3563
gambia,14,80-85,58,0.3927
gambia,15,85+,58,0.0000
gambia,0,0-15,59,0.0000
gambia,1,15-20,59,0.0000
gambia,2,20-25,59,2.3563
gambia,3,25-30,59,13.3522
gambia,4,30-35,59,29.4533
gambia,5,35-40,59,31.8096
gambia,6,40-45,59,39.6639
gambia,7,45-50,59,27.8825
gambia,8,50-55,59,34.1659
gambia,9,55-60,59,22.3846
gambia,10,60-65,59,12.9595
gambia,11,65-70,59,10.6032
gambia,12,70-75,59,3.9271
gambia,13,75-80,59,2.7490
gambia,14,80-85,59,1.5708
gambia,15,85+,59,0.3927
gambia,0,0-15,60,0.0000
gambia,1,15-20,60,0.0000
gambia,2,20-25,60,2.3563
gambia,3,25-30,60,13.3522
gambia,4,30-35,60,29.4533
gambia,5,35-40,60,31.8096
gambia,6,40-45,60,39.6639
gambia,7,45-50,60,27.8825
gambia,8,50-55,60,34.1659
gambia,9,55-60,60,22.3846
gambia,10,60-65,60,12.9595
gambia,11,65-70,60,10.6032
gambia,12,70-75,60,3.9271
gambia,13,75-80,60,2.7490
gambia,14,80-85,60,1.5708
gambia,15,85+,60,0.3927
gambia,0,0-15,61,0.0000
gambia,1,15-20,61,0.0000
gambia,2,20-25,61,2.3563
gambia,3,25-30,61,13.3522
gambia,4,30-35,61,29.4533
gambia,5,35-40,61,31.8096
gambia,6,40-45,61,39.6639
gambia,7,45-50,61,27.8825
gambia,8,50-55,61,34.1659
gambia,9,55-60,61,22.3846
gambia,10,60-65,61,12.9595
gambia,11,65-70,61,10.6032
gambia,12,70-75,61,3.9271
gambia,13,75-80,61,2.7490
gambia,14,80-85,61,1.5708
gambia,15,85+,61,0.3927
gambia,0,0-15,62,0.0000
gambia,1,15-20,62,0.0000
gambia,2,20-25,62,2.3563
gambia,3,25-30,62,13.3522
gambia,4,30-35,62,29.4533
gambia,5,35-40,62,31.8096
gambia,6,40-45,62,39.6639
gambia,7,45-50,62,27.8825
gambia,8,50-55,62,34.1659
gambia,9,55-60,62,22.3846
gambia,10,60-65,62,12.9595
gambia,11,65-70,62,10.6032
gambia,12,70-75,62,3.9271
gambia,13,75-80,62,2.7490
gambia,14,80-85,62,1.5708
gambia,15,85+,62,0.3927
gambia,0,0-15,63,0.0000
gambia,1,15-20,63,0.0000
gambia,2,20-25,63,1.5708
gambia,3,25-30,63,14.1376
gambia,4,30-35,63,26.3116
gambia,5,35-40,63,39.6638
gambia,6,40-45,63,37.3076
gambia,7,45-50,63,32.5951
gambia,8,50-55,63,23.9554
gambia,9,55-60,63,18.8502
gambia,10,60-65,63,17.2793
gambia,11,65-70,63,9.0324
gambia,12,70-75,63,5.8907
gambia,13,75-80,63,2.3563
gambia,14,80-85,63,0.3927
gambia,15,85+,63,0.0000
gambia,0,0-15,64,0.0000
gambia,1,15-20,64,0.0000
gambia,2,20-25,64,3.9271
gambia,3,25-30,64,12.5668
gambia,4,30-35,64,31.8096
gambia,5,35-40,64,34.9513
gambia,6,40-45,64,42.8056
gambia,7,45-50,64,32.5951
gambia,8,50-55,64,25.1335
gambia,9,55-60,64,19.6356
gambia,10,60-65,64,16.4939
gambia,11,65-70,64,9.8178
gambia,12,70-75,64,3.9271
gambia,13,75-80,64,3.1417
gambia,14,80-85,64,1.1781
gambia,15,85+,64,0.0000
gambia,0,0-15,65,0.0000
gambia,1,15-20,65,0.0000
gambia,2,20-25,65,3.9271
gambia,3,25-30,65,12.9595
gambia,4,30-35,65,25.5262
gambia,5,35-40,65,31.8096
gambia,6,40-45,65,31.8096
gambia,7,45-50,65,22.7773
gambia,8,50-55,65,20.8137
gambia,9,55-60,65,17.2793
gambia,10,60-65,65,10.9959
gambia,11,65-70,65,6.6761
gambia,12,70-75,65,2.3563
gambia,13,75-80,65,0.0000
gambia,14,80-85,65,1.5708
gambia,15,85+,65,0.3927
gambia,0,0-15,66,0.0000
gambia,1,15-20,66,0.0000
gambia,2,20-25,66,2.7490
gambia,3,25-30,66,11.7813
gambia,4,30-35,66,33.7731
gambia,5,35-40,66,34.1659
gambia,6,40-45,66,34.5586
gambia,7,45-50,66,29.0607
gambia,8,50-55,66,27.0971
gambia,9,55-60,66,20.4210
gambia,10,60-65,66,11.7813
gambia,11,65-70,66,8.2469
gambia,12,70-75,66,3.5344
gambia,13,75-80,66,1.1781
gambia,14,80-85,66,0.3927
gambia,15,85+,66,0.3927
gambia,0,0-15,67,0.0000
gambia,1,15-20,67,0.0000
gambia,2,20-25,67,1.5708
gambia,3,25-30,67,20.0283
gambia,4,30-35,67,34.5586
gambia,5,35-40,67,38.4857
gambia,6,40-45,67,31.4169
gambia,7,45-50,67,39.6639
gambia,8,50-55,67,25.5263
gambia,9,55-60,67,21.2064
gambia,10,60-65,67,12.9595
gambia,11,65-70,67,8.6396
gambia,12,70-75,67,2.7490
gambia,13,75-80,67,1.9636
gambia,14,80-85,67,0.7854
gambia,15,85+,67,0.3927
gambia,0,0-15,68,0.0000
gambia,1,15-20,68,0.0000
gambia,2,20-25,68,3.5344
gambia,3,25-30,68,11.3886
gambia,4,30-35,68,22.3845
gambia,5,35-40,68,27.4898
gambia,6,40-45,68,32.5951
gambia,7,45-50,68,31.0242
gambia,8,50-55,68,26.3117
gambia,9,55-60,68,16.8866
gambia,10,60-65,68,10.9959
gambia,11,65-70,68,9.0324
gambia,12,70-75,68,3.1417
gambia,13,75-80,68,1.9636
gambia,14,80-85,68,0.0000
gambia,15,85+,68,0.0000
gambia,0,0-15,69,0.0000
gambia,1,15-20,69,0.0000
gambia,2,20-25,69,3.5344
gambia,3,25-30,69,11.3886
gambia,4,30-35,69,22.3845
gambia,5,35-40,69,27.4898
gambia,6,40-45,69,32.5951
gambia,7,45-50,69,31.0242
gambia,8,50-55,69,26.3117
gambia,9,55-60,69,16.8866
gambia,10,60-65,69,10.9959
gambia,11,65-70,69,9.0324
gambia,12,70-75,69,3.1417
gambia,13,75-80,69,1.9636
gambia,14,80-85,69,0.0000
gambia,15,85+,69,0.0000
gambia,0,0-15,70,0.0000
gambia,1,15-20,70,0.0000
gambia,2,20-25,70,3.1417
gambia,3,25-30,70,14.1376
gambia,4,30-35,70,26.7043
gambia,5,35-40,70,32.5950
gambia,6,40-45,70,26.7044
gambia,7,45-50,70,29.0607
gambia,8,50-55,70,27.4898
gambia,9,55-60,70,21.5991
gambia,10,60-65,70,12.5668
gambia,11,65-70,70,5.8907
gambia,12,70-75,70,2.3563
gambia,13,75-80,70,2.7490
gambia,14,80-85,70,0.7854
gambia,15,85+,70,0.0000
gambia,0,0-15,71,0.0000
gambia,1,15-20,71,0.3927
gambia,2,20-25,71,2.3563
gambia,3,25-30,71,12.1740
gambia,4,30-35,71,22.7772
gambia,5,35-40,71,32.5950
gambia,6,40-45,71,31.8096
gambia,7,45-50,71,27.8825
gambia,8,50-55,71,31.4169
gambia,9,55-60,71,20.8137
gambia,10,60-65,71,13.3522
gambia,11,65-70,71,9.8178
gambia,12,70-75,71,3.9271
gambia,13,75-80,71,1.5708
gambia,14,80-85,71,0.7854
gambia,15,85+,71,0.0000
gambia,0,0-15,72,0.0000
gambia,1,15-20,72,0.3927
gambia,2,20-25,72,2.3563
gambia,3,25-30,72,12.1740
gambia,4,30-35,72,22.7772
gambia,5,35-40,72,32.5950
gambia,6,40-45,72,31.8096
gambia,7,45-50,72,27.8825
gambia,8,50-55,72,31.4169
gambia,9,55-60,72,20.8137
gambia,10,60-65,72,13.3522
gambia,11,65-70,72,9.8178
gambia,12,70-75,72,3.9271
gambia,13,75-80,72,1.5708
gambia,14,80-85,72,0.7854
gambia,15,85+,72,0.0000
gambia,0,0-15,73,0.0000
gambia,1,15-20,73,0.3927
gambia,2,20-25,73,2.3563
gambia,3,25-30,73,17.2793
gambia,4,30-35,73,32.9877
gambia,5,35-40,73,34.9513
gambia,6,40-45,73,35.3440
gambia,7,45-50,73,38.0930
gambia,8,50-55,73,29.8461
gambia,9,55-60,73,19.2429
gambia,10,60-65,73,16.4939
gambia,11,65-70,73,10.6032
gambia,12,70-75,73,3.9271
gambia,13,75-80,73,2.3563
gambia,14,80-85,73,0.3927
gambia,15,85+,73,0.0000
gambia,0,0-15,74,0.0000
gambia,1,15-20,74,0.0000
gambia,2,20-25,74,0.3927
gambia,3,25-30,74,17.6720
gambia,4,30-35,74,25.1335
gambia,5,35-40,74,37.3076
gambia,6,40-45,74,30.2388
gambia,7,45-50,74,30.2388
gambia,8,50-55,74,24.7408
gambia,9,55-60,74,21.9919
gambia,10,60-65,74,14.1376
gambia,11,65-70,74,3.9271
gambia,12,70-75,74,5.1053
gambia,13,75-80,74,1.1781
gambia,14,80-85,74,0.3927
gambia,15,85+,74,0.0000
gambia,0,0-15,75,0.0000
gambia,1,15-20,75,0.0000
gambia,2,20-25,75,1.9636
gambia,3,25-30,75,15.7084
gambia,4,30-35,75,23.1699
gambia,5,35-40,75,31.0242
gambia,6,40-45,75,34.9513
gambia,7,45-50,75,32.2024
gambia,8,50-55,75,24.7408
gambia,9,55-60,75,18.4574
gambia,10,60-65,75,8.2469
gambia,11,65-70,75,5.8907
gambia,12,70-75,75,3.5344
gambia,13,75-80,75,1.9636
gambia,14,80-85,75,1.1781
gambia,15,85+,75,0.0000
gambia,0,0-15,76,0.0000
gambia,1,15-20,76,0.0000
gambia,2,20-25,76,4.7125
gambia,3,25-30,76,8.6396
gambia,4,30-35,76,27.4898
gambia,5,35-40,76,35.3440
gambia,6,40-45,76,31.0242
gambia,7,45-50,76,30.6315
gambia,8,50-55,76,30.2388
gambia,9,55-60,76,19.2429
gambia,10,60-65,76,11.7813
gambia,11,65-70,76,5.4980
gambia,12,70-75,76,5.4980
gambia,13,75-80,76,1.1781
gambia,14,80-85,76,0.7854
gambia,15,85+,76,0.0000
gambia,0,0-15,77,0.0000
gambia,1,15-20,77,0.3927
gambia,2,20-25,77,3.5344
gambia,3,25-30,77,12.1740
gambia,4,30-35,77,29.8460
gambia,5,35-40,77,35.7367
gambia,6,40-45,77,32.2024
gambia,7,45-50,77,34.1659
gambia,8,50-55,77,27.0971
gambia,9,55-60,77,17.2793
gambia,10,60-65,77,8.6397
gambia,11,65-70,77,7.4615
gambia,12,70-75,77,2.3563
gambia,13,75-80,77,0.3927
gambia,14,80-85,77,0.7854
gambia,15,85+,77,0.0000
gambia,0,0-15,78,0.0000
gambia,1,15-20,78,0.0000
gambia,2,20-25,78,1.1781
gambia,3,25-30,78,18.0647
gambia,4,30-35,78,24.3481
gambia,5,35-40,78,35.3440
gambia,6,40-45,78,33.3805
gambia,7,45-50,78,29.4534
gambia,8,50-55,78,26.3117
gambia,9,55-60,78,22.7773
gambia,10,60-65,78,12.1741
gambia,11,65-70,78,6.6761
gambia,12,70-75,78,2.3563
gambia,13,75-80,78,0.7854
gambia,14,80-85,78,0.0000
gambia,15,85+,78,0.0000
gambia,0,0-15,79,0.0000
gambia,1,15-20,79,0.0000
gambia,2,20-25,79,3.1417
gambia,3,25-30,79,15.7084
gambia,4,30-35,79,31.4169
gambia,5,35-40,79,36.1294
gambia,6,40-45,79,34.5586
gambia,7,45-50,79,40.0566
gambia,8,50-55,79,27.4898
gambia,9,55-60,79,19.2429
gambia,10,60-65,79,16.1012
gambia,11,65-70,79,10.9959
gambia,12,70-75,79,3.5344
gambia,13,75-80,79,1.1781
gambia,14,80-85,79,0.3927
gambia,15,85+,79,0.0000
gambia,0,0-15,80,0.0000
gambia,1,15-20,80,0.0000
gambia,2,20-25,80,3.1417
gambia,3,25-30,80,15.7084
gambia,4,30-35,80,31.4169
gambia,5,35-40,80,36.1294
gambia,6,40-45,80,34.5586
gambia,7,45-50,80,40.0566
gambia,8,50-55,80,27.4898
gambia,9,55-60,80,19.2429
gambia,10,60-65,80,16.1012
gambia,11,65-70,80,10.9959
gambia,12,70-75,80,3.5344
gambia,13,75-80,80,1.1781
gambia,14,80-85,80,0.3927
gambia,15,85+,80,0.0000
gambia,0,0-15,81,0.0000
gambia,1,15-20,81,0.0000
gambia,2,20-25,81,3.1417
gambia,3,25-30,81,15.7084
gambia,4,30-35,81,31.4169
gambia,5,35-40,81,36.1294
gambia,6,40-45,81,34.5586
gambia,7,45-50,81,40.0566
gambia,8,50-55,81,27.4898
gambia,9,55-60,81,19.2429
gambia,10,60-65,81,16.1012
gambia,11,65-70,81,10.9959
gambia,12,70-75,81,3.5344
gambia,13,75-80,81,1.1781
gambia,14,80-85,81,0.3927
gambia,15,85+,81,0.0000
gambia,0,0-15,82,0.0000
gambia,1,15-20,82,0.0000
gambia,2,20-25,82,0.7854
gambia,3,25-30,82,13.7449
gambia,4,30-35,82,32.2023
gambia,5,35-40,82,33.3805
gambia,6,40-45,82,31.8096
gambia,7,45-50,82,28.2752
gambia,8,50-55,82,22.7773
gambia,9,55-60,82,24.3481
gambia,10,60-65,82,7.8542
gambia,11,65-70,82,5.4980
gambia,12,70-75,82,4.3198
gambia,13,75-80,82,3.5344
gambia,14,80-85,82,0.3927
gambia,15,85+,82,0.3927
gambia,0,0-15,83,0.0000
gambia,1,15-20,83,0.0000
gambia,2,20-25,83,0.7854
gambia,3,25-30,83,13.7449
gambia,4,30-35,83,32.2023
gambia,5,35-40,83,33.3805
gambia,6,40-45,83,31.8096
gambia,7,45-50,83,28.2752
gambia,8,50-55,83,22.7773
gambia,9,55-60,83,24.3481
gambia,10,60-65,83,7.8542
gambia,11,65-70,83,5.4980
gambia,12,70-75,83,4.3198
gambia,13,75-80,83,3.5344
gambia,14,80-85,83,0.3927
gambia,15,85+,83,0.3927
gambia,0,0-15,84,0.0000
gambia,1,15-20,84,0.0000
gambia,2,20-25,84,6.6761
gambia,3,25-30,84,13.3522
gambia,4,30-35,84,36.1294
gambia,5,35-40,84,31.0242
gambia,6,40-45,84,35.7368
gambia,7,45-50,84,29.4534
gambia,8,50-55,84,27.0971
gambia,9,55-60,84,19.2429
gambia,10,60-65,84,16.4939
gambia,11,65-70,84,4.7125
gambia,12,70-75,84,3.1417
gambia,13,75-80,84,1.9636
gambia,14,80-85,84,0.3927
gambia,15,85+,84,0.0000
gambia,0,0-15,85,0.0000
gambia,1,15-20,85,0.0000
gambia,2,20-25,85,3.1417
gambia,3,25-30,85,22.7772
gambia,4,30-35,85,39.2711
gambia,5,35-40,85,32.5951
gambia,6,40-45,85,34.5586
gambia,7,45-50,85,36.9149
gambia,8,50-55,85,34.9513
gambia,9,55-60,85,17.2793
gambia,10,60-65,85,13.3522
gambia,11,65-70,85,6.6761
gambia,12,70-75,85,5.4980
gambia,13,75-80,85,1.1781
gambia,14,80-85,85,0.7854
gambia,15,85+,85,0.0000
gambia,0,0-15,86,0.0000
gambia,1,15-20,86,0.3927
gambia,2,20-25,86,1.9636
gambia,3,25-30,86,7.8542
gambia,4,30-35,86,27.0971
gambia,5,35-40,86,29.4533
gambia,6,40-45,86,31.4169
gambia,7,45-50,86,29.0607
gambia,8,50-55,86,26.3117
gambia,9,55-60,86,16.4939
gambia,10,60-65,86,8.2469
gambia,11,65-70,86,7.0688
gambia,12,70-75,86,3.9271
gambia,13,75-80,86,2.3563
gambia,14,80-85,86,1.1781
gambia,15,85+,86,0.0000
gambia,0,0-15,87,0.0000
gambia,1,15-20,87,0.3927
gambia,2,20-25,87,6.2834
gambia,3,25-30,87,15.7084
gambia,4,30-35,87,23.1699
gambia,5,35-40,87,37.3076
gambia,6,40-45,87,32.5951
gambia,7,45-50,87,33.7732
gambia,8,50-55,87,28.6679
gambia,9,55-60,87,24.3481
gambia,10,60-65,87,14.9230
gambia,11,65-70,87,6.2834
gambia,12,70-75,87,4.3198
gambia,13,75-80,87,1.5708
gambia,14,80-85,87,1.1781
gambia,15,85+,87,0.7854
gambia,0,0-15,88,0.0000
gambia,1,15-20,88,0.3927
gambia,2,20-25,88,6.2834
gambia,3,25-30,88,15.7084
gambia,4,30-35,88,23.1699
gambia,5,35-40,88,37.3076
gambia,6,40-45,88,32.5951
gambia,7,45-50,88,33.7732
gambia,8,50-55,88,28.6679
gambia,9,55-60,88,24.3481
gambia,10,60-65,88,14.9230
gambia,11,65-70,88,6.2834
gambia,12,70-75,88,4.3198
gambia,13,75-80,88,1.5708
gambia,14,80-85,88,1.1781
gambia,15,85+,88,0.7854
gambia,0,0-15,89,0.0000
gambia,1,15-20,89,0.0000
gambia,2,20-25,89,3.5344
gambia,3,25-30,89,12.5668
gambia,4,30-35,89,26.3116
gambia,5,35-40,89,25.1335
gambia,6,40-45,89,26.7044
gambia,7,45-50,89,29.4534
gambia,8,50-55,89,21.9919
gambia,9,55-60,89,16.1012
gambia,10,60-65,89,10.9959
gambia,11,65-70,89,8.2469
gambia,12,70-75,89,2.7490
gambia,13,75-80,89,1.5708
gambia,14,80-85,89,0.3927
gambia,15,85+,89,0.7854
gambia,0,0-15,90,0.0000
gambia,1,15-20,90,0.0000
gambia,2,20-25,90,3.5344
gambia,3,25-30,90,12.5668
gambia,4,30-35,90,26.3116
gambia,5,35-40,90,25.1335
gambia,6,40-45,90,26.7044
gambia,7,45-50,90,29.4534
gambia,8,50-55,90,21.9919
gambia,9,55-60,90,16.1012
gambia,10,60-65,90,10.9959
gambia,11,65-70,90,8.2469
gambia,12,70-75,90,2.7490
gambia,13,75-80,90,1.5708
gambia,14,80-85,90,0.3927
gambia,15,85+,90,0.7854
gambia,0,0-15,91,0.0000
gambia,1,15-20,91,0.0000
gambia,2,20-25,91,0.7854
gambia,3,25-30,91,16.1012
gambia,4,30-35,91,25.1335
gambia,5,35-40,91,34.5586
gambia,6,40-45,91,32.2024
gambia,7,45-50,91,35.3440
gambia,8,50-55,91,30.2388
gambia,9,55-60,91,20.8137
gambia,10,60-65,91,16.1012
gambia,11,65-70,91,9.0324
gambia,12,70-75,91,3.1417
gambia,13,75-80,91,1.5708
gambia,14,80-85,91,1.5708
gambia,15,85+,91,0.0000
gambia,0,0-15,92,0.0000
gambia,1,15-20,92,0.7854
gambia,2,20-25,92,2.3563
gambia,3,25-30,92,12.5668
gambia,4,30-35,92,32.2023
gambia,5,35-40,92,32.2023
gambia,6,40-45,92,35.7368
gambia,7,45-50,92,34.5586
gambia,8,50-55,92,28.6679
gambia,9,55-60,92,19.2429
gambia,10,60-65,92,13.3522
gambia,11,65-70,92,7.0688
gambia,12,70-75,92,1.9636
gambia,13,75-80,92,1.9636
gambia,14,80-85,92,0.0000
gambia,15,85+,92,0.0000
gambia,0,0-15,93,0.0000
gambia,1,15-20,93,0.0000
gambia,2,20-25,93,3.1417
gambia,3,25-30,93,14.5303
gambia,4,30-35,93,23.1699
gambia,5,35-40,93,34.9513
gambia,6,40-45,93,35.3440
gambia,7,45-50,93,32.9878
gambia,8,50-55,93,29.8461
gambia,9,55-60,93,21.2064
gambia,10,60-65,93,15.7085
gambia,11,65-70,93,7.8542
gambia,12,70-75,93,5.1052
gambia,13,75-80,93,1.9635
gambia,14,80-85,93,1.5708
gambia,15,85+,93,0.3927
gambia,0,0-15,94,0.0000
gambia,1,15-20,94,0.7854
gambia,2,20-25,94,3.5344
gambia,3,25-30,94,15.3157
gambia,4,30-35,94,30.6314
gambia,5,35-40,94,35.7367
gambia,6,40-45,94,34.1659
gambia,7,45-50,94,34.1659
gambia,8,50-55,94,32.5951
gambia,9,55-60,94,26.3117
gambia,10,60-65,94,13.3522
gambia,11,65-70,94,7.8542
gambia,12,70-75,94,5.1052
gambia,13,75-80,94,1.9635
gambia,14,80-85,94,1.1781
gambia,15,85+,94,0.0000
gambia,0,0-15,95,0.0000
gambia,1,15-20,95,0.7854
gambia,2,20-25,95,4.3198
gambia,3,25-30,95,14.1376
gambia,4,30-35,95,34.9513
gambia,5,35-40,95,26.7044
gambia,6,40-45,95,30.6315
gambia,7,45-50,95,30.6315
gambia,8,50-55,95,25.5263
gambia,9,55-60,95,18.0647
gambia,10,60-65,95,9.4251
gambia,11,65-70,95,4.3198
gambia,12,70-75,95,2.7490
gambia,13,75-80,95,2.7490
gambia,14,80-85,95,0.3927
gambia,15,85+,95,0.0000
gambia,0,0-15,96,0.0000
gambia,1,15-20,96,0.0000
gambia,2,20-25,96,2.3563
gambia,3,25-30,96,13.7449
gambia,4,30-35,96,29.0606
gambia,5,35-40,96,34.1659
gambia,6,40-45,96,33.7732
gambia,7,45-50,96,33.3805
gambia,8,50-55,96,30.2388
gambia,9,55-60,96,25.9190
gambia,10,60-65,96,12.1741
gambia,11,65-70,96,6.2834
gambia,12,70-75,96,5.4980
gambia,13,75-80,96,1.9636
gambia,14,80-85,96,0.3927
gambia,15,85+,96,0.0000
gambia,0,0-15,97,0.0000
gambia,1,15-20,97,0.0000
gambia,2,20-25,97,2.3563
gambia,3,25-30,97,13.7449
gambia,4,30-35,97,29.0606
gambia,5,35-40,97,34.1659
gambia,6,40-45,97,33.7732
gambia,7,45-50,97,33.3805
gambia,8,50-55,97,30.2388
gambia,9,55-60,97,25.9190
gambia,10,60-65,97,12.1741
gambia,11,65-70,97,6.2834
gambia,12,70-75,97,5.4980
gambia,13,75-80,97,1.9636
gambia,14,80-85,97,0.3927
gambia,15,85+,97,0.0000
gambia,0,0-15,98,0.0000
gambia,1,15-20,98,0.0000
gambia,2,20-25,98,2.3563
gambia,3,25-30,98,13.7449
gambia,4,30-35,98,29.0606
gambia,5,35-40,98,34.1659
gambia,6,40-45,98,33.7732
gambia,7,45-50,98,33.3805
gambia,8,50-55,98,30.2388
gambia,9,55-60,98,25.9190
gambia,10,60-65,98,12.1741
gambia,11,65-70,98,6.2834
gambia,12,70-75,98,5.4980
gambia,13,75-80,98,1.9636
gambia,14,80-85,98,0.3927
gambia,15,85+,98,0.0000
gambia,0,0-15,99,0.0000
gambia,1,15-20,99,0.0000
gambia,2,20-25,99,2.3563
gambia,3,25-30,99,13.7449
gambia,4,30-35,99,29.0606
gambia,5,35-40,99,34.1659
gambia,6,40-45,99,33.7732
gambia,7,45-50,99,33.3805
gambia,8,50-55,99,30.2388
gambia,9,55-60,99,25.9190
gambia,10,60-65,99,12.1741
gambia,11,65-70,99,6.2834
gambia,12,70-75,99,5.4980
gambia,13,75-80,99,1.9636
gambia,14,80-85,99,0.3927
gambia,15,85+,99,0.0000
laos,0,0-15,0,0.0000
laos,1,15-20,0,2.0977
laos,2,20-25,0,4.1954
laos,3,25-30,0,27.2704
laos,4,30-35,0,29.3681
laos,5,35-40,0,39.8567
laos,6,40-45,0,44.0521
laos,7,45-50,0,50.3453
laos,8,50-55,0,54.5407
laos,9,55-60,0,50.3453
laos,10,60-65,0,23.0749
laos,11,65-70,0,20.9772
laos,12,70-75,0,8.3909
laos,13,75-80,0,8.3909
laos,14,80-85,0,2.0977
laos,15,85+,0,2.0977
laos,0,0-15,1,0.0000
laos,1,15-20,1,0.0000
laos,2,20-25,1,0.0000
laos,3,25-30,1,8.3909
laos,4,30-35,1,31.4658
laos,5,35-40,1,20.9772
laos,6,40-45,1,44.0521
laos,7,45-50,1,52.4430
laos,8,50-55,1,44.0521
laos,9,55-60,1,41.9544
laos,10,60-65,1,37.7589
laos,11,65-70,1,25.1726
laos,12,70-75,1,16.7817
laos,13,75-80,1,10.4886
laos,14,80-85,1,2.0977
laos,15,85+,1,4.1954
laos,0,0-15,2,0.0000
laos,1,15-20,2,0.0000
laos,2,20-25,2,0.0000
laos,3,25-30,2,10.4886
laos,4,30-35,2,25.1727
laos,5,35-40,2,33.5635
laos,6,40-45,2,48.2476
laos,7,45-50,2,54.5407
laos,8,50-55,2,58.7362
laos,9,55-60,2,37.7590
laos,10,60-65,2,25.1726
laos,11,65-70,2,20.9772
laos,12,70-75,2,14.6840
laos,13,75-80,2,10.4886
laos,14,80-85,2,2.0977
laos,15,85+,2,0.0000
laos,0,0-15,3,0.0000
laos,1,15-20,3,0.0000
laos,2,20-25,3,0.0000
laos,3,25-30,3,16.7818
laos,4,30-35,3,39.8567
laos,5,35-40,3,39.8567
laos,6,40-45,3,44.0521
laos,7,45-50,3,50.3453
laos,8,50-55,3,37.7590
laos,9,55-60,3,37.7590
laos,10,60-65,3,33.5635
laos,11,65-70,3,12.5863
laos,12,70-75,3,14.6840
laos,13,75-80,3,4.1954
laos,14,80-85,3,0.0000
laos,15,85+,3,0.0000
laos,0,0-15,4,0.0000
laos,1,15-20,4,0.0000
laos,2,20-25,4,0.0000
laos,3,25-30,4,16.7818
laos,4,30-35,4,39.8567
laos,5,35-40,4,39.8567
laos,6,40-45,4,44.0521
laos,7,45-50,4,50.3453
laos,8,50-55,4,37.7590
laos,9,55-60,4,37.7590
laos,10,60-65,4,33.5635
laos,11,65-70,4,12.5863
laos,12,70-75,4,14.6840
laos,13,75-80,4,4.1954
laos,14,80-85,4,0.0000
laos,15,85+,4,0.0000
laos,0,0-15,5,0.0000
laos,1,15-20,5,0.0000
laos,2,20-25,5,0.0000
laos,3,25-30,5,16.7818
laos,4,30-35,5,39.8567
laos,5,35-40,5,39.8567
laos,6,40-45,5,44.0521
laos,7,45-50,5,50.3453
laos,8,50-55,5,37.7590
laos,9,55-60,5,37.7590
laos,10,60-65,5,33.5635
laos,11,65-70,5,12.5863
laos,12,70-75,5,14.6840
laos,13,75-80,5,4.1954
laos,14,80-85,5,0.0000
laos,15,85+,5,0.0000
laos,0,0-15,6,0.0000
laos,1,15-20,6,0.0000
laos,2,20-25,6,8.3909
laos,3,25-30,6,12.5863
laos,4,30-35,6,31.4658
laos,5,35-40,6,52.4430
laos,6,40-45,6,41.9544
laos,7,45-50,6,58.7362
laos,8,50-55,6,44.0521
laos,9,55-60,6,44.0521
laos,10,60-65,6,20.9772
laos,11,65-70,6,18.8795
laos,12,70-75,6,16.7817
laos,13,75-80,6,6.2932
laos,14,80-85,6,2.0977
laos,15,85+,6,2.0977
laos,0,0-15,7,0.0000
laos,1,15-20,7,0.0000
laos,2,20-25,7,4.1954
laos,3,25-30,7,12.5863
laos,4,30-35,7,31.4658
laos,5,35-40,7,44.0521
laos,6,40-45,7,69.2248
laos,7,45-50,7,48.2476
laos,8,50-55,7,52.4430
laos,9,55-60,7,37.7589
laos,10,60-65,7,25.1726
laos,11,65-70,7,25.1726
laos,12,70-75,7,14.6840
laos,13,75-80,7,4.1954
laos,14,80-85,7,2.0977
laos,15,85+,7,0.0000
laos,0,0-15,8,0.0000
laos,1,15-20,8,0.0000
laos,2,20-25,8,4.1954
laos,3,25-30,8,12.5863
laos,4,30-35,8,31.4658
laos,5,35-40,8,44.0521
laos,6,40-45,8,69.2248
laos,7,45-50,8,48.2476
laos,8,50-55,8,52.4430
laos,9,55-60,8,37.7589
laos,10,60-65,8,25.1726
laos,11,65-70,8,25.1726
laos,12,70-75,8,14.6840
laos,13,75-80,8,4.1954
laos,14,80-85,8,2.0977
laos,15,85+,8,0.0000
laos,0,0-15,9,0.0000
laos,1,15-20,9,0.0000
laos,2,20-25,9,4.1954
laos,3,25-30,9,12.5863
laos,4,30-35,9,31.4658
laos,5,35-40,9,44.0521
laos,6,40-45,9,69.2248
laos,7,45-50,9,48.2476
laos,8,50-55,9,52.4430
laos,9,55-60,9,37.7589
laos,10,60-65,9,25.1726
laos,11,65-70,9,25.1726
laos,12,70-75,9,14.6840
laos,13,75-80,9,4.1954
laos,14,80-85,9,2.0977
laos,15,85+,9,0.0000
laos,0,0-15,10,0.0000
laos,1,15-20,10,0.0000
laos,2,20-25,10,4.1954
laos,3,25-30,10,12.5863
laos,4,30-35,10,31.4658
laos,5,35-40,10,44.0521
laos,6,40-45,10,69.2248
laos,7,45-50,10,48.2476
laos,8,50-55,10,52.4430
laos,9,55-60,10,37.7589
laos,10,60-65,10,25.1726
laos,11,65-70,10,25.1726
laos,12,70-75,10,14.6840
laos,13,75-80,10,4.1954
laos,14,80-85,10,2.0977
laos,15,85+,10,0.0000
laos,0,0-15,11,0.0000
laos,1,15-20,11,0.0000
laos,2,20-25,11,4.1954
laos,3,25-30,11,12.5863
laos,4,30-35,11,31.4658
laos,5,35-40,11,44.0521
laos,6,40-45,11,69.2248
laos,7,45-50,11,48.2476
laos,8,50-55,11,52.4430
laos,9,55-60,11,37.7589
laos,10,60-65,11,25.1726
laos,11,65-70,11,25.1726
laos,12,70-75,11,14.6840
laos,13,75-80,11,4.1954
laos,14,80-85,11,2.0977
laos,15,85+,11,0.0000
laos,0,0-15,12,0.0000
laos,1,15-20,12,0.0000
laos,2,20-25,12,4.1954
laos,3,25-30,12,12.5863
laos,4,30-35,12,31.4658
laos,5,35-40,12,44.0521
laos,6,40-45,12,69.2248
laos,7,45-50,12,48.2476
laos,8,50-55,12,52.4430
laos,9,55-60,12,37.7589
laos,10,60-65,12,25.1726
laos,11,65-70,12,25.1726
laos,12,70-75,12,14.6840
laos,13,75-80,12,4.1954
laos,14,80-85,12,2.0977
laos,15,85+,12,0.0000
laos,0,0-15,13,0.0000
laos,1,15-20,13,0.0000
laos,2,20-25,13,4.1954
laos,3,25-30,13,12.5863
laos,4,30-35,13,31.4658
laos,5,35-40,13,44.0521
laos,6,40-45,13,69.2248
laos,7,45-50,13,48.2476
laos,8,50-55,13,52.4430
laos,9,55-60,13,37.7589
laos,10,60-65,13,25.1726
laos,11,65-70,13,25.1726
laos,12,70-75,13,14.6840
laos,13,75-80,13,4.1954
laos,14,80-85,13,2.0977
laos,15,85+,13,0.0000
laos,0,0-15,14,0.0000
laos,1,15-20,14,0.0000
laos,2,20-25,14,4.1954
laos,3,25-30,14,12.5863
laos,4,30-35,14,31.4658
laos,5,35-40,14,44.0521
laos,6,40-45,14,69.2248
laos,7,45-50,14,48.2476
laos,8,50-55,14,52.4430
laos,9,55-60,14,37.7589
laos,10,60-65,14,25.1726
laos,11,65-70,14,25.1726
laos,12,70-75,14,14.6840
laos,13,75-80,14,4.1954
laos,14,80-85,14,2.0977
laos,15,85+,14,0.0000
laos,0,0-15,15,0.0000
laos,1,15-20,15,0.0000
laos,2,20-25,15,4.1954
laos,3,25-30,15,12.5863
laos,4,30-35,15,31.4658
laos,5,35-40,15,44.0521
laos,6,40-45,15,69.2248
laos,7,45-50,15,48.2476
laos,8,50-55,15,52.4430
laos,9,55-60,15,37.7589
laos,10,60-65,15,25.1726
laos,11,65-70,15,25.1726
laos,12,70-75,15,14.6840
laos,13,75-80,15,4.1954
laos,14,80-85,15,2.0977
laos,15,85+,15,0.0000
laos,0,0-15,16,0.0000
laos,1,15-20,16,0.0000
laos,2,20-25,16,4.1954
laos,3,25-30,16,12.5863
laos,4,30-35,16,54.5407
laos,5,35-40,16,41.9544
laos,6,40-45,16,46.1499
laos,7,45-50,16,46.1499
laos,8,50-55,16,41.9544
laos,9,55-60,16,33.5635
laos,10,60-65,16,31.4658
laos,11,65-70,16,18.8795
laos,12,70-75,16,10.4886
laos,13,75-80,16,4.1954
laos,14,80-85,16,4.1954
laos,15,85+,16,2.0977
laos,0,0-15,17,0.0000
laos,1,15-20,17,0.0000
laos,2,20-25,17,4.1954
laos,3,25-30,17,12.5863
laos,4,30-35,17,54.5407
laos,5,35-40,17,41.9544
laos,6,40-45,17,46.1499
laos,7,45-50,17,46.1499
laos,8,50-55,17,41.9544
laos,9,55-60,17,33.5635
laos,10,60-65,17,31.4658
laos,11,65-70,17,18.8795
laos,12,70-75,17,10.4886
laos,13,75-80,17,4.1954
laos,14,80-85,17,4.1954
laos,15,85+,17,2.0977
laos,0,0-15,18,0.0000
laos,1,15-20,18,0.0000
laos,2,20-25,18,4.1954
laos,3,25-30,18,12.5863
laos,4,30-35,18,54.5407
laos,5,35-40,18,41.9544
laos,6,40-45,18,46.1499
laos,7,45-50,18,46.1499
laos,8,50-55,18,41.9544
laos,9,55-60,18,33.5635
laos,10,60-65,18,31.4658
laos,11,65-70,18,18.8795
laos,12,70-75,18,10.4886
laos,13,75-80,18,4.1954
laos,14,80-85,18,4.1954
laos,15,85+,18,2.0977
laos,0,0-15,19,0.0000
laos,1,15-20,19,0.0000
laos,2,20-25,19,4.1954
laos,3,25-30,19,14.6840
laos,4,30-35,19,35.6613
laos,5,35-40,19,39.8567
laos,6,40-45,19,48.2476
laos,7,45-50,19,62.9316
laos,8,50-55,19,31.4658
laos,9,55-60,19,44.0521
laos,10,60-65,19,25.1726
laos,11,65-70,19,14.6840
laos,12,70-75,19,16.7817
laos,13,75-80,19,6.2932
laos,14,80-85,19,4.1954
laos,15,85+,19,0.0000
laos,0,0-15,20,0.0000
laos,1,15-20,20,0.0000
laos,2,20-25,20,10.4886
laos,3,25-30,20,14.6840
laos,4,30-35,20,37.7590
laos,5,35-40,20,44.0521
laos,6,40-45,20,44.0521
laos,7,45-50,20,50.3453
laos,8,50-55,20,41.9544
laos,9,55-60,20,54.5407
laos,10,60-65,20,31.4658
laos,11,65-70,20,16.7817
laos,12,70-75,20,8.3909
laos,13,75-80,20,12.5863
laos,14,80-85,20,0.0000
laos,15,85+,20,0.0000
laos,0,0-15,21,0.0000
laos,1,15-20,21,0.0000
laos,2,20-25,21,4.1954
laos,3,25-30,21,14.6840
laos,4,30-35,21,33.5635
laos,5,35-40,21,46.1499
laos,6,40-45,21,48.2476
laos,7,45-50,21,48.2476
laos,8,50-55,21,50.3453
laos,9,55-60,21,25.1726
laos,10,60-65,21,18.8795
laos,11,65-70,21,20.9772
laos,12,70-75,21,16.7817
laos,13,75-80,21,2.0977
laos,14,80-85,21,0.0000
laos,15,85+,21,0.0000
laos,0,0-15,22,0.0000
laos,1,15-20,22,0.0000
laos,2,20-25,22,4.1954
laos,3,25-30,22,18.8795
laos,4,30-35,22,27.2704
laos,5,35-40,22,52.4430
laos,6,40-45,22,35.6613
laos,7,45-50,22,60.8339
laos,8,50-55,22,50.3453
laos,9,55-60,22,37.7590
laos,10,60-65,22,33.5635
laos,11,65-70,22,27.2703
laos,12,70-75,22,8.3909
laos,13,75-80,22,6.2932
laos,14,80-85,22,2.0977
laos,15,85+,22,4.1954
laos,0,0-15,23,0.0000
laos,1,15-20,23,0.0000
laos,2,20-25,23,0.0000
laos,3,25-30,23,18.8795
laos,4,30-35,23,27.2704
laos,5,35-40,23,37.7590
laos,6,40-45,23,48.2476
laos,7,45-50,23,35.6613
laos,8,50-55,23,33.5635
laos,9,55-60,23,44.0521
laos,10,60-65,23,29.3681
laos,11,65-70,23,12.5863
laos,12,70-75,23,14.6840
laos,13,75-80,23,4.1954
laos,14,80-85,23,8.3909
laos,15,85+,23,6.2932
laos,0,0-15,24,0.0000
laos,1,15-20,24,0.0000
laos,2,20-25,24,8.3909
laos,3,25-30,24,16.7818
laos,4,30-35,24,33.5635
laos,5,35-40,24,46.1499
laos,6,40-45,24,71.3225
laos,7,45-50,24,44.0521
laos,8,50-55,24,48.2476
laos,9,55-60,24,37.7589
laos,10,60-65,24,29.3680
laos,11,65-70,24,18.8795
laos,12,70-75,24,20.9772
laos,13,75-80,24,8.3909
laos,14,80-85,24,0.0000
laos,15,85+,24,0.0000
laos,0,0-15,25,0.0000
laos,1,15-20,25,0.0000
laos,2,20-25,25,4.1954
laos,3,25-30,25,8.3909
laos,4,30-35,25,12.5863
laos,5,35-40,25,39.8567
laos,6,40-45,25,39.8567
laos,7,45-50,25,39.8567
laos,8,50-55,25,60.8339
laos,9,55-60,25,41.9544
laos,10,60-65,25,31.4658
laos,11,65-70,25,29.3681
laos,12,70-75,25,16.7817
laos,13,75-80,25,8.3909
laos,14,80-85,25,6.2932
laos,15,85+,25,0.0000
laos,0,0-15,26,0.0000
laos,1,15-20,26,0.0000
laos,2,20-25,26,0.0000
laos,3,25-30,26,16.7818
laos,4,30-35,26,27.2704
laos,5,35-40,26,27.2704
laos,6,40-45,26,37.7590
laos,7,45-50,26,41.9544
laos,8,50-55,26,41.9544
laos,9,55-60,26,50.3453
laos,10,60-65,26,35.6612
laos,11,65-70,26,27.2703
laos,12,70-75,26,14.6840
laos,13,75-80,26,14.6840
laos,14,80-85,26,0.0000
laos,15,85+,26,2.0977
laos,0,0-15,27,0.0000
laos,1,15-20,27,0.0000
laos,2,20-25,27,4.1954
laos,3,25-30,27,18.8795
laos,4,30-35,27,23.0749
laos,5,35-40,27,44.0521
laos,6,40-45,27,44.0521
laos,7,45-50,27,60.8339
laos,8,50-55,27,56.6385
laos,9,55-60,27,48.2475
laos,10,60-65,27,29.3681
laos,11,65-70,27,14.6840
laos,12,70-75,27,8.3909
laos,13,75-80,27,10.4886
laos,14,80-85,27,0.0000
laos,15,85+,27,2.0977
laos,0,0-15,28,0.0000
laos,1,15-20,28,0.0000
laos,2,20-25,28,4.1954
laos,3,25-30,28,18.8795
laos,4,30-35,28,23.0749
laos,5,35-40,28,44.0521
laos,6,40-45,28,44.0521
laos,7,45-50,28,60.8339
laos,8,50-55,28,56.6385
laos,9,55-60,28,48.2475
laos,10,60-65,28,29.3681
laos,11,65-70,28,14.6840
laos,12,70-75,28,8.3909
laos,13,75-80,28,10.4886
laos,14,80-85,28,0.0000
laos,15,85+,28,2.0977
laos,0,0-15,29,0.0000
laos,1,15-20,29,0.0000
laos,2,20-25,29,2.0977
laos,3,25-30,29,10.4886
laos,4,30-35,29,33.5635
laos,5,35-40,29,37.7590
laos,6,40-45,29,37.7590
laos,7,45-50,29,54.5408
laos,8,50-55,29,54.5407
laos,9,55-60,29,39.8567
laos,10,60-65,29,33.5635
laos,11,65-70,29,10.4886
laos,12,70-75,29,20.9772
laos,13,75-80,29,2.0977
laos,14,80-85,29,4.1954
laos,15,85+,29,0.0000
laos,0,0-15,30,0.0000
laos,1,15-20,30,0.0000
laos,2,20-25,30,2.0977
laos,3,25-30,30,12.5863
laos,4,30-35,30,23.0749
laos,5,35-40,30,33.5635
laos,6,40-45,30,37.7590
laos,7,45-50,30,48.2476
laos,8,50-55,30,54.5408
laos,9,55-60,30,33.5635
laos,10,60-65,30,20.9772
laos,11,65-70,30,23.0749
laos,12,70-75,30,12.5863
laos,13,75-80,30,12.5863
laos,14,80-85,30,0.0000
laos,15,85+,30,2.0977
laos,0,0-15,31,0.0000
laos,1,15-20,31,0.0000
laos,2,20-25,31,4.1954
laos,3,25-30,31,10.4886
laos,4,30-35,31,29.3681
laos,5,35-40,31,48.2476
laos,6,40-45,31,56.6385
laos,7,45-50,31,52.4430
laos,8,50-55,31,48.2476
laos,9,55-60,31,46.1498
laos,10,60-65,31,35.6612
laos,11,65-70,31,14.6840
laos,12,70-75,31,8.3909
laos,13,75-80,31,0.0000
laos,14,80-85,31,6.2932
laos,15,85+,31,4.1954
laos,0,0-15,32,0.0000
laos,1,15-20,32,0.0000
laos,2,20-25,32,4.1954
laos,3,25-30,32,10.4886
laos,4,30-35,32,29.3681
laos,5,35-40,32,48.2476
laos,6,40-45,32,56.6385
laos,7,45-50,32,52.4430
laos,8,50-55,32,48.2476
laos,9,55-60,32,46.1498
laos,10,60-65,32,35.6612
laos,11,65-70,32,14.6840
laos,12,70-75,32,8.3909
laos,13,75-80,32,0.0000
laos,14,80-85,32,6.2932
laos,15,85+,32,4.1954
laos,0,0-15,33,0.0000
laos,1,15-20,33,0.0000
laos,2,20-25,33,4.1954
laos,3,25-30,33,10.4886
laos,4,30-35,33,29.3681
laos,5,35-40,33,48.2476
laos,6,40-45,33,56.6385
laos,7,45-50,33,52.4430
laos,8,50-55,33,48.2476
laos,9,55-60,33,46.1498
laos,10,60-65,33,35.6612
laos,11,65-70,33,14.6840
laos,12,70-75,33,8.3909
laos,13,75-80,33,0.0000
laos,14,80-85,33,6.2932
laos,15,85+,33,4.1954
laos,0,0-15,34,0.0000
laos,1,15-20,34,0.0000
laos,2,20-25,34,4.1954
laos,3,25-30,34,10.4886
laos,4,30-35,34,29.3681
laos,5,35-40,34,48.2476
laos,6,40-45,34,56.6385
laos,7,45-50,34,52.4430
laos,8,50-55,34,48.2476
laos,9,55-60,34,46.1498
laos,10,60-65,34,35.6612
laos,11,65-70,34,14.6840
laos,12,70-75,34,8.3909
laos,13,75-80,34,0.0000
laos,14,80-85,34,6.2932
laos,15,85+,34,4.1954
laos,0,0-15,35,0.0000
laos,1,15-20,35,0.0000
laos,2,20-25,35,4.1954
laos,3,25-30,35,10.4886
laos,4,30-35,35,29.3681
laos,5,35-40,35,48.2476
laos,6,40-45,35,56.6385
laos,7,45-50,35,52.4430
laos,8,50-55,35,48.2476
laos,9,55-60,35,46.1498
laos,10,60-65,35,35.6612
laos,11,65-70,35,14.6840
laos,12,70-75,35,8.3909
laos,13,75-80,35,0.0000
laos,14,80-85,35,6.2932
laos,15,85+,35,4.1954
laos,0,0-15,36,0.0000
laos,1,15-20,36,0.0000
laos,2,20-25,36,4.1954
laos,3,25-30,36,10.4886
laos,4,30-35,36,29.3681
laos,5,35-40,36,48.2476
laos,6,40-45,36,56.6385
laos,7,45-50,36,52.4430
laos,8,50-55,36,48.2476
laos,9,55-60,36,46.1498
laos,10,60-65,36,35.6612
laos,11,65-70,36,14.6840
laos,12,70-75,36,8.3909
laos,13,75-80,36,0.0000
laos,14,80-85,36,6.2932
laos,15,85+,36,4.1954
laos,0,0-15,37,0.0000
laos,1,15-20,37,0.0000
laos,2,20-25,37,4.1954
laos,3,25-30,37,10.4886
laos,4,30-35,37,29.3681
laos,5,35-40,37,48.2476
laos,6,40-45,37,56.6385
laos,7,45-50,37,52.4430
laos,8,50-55,37,48.2476
laos,9,55-60,37,46.1498
laos,10,60-65,37,35.6612
laos,11,65-70,37,14.6840
laos,12,70-75,37,8.3909
laos,13,75-80,37,0.0000
laos,14,80-85,37,6.2932
laos,15,85+,37,4.1954
laos,0,0-15,38,0.0000
laos,1,15-20,38,0.0000
laos,2,20-25,38,4.1954
laos,3,25-30,38,10.4886
laos,4,30-35,38,29.3681
laos,5,35-40,38,48.2476
laos,6,40-45,38,56.6385
laos,7,45-50,38,52.4430
laos,8,50-55,38,48.2476
laos,9,55-60,38,46.1498
laos,10,60-65,38,35.6612
laos,11,65-70,38,14.6840
laos,12,70-75,38,8.3909
laos,13,75-80,38,0.0000
laos,14,80-85,38,6.2932
laos,15,85+,38,4.1954
laos,0,0-15,39,0.0000
laos,1,15-20,39,0.0000
laos,2,20-25,39,0.0000
laos,3,25-30,39,8.3909
laos,4,30-35,39,12.5863
laos,5,35-40,39,37.7590
laos,6,40-45,39,46.1499
laos,7,45-50,39,50.3453
laos,8,50-55,39,48.2476
laos,9,55-60,39,37.7590
laos,10,60-65,39,27.2704
laos,11,65-70,39,14.6840
laos,12,70-75,39,12.5863
laos,13,75-80,39,6.2932
laos,14,80-85,39,2.0977
laos,15,85+,39,0.0000
laos,0,0-15,40,0.0000
laos,1,15-20,40,0.0000
laos,2,20-25,40,0.0000
laos,3,25-30,40,2.0977
laos,4,30-35,40,33.5635
laos,5,35-40,40,37.7590
laos,6,40-45,40,39.8567
laos,7,45-50,40,62.9316
laos,8,50-55,40,39.8567
laos,9,55-60,40,35.6612
laos,10,60-65,40,25.1726
laos,11,65-70,40,25.1726
laos,12,70-75,40,14.6840
laos,13,75-80,40,10.4886
laos,14,80-85,40,2.0977
laos,15,85+,40,0.0000
laos,0,0-15,41,0.0000
laos,1,15-20,41,0.0000
laos,2,20-25,41,0.0000
laos,3,25-30,41,2.0977
laos,4,30-35,41,33.5635
laos,5,35-40,41,37.7590
laos,6,40-45,41,39.8567
laos,7,45-50,41,62.9316
laos,8,50-55,41,39.8567
laos,9,55-60,41,35.6612
laos,10,60-65,41,25.1726
laos,11,65-70,41,25.1726
laos,12,70-75,41,14.6840
laos,13,75-80,41,10.4886
laos,14,80-85,41,2.0977
laos,15,85+,41,0.0000
laos,0,0-15,42,0.0000
laos,1,15-20,42,0.0000
laos,2,20-25,42,0.0000
laos,3,25-30,42,2.0977
laos,4,30-35,42,33.5635
laos,5,35-40,42,37.7590
laos,6,40-45,42,39.8567
laos,7,45-50,42,62.9316
laos,8,50-55,42,39.8567
laos,9,55-60,42,35.6612
laos,10,60-65,42,25.1726
laos,11,65-70,42,25.1726
laos,12,70-75,42,14.6840
laos,13,75-80,42,10.4886
laos,14,80-85,42,2.0977
laos,15,85+,42,0.0000
laos,0,0-15,43,0.0000
laos,1,15-20,43,0.0000
laos,2,20-25,43,0.0000
laos,3,25-30,43,2.0977
laos,4,30-35,43,33.5635
laos,5,35-40,43,37.7590
laos,6,40-45,43,39.8567
laos,7,45-50,43,62.9316
laos,8,50-55,43,39.8567
laos,9,55-60,43,35.6612
laos,10,60-65,43,25.1726
laos,11,65-70,43,25.1726
laos,12,70-75,43,14.6840
laos,13,75-80,43,10.4886
laos,14,80-85,43,2.0977
laos,15,85+,43,0.0000
laos,0,0-15,44,0.0000
laos,1,15-20,44,0.0000
laos,2,20-25,44,0.0000
laos,3,25-30,44,2.0977
laos,4,30-35,44,33.5635
laos,5,35-40,44,37.7590
laos,6,40-45,44,39.8567
laos,7,45-50,44,62.9316
laos,8,50-55,44,39.8567
laos,9,55-60,44,35.6612
laos,10,60-65,44,25.1726
laos,11,65-70,44,25.1726
laos,12,70-75,44,14.6840
laos,13,75-80,44,10.4886
laos,14,80-85,44,2.0977
laos,15,85+,44,0.0000
laos,0,0-15,45,0.0000
laos,1,15-20,45,0.0000
laos,2,20-25,45,4.1954
laos,3,25-30,45,16.7818
laos,4,30-35,45,16.7818
laos,5,35-40,45,39.8567
laos,6,40-45,45,29.3681
laos,7,45-50,45,46.1499
laos,8,50-55,45,50.3453
laos,9,55-60,45,29.3681
laos,10,60-65,45,20.9772
laos,11,65-70,45,23.0749
laos,12,70-75,45,16.7817
laos,13,75-80,45,8.3909
laos,14,80-85,45,2.0977
laos,15,85+,45,0.0000
laos,0,0-15,46,0.0000
laos,1,15-20,46,0.0000
laos,2,20-25,46,0.0000
laos,3,25-30,46,10.4886
laos,4,30-35,46,25.1727
laos,5,35-40,46,46.1499
laos,6,40-45,46,31.4658
laos,7,45-50,46,41.9544
laos,8,50-55,46,54.5407
laos,9,55-60,46,37.7590
laos,10,60-65,46,35.6612
laos,11,65-70,46,23.0749
laos,12,70-75,46,12.5863
laos,13,75-80,46,8.3909
laos,14,80-85,46,2.0977
laos,15,85+,46,0.0000
laos,0,0-15,47,0.0000
laos,1,15-20,47,0.0000
laos,2,20-25,47,6.2932
laos,3,25-30,47,10.4886
laos,4,30-35,47,31.4658
laos,5,35-40,47,48.2476
laos,6,40-45,47,50.3453
laos,7,45-50,47,58.7362
laos,8,50-55,47,52.4430
laos,9,55-60,47,56.6384
laos,10,60-65,47,25.1726
laos,11,65-70,47,18.8795
laos,12,70-75,47,14.6840
laos,13,75-80,47,6.2932
laos,14,80-85,47,6.2932
laos,15,85+,47,0.0000
laos,0,0-15,48,0.0000
laos,1,15-20,48,0.0000
laos,2,20-25,48,4.1954
laos,3,25-30,48,14.6840
laos,4,30-35,48,35.6613
laos,5,35-40,48,35.6613
laos,6,40-45,48,54.5407
laos,7,45-50,48,50.3453
laos,8,50-55,48,37.7590
laos,9,55-60,48,52.4430
laos,10,60-65,48,33.5635
laos,11,65-70,48,18.8795
laos,12,70-75,48,4.1954
laos,13,75-80,48,6.2932
laos,14,80-85,48,0.0000
laos,15,85+,48,0.0000
laos,0,0-15,49,0.0000
laos,1,15-20,49,0.0000
laos,2,20-25,49,4.1954
laos,3,25-30,49,6.2932
laos,4,30-35,49,20.9772
laos,5,35-40,49,29.3681
laos,6,40-45,49,46.1499
laos,7,45-50,49,41.9544
laos,8,50-55,49,50.3453
laos,9,55-60,49,31.4658
laos,10,60-65,49,31.4658
laos,11,65-70,49,27.2704
laos,12,70-75,49,8.3909
laos,13,75-80,49,6.2932
laos,14,80-85,49,4.1954
laos,15,85+,49,0.0000
laos,0,0-15,50,0.0000
laos,1,15-20,50,0.0000
laos,2,20-25,50,4.1954
laos,3,25-30,50,8.3909
laos,4,30-35,50,35.6613
laos,5,35-40,50,35.6613
laos,6,40-45,50,50.3453
laos,7,45-50,50,50.3453
laos,8,50-55,50,56.6385
laos,9,55-60,50,52.4430
laos,10,60-65,50,23.0749
laos,11,65-70,50,23.0749
laos,12,70-75,50,10.4886
laos,13,75-80,50,4.1954
laos,14,80-85,50,0.0000
laos,15,85+,50,0.0000
laos,0,0-15,51,0.0000
laos,1,15-20,51,0.0000
laos,2,20-25,51,2.0977
laos,3,25-30,51,2.0977
laos,4,30-35,51,23.0749
laos,5,35-40,51,29.3681
laos,6,40-45,51,41.9544
laos,7,45-50,51,56.6385
laos,8,50-55,51,39.8567
laos,9,55-60,51,41.9544
laos,10,60-65,51,31.4658
laos,11,65-70,51,25.1726
laos,12,70-75,51,12.5863
laos,13,75-80,51,6.2932
laos,14,80-85,51,0.0000
laos,15,85+,51,0.0000
laos,0,0-15,52,0.0000
laos,1,15-20,52,0.0000
laos,2,20-25,52,4.1954
laos,3,25-30,52,2.0977
laos,4,30-35,52,23.0749
laos,5,35-40,52,25.1727
laos,6,40-45,52,35.6613
laos,7,45-50,52,52.4430
laos,8,50-55,52,46.1498
laos,9,55-60,52,33.5635
laos,10,60-65,52,33.5635
laos,11,65-70,52,23.0749
laos,12,70-75,52,18.8795
laos,13,75-80,52,8.3909
laos,14,80-85,52,0.0000
laos,15,85+,52,0.0000
laos,0,0-15,53,0.0000
laos,1,15-20,53,0.0000
laos,2,20-25,53,4.1954
laos,3,25-30,53,2.0977
laos,4,30-35,53,23.0749
laos,5,35-40,53,25.1727
laos,6,40-45,53,35.6613
laos,7,45-50,53,52.4430
laos,8,50-55,53,46.1498
laos,9,55-60,53,33.5635
laos,10,60-65,53,33.5635
laos,11,65-70,53,23.0749
laos,12,70-75,53,18.8795
laos,13,75-80,53,8.3909
laos,14,80-85,53,0.0000
laos,15,85+,53,0.0000
laos,0,0-15,54,0.0000
laos,1,15-20,54,0.0000
laos,2,20-25,54,4.1954
laos,3,25-30,54,2.0977
laos,4,30-35,54,23.0749
laos,5,35-40,54,25.1727
laos,6,40-45,54,35.6613
laos,7,45-50,54,52.4430
laos,8,50-55,54,46.1498
laos,9,55-60,54,33.5635
laos,10,60-65,54,33.5635
laos,11,65-70,54,23.0749
laos,12,70-75,54,18.8795
laos,13,75-80,54,8.3909
laos,14,80-85,54,0.0000
laos,15,85+,54,0.0000
laos,0,0-15,55,0.0000
laos,1,15-20,55,0.0000
laos,2,20-25,55,2.0977
laos,3,25-30,55,14.6840
laos,4,30-35,55,27.2704
laos,5,35-40,55,58.7362
laos,6,40-45,55,35.6613
laos,7,45-50,55,56.6385
laos,8,50-55,55,41.9544
laos,9,55-60,55,37.7589
laos,10,60-65,55,29.3681
laos,11,65-70,55,14.6840
laos,12,70-75,55,14.6840
laos,13,75-80,55,2.0977
laos,14,80-85,55,4.1954
laos,15,85+,55,0.0000
laos,0,0-15,56,0.0000
laos,1,15-20,56,0.0000
laos,2,20-25,56,2.0977
laos,3,25-30,56,14.6840
laos,4,30-35,56,27.2704
laos,5,35-40,56,58.7362
laos,6,40-45,56,35.6613
laos,7,45-50,56,56.6385
laos,8,50-55,56,41.9544
laos,9,55-60,56,37.7589
laos,10,60-65,56,29.3681
laos,11,65-70,56,14.6840
laos,12,70-75,56,14.6840
laos,13,75-80,56,2.0977
laos,14,80-85,56,4.1954
laos,15,85+,56,0.0000
laos,0,0-15,57,0.0000
laos,1,15-20,57,0.0000
laos,2,20-25,57,0.0000
laos,3,25-30,57,18.8795
laos,4,30-35,57,18.8795
laos,5,35-40,57,27.2704
laos,6,40-45,57,65.0294
laos,7,45-50,57,44.0521
laos,8,50-55,57,52.4430
laos,9,55-60,57,37.7590
laos,10,60-65,57,20.9772
laos,11,65-70,57,25.1726
laos,12,70-75,57,12.5863
laos,13,75-80,57,10.4886
laos,14,80-85,57,8.3909
laos,15,85+,57,0.0000
laos,0,0-15,58,0.0000
laos,1,15-20,58,0.0000
laos,2,20-25,58,0.0000
laos,3,25-30,58,18.8795
laos,4,30-35,58,18.8795
laos,5,35-40,58,27.2704
laos,6,40-45,58,65.0294
laos,7,45-50,58,44.0521
laos,8,50-55,58,52.4430
laos,9,55-60,58,37.7590
laos,10,60-65,58,20.9772
laos,11,65-70,58,25.1726
laos,12,70-75,58,12.5863
laos,13,75-80,58,10.4886
laos,14,80-85,58,8.3909
laos,15,85+,58,0.0000
laos,0,0-15,59,0.0000
laos,1,15-20,59,0.0000
laos,2,20-25,59,4.1954
laos,3,25-30,59,23.0749
laos,4,30-35,59,31.4658
laos,5,35-40,59,58.7362
laos,6,40-45,59,52.4430
laos,7,45-50,59,41.9544
laos,8,50-55,59,46.1498
laos,9,55-60,59,27.2704
laos,10,60-65,59,27.2704
laos,11,65-70,59,16.7817
laos,12,70-75,59,12.5863
laos,13,75-80,59,2.0977
laos,14,80-85,59,0.0000
laos,15,85+,59,2.0977
laos,0,0-15,60,0.0000
laos,1,15-20,60,0.0000
laos,2,20-25,60,4.1954
laos,3,25-30,60,23.0749
laos,4,30-35,60,31.4658
laos,5,35-40,60,58.7362
laos,6,40-45,60,52.4430
laos,7,45-50,60,41.9544
laos,8,50-55,60,46.1498
laos,9,55-60,60,27.2704
laos,10,60-65,60,27.2704
laos,11,65-70,60,16.7817
laos,12,70-75,60,12.5863
laos,13,75-80,60,2.0977
laos,14,80-85,60,0.0000
laos,15,85+,60,2.0977
laos,0,0-15,61,0.0000
laos,1,15-20,61,0.0000
laos,2,20-25,61,4.1954
laos,3,25-30,61,23.0749
laos,4,30-35,61,31.4658
laos,5,35-40,61,58.7362
laos,6,40-45,61,52.4430
laos,7,45-50,61,41.9544
laos,8,50-55,61,46.1498
laos,9,55-60,61,27.2704
laos,10,60-65,61,27.2704
laos,11,65-70,61,16.7817
laos,12,70-75,61,12.5863
laos,13,75-80,61,2.0977
laos,14,80-85,61,0.0000
laos,15,85+,61,2.0977
laos,0,0-15,62,0.0000
laos,1,15-20,62,0.0000
laos,2,20-25,62,4.1954
laos,3,25-30,62,14.6840
laos,4,30-35,62,16.7818
laos,5,35-40,62,46.1499
laos,6,40-45,62,52.4430
laos,7,45-50,62,50.3453
laos,8,50-55,62,56.6385
laos,9,55-60,62,37.7590
laos,10,60-65,62,20.9772
laos,11,65-70,62,14.6840
laos,12,70-75,62,12.5863
laos,13,75-80,62,4.1954
laos,14,80-85,62,0.0000
laos,15,85+,62,2.0977
laos,0,0-15,63,0.0000
laos,1,15-20,63,0.0000
laos,2,20-25,63,2.0977
laos,3,25-30,63,12.5863
laos,4,30-35,63,35.6613
laos,5,35-40,63,39.8567
laos,6,40-45,63,37.7590
laos,7,45-50,63,41.9544
laos,8,50-55,63,48.2476
laos,9,55-60,63,52.4430
laos,10,60-65,63,37.7589
laos,11,65-70,63,14.6840
laos,12,70-75,63,10.4886
laos,13,75-80,63,6.2932
laos,14,80-85,63,0.0000
laos,15,85+,63,0.0000
laos,0,0-15,64,0.0000
laos,1,15-20,64,0.0000
laos,2,20-25,64,0.0000
laos,3,25-30,64,6.2932
laos,4,30-35,64,31.4658
laos,5,35-40,64,41.9544
laos,6,40-45,64,27.2704
laos,7,45-50,64,52.4430
laos,8,50-55,64,44.0521
laos,9,55-60,64,37.7590
laos,10,60-65,64,29.3681
laos,11,65-70,64,20.9772
laos,12,70-75,64,4.1954
laos,13,75-80,64,2.0977
laos,14,80-85,64,6.2932
laos,15,85+,64,0.0000
laos,0,0-15,65,0.0000
laos,1,15-20,65,0.0000
laos,2,20-25,65,0.0000
laos,3,25-30,65,6.2932
laos,4,30-35,65,31.4658
laos,5,35-40,65,41.9544
laos,6,40-45,65,27.2704
laos,7,45-50,65,52.4430
laos,8,50-55,65,44.0521
laos,9,55-60,65,37.7590
laos,10,60-65,65,29.3681
laos,11,65-70,65,20.9772
laos,12,70-75,65,4.1954
laos,13,75-80,65,2.0977
laos,14,80-85,65,6.2932
laos,15,85+,65,0.0000
laos,0,0-15,66,0.0000
laos,1,15-20,66,0.0000
laos,2,20-25,66,0.0000
laos,3,25-30,66,6.2932
laos,4,30-35,66,31.4658
laos,5,35-40,66,41.9544
laos,6,40-45,66,27.2704
laos,7,45-50,66,52.4430
laos,8,50-55,66,44.0521
laos,9,55-60,66,37.7590
laos,10,60-65,66,29.3681
laos,11,65-70,66,20.9772
laos,12,70-75,66,4.1954
laos,13,75-80,66,2.0977
laos,14,80-85,66,6.2932
laos,15,85+,66,0.0000
laos,0,0-15,67,0.0000
laos,1,15-20,67,0.0000
laos,2,20-25,67,0.0000
laos,3,25-30,67,6.2932
laos,4,30-35,67,31.4658
laos,5,35-40,67,31.4658
laos,6,40-45,67,41.9544
laos,7,45-50,67,60.8339
laos,8,50-55,67,39.8567
laos,9,55-60,67,39.8567
laos,10,60-65,67,23.0749
laos,11,65-70,67,10.4886
laos,12,70-75,67,16.7818
laos,13,75-80,67,10.4886
laos,14,80-85,67,2.0977
laos,15,85+,67,0.0000
laos,0,0-15,68,0.0000
laos,1,15-20,68,0.0000
laos,2,20-25,68,2.0977
laos,3,25-30,68,16.7818
laos,4,30-35,68,14.6840
laos,5,35-40,68,37.7590
laos,6,40-45,68,37.7590
laos,7,45-50,68,46.1499
laos,8,50-55,68,41.9544
laos,9,55-60,68,33.5635
laos,10,60-65,68,23.0749
laos,11,65-70,68,10.4886
laos,12,70-75,68,16.7817
laos,13,75-80,68,6.2932
laos,14,80-85,68,4.1954
laos,15,85+,68,0.0000
laos,0,0-15,69,0.0000
laos,1,15-20,69,0.0000
laos,2,20-25,69,2.0977
laos,3,25-30,69,16.7818
laos,4,30-35,69,14.6840
laos,5,35-40,69,37.7590
laos,6,40-45,69,37.7590
laos,7,45-50,69,46.1499
laos,8,50-55,69,41.9544
laos,9,55-60,69,33.5635
laos,10,60-65,69,23.0749
laos,11,65-70,69,10.4886
laos,12,70-75,69,16.7817
laos,13,75-80,69,6.2932
laos,14,80-85,69,4.1954
laos,15,85+,69,0.0000
laos,0,0-15,70,0.0000
laos,1,15-20,70,0.0000
laos,2,20-25,70,2.0977
laos,3,25-30,70,16.7818
laos,4,30-35,70,14.6840
laos,5,35-40,70,37.7590
laos,6,40-45,70,37.7590
laos,7,45-50,70,46.1499
laos,8,50-55,70,41.9544
laos,9,55-60,70,33.5635
laos,10,60-65,70,23.0749
laos,11,65-70,70,10.4886
laos,12,70-75,70,16.7817
laos,13,75-80,70,6.2932
laos,14,80-85,70,4.1954
laos,15,85+,70,0.0000
laos,0,0-15,71,0.0000
laos,1,15-20,71,0.0000
laos,2,20-25,71,0.0000
laos,3,25-30,71,12.5863
laos,4,30-35,71,39.8567
laos,5,35-40,71,37.7590
laos,6,40-45,71,52.4430
laos,7,45-50,71,54.5407
laos,8,50-55,71,58.7362
laos,9,55-60,71,31.4658
laos,10,60-65,71,37.7589
laos,11,65-70,71,27.2703
laos,12,70-75,71,16.7817
laos,13,75-80,71,4.1954
laos,14,80-85,71,2.0977
laos,15,85+,71,0.0000
laos,0,0-15,72,0.0000
laos,1,15-20,72,0.0000
laos,2,20-25,72,4.1954
laos,3,25-30,72,12.5863
laos,4,30-35,72,37.7590
laos,5,35-40,72,44.0521
laos,6,40-45,72,44.0521
laos,7,45-50,72,65.0294
laos,8,50-55,72,58.7362
laos,9,55-60,72,37.7589
laos,10,60-65,72,41.9543
laos,11,65-70,72,27.2703
laos,12,70-75,72,16.7817
laos,13,75-80,72,6.2932
laos,14,80-85,72,4.1954
laos,15,85+,72,0.0000
laos,0,0-15,73,0.0000
laos,1,15-20,73,0.0000
laos,2,20-25,73,2.0977
laos,3,25-30,73,4.1954
laos,4,30-35,73,20.9772
laos,5,35-40,73,29.3681
laos,6,40-45,73,65.0294
laos,7,45-50,73,46.1499
laos,8,50-55,73,44.0521
laos,9,55-60,73,41.9544
laos,10,60-65,73,27.2704
laos,11,65-70,73,18.8795
laos,12,70-75,73,14.6840
laos,13,75-80,73,8.3909
laos,14,80-85,73,2.0977
laos,15,85+,73,0.0000
laos,0,0-15,74,0.0000
laos,1,15-20,74,0.0000
laos,2,20-25,74,2.0977
laos,3,25-30,74,10.4886
laos,4,30-35,74,25.1727
laos,5,35-40,74,25.1727
laos,6,40-45,74,39.8567
laos,7,45-50,74,54.5407
laos,8,50-55,74,54.5407
laos,9,55-60,74,48.2476
laos,10,60-65,74,39.8566
laos,11,65-70,74,25.1726
laos,12,70-75,74,14.6840
laos,13,75-80,74,4.1954
laos,14,80-85,74,4.1954
laos,15,85+,74,0.0000
laos,0,0-15,75,0.0000
laos,1,15-20,75,0.0000
laos,2,20-25,75,2.0977
laos,3,25-30,75,16.7818
laos,4,30-35,75,35.6613
laos,5,35-40,75,41.9544
laos,6,40-45,75,69.2248
laos,7,45-50,75,62.9316
laos,8,50-55,75,46.1498
laos,9,55-60,75,46.1498
laos,10,60-65,75,33.5635
laos,11,65-70,75,23.0749
laos,12,70-75,75,23.0749
laos,13,75-80,75,6.2932
laos,14,80-85,75,0.0000
laos,15,85+,75,0.0000
laos,0,0-15,76,0.0000
laos,1,15-20,76,0.0000
laos,2,20-25,76,0.0000
laos,3,25-30,76,10.4886
laos,4,30-35,76,41.9544
laos,5,35-40,76,41.9544
laos,6,40-45,76,35.6613
laos,7,45-50,76,46.1499
laos,8,50-55,76,41.9544
laos,9,55-60,76,33.5635
laos,10,60-65,76,16.7818
laos,11,65-70,76,27.2703
laos,12,70-75,76,14.6840
laos,13,75-80,76,8.3909
laos,14,80-85,76,2.0977
laos,15,85+,76,0.0000
laos,0,0-15,77,0.0000
laos,1,15-20,77,0.0000
laos,2,20-25,77,4.1954
laos,3,25-30,77,12.5863
laos,4,30-35,77,25.1727
laos,5,35-40,77,29.3681
laos,6,40-45,77,44.0521
laos,7,45-50,77,44.0521
laos,8,50-55,77,56.6385
laos,9,55-60,77,33.5635
laos,10,60-65,77,20.9772
laos,11,65-70,77,20.9772
laos,12,70-75,77,14.6840
laos,13,75-80,77,2.0977
laos,14,80-85,77,0.0000
laos,15,85+,77,0.0000
laos,0,0-15,78,0.0000
laos,1,15-20,78,0.0000
laos,2,20-25,78,2.0977
laos,3,25-30,78,12.5863
laos,4,30-35,78,29.3681
laos,5,35-40,78,33.5635
laos,6,40-45,78,46.1499
laos,7,45-50,78,60.8339
laos,8,50-55,78,37.7590
laos,9,55-60,78,46.1498
laos,10,60-65,78,46.1498
laos,11,65-70,78,18.8795
laos,12,70-75,78,27.2703
laos,13,75-80,78,14.6840
laos,14,80-85,78,4.1954
laos,15,85+,78,2.0977
laos,0,0-15,79,0.0000
laos,1,15-20,79,0.0000
laos,2,20-25,79,2.0977
laos,3,25-30,79,6.2932
laos,4,30-35,79,23.0749
laos,5,35-40,79,33.5635
laos,6,40-45,79,39.8567
laos,7,45-50,79,44.0521
laos,8,50-55,79,37.7590
laos,9,55-60,79,41.9544
laos,10,60-65,79,35.6612
laos,11,65-70,79,14.6840
laos,12,70-75,79,16.7818
laos,13,75-80,79,4.1954
laos,14,80-85,79,0.0000
laos,15,85+,79,0.0000
laos,0,0-15,80,0.0000
laos,1,15-20,80,0.0000
laos,2,20-25,80,2.0977
laos,3,25-30,80,6.2932
laos,4,30-35,80,23.0749
laos,5,35-40,80,33.5635
laos,6,40-45,80,39.8567
laos,7,45-50,80,44.0521
laos,8,50-55,80,37.7590
laos,9,55-60,80,41.9544
laos,10,60-65,80,35.6612
laos,11,65-70,80,14.6840
laos,12,70-75,80,16.7818
laos,13,75-80,80,4.1954
laos,14,80-85,80,0.0000
laos,15,85+,80,0.0000
laos,0,0-15,81,0.0000
laos,1,15-20,81,0.0000
laos,2,20-25,81,2.0977
laos,3,25-30,81,6.2932
laos,4,30-35,81,23.0749
laos,5,35-40,81,33.5635
laos,6,40-45,81,39.8567
laos,7,45-50,81,44.0521
laos,8,50-55,81,37.7590
laos,9,55-60,81,41.9544
laos,10,60-65,81,35.6612
laos,11,65-70,81,14.6840
laos,12,70-75,81,16.7818
laos,13,75-80,81,4.1954
laos,14,80-85,81,0.0000
laos,15,85+,81,0.0000
laos,0,0-15,82,0.0000
laos,1,15-20,82,0.0000
laos,2,20-25,82,6.2932
laos,3,25-30,82,4.1954
laos,4,30-35,82,23.0749
laos,5,35-40,82,33.5635
laos,6,40-45,82,46.1499
laos,7,45-50,82,56.6385
laos,8,50-55,82,71.3225
laos,9,55-60,82,37.7590
laos,10,60-65,82,29.3680
laos,11,65-70,82,14.6840
laos,12,70-75,82,14.6840
laos,13,75-80,82,8.3909
laos,14,80-85,82,0.0000
laos,15,85+,82,2.0977
laos,0,0-15,83,0.0000
laos,1,15-20,83,0.0000
laos,2,20-25,83,6.2932
laos,3,25-30,83,4.1954
laos,4,30-35,83,23.0749
laos,5,35-40,83,33.5635
laos,6,40-45,83,46.1499
laos,7,45-50,83,56.6385
laos,8,50-55,83,71.3225
laos,9,55-60,83,37.7590
laos,10,60-65,83,29.3680
laos,11,65-70,83,14.6840
laos,12,70-75,83,14.6840
laos,13,75-80,83,8.3909
laos,14,80-85,83,0.0000
laos,15,85+,83,2.0977
laos,0,0-15,84,0.0000
laos,1,15-20,84,0.0000
laos,2,20-25,84,6.2932
laos,3,25-30,84,4.1954
laos,4,30-35,84,23.0749
laos,5,35-40,84,33.5635
laos,6,40-45,84,46.1499
laos,7,45-50,84,56.6385
laos,8,50-55,84,71.3225
laos,9,55-60,84,37.7590
laos,10,60-65,84,29.3680
laos,11,65-70,84,14.6840
laos,12,70-75,84,14.6840
laos,13,75-80,84,8.3909
laos,14,80-85,84,0.0000
laos,15,85+,84,2.0977
laos,0,0-15,85,0.0000
laos,1,15-20,85,0.0000
laos,2,20-25,85,6.2932
laos,3,25-30,85,6.2932
laos,4,30-35,85,18.8795
laos,5,35-40,85,46.1499
laos,6,40-45,85,35.6613
laos,7,45-50,85,52.4430
laos,8,50-55,85,54.5407
laos,9,55-60,85,35.6613
laos,10,60-65,85,29.3681
laos,11,65-70,85,18.8795
laos,12,70-75,85,8.3909
laos,13,75-80,85,4.1954
laos,14,80-85,85,4.1954
laos,15,85+,85,0.0000
laos,0,0-15,86,0.0000
laos,1,15-20,86,0.0000
laos,2,20-25,86,0.0000
laos,3,25-30,86,6.2932
laos,4,30-35,86,20.9772
laos,5,35-40,86,31.4658
laos,6,40-45,86,39.8567
laos,7,45-50,86,41.9544
laos,8,50-55,86,39.8567
laos,9,55-60,86,33.5635
laos,10,60-65,86,23.0749
laos,11,65-70,86,27.2704
laos,12,70-75,86,14.6840
laos,13,75-80,86,14.6840
laos,14,80-85,86,4.1954
laos,15,85+,86,2.0977
laos,0,0-15,87,0.0000
laos,1,15-20,87,2.0977
laos,2,20-25,87,0.0000
laos,3,25-30,87,14.6840
laos,4,30-35,87,31.4658
laos,5,35-40,87,46.1499
laos,6,40-45,87,73.4202
laos,7,45-50,87,54.5407
laos,8,50-55,87,52.4430
laos,9,55-60,87,39.8566
laos,10,60-65,87,35.6612
laos,11,65-70,87,27.2703
laos,12,70-75,87,6.2932
laos,13,75-80,87,8.3909
laos,14,80-85,87,2.0977
laos,15,85+,87,0.0000
laos,0,0-15,88,0.0000
laos,1,15-20,88,2.0977
laos,2,20-25,88,0.0000
laos,3,25-30,88,14.6840
laos,4,30-35,88,31.4658
laos,5,35-40,88,46.1499
laos,6,40-45,88,73.4202
laos,7,45-50,88,54.5407
laos,8,50-55,88,52.4430
laos,9,55-60,88,39.8566
laos,10,60-65,88,35.6612
laos,11,65-70,88,27.2703
laos,12,70-75,88,6.2932
laos,13,75-80,88,8.3909
laos,14,80-85,88,2.0977
laos,15,85+,88,0.0000
laos,0,0-15,89,0.0000
laos,1,15-20,89,2.0977
laos,2,20-25,89,0.0000
laos,3,25-30,89,14.6840
laos,4,30-35,89,31.4658
laos,5,35-40,89,46.1499
laos,6,40-45,89,73.4202
laos,7,45-50,89,54.5407
laos,8,50-55,89,52.4430
laos,9,55-60,89,39.8566
laos,10,60-65,89,35.6612
laos,11,65-70,89,27.2703
laos,12,70-75,89,6.2932
laos,13,75-80,89,8.3909
laos,14,80-85,89,2.0977
laos,15,85+,89,0.0000
laos,0,0-15,90,0.0000
laos,1,15-20,90,0.0000
laos,2,20-25,90,2.0977
laos,3,25-30,90,12.5863
laos,4,30-35,90,33.5635
laos,5,35-40,90,56.6385
laos,6,40-45,90,52.4430
laos,7,45-50,90,44.0521
laos,8,50-55,90,50.3453
laos,9,55-60,90,56.6384
laos,10,60-65,90,27.2703
laos,11,65-70,90,14.6840
laos,12,70-75,90,18.8795
laos,13,75-80,90,8.3909
laos,14,80-85,90,2.0977
laos,15,85+,90,0.0000
laos,0,0-15,91,0.0000
laos,1,15-20,91,0.0000
laos,2,20-25,91,0.0000
laos,3,25-30,91,8.3909
laos,4,30-35,91,20.9772
laos,5,35-40,91,31.4658
laos,6,40-45,91,48.2476
laos,7,45-50,91,60.8339
laos,8,50-55,91,39.8567
laos,9,55-60,91,41.9544
laos,10,60-65,91,25.1726
laos,11,65-70,91,18.8795
laos,12,70-75,91,12.5863
laos,13,75-80,91,6.2932
laos,14,80-85,91,0.0000
laos,15,85+,91,0.0000
laos,0,0-15,92,0.0000
laos,1,15-20,92,0.0000
laos,2,20-25,92,4.1954
laos,3,25-30,92,20.9772
laos,4,30-35,92,29.3681
laos,5,35-40,92,46.1499
laos,6,40-45,92,62.9316
laos,7,45-50,92,75.5179
laos,8,50-55,92,50.3453
laos,9,55-60,92,37.7589
laos,10,60-65,92,18.8795
laos,11,65-70,92,20.9772
laos,12,70-75,92,12.5863
laos,13,75-80,92,10.4886
laos,14,80-85,92,2.0977
laos,15,85+,92,2.0977
laos,0,0-15,93,0.0000
laos,1,15-20,93,0.0000
laos,2,20-25,93,2.0977
laos,3,25-30,93,8.3909
laos,4,30-35,93,31.4658
laos,5,35-40,93,31.4658
laos,6,40-45,93,41.9544
laos,7,45-50,93,35.6613
laos,8,50-55,93,50.3453
laos,9,55-60,93,33.5635
laos,10,60-65,93,20.9772
laos,11,65-70,93,20.9772
laos,12,70-75,93,12.5863
laos,13,75-80,93,4.1954
laos,14,80-85,93,4.1954
laos,15,85+,93,0.0000
laos,0,0-15,94,0.0000
laos,1,15-20,94,0.0000
laos,2,20-25,94,2.0977
laos,3,25-30,94,8.3909
laos,4,30-35,94,31.4658
laos,5,35-40,94,31.4658
laos,6,40-45,94,41.9544
laos,7,45-50,94,35.6613
laos,8,50-55,94,50.3453
laos,9,55-60,94,33.5635
laos,10,60-65,94,20.9772
laos,11,65-70,94,20.9772
laos,12,70-75,94,12.5863
laos,13,75-80,94,4.1954
laos,14,80-85,94,4.1954
laos,15,85+,94,0.0000
laos,0,0-15,95,0.0000
laos,1,15-20,95,0.0000
laos,2,20-25,95,6.2932
laos,3,25-30,95,18.8795
laos,4,30-35,95,18.8795
laos,5,35-40,95,29.3681
laos,6,40-45,95,50.3453
laos,7,45-50,95,33.5635
laos,8,50-55,95,39.8567
laos,9,55-60,95,27.2704
laos,10,60-65,95,33.5635
laos,11,65-70,95,31.4658
laos,12,70-75,95,10.4886
laos,13,75-80,95,6.2932
laos,14,80-85,95,2.0977
laos,15,85+,95,2.0977
laos,0,0-15,96,0.0000
laos,1,15-20,96,0.0000
laos,2,20-25,96,2.0977
laos,3,25-30,96,12.5863
laos,4,30-35,96,29.3681
laos,5,35-40,96,35.6613
laos,6,40-45,96,41.9544
laos,7,45-50,96,50.3453
laos,8,50-55,96,58.7362
laos,9,55-60,96,33.5635
laos,10,60-65,96,16.7817
laos,11,65-70,96,16.7817
laos,12,70-75,96,6.2932
laos,13,75-80,96,4.1954
laos,14,80-85,96,4.1954
laos,15,85+,96,0.0000
laos,0,0-15,97,0.0000
laos,1,15-20,97,0.0000
laos,2,20-25,97,2.0977
laos,3,25-30,97,12.5863
laos,4,30-35,97,29.3681
laos,5,35-40,97,35.6613
laos,6,40-45,97,41.9544
laos,7,45-50,97,50.3453
laos,8,50-55,97,58.7362
laos,9,55-60,97,33.5635
laos,10,60-65,97,16.7817
laos,11,65-70,97,16.7817
laos,12,70-75,97,6.2932
laos,13,75-80,97,4.1954
laos,14,80-85,97,4.1954
laos,15,85+,97,0.0000
laos,0,0-15,98,0.0000
laos,1,15-20,98,0.0000
laos,2,20-25,98,2.0977
laos,3,25-30,98,4.1954
laos,4,30-35,98,14.6840
laos,5,35-40,98,35.6613
laos,6,40-45,98,37.7590
laos,7,45-50,98,65.0294
laos,8,50-55,98,50.3453
laos,9,55-60,98,46.1498
laos,10,60-65,98,35.6612
laos,11,65-70,98,25.1726
laos,12,70-75,98,16.7817
laos,13,75-80,98,6.2932
laos,14,80-85,98,2.0977
laos,15,85+,98,2.0977
laos,0,0-15,99,0.0000
laos,1,15-20,99,0.0000
laos,2,20-25,99,2.0977
laos,3,25-30,99,8.3909
laos,4,30-35,99,27.2704
laos,5,35-40,99,33.5635
laos,6,40-45,99,39.8567
laos,7,45-50,99,35.6613
laos,8,50-55,99,46.1499
laos,9,55-60,99,29.3681
laos,10,60-65,99,25.1726
laos,11,65-70,99,18.8795
laos,12,70-75,99,8.3909
laos,13,75-80,99,8.3909
laos,14,80-85,99,2.0977
laos,15,85+,99,2.0977
mali,0,0-15,0,0.0000
mali,1,15-20,0,0.0000
mali,2,20-25,0,21.4532
mali,3,25-30,0,139.4461
mali,4,30-35,0,150.1727
mali,5,35-40,0,246.7123
mali,6,40-45,0,241.3490
mali,7,45-50,0,316.4354
mali,8,50-55,0,150.1727
mali,9,55-60,0,193.0791
mali,10,60-65,0,160.8991
mali,11,65-70,0,91.1762
mali,12,70-75,0,21.4532
mali,13,75-80,0,21.4532
mali,14,80-85,0,5.3633
mali,15,85+,0,0.0000
mali,0,0-15,1,0.0000
mali,1,15-20,1,0.0000
mali,2,20-25,1,10.7266
mali,3,25-30,1,53.6331
mali,4,30-35,1,107.2662
mali,5,35-40,1,193.0792
mali,6,40-45,1,225.2591
mali,7,45-50,1,193.0792
mali,8,50-55,1,139.4461
mali,9,55-60,1,176.9893
mali,10,60-65,1,107.2662
mali,11,65-70,1,58.9964
mali,12,70-75,1,32.1799
mali,13,75-80,1,21.4532
mali,14,80-85,1,5.3633
mali,15,85+,1,0.0000
mali,0,0-15,2,0.0000
mali,1,15-20,2,0.0000
mali,2,20-25,2,32.1799
mali,3,25-30,2,80.4497
mali,4,30-35,2,150.1727
mali,5,35-40,2,268.1656
mali,6,40-45,2,219.8958
mali,7,45-50,2,241.3490
mali,8,50-55,2,262.8023
mali,9,55-60,2,128.7195
mali,10,60-65,2,75.0864
mali,11,65-70,2,69.7231
mali,12,70-75,2,53.6331
mali,13,75-80,2,0.0000
mali,14,80-85,2,0.0000
mali,15,85+,2,0.0000
mali,0,0-15,3,0.0000
mali,1,15-20,3,0.0000
mali,2,20-25,3,16.0899
mali,3,25-30,3,69.7231
mali,4,30-35,3,128.7195
mali,5,35-40,3,214.5325
mali,6,40-45,3,246.7123
mali,7,45-50,3,246.7123
mali,8,50-55,3,252.0757
mali,9,55-60,3,107.2662
mali,10,60-65,3,80.4497
mali,11,65-70,3,32.1799
mali,12,70-75,3,21.4532
mali,13,75-80,3,16.0899
mali,14,80-85,3,5.3633
mali,15,85+,3,5.3633
mali,0,0-15,4,0.0000
mali,1,15-20,4,0.0000
mali,2,20-25,4,16.0899
mali,3,25-30,4,32.1799
mali,4,30-35,4,117.9929
mali,5,35-40,4,203.8058
mali,6,40-45,4,219.8958
mali,7,45-50,4,252.0757
mali,8,50-55,4,176.9893
mali,9,55-60,4,101.9029
mali,10,60-65,4,128.7195
mali,11,65-70,4,26.8166
mali,12,70-75,4,37.5432
mali,13,75-80,4,16.0899
mali,14,80-85,4,0.0000
mali,15,85+,4,0.0000
mali,0,0-15,5,0.0000
mali,1,15-20,5,0.0000
mali,2,20-25,5,16.0899
mali,3,25-30,5,32.1799
mali,4,30-35,5,117.9929
mali,5,35-40,5,203.8058
mali,6,40-45,5,219.8958
mali,7,45-50,5,252.0757
mali,8,50-55,5,176.9893
mali,9,55-60,5,101.9029
mali,10,60-65,5,128.7195
mali,11,65-70,5,26.8166
mali,12,70-75,5,37.5432
mali,13,75-80,5,16.0899
mali,14,80-85,5,0.0000
mali,15,85+,5,0.0000
mali,0,0-15,6,0.0000
mali,1,15-20,6,0.0000
mali,2,20-25,6,16.0899
mali,3,25-30,6,32.1799
mali,4,30-35,6,117.9929
mali,5,35-40,6,203.8058
mali,6,40-45,6,219.8958
mali,7,45-50,6,252.0757
mali,8,50-55,6,176.9893
mali,9,55-60,6,101.9029
mali,10,60-65,6,128.7195
mali,11,65-70,6,26.8166
mali,12,70-75,6,37.5432
mali,13,75-80,6,16.0899
mali,14,80-85,6,0.0000
mali,15,85+,6,0.0000
mali,0,0-15,7,0.0000
mali,1,15-20,7,0.0000
mali,2,20-25,7,16.0899
mali,3,25-30,7,32.1799
mali,4,30-35,7,117.9929
mali,5,35-40,7,203.8058
mali,6,40-45,7,219.8958
mali,7,45-50,7,252.0757
mali,8,50-55,7,176.9893
mali,9,55-60,7,101.9029
mali,10,60-65,7,128.7195
mali,11,65-70,7,26.8166
mali,12,70-75,7,37.5432
mali,13,75-80,7,16.0899
mali,14,80-85,7,0.0000
mali,15,85+,7,0.0000
mali,0,0-15,8,0.0000
mali,1,15-20,8,0.0000
mali,2,20-25,8,16.0899
mali,3,25-30,8,32.1799
mali,4,30-35,8,117.9929
mali,5,35-40,8,203.8058
mali,6,40-45,8,219.8958
mali,7,45-50,8,252.0757
mali,8,50-55,8,176.9893
mali,9,55-60,8,101.9029
mali,10,60-65,8,128.7195
mali,11,65-70,8,26.8166
mali,12,70-75,8,37.5432
mali,13,75-80,8,16.0899
mali,14,80-85,8,0.0000
mali,15,85+,8,0.0000
mali,0,0-15,9,0.0000
mali,1,15-20,9,0.0000
mali,2,20-25,9,16.0899
mali,3,25-30,9,32.1799
mali,4,30-35,9,117.9929
mali,5,35-40,9,203.8058
mali,6,40-45,9,219.8958
mali,7,45-50,9,252.0757
mali,8,50-55,9,176.9893
mali,9,55-60,9,101.9029
mali,10,60-65,9,128.7195
mali,11,65-70,9,26.8166
mali,12,70-75,9,37.5432
mali,13,75-80,9,16.0899
mali,14,80-85,9,0.0000
mali,15,85+,9,0.0000
mali,0,0-15,10,0.0000
mali,1,15-20,10,0.0000
mali,2,20-25,10,16.0899
mali,3,25-30,10,32.1799
mali,4,30-35,10,117.9929
mali,5,35-40,10,203.8058
mali,6,40-45,10,219.8958
mali,7,45-50,10,252.0757
mali,8,50-55,10,176.9893
mali,9,55-60,10,101.9029
mali,10,60-65,10,128.7195
mali,11,65-70,10,26.8166
mali,12,70-75,10,37.5432
mali,13,75-80,10,16.0899
mali,14,80-85,10,0.0000
mali,15,85+,10,0.0000
mali,0,0-15,11,0.0000
mali,1,15-20,11,0.0000
mali,2,20-25,11,16.0899
mali,3,25-30,11,32.1799
mali,4,30-35,11,117.9929
mali,5,35-40,11,203.8058
mali,6,40-45,11,219.8958
mali,7,45-50,11,252.0757
mali,8,50-55,11,176.9893
mali,9,55-60,11,101.9029
mali,10,60-65,11,128.7195
mali,11,65-70,11,26.8166
mali,12,70-75,11,37.5432
mali,13,75-80,11,16.0899
mali,14,80-85,11,0.0000
mali,15,85+,11,0.0000
mali,0,0-15,12,0.0000
mali,1,15-20,12,0.0000
mali,2,20-25,12,16.0899
mali,3,25-30,12,32.1799
mali,4,30-35,12,117.9929
mali,5,35-40,12,203.8058
mali,6,40-45,12,219.8958
mali,7,45-50,12,252.0757
mali,8,50-55,12,176.9893
mali,9,55-60,12,101.9029
mali,10,60-65,12,128.7195
mali,11,65-70,12,26.8166
mali,12,70-75,12,37.5432
mali,13,75-80,12,16.0899
mali,14,80-85,12,0.0000
mali,15,85+,12,0.0000
mali,0,0-15,13,0.0000
mali,1,15-20,13,0.0000
mali,2,20-25,13,16.0899
mali,3,25-30,13,32.1799
mali,4,30-35,13,117.9929
mali,5,35-40,13,203.8058
mali,6,40-45,13,219.8958
mali,7,45-50,13,252.0757
mali,8,50-55,13,176.9893
mali,9,55-60,13,101.9029
mali,10,60-65,13,128.7195
mali,11,65-70,13,26.8166
mali,12,70-75,13,37.5432
mali,13,75-80,13,16.0899
mali,14,80-85,13,0.0000
mali,15,85+,13,0.0000
mali,0,0-15,14,0.0000
mali,1,15-20,14,0.0000
mali,2,20-25,14,16.0899
mali,3,25-30,14,32.1799
mali,4,30-35,14,117.9929
mali,5,35-40,14,203.8058
mali,6,40-45,14,219.8958
mali,7,45-50,14,252.0757
mali,8,50-55,14,176.9893
mali,9,55-60,14,101.9029
mali,10,60-65,14,128.7195
mali,11,65-70,14,26.8166
mali,12,70-75,14,37.5432
mali,13,75-80,14,16.0899
mali,14,80-85,14,0.0000
mali,15,85+,14,0.0000
mali,0,0-15,15,0.0000
mali,1,15-20,15,0.0000
mali,2,20-25,15,16.0899
mali,3,25-30,15,32.1799
mali,4,30-35,15,117.9929
mali,5,35-40,15,203.8058
mali,6,40-45,15,219.8958
mali,7,45-50,15,252.0757
mali,8,50-55,15,176.9893
mali,9,55-60,15,101.9029
mali,10,60-65,15,128.7195
mali,11,65-70,15,26.8166
mali,12,70-75,15,37.5432
mali,13,75-80,15,16.0899
mali,14,80-85,15,0.0000
mali,15,85+,15,0.0000
mali,0,0-15,16,0.0000
mali,1,15-20,16,0.0000
mali,2,20-25,16,16.0899
mali,3,25-30,16,32.1799
mali,4,30-35,16,117.9929
mali,5,35-40,16,203.8058
mali,6,40-45,16,219.8958
mali,7,45-50,16,252.0757
mali,8,50-55,16,176.9893
mali,9,55-60,16,101.9029
mali,10,60-65,16,128.7195
mali,11,65-70,16,26.8166
mali,12,70-75,16,37.5432
mali,13,75-80,16,16.0899
mali,14,80-85,16,0.0000
mali,15,85+,16,0.0000
mali,0,0-15,17,0.0000
mali,1,15-20,17,0.0000
mali,2,20-25,17,16.0899
mali,3,25-30,17,32.1799
mali,4,30-35,17,117.9929
mali,5,35-40,17,203.8058
mali,6,40-45,17,219.8958
mali,7,45-50,17,252.0757
mali,8,50-55,17,176.9893
mali,9,55-60,17,101.9029
mali,10,60-65,17,128.7195
mali,11,65-70,17,26.8166
mali,12,70-75,17,37.5432
mali,13,75-80,17,16.0899
mali,14,80-85,17,0.0000
mali,15,85+,17,0.0000
mali,0,0-15,18,0.0000
mali,1,15-20,18,0.0000
mali,2,20-25,18,16.0899
mali,3,25-30,18,32.1799
mali,4,30-35,18,117.9929
mali,5,35-40,18,203.8058
mali,6,40-45,18,219.8958
mali,7,45-50,18,252.0757
mali,8,50-55,18,176.9893
mali,9,55-60,18,101.9029
mali,10,60-65,18,128.7195
mali,11,65-70,18,26.8166
mali,12,70-75,18,37.5432
mali,13,75-80,18,16.0899
mali,14,80-85,18,0.0000
mali,15,85+,18,0.0000
mali,0,0-15,19,0.0000
mali,1,15-20,19,0.0000
mali,2,20-25,19,16.0899
mali,3,25-30,19,32.1799
mali,4,30-35,19,117.9929
mali,5,35-40,19,203.8058
mali,6,40-45,19,219.8958
mali,7,45-50,19,252.0757
mali,8,50-55,19,176.9893
mali,9,55-60,19,101.9029
mali,10,60-65,19,128.7195
mali,11,65-70,19,26.8166
mali,12,70-75,19,37.5432
mali,13,75-80,19,16.0899
mali,14,80-85,19,0.0000
mali,15,85+,19,0.0000
mali,0,0-15,20,0.0000
mali,1,15-20,20,0.0000
mali,2,20-25,20,16.0899
mali,3,25-30,20,32.1799
mali,4,30-35,20,117.9929
mali,5,35-40,20,203.8058
mali,6,40-45,20,219.8958
mali,7,45-50,20,252.0757
mali,8,50-55,20,176.9893
mali,9,55-60,20,101.9029
mali,10,60-65,20,128.7195
mali,11,65-70,20,26.8166
mali,12,70-75,20,37.5432
mali,13,75-80,20,16.0899
mali,14,80-85,20,0.0000
mali,15,85+,20,0.0000
mali,0,0-15,21,0.0000
mali,1,15-20,21,0.0000
mali,2,20-25,21,16.0899
mali,3,25-30,21,32.1799
mali,4,30-35,21,117.9929
mali,5,35-40,21,203.8058
mali,6,40-45,21,219.8958
mali,7,45-50,21,252.0757
mali,8,50-55,21,176.9893
mali,9,55-60,21,101.9029
mali,10,60-65,21,128.7195
mali,11,65-70,21,26.8166
mali,12,70-75,21,37.5432
mali,13,75-80,21,16.0899
mali,14,80-85,21,0.0000
mali,15,85+,21,0.0000
mali,0,0-15,22,0.0000
mali,1,15-20,22,0.0000
mali,2,20-25,22,16.0899
mali,3,25-30,22,32.1799
mali,4,30-35,22,117.9929
mali,5,35-40,22,203.8058
mali,6,40-45,22,219.8958
mali,7,45-50,22,252.0757
mali,8,50-55,22,176.9893
mali,9,55-60,22,101.9029
mali,10,60-65,22,128.7195
mali,11,65-70,22,26.8166
mali,12,70-75,22,37.5432
mali,13,75-80,22,16.0899
mali,14,80-85,22,0.0000
mali,15,85+,22,0.0000
mali,0,0-15,23,0.0000
mali,1,15-20,23,5.3633
mali,2,20-25,23,26.8166
mali,3,25-30,23,53.6331
mali,4,30-35,23,128.7195
mali,5,35-40,23,203.8058
mali,6,40-45,23,246.7123
mali,7,45-50,23,262.8023
mali,8,50-55,23,198.4425
mali,9,55-60,23,134.0828
mali,10,60-65,23,58.9964
mali,11,65-70,23,64.3597
mali,12,70-75,23,16.0899
mali,13,75-80,23,10.7266
mali,14,80-85,23,16.0899
mali,15,85+,23,0.0000
mali,0,0-15,24,0.0000
mali,1,15-20,24,5.3633
mali,2,20-25,24,26.8166
mali,3,25-30,24,53.6331
mali,4,30-35,24,128.7195
mali,5,35-40,24,203.8058
mali,6,40-45,24,246.7123
mali,7,45-50,24,262.8023
mali,8,50-55,24,198.4425
mali,9,55-60,24,134.0828
mali,10,60-65,24,58.9964
mali,11,65-70,24,64.3597
mali,12,70-75,24,16.0899
mali,13,75-80,24,10.7266
mali,14,80-85,24,16.0899
mali,15,85+,24,0.0000
mali,0,0-15,25,0.0000
mali,1,15-20,25,5.3633
mali,2,20-25,25,26.8166
mali,3,25-30,25,53.6331
mali,4,30-35,25,128.7195
mali,5,35-40,25,203.8058
mali,6,40-45,25,246.7123
mali,7,45-50,25,262.8023
mali,8,50-55,25,198.4425
mali,9,55-60,25,134.0828
mali,10,60-65,25,58.9964
mali,11,65-70,25,64.3597
mali,12,70-75,25,16.0899
mali,13,75-80,25,10.7266
mali,14,80-85,25,16.0899
mali,15,85+,25,0.0000
mali,0,0-15,26,0.0000
mali,1,15-20,26,5.3633
mali,2,20-25,26,26.8166
mali,3,25-30,26,53.6331
mali,4,30-35,26,128.7195
mali,5,35-40,26,203.8058
mali,6,40-45,26,246.7123
mali,7,45-50,26,262.8023
mali,8,50-55,26,198.4425
mali,9,55-60,26,134.0828
mali,10,60-65,26,58.9964
mali,11,65-70,26,64.3597
mali,12,70-75,26,16.0899
mali,13,75-80,26,10.7266
mali,14,80-85,26,16.0899
mali,15,85+,26,0.0000
mali,0,0-15,27,0.0000
mali,1,15-20,27,5.3633
mali,2,20-25,27,26.8166
mali,3,25-30,27,53.6331
mali,4,30-35,27,128.7195
mali,5,35-40,27,203.8058
mali,6,40-45,27,246.7123
mali,7,45-50,27,262.8023
mali,8,50-55,27,198.4425
mali,9,55-60,27,134.0828
mali,10,60-65,27,58.9964
mali,11,65-70,27,64.3597
mali,12,70-75,27,16.0899
mali,13,75-80,27,10.7266
mali,14,80-85,27,16.0899
mali,15,85+,27,0.0000
mali,0,0-15,28,0.0000
mali,1,15-20,28,0.0000
mali,2,20-25,28,21.4532
mali,3,25-30,28,69.7231
mali,4,30-35,28,128.7195
mali,5,35-40,28,230.6224
mali,6,40-45,28,166.2627
mali,7,45-50,28,214.5325
mali,8,50-55,28,198.4425
mali,9,55-60,28,144.8094
mali,10,60-65,28,107.2662
mali,11,65-70,28,53.6331
mali,12,70-75,28,64.3597
mali,13,75-80,28,10.7266
mali,14,80-85,28,0.0000
mali,15,85+,28,0.0000
mali,0,0-15,29,0.0000
mali,1,15-20,29,0.0000
mali,2,20-25,29,21.4532
mali,3,25-30,29,69.7231
mali,4,30-35,29,128.7195
mali,5,35-40,29,230.6224
mali,6,40-45,29,166.2627
mali,7,45-50,29,214.5325
mali,8,50-55,29,198.4425
mali,9,55-60,29,144.8094
mali,10,60-65,29,107.2662
mali,11,65-70,29,53.6331
mali,12,70-75,29,64.3597
mali,13,75-80,29,10.7266
mali,14,80-85,29,0.0000
mali,15,85+,29,0.0000
mali,0,0-15,30,0.0000
mali,1,15-20,30,5.3633
mali,2,20-25,30,0.0000
mali,3,25-30,30,58.9964
mali,4,30-35,30,241.3490
mali,5,35-40,30,262.8023
mali,6,40-45,30,241.3490
mali,7,45-50,30,246.7123
mali,8,50-55,30,257.4390
mali,9,55-60,30,117.9929
mali,10,60-65,30,112.6295
mali,11,65-70,30,91.1763
mali,12,70-75,30,26.8166
mali,13,75-80,30,10.7266
mali,14,80-85,30,5.3633
mali,15,85+,30,0.0000
mali,0,0-15,31,0.0000
mali,1,15-20,31,5.3633
mali,2,20-25,31,16.0899
mali,3,25-30,31,58.9964
mali,4,30-35,31,160.8994
mali,5,35-40,31,160.8994
mali,6,40-45,31,257.4390
mali,7,45-50,31,268.1656
mali,8,50-55,31,166.2627
mali,9,55-60,31,101.9029
mali,10,60-65,31,96.5396
mali,11,65-70,31,69.7231
mali,12,70-75,31,32.1799
mali,13,75-80,31,26.8166
mali,14,80-85,31,0.0000
mali,15,85+,31,0.0000
mali,0,0-15,32,0.0000
mali,1,15-20,32,0.0000
mali,2,20-25,32,10.7266
mali,3,25-30,32,75.0864
mali,4,30-35,32,155.5360
mali,5,35-40,32,230.6224
mali,6,40-45,32,225.2591
mali,7,45-50,32,252.0757
mali,8,50-55,32,176.9893
mali,9,55-60,32,134.0828
mali,10,60-65,32,80.4497
mali,11,65-70,32,37.5432
mali,12,70-75,32,48.2698
mali,13,75-80,32,21.4532
mali,14,80-85,32,5.3633
mali,15,85+,32,0.0000
mali,0,0-15,33,0.0000
mali,1,15-20,33,0.0000
mali,2,20-25,33,10.7266
mali,3,25-30,33,75.0864
mali,4,30-35,33,155.5360
mali,5,35-40,33,230.6224
mali,6,40-45,33,225.2591
mali,7,45-50,33,252.0757
mali,8,50-55,33,176.9893
mali,9,55-60,33,134.0828
mali,10,60-65,33,80.4497
mali,11,65-70,33,37.5432
mali,12,70-75,33,48.2698
mali,13,75-80,33,21.4532
mali,14,80-85,33,5.3633
mali,15,85+,33,0.0000
mali,0,0-15,34,0.0000
mali,1,15-20,34,0.0000
mali,2,20-25,34,32.1799
mali,3,25-30,34,37.5432
mali,4,30-35,34,128.7195
mali,5,35-40,34,187.7159
mali,6,40-45,34,214.5325
mali,7,45-50,34,150.1727
mali,8,50-55,34,225.2591
mali,9,55-60,34,101.9029
mali,10,60-65,34,96.5396
mali,11,65-70,34,64.3597
mali,12,70-75,34,69.7231
mali,13,75-80,34,10.7266
mali,14,80-85,34,10.7266
mali,15,85+,34,0.0000
mali,0,0-15,35,0.0000
mali,1,15-20,35,0.0000
mali,2,20-25,35,32.1799
mali,3,25-30,35,37.5432
mali,4,30-35,35,128.7195
mali,5,35-40,35,187.7159
mali,6,40-45,35,214.5325
mali,7,45-50,35,150.1727
mali,8,50-55,35,225.2591
mali,9,55-60,35,101.9029
mali,10,60-65,35,96.5396
mali,11,65-70,35,64.3597
mali,12,70-75,35,69.7231
mali,13,75-80,35,10.7266
mali,14,80-85,35,10.7266
mali,15,85+,35,0.0000
mali,0,0-15,36,0.0000
mali,1,15-20,36,0.0000
mali,2,20-25,36,21.4532
mali,3,25-30,36,53.6331
mali,4,30-35,36,171.6260
mali,5,35-40,36,150.1727
mali,6,40-45,36,262.8023
mali,7,45-50,36,225.2591
mali,8,50-55,36,150.1727
mali,9,55-60,36,155.5360
mali,10,60-65,36,107.2662
mali,11,65-70,36,75.0864
mali,12,70-75,36,42.9065
mali,13,75-80,36,5.3633
mali,14,80-85,36,5.3633
mali,15,85+,36,0.0000
mali,0,0-15,37,0.0000
mali,1,15-20,37,0.0000
mali,2,20-25,37,21.4532
mali,3,25-30,37,69.7231
mali,4,30-35,37,139.4461
mali,5,35-40,37,209.1692
mali,6,40-45,37,396.8851
mali,7,45-50,37,241.3490
mali,8,50-55,37,219.8958
mali,9,55-60,37,155.5360
mali,10,60-65,37,75.0864
mali,11,65-70,37,85.8130
mali,12,70-75,37,32.1799
mali,13,75-80,37,32.1799
mali,14,80-85,37,10.7266
mali,15,85+,37,0.0000
mali,0,0-15,38,0.0000
mali,1,15-20,38,0.0000
mali,2,20-25,38,16.0899
mali,3,25-30,38,96.5396
mali,4,30-35,38,128.7195
mali,5,35-40,38,284.2555
mali,6,40-45,38,257.4390
mali,7,45-50,38,252.0757
mali,8,50-55,38,230.6224
mali,9,55-60,38,123.3562
mali,10,60-65,38,91.1763
mali,11,65-70,38,58.9964
mali,12,70-75,38,42.9065
mali,13,75-80,38,0.0000
mali,14,80-85,38,16.0899
mali,15,85+,38,0.0000
mali,0,0-15,39,0.0000
mali,1,15-20,39,0.0000
mali,2,20-25,39,10.7266
mali,3,25-30,39,64.3597
mali,4,30-35,39,214.5325
mali,5,35-40,39,209.1692
mali,6,40-45,39,230.6224
mali,7,45-50,39,219.8958
mali,8,50-55,39,160.8994
mali,9,55-60,39,144.8094
mali,10,60-65,39,85.8130
mali,11,65-70,39,80.4497
mali,12,70-75,39,42.9065
mali,13,75-80,39,37.5432
mali,14,80-85,39,0.0000
mali,15,85+,39,0.0000
mali,0,0-15,40,0.0000
mali,1,15-20,40,0.0000
mali,2,20-25,40,16.0899
mali,3,25-30,40,53.6331
mali,4,30-35,40,117.9929
mali,5,35-40,40,171.6260
mali,6,40-45,40,241.3490
mali,7,45-50,40,225.2591
mali,8,50-55,40,112.6295
mali,9,55-60,40,128.7195
mali,10,60-65,40,91.1763
mali,11,65-70,40,53.6331
mali,12,70-75,40,37.5432
mali,13,75-80,40,21.4532
mali,14,80-85,40,10.7266
mali,15,85+,40,0.0000
mali,0,0-15,41,0.0000
mali,1,15-20,41,0.0000
mali,2,20-25,41,16.0899
mali,3,25-30,41,64.3597
mali,4,30-35,41,117.9929
mali,5,35-40,41,171.6260
mali,6,40-45,41,235.9857
mali,7,45-50,41,214.5325
mali,8,50-55,41,193.0792
mali,9,55-60,41,144.8094
mali,10,60-65,41,37.5432
mali,11,65-70,41,42.9065
mali,12,70-75,41,26.8166
mali,13,75-80,41,10.7266
mali,14,80-85,41,5.3633
mali,15,85+,41,0.0000
mali,0,0-15,42,0.0000
mali,1,15-20,42,0.0000
mali,2,20-25,42,16.0899
mali,3,25-30,42,42.9065
mali,4,30-35,42,123.3562
mali,5,35-40,42,150.1727
mali,6,40-45,42,262.8023
mali,7,45-50,42,230.6224
mali,8,50-55,42,182.3526
mali,9,55-60,42,139.4461
mali,10,60-65,42,64.3597
mali,11,65-70,42,42.9065
mali,12,70-75,42,37.5432
mali,13,75-80,42,26.8166
mali,14,80-85,42,0.0000
mali,15,85+,42,0.0000
mali,0,0-15,43,0.0000
mali,1,15-20,43,5.3633
mali,2,20-25,43,10.7266
mali,3,25-30,43,96.5396
mali,4,30-35,43,193.0792
mali,5,35-40,43,198.4425
mali,6,40-45,43,289.6188
mali,7,45-50,43,193.0792
mali,8,50-55,43,166.2627
mali,9,55-60,43,230.6224
mali,10,60-65,43,85.8130
mali,11,65-70,43,64.3597
mali,12,70-75,43,42.9065
mali,13,75-80,43,26.8166
mali,14,80-85,43,0.0000
mali,15,85+,43,0.0000
mali,0,0-15,44,0.0000
mali,1,15-20,44,5.3633
mali,2,20-25,44,21.4532
mali,3,25-30,44,37.5432
mali,4,30-35,44,150.1727
mali,5,35-40,44,160.8994
mali,6,40-45,44,219.8958
mali,7,45-50,44,182.3526
mali,8,50-55,44,209.1692
mali,9,55-60,44,128.7195
mali,10,60-65,44,80.4497
mali,11,65-70,44,80.4497
mali,12,70-75,44,16.0899
mali,13,75-80,44,5.3633
mali,14,80-85,44,10.7266
mali,15,85+,44,5.3633
mali,0,0-15,45,0.0000
mali,1,15-20,45,5.3633
mali,2,20-25,45,5.3633
mali,3,25-30,45,96.5396
mali,4,30-35,45,134.0828
mali,5,35-40,45,294.9821
mali,6,40-45,45,241.3490
mali,7,45-50,45,262.8023
mali,8,50-55,45,128.7195
mali,9,55-60,45,150.1727
mali,10,60-65,45,123.3562
mali,11,65-70,45,64.3597
mali,12,70-75,45,53.6331
mali,13,75-80,45,10.7266
mali,14,80-85,45,5.3633
mali,15,85+,45,0.0000
mali,0,0-15,46,0.0000
mali,1,15-20,46,0.0000
mali,2,20-25,46,26.8166
mali,3,25-30,46,101.9029
mali,4,30-35,46,166.2627
mali,5,35-40,46,257.4390
mali,6,40-45,46,311.0721
mali,7,45-50,46,252.0757
mali,8,50-55,46,176.9893
mali,9,55-60,46,176.9893
mali,10,60-65,46,107.2662
mali,11,65-70,46,75.0864
mali,12,70-75,46,32.1799
mali,13,75-80,46,16.0899
mali,14,80-85,46,10.7266
mali,15,85+,46,0.0000
mali,0,0-15,47,0.0000
mali,1,15-20,47,0.0000
mali,2,20-25,47,37.5432
mali,3,25-30,47,96.5396
mali,4,30-35,47,198.4425
mali,5,35-40,47,246.7123
mali,6,40-45,47,235.9857
mali,7,45-50,47,257.4390
mali,8,50-55,47,176.9893
mali,9,55-60,47,134.0828
mali,10,60-65,47,58.9964
mali,11,65-70,47,112.6295
mali,12,70-75,47,42.9065
mali,13,75-80,47,21.4532
mali,14,80-85,47,10.7266
mali,15,85+,47,5.3633
mali,0,0-15,48,0.0000
mali,1,15-20,48,0.0000
mali,2,20-25,48,16.0899
mali,3,25-30,48,80.4497
mali,4,30-35,48,155.5360
mali,5,35-40,48,230.6224
mali,6,40-45,48,278.8922
mali,7,45-50,48,268.1656
mali,8,50-55,48,209.1692
mali,9,55-60,48,80.4497
mali,10,60-65,48,80.4497
mali,11,65-70,48,69.7231
mali,12,70-75,48,42.9065
mali,13,75-80,48,32.1799
mali,14,80-85,48,0.0000
mali,15,85+,48,10.7266
mali,0,0-15,49,0.0000
mali,1,15-20,49,0.0000
mali,2,20-25,49,16.0899
mali,3,25-30,49,37.5432
mali,4,30-35,49,80.4497
mali,5,35-40,49,225.2591
mali,6,40-45,49,262.8023
mali,7,45-50,49,203.8058
mali,8,50-55,49,209.1692
mali,9,55-60,49,144.8094
mali,10,60-65,49,101.9029
mali,11,65-70,49,48.2698
mali,12,70-75,49,32.1799
mali,13,75-80,49,16.0899
mali,14,80-85,49,0.0000
mali,15,85+,49,0.0000
mali,0,0-15,50,0.0000
mali,1,15-20,50,0.0000
mali,2,20-25,50,16.0899
mali,3,25-30,50,37.5432
mali,4,30-35,50,80.4497
mali,5,35-40,50,225.2591
mali,6,40-45,50,262.8023
mali,7,45-50,50,203.8058
mali,8,50-55,50,209.1692
mali,9,55-60,50,144.8094
mali,10,60-65,50,101.9029
mali,11,65-70,50,48.2698
mali,12,70-75,50,32.1799
mali,13,75-80,50,16.0899
mali,14,80-85,50,0.0000
mali,15,85+,50,0.0000
mali,0,0-15,51,0.0000
mali,1,15-20,51,0.0000
mali,2,20-25,51,16.0899
mali,3,25-30,51,37.5432
mali,4,30-35,51,80.4497
mali,5,35-40,51,225.2591
mali,6,40-45,51,262.8023
mali,7,45-50,51,203.8058
mali,8,50-55,51,209.1692
mali,9,55-60,51,144.8094
mali,10,60-65,51,101.9029
mali,11,65-70,51,48.2698
mali,12,70-75,51,32.1799
mali,13,75-80,51,16.0899
mali,14,80-85,51,0.0000
mali,15,85+,51,0.0000
mali,0,0-15,52,0.0000
mali,1,15-20,52,0.0000
mali,2,20-25,52,16.0899
mali,3,25-30,52,37.5432
mali,4,30-35,52,80.4497
mali,5,35-40,52,225.2591
mali,6,40-45,52,262.8023
mali,7,45-50,52,203.8058
mali,8,50-55,52,209.1692
mali,9,55-60,52,144.8094
mali,10,60-65,52,101.9029
mali,11,65-70,52,48.2698
mali,12,70-75,52,32.1799
mali,13,75-80,52,16.0899
mali,14,80-85,52,0.0000
mali,15,85+,52,0.0000
mali,0,0-15,53,0.0000
mali,1,15-20,53,0.0000
mali,2,20-25,53,16.0899
mali,3,25-30,53,37.5432
mali,4,30-35,53,80.4497
mali,5,35-40,53,225.2591
mali,6,40-45,53,262.8023
mali,7,45-50,53,203.8058
mali,8,50-55,53,209.1692
mali,9,55-60,53,144.8094
mali,10,60-65,53,101.9029
mali,11,65-70,53,48.2698
mali,12,70-75,53,32.1799
mali,13,75-80,53,16.0899
mali,14,80-85,53,0.0000
mali,15,85+,53,0.0000
mali,0,0-15,54,0.0000
mali,1,15-20,54,0.0000
mali,2,20-25,54,16.0899
mali,3,25-30,54,37.5432
mali,4,30-35,54,80.4497
mali,5,35-40,54,225.2591
mali,6,40-45,54,262.8023
mali,7,45-50,54,203.8058
mali,8,50-55,54,209.1692
mali,9,55-60,54,144.8094
mali,10,60-65,54,101.9029
mali,11,65-70,54,48.2698
mali,12,70-75,54,32.1799
mali,13,75-80,54,16.0899
mali,14,80-85,54,0.0000
mali,15,85+,54,0.0000
mali,0,0-15,55,0.0000
mali,1,15-20,55,0.0000
mali,2,20-25,55,16.0899
mali,3,25-30,55,37.5432
mali,4,30-35,55,80.4497
mali,5,35-40,55,225.2591
mali,6,40-45,55,262.8023
mali,7,45-50,55,203.8058
mali,8,50-55,55,209.1692
mali,9,55-60,55,144.8094
mali,10,60-65,55,101.9029
mali,11,65-70,55,48.2698
mali,12,70-75,55,32.1799
mali,13,75-80,55,16.0899
mali,14,80-85,55,0.0000
mali,15,85+,55,0.0000
mali,0,0-15,56,0.0000
mali,1,15-20,56,0.0000
mali,2,20-25,56,16.0899
mali,3,25-30,56,37.5432
mali,4,30-35,56,80.4497
mali,5,35-40,56,225.2591
mali,6,40-45,56,262.8023
mali,7,45-50,56,203.8058
mali,8,50-55,56,209.1692
mali,9,55-60,56,144.8094
mali,10,60-65,56,101.9029
mali,11,65-70,56,48.2698
mali,12,70-75,56,32.1799
mali,13,75-80,56,16.0899
mali,14,80-85,56,0.0000
mali,15,85+,56,0.0000
mali,0,0-15,57,0.0000
mali,1,15-20,57,0.0000
mali,2,20-25,57,16.0899
mali,3,25-30,57,37.5432
mali,4,30-35,57,80.4497
mali,5,35-40,57,225.2591
mali,6,40-45,57,262.8023
mali,7,45-50,57,203.8058
mali,8,50-55,57,209.1692
mali,9,55-60,57,144.8094
mali,10,60-65,57,101.9029
mali,11,65-70,57,48.2698
mali,12,70-75,57,32.1799
mali,13,75-80,57,16.0899
mali,14,80-85,57,0.0000
mali,15,85+,57,0.0000
mali,0,0-15,58,0.0000
mali,1,15-20,58,0.0000
mali,2,20-25,58,21.4532
mali,3,25-30,58,64.3597
mali,4,30-35,58,123.3562
mali,5,35-40,58,203.8058
mali,6,40-45,58,343.2520
mali,7,45-50,58,225.2591
mali,8,50-55,58,235.9857
mali,9,55-60,58,112.6295
mali,10,60-65,58,69.7231
mali,11,65-70,58,69.7231
mali,12,70-75,58,10.7266
mali,13,75-80,58,26.8166
mali,14,80-85,58,10.7266
mali,15,85+,58,0.0000
mali,0,0-15,59,0.0000
mali,1,15-20,59,0.0000
mali,2,20-25,59,26.8166
mali,3,25-30,59,64.3597
mali,4,30-35,59,150.1727
mali,5,35-40,59,176.9893
mali,6,40-45,59,235.9857
mali,7,45-50,59,321.7987
mali,8,50-55,59,150.1727
mali,9,55-60,59,139.4461
mali,10,60-65,59,75.0864
mali,11,65-70,59,37.5432
mali,12,70-75,59,37.5432
mali,13,75-80,59,26.8166
mali,14,80-85,59,0.0000
mali,15,85+,59,0.0000
mali,0,0-15,60,0.0000
mali,1,15-20,60,0.0000
mali,2,20-25,60,26.8166
mali,3,25-30,60,64.3597
mali,4,30-35,60,150.1727
mali,5,35-40,60,176.9893
mali,6,40-45,60,235.9857
mali,7,45-50,60,321.7987
mali,8,50-55,60,150.1727
mali,9,55-60,60,139.4461
mali,10,60-65,60,75.0864
mali,11,65-70,60,37.5432
mali,12,70-75,60,37.5432
mali,13,75-80,60,26.8166
mali,14,80-85,60,0.0000
mali,15,85+,60,0.0000
mali,0,0-15,61,0.0000
mali,1,15-20,61,0.0000
mali,2,20-25,61,10.7266
mali,3,25-30,61,58.9964
mali,4,30-35,61,128.7195
mali,5,35-40,61,219.8958
mali,6,40-45,61,305.7088
mali,7,45-50,61,171.6260
mali,8,50-55,61,176.9893
mali,9,55-60,61,187.7159
mali,10,60-65,61,101.9029
mali,11,65-70,61,58.9964
mali,12,70-75,61,16.0899
mali,13,75-80,61,16.0899
mali,14,80-85,61,10.7266
mali,15,85+,61,0.0000
mali,0,0-15,62,0.0000
mali,1,15-20,62,5.3633
mali,2,20-25,62,21.4532
mali,3,25-30,62,69.7231
mali,4,30-35,62,139.4461
mali,5,35-40,62,134.0828
mali,6,40-45,62,176.9893
mali,7,45-50,62,262.8023
mali,8,50-55,62,176.9893
mali,9,55-60,62,107.2662
mali,10,60-65,62,91.1763
mali,11,65-70,62,48.2698
mali,12,70-75,62,48.2698
mali,13,75-80,62,5.3633
mali,14,80-85,62,5.3633
mali,15,85+,62,0.0000
mali,0,0-15,63,0.0000
mali,1,15-20,63,0.0000
mali,2,20-25,63,37.5432
mali,3,25-30,63,64.3597
mali,4,30-35,63,91.1763
mali,5,35-40,63,176.9893
mali,6,40-45,63,214.5325
mali,7,45-50,63,209.1692
mali,8,50-55,63,209.1692
mali,9,55-60,63,128.7195
mali,10,60-65,63,64.3597
mali,11,65-70,63,26.8166
mali,12,70-75,63,32.1799
mali,13,75-80,63,10.7266
mali,14,80-85,63,0.0000
mali,15,85+,63,0.0000
mali,0,0-15,64,0.0000
mali,1,15-20,64,0.0000
mali,2,20-25,64,48.2698
mali,3,25-30,64,187.7159
mali,4,30-35,64,187.7159
mali,5,35-40,64,273.5289
mali,6,40-45,64,241.3490
mali,7,45-50,64,203.8058
mali,8,50-55,64,230.6224
mali,9,55-60,64,187.7159
mali,10,60-65,64,134.0828
mali,11,65-70,64,75.0864
mali,12,70-75,64,37.5431
mali,13,75-80,64,16.0899
mali,14,80-85,64,10.7266
mali,15,85+,64,5.3633
mali,0,0-15,65,0.0000
mali,1,15-20,65,0.0000
mali,2,20-25,65,5.3633
mali,3,25-30,65,26.8166
mali,4,30-35,65,150.1727
mali,5,35-40,65,225.2591
mali,6,40-45,65,316.4354
mali,7,45-50,65,241.3490
mali,8,50-55,65,198.4425
mali,9,55-60,65,123.3562
mali,10,60-65,65,117.9929
mali,11,65-70,65,53.6331
mali,12,70-75,65,53.6331
mali,13,75-80,65,10.7266
mali,14,80-85,65,0.0000
mali,15,85+,65,0.0000
mali,0,0-15,66,0.0000
mali,1,15-20,66,0.0000
mali,2,20-25,66,37.5432
mali,3,25-30,66,75.0864
mali,4,30-35,66,139.4461
mali,5,35-40,66,128.7195
mali,6,40-45,66,219.8958
mali,7,45-50,66,252.0757
mali,8,50-55,66,214.5325
mali,9,55-60,66,101.9029
mali,10,60-65,66,53.6331
mali,11,65-70,66,69.7231
mali,12,70-75,66,32.1799
mali,13,75-80,66,0.0000
mali,14,80-85,66,0.0000
mali,15,85+,66,0.0000
mali,0,0-15,67,0.0000
mali,1,15-20,67,0.0000
mali,2,20-25,67,37.5432
mali,3,25-30,67,134.0828
mali,4,30-35,67,139.4461
mali,5,35-40,67,257.4390
mali,6,40-45,67,268.1656
mali,7,45-50,67,225.2591
mali,8,50-55,67,193.0792
mali,9,55-60,67,128.7195
mali,10,60-65,67,128.7195
mali,11,65-70,67,64.3597
mali,12,70-75,67,53.6331
mali,13,75-80,67,16.0899
mali,14,80-85,67,5.3633
mali,15,85+,67,0.0000
mali,0,0-15,68,0.0000
mali,1,15-20,68,5.3633
mali,2,20-25,68,32.1799
mali,3,25-30,68,58.9964
mali,4,30-35,68,144.8094
mali,5,35-40,68,230.6224
mali,6,40-45,68,316.4354
mali,7,45-50,68,305.7088
mali,8,50-55,68,193.0792
mali,9,55-60,68,101.9029
mali,10,60-65,68,155.5360
mali,11,65-70,68,37.5432
mali,12,70-75,68,48.2698
mali,13,75-80,68,10.7266
mali,14,80-85,68,0.0000
mali,15,85+,68,0.0000
mali,0,0-15,69,0.0000
mali,1,15-20,69,0.0000
mali,2,20-25,69,10.7266
mali,3,25-30,69,58.9964
mali,4,30-35,69,144.8094
mali,5,35-40,69,268.1656
mali,6,40-45,69,278.8922
mali,7,45-50,69,278.8922
mali,8,50-55,69,160.8994
mali,9,55-60,69,171.6260
mali,10,60-65,69,75.0864
mali,11,65-70,69,48.2698
mali,12,70-75,69,37.5432
mali,13,75-80,69,21.4532
mali,14,80-85,69,0.0000
mali,15,85+,69,0.0000
mali,0,0-15,70,0.0000
mali,1,15-20,70,0.0000
mali,2,20-25,70,10.7266
mali,3,25-30,70,58.9964
mali,4,30-35,70,144.8094
mali,5,35-40,70,268.1656
mali,6,40-45,70,278.8922
mali,7,45-50,70,278.8922
mali,8,50-55,70,160.8994
mali,9,55-60,70,171.6260
mali,10,60-65,70,75.0864
mali,11,65-70,70,48.2698
mali,12,70-75,70,37.5432
mali,13,75-80,70,21.4532
mali,14,80-85,70,0.0000
mali,15,85+,70,0.0000
mali,0,0-15,71,0.0000
mali,1,15-20,71,0.0000
mali,2,20-25,71,10.7266
mali,3,25-30,71,58.9964
mali,4,30-35,71,144.8094
mali,5,35-40,71,268.1656
mali,6,40-45,71,278.8922
mali,7,45-50,71,278.8922
mali,8,50-55,71,160.8994
mali,9,55-60,71,171.6260
mali,10,60-65,71,75.0864
mali,11,65-70,71,48.2698
mali,12,70-75,71,37.5432
mali,13,75-80,71,21.4532
mali,14,80-85,71,0.0000
mali,15,85+,71,0.0000
mali,0,0-15,72,0.0000
mali,1,15-20,72,0.0000
mali,2,20-25,72,10.7266
mali,3,25-30,72,58.9964
mali,4,30-35,72,144.8094
mali,5,35-40,72,268.1656
mali,6,40-45,72,278.8922
mali,7,45-50,72,278.8922
mali,8,50-55,72,160.8994
mali,9,55-60,72,171.6260
mali,10,60-65,72,75.0864
mali,11,65-70,72,48.2698
mali,12,70-75,72,37.5432
mali,13,75-80,72,21.4532
mali,14,80-85,72,0.0000
mali,15,85+,72,0.0000
mali,0,0-15,73,0.0000
mali,1,15-20,73,0.0000
mali,2,20-25,73,10.7266
mali,3,25-30,73,58.9964
mali,4,30-35,73,144.8094
mali,5,35-40,73,268.1656
mali,6,40-45,73,278.8922
mali,7,45-50,73,278.8922
mali,8,50-55,73,160.8994
mali,9,55-60,73,171.6260
mali,10,60-65,73,75.0864
mali,11,65-70,73,48.2698
mali,12,70-75,73,37.5432
mali,13,75-80,73,21.4532
mali,14,80-85,73,0.0000
mali,15,85+,73,0.0000
mali,0,0-15,74,0.0000
mali,1,15-20,74,0.0000
mali,2,20-25,74,10.7266
mali,3,25-30,74,58.9964
mali,4,30-35,74,144.8094
mali,5,35-40,74,268.1656
mali,6,40-45,74,278.8922
mali,7,45-50,74,278.8922
mali,8,50-55,74,160.8994
mali,9,55-60,74,171.6260
mali,10,60-65,74,75.0864
mali,11,65-70,74,48.2698
mali,12,70-75,74,37.5432
mali,13,75-80,74,21.4532
mali,14,80-85,74,0.0000
mali,15,85+,74,0.0000
mali,0,0-15,75,0.0000
mali,1,15-20,75,5.3633
mali,2,20-25,75,0.0000
mali,3,25-30,75,85.8130
mali,4,30-35,75,139.4461
mali,5,35-40,75,252.0757
mali,6,40-45,75,273.5289
mali,7,45-50,75,214.5325
mali,8,50-55,75,219.8958
mali,9,55-60,75,96.5396
mali,10,60-65,75,123.3562
mali,11,65-70,75,80.4497
mali,12,70-75,75,10.7266
mali,13,75-80,75,16.0899
mali,14,80-85,75,5.3633
mali,15,85+,75,0.0000
mali,0,0-15,76,0.0000
mali,1,15-20,76,0.0000
mali,2,20-25,76,21.4532
mali,3,25-30,76,112.6295
mali,4,30-35,76,198.4425
mali,5,35-40,76,305.7088
mali,6,40-45,76,230.6224
mali,7,45-50,76,235.9857
mali,8,50-55,76,176.9893
mali,9,55-60,76,150.1727
mali,10,60-65,76,112.6295
mali,11,65-70,76,96.5396
mali,12,70-75,76,32.1799
mali,13,75-80,76,21.4532
mali,14,80-85,76,5.3633
mali,15,85+,76,0.0000
mali,0,0-15,77,0.0000
mali,1,15-20,77,0.0000
mali,2,20-25,77,26.8166
mali,3,25-30,77,53.6331
mali,4,30-35,77,155.5360
mali,5,35-40,77,182.3526
mali,6,40-45,77,176.9893
mali,7,45-50,77,230.6224
mali,8,50-55,77,171.6260
mali,9,55-60,77,123.3562
mali,10,60-65,77,101.9029
mali,11,65-70,77,42.9065
mali,12,70-75,77,26.8166
mali,13,75-80,77,16.0899
mali,14,80-85,77,0.0000
mali,15,85+,77,5.3633
mali,0,0-15,78,0.0000
mali,1,15-20,78,0.0000
mali,2,20-25,78,16.0899
mali,3,25-30,78,69.7231
mali,4,30-35,78,203.8058
mali,5,35-40,78,176.9893
mali,6,40-45,78,252.0757
mali,7,45-50,78,182.3526
mali,8,50-55,78,300.3455
mali,9,55-60,78,123.3562
mali,10,60-65,78,69.7231
mali,11,65-70,78,53.6331
mali,12,70-75,78,21.4532
mali,13,75-80,78,21.4532
mali,14,80-85,78,5.3633
mali,15,85+,78,0.0000
mali,0,0-15,79,0.0000
mali,1,15-20,79,5.3633
mali,2,20-25,79,32.1799
mali,3,25-30,79,75.0864
mali,4,30-35,79,101.9029
mali,5,35-40,79,209.1692
mali,6,40-45,79,209.1692
mali,7,45-50,79,230.6224
mali,8,50-55,79,139.4461
mali,9,55-60,79,123.3562
mali,10,60-65,79,80.4497
mali,11,65-70,79,42.9065
mali,12,70-75,79,48.2698
mali,13,75-80,79,16.0899
mali,14,80-85,79,16.0899
mali,15,85+,79,0.0000
mali,0,0-15,80,0.0000
mali,1,15-20,80,5.3633
mali,2,20-25,80,32.1799
mali,3,25-30,80,75.0864
mali,4,30-35,80,101.9029
mali,5,35-40,80,209.1692
mali,6,40-45,80,209.1692
mali,7,45-50,80,230.6224
mali,8,50-55,80,139.4461
mali,9,55-60,80,123.3562
mali,10,60-65,80,80.4497
mali,11,65-70,80,42.9065
mali,12,70-75,80,48.2698
mali,13,75-80,80,16.0899
mali,14,80-85,80,16.0899
mali,15,85+,80,0.0000
mali,0,0-15,81,0.0000
mali,1,15-20,81,5.3633
mali,2,20-25,81,32.1799
mali,3,25-30,81,75.0864
mali,4,30-35,81,101.9029
mali,5,35-40,81,209.1692
mali,6,40-45,81,209.1692
mali,7,45-50,81,230.6224
mali,8,50-55,81,139.4461
mali,9,55-60,81,123.3562
mali,10,60-65,81,80.4497
mali,11,65-70,81,42.9065
mali,12,70-75,81,48.2698
mali,13,75-80,81,16.0899
mali,14,80-85,81,16.0899
mali,15,85+,81,0.0000
mali,0,0-15,82,0.0000
mali,1,15-20,82,5.3633
mali,2,20-25,82,5.3633
mali,3,25-30,82,85.8130
mali,4,30-35,82,182.3526
mali,5,35-40,82,209.1692
mali,6,40-45,82,171.6260
mali,7,45-50,82,198.4425
mali,8,50-55,82,241.3490
mali,9,55-60,82,107.2662
mali,10,60-65,82,128.7195
mali,11,65-70,82,48.2698
mali,12,70-75,82,32.1799
mali,13,75-80,82,10.7266
mali,14,80-85,82,0.0000
mali,15,85+,82,0.0000
mali,0,0-15,83,0.0000
mali,1,15-20,83,0.0000
mali,2,20-25,83,21.4532
mali,3,25-30,83,75.0864
mali,4,30-35,83,176.9893
mali,5,35-40,83,257.4390
mali,6,40-45,83,246.7123
mali,7,45-50,83,187.7159
mali,8,50-55,83,230.6224
mali,9,55-60,83,101.9029
mali,10,60-65,83,80.4497
mali,11,65-70,83,69.7231
mali,12,70-75,83,75.0864
mali,13,75-80,83,10.7266
mali,14,80-85,83,0.0000
mali,15,85+,83,0.0000
mali,0,0-15,84,0.0000
mali,1,15-20,84,0.0000
mali,2,20-25,84,21.4532
mali,3,25-30,84,75.0864
mali,4,30-35,84,176.9893
mali,5,35-40,84,257.4390
mali,6,40-45,84,246.7123
mali,7,45-50,84,187.7159
mali,8,50-55,84,230.6224
mali,9,55-60,84,101.9029
mali,10,60-65,84,80.4497
mali,11,65-70,84,69.7231
mali,12,70-75,84,75.0864
mali,13,75-80,84,10.7266
mali,14,80-85,84,0.0000
mali,15,85+,84,0.0000
mali,0,0-15,85,0.0000
mali,1,15-20,85,0.0000
mali,2,20-25,85,26.8166
mali,3,25-30,85,107.2662
mali,4,30-35,85,171.6260
mali,5,35-40,85,193.0792
mali,6,40-45,85,203.8058
mali,7,45-50,85,235.9857
mali,8,50-55,85,155.5360
mali,9,55-60,85,85.8130
mali,10,60-65,85,112.6295
mali,11,65-70,85,85.8130
mali,12,70-75,85,37.5432
mali,13,75-80,85,16.0899
mali,14,80-85,85,0.0000
mali,15,85+,85,0.0000
mali,0,0-15,86,0.0000
mali,1,15-20,86,0.0000
mali,2,20-25,86,10.7266
mali,3,25-30,86,42.9065
mali,4,30-35,86,117.9929
mali,5,35-40,86,182.3526
mali,6,40-45,86,262.8023
mali,7,45-50,86,203.8058
mali,8,50-55,86,193.0792
mali,9,55-60,86,128.7195
mali,10,60-65,86,58.9964
mali,11,65-70,86,26.8166
mali,12,70-75,86,48.2698
mali,13,75-80,86,5.3633
mali,14,80-85,86,0.0000
mali,15,85+,86,0.0000
mali,0,0-15,87,0.0000
mali,1,15-20,87,0.0000
mali,2,20-25,87,32.1799
mali,3,25-30,87,58.9964
mali,4,30-35,87,96.5396
mali,5,35-40,87,176.9893
mali,6,40-45,87,214.5325
mali,7,45-50,87,337.8886
mali,8,50-55,87,134.0828
mali,9,55-60,87,112.6295
mali,10,60-65,87,80.4497
mali,11,65-70,87,58.9964
mali,12,70-75,87,48.2698
mali,13,75-80,87,5.3633
mali,14,80-85,87,0.0000
mali,15,85+,87,0.0000
mali,0,0-15,88,0.0000
mali,1,15-20,88,0.0000
mali,2,20-25,88,32.1799
mali,3,25-30,88,58.9964
mali,4,30-35,88,96.5396
mali,5,35-40,88,176.9893
mali,6,40-45,88,214.5325
mali,7,45-50,88,337.8886
mali,8,50-55,88,134.0828
mali,9,55-60,88,112.6295
mali,10,60-65,88,80.4497
mali,11,65-70,88,58.9964
mali,12,70-75,88,48.2698
mali,13,75-80,88,5.3633
mali,14,80-85,88,0.0000
mali,15,85+,88,0.0000
mali,0,0-15,89,0.0000
mali,1,15-20,89,0.0000
mali,2,20-25,89,10.7266
mali,3,25-30,89,64.3597
mali,4,30-35,89,112.6295
mali,5,35-40,89,193.0792
mali,6,40-45,89,300.3455
mali,7,45-50,89,198.4425
mali,8,50-55,89,187.7159
mali,9,55-60,89,128.7195
mali,10,60-65,89,69.7231
mali,11,65-70,89,64.3597
mali,12,70-75,89,16.0899
mali,13,75-80,89,5.3633
mali,14,80-85,89,10.7266
mali,15,85+,89,0.0000
mali,0,0-15,90,0.0000
mali,1,15-20,90,0.0000
mali,2,20-25,90,10.7266
mali,3,25-30,90,64.3597
mali,4,30-35,90,182.3526
mali,5,35-40,90,230.6224
mali,6,40-45,90,252.0757
mali,7,45-50,90,252.0757
mali,8,50-55,90,171.6260
mali,9,55-60,90,91.1763
mali,10,60-65,90,69.7231
mali,11,65-70,90,80.4497
mali,12,70-75,90,42.9065
mali,13,75-80,90,10.7266
mali,14,80-85,90,5.3633
mali,15,85+,90,0.0000
mali,0,0-15,91,0.0000
mali,1,15-20,91,0.0000
mali,2,20-25,91,42.9065
mali,3,25-30,91,80.4497
mali,4,30-35,91,166.2627
mali,5,35-40,91,294.9821
mali,6,40-45,91,278.8922
mali,7,45-50,91,327.1620
mali,8,50-55,91,203.8058
mali,9,55-60,91,187.7159
mali,10,60-65,91,58.9964
mali,11,65-70,91,58.9964
mali,12,70-75,91,53.6331
mali,13,75-80,91,26.8166
mali,14,80-85,91,10.7266
mali,15,85+,91,0.0000
mali,0,0-15,92,0.0000
mali,1,15-20,92,0.0000
mali,2,20-25,92,5.3633
mali,3,25-30,92,80.4497
mali,4,30-35,92,144.8094
mali,5,35-40,92,155.5360
mali,6,40-45,92,257.4390
mali,7,45-50,92,225.2591
mali,8,50-55,92,176.9893
mali,9,55-60,92,80.4497
mali,10,60-65,92,85.8130
mali,11,65-70,92,58.9964
mali,12,70-75,92,32.1799
mali,13,75-80,92,16.0899
mali,14,80-85,92,16.0899
mali,15,85+,92,0.0000
mali,0,0-15,93,0.0000
mali,1,15-20,93,0.0000
mali,2,20-25,93,16.0899
mali,3,25-30,93,58.9964
mali,4,30-35,93,58.9964
mali,5,35-40,93,193.0792
mali,6,40-45,93,219.8958
mali,7,45-50,93,193.0792
mali,8,50-55,93,182.3526
mali,9,55-60,93,96.5396
mali,10,60-65,93,112.6295
mali,11,65-70,93,53.6331
mali,12,70-75,93,10.7266
mali,13,75-80,93,10.7266
mali,14,80-85,93,10.7266
mali,15,85+,93,0.0000
mali,0,0-15,94,0.0000
mali,1,15-20,94,5.3633
mali,2,20-25,94,26.8166
mali,3,25-30,94,80.4497
mali,4,30-35,94,219.8958
mali,5,35-40,94,311.0721
mali,6,40-45,94,284.2555
mali,7,45-50,94,257.4390
mali,8,50-55,94,198.4425
mali,9,55-60,94,150.1727
mali,10,60-65,94,85.8130
mali,11,65-70,94,91.1763
mali,12,70-75,94,48.2698
mali,13,75-80,94,16.0899
mali,14,80-85,94,16.0899
mali,15,85+,94,0.0000
mali,0,0-15,95,0.0000
mali,1,15-20,95,0.0000
mali,2,20-25,95,26.8166
mali,3,25-30,95,112.6295
mali,4,30-35,95,134.0828
mali,5,35-40,95,359.3419
mali,6,40-45,95,268.1656
mali,7,45-50,95,278.8922
mali,8,50-55,95,235.9857
mali,9,55-60,95,155.5360
mali,10,60-65,95,91.1763
mali,11,65-70,95,42.9065
mali,12,70-75,95,48.2698
mali,13,75-80,95,0.0000
mali,14,80-85,95,10.7266
mali,15,85+,95,0.0000
mali,0,0-15,96,0.0000
mali,1,15-20,96,0.0000
mali,2,20-25,96,26.8166
mali,3,25-30,96,112.6295
mali,4,30-35,96,134.0828
mali,5,35-40,96,359.3419
mali,6,40-45,96,268.1656
mali,7,45-50,96,278.8922
mali,8,50-55,96,235.9857
mali,9,55-60,96,155.5360
mali,10,60-65,96,91.1763
mali,11,65-70,96,42.9065
mali,12,70-75,96,48.2698
mali,13,75-80,96,0.0000
mali,14,80-85,96,10.7266
mali,15,85+,96,0.0000
mali,0,0-15,97,0.0000
mali,1,15-20,97,0.0000
mali,2,20-25,97,26.8166
mali,3,25-30,97,112.6295
mali,4,30-35,97,134.0828
mali,5,35-40,97,359.3419
mali,6,40-45,97,268.1656
mali,7,45-50,97,278.8922
mali,8,50-55,97,235.9857
mali,9,55-60,97,155.5360
mali,10,60-65,97,91.1763
mali,11,65-70,97,42.9065
mali,12,70-75,97,48.2698
mali,13,75-80,97,0.0000
mali,14,80-85,97,10.7266
mali,15,85+,97,0.0000
mali,0,0-15,98,0.0000
mali,1,15-20,98,0.0000
mali,2,20-25,98,10.7266
mali,3,25-30,98,75.0864
mali,4,30-35,98,128.7195
mali,5,35-40,98,241.3490
mali,6,40-45,98,241.3490
mali,7,45-50,98,268.1656
mali,8,50-55,98,128.7195
mali,9,55-60,98,85.8130
mali,10,60-65,98,96.5396
mali,11,65-70,98,69.7231
mali,12,70-75,98,26.8166
mali,13,75-80,98,16.0899
mali,14,80-85,98,0.0000
mali,15,85+,98,0.0000
mali,0,0-15,99,0.0000
mali,1,15-20,99,0.0000
mali,2,20-25,99,10.7266
mali,3,25-30,99,37.5432
mali,4,30-35,99,134.0828
mali,5,35-40,99,214.5325
mali,6,40-45,99,144.8094
mali,7,45-50,99,214.5325
mali,8,50-55,99,241.3490
mali,9,55-60,99,107.2662
mali,10,60-65,99,80.4497
mali,11,65-70,99,53.6331
mali,12,70-75,99,32.1799
mali,13,75-80,99,0.0000
mali,14,80-85,99,10.7266
mali,15,85+,99,0.0000
mozambique,0,0-15,0,0.0000
mozambique,1,15-20,0,13.3160
mozambique,2,20-25,0,179.7656
mozambique,3,25-30,0,492.6912
mozambique,4,30-35,0,605.8770
mozambique,5,35-40,0,685.7726
mozambique,6,40-45,0,665.7966
mozambique,7,45-50,0,459.3992
mozambique,8,50-55,0,426.1094
mozambique,9,55-60,0,199.7388
mozambique,10,60-65,0,246.3445
mozambique,11,65-70,0,213.0547
mozambique,12,70-75,0,93.2114
mozambique,13,75-80,0,59.9216
mozambique,14,80-85,0,6.6580
mozambique,15,85+,0,0.0000
mozambique,0,0-15,1,0.0000
mozambique,1,15-20,1,0.0000
mozambique,2,20-25,1,173.1076
mozambique,3,25-30,1,492.6912
mozambique,4,30-35,1,552.6131
mozambique,5,35-40,1,659.1410
mozambique,6,40-45,1,699.0865
mozambique,7,45-50,1,492.6890
mozambique,8,50-55,1,306.2661
mozambique,9,55-60,1,292.9502
mozambique,10,60-65,1,213.0547
mozambique,11,65-70,1,193.0808
mozambique,12,70-75,1,53.2637
mozambique,13,75-80,1,39.9478
mozambique,14,80-85,1,0.0000
mozambique,15,85+,1,13.3159
mozambique,0,0-15,2,0.0000
mozambique,1,15-20,2,0.0000
mozambique,2,20-25,2,173.1076
mozambique,3,25-30,2,492.6912
mozambique,4,30-35,2,552.6131
mozambique,5,35-40,2,659.1410
mozambique,6,40-45,2,699.0865
mozambique,7,45-50,2,492.6890
mozambique,8,50-55,2,306.2661
mozambique,9,55-60,2,292.9502
mozambique,10,60-65,2,213.0547
mozambique,11,65-70,2,193.0808
mozambique,12,70-75,2,53.2637
mozambique,13,75-80,2,39.9478
mozambique,14,80-85,2,0.0000
mozambique,15,85+,2,13.3159
mozambique,0,0-15,3,0.0000
mozambique,1,15-20,3,0.0000
mozambique,2,20-25,3,173.1076
mozambique,3,25-30,3,492.6912
mozambique,4,30-35,3,552.6131
mozambique,5,35-40,3,659.1410
mozambique,6,40-45,3,699.0865
mozambique,7,45-50,3,492.6890
mozambique,8,50-55,3,306.2661
mozambique,9,55-60,3,292.9502
mozambique,10,60-65,3,213.0547
mozambique,11,65-70,3,193.0808
mozambique,12,70-75,3,53.2637
mozambique,13,75-80,3,39.9478
mozambique,14,80-85,3,0.0000
mozambique,15,85+,3,13.3159
mozambique,0,0-15,4,0.0000
mozambique,1,15-20,4,6.6580
mozambique,2,20-25,4,146.4757
mozambique,3,25-30,4,372.8474
mozambique,4,30-35,4,565.9291
mozambique,5,35-40,4,765.6687
mozambique,6,40-45,4,685.7708
mozambique,7,45-50,4,479.3730
mozambique,8,50-55,4,406.1355
mozambique,9,55-60,4,279.6343
mozambique,10,60-65,4,226.3706
mozambique,11,65-70,4,166.4490
mozambique,12,70-75,4,79.8955
mozambique,13,75-80,4,19.9739
mozambique,14,80-85,4,13.3159
mozambique,15,85+,4,0.0000
mozambique,0,0-15,5,0.0000
mozambique,1,15-20,5,33.2899
mozambique,2,20-25,5,193.0816
mozambique,3,25-30,5,419.4533
mozambique,4,30-35,5,572.5871
mozambique,5,35-40,5,812.2744
mozambique,6,40-45,5,712.4020
mozambique,7,45-50,5,592.5583
mozambique,8,50-55,5,339.5559
mozambique,9,55-60,5,339.5559
mozambique,10,60-65,5,206.3967
mozambique,11,65-70,5,133.1592
mozambique,12,70-75,5,66.5796
mozambique,13,75-80,5,26.6318
mozambique,14,80-85,5,0.0000
mozambique,15,85+,5,6.6580
mozambique,0,0-15,6,0.0000
mozambique,1,15-20,6,0.0000
mozambique,2,20-25,6,113.1858
mozambique,3,25-30,6,446.0852
mozambique,4,30-35,6,632.5090
mozambique,5,35-40,6,652.4827
mozambique,6,40-45,6,712.4028
mozambique,7,45-50,6,585.9004
mozambique,8,50-55,6,386.1616
mozambique,9,55-60,6,193.0808
mozambique,10,60-65,6,199.7388
mozambique,11,65-70,6,186.4229
mozambique,12,70-75,6,93.2114
mozambique,13,75-80,6,19.9739
mozambique,14,80-85,6,13.3159
mozambique,15,85+,6,0.0000
mozambique,0,0-15,7,0.0000
mozambique,1,15-20,7,26.6319
mozambique,2,20-25,7,153.1337
mozambique,3,25-30,7,532.6391
mozambique,4,30-35,7,585.9031
mozambique,5,35-40,7,699.0889
mozambique,6,40-45,7,632.5063
mozambique,7,45-50,7,472.7151
mozambique,8,50-55,7,392.8196
mozambique,9,55-60,7,279.6343
mozambique,10,60-65,7,239.6865
mozambique,11,65-70,7,159.7910
mozambique,12,70-75,7,86.5535
mozambique,13,75-80,7,19.9739
mozambique,14,80-85,7,0.0000
mozambique,15,85+,7,0.0000
mozambique,0,0-15,8,0.0000
mozambique,1,15-20,8,26.6319
mozambique,2,20-25,8,153.1337
mozambique,3,25-30,8,532.6391
mozambique,4,30-35,8,585.9031
mozambique,5,35-40,8,699.0889
mozambique,6,40-45,8,632.5063
mozambique,7,45-50,8,472.7151
mozambique,8,50-55,8,392.8196
mozambique,9,55-60,8,279.6343
mozambique,10,60-65,8,239.6865
mozambique,11,65-70,8,159.7910
mozambique,12,70-75,8,86.5535
mozambique,13,75-80,8,19.9739
mozambique,14,80-85,8,0.0000
mozambique,15,85+,8,0.0000
mozambique,0,0-15,9,0.0000
mozambique,1,15-20,9,0.0000
mozambique,2,20-25,9,93.2118
mozambique,3,25-30,9,346.2154
mozambique,4,30-35,9,559.2711
mozambique,5,35-40,9,725.7209
mozambique,6,40-45,9,725.7190
mozambique,7,45-50,9,599.2163
mozambique,8,50-55,9,332.8979
mozambique,9,55-60,9,332.8979
mozambique,10,60-65,9,286.2922
mozambique,11,65-70,9,133.1592
mozambique,12,70-75,9,59.9216
mozambique,13,75-80,9,33.2898
mozambique,14,80-85,9,6.6580
mozambique,15,85+,9,6.6580
mozambique,0,0-15,10,0.0000
mozambique,1,15-20,10,0.0000
mozambique,2,20-25,10,179.7656
mozambique,3,25-30,10,406.1373
mozambique,4,30-35,10,585.9031
mozambique,5,35-40,10,652.4827
mozambique,6,40-45,10,719.0609
mozambique,7,45-50,10,506.0049
mozambique,8,50-55,10,359.5298
mozambique,9,55-60,10,219.7126
mozambique,10,60-65,10,213.0547
mozambique,11,65-70,10,153.1331
mozambique,12,70-75,10,79.8955
mozambique,13,75-80,10,39.9478
mozambique,14,80-85,10,13.3159
mozambique,15,85+,10,0.0000
mozambique,0,0-15,11,0.0000
mozambique,1,15-20,11,13.3160
mozambique,2,20-25,11,66.5799
mozambique,3,25-30,11,406.1373
mozambique,4,30-35,11,519.3232
mozambique,5,35-40,11,745.6948
mozambique,6,40-45,11,659.1393
mozambique,7,45-50,11,532.6367
mozambique,8,50-55,11,439.4253
mozambique,9,55-60,11,213.0547
mozambique,10,60-65,11,253.0024
mozambique,11,65-70,11,139.8171
mozambique,12,70-75,11,39.9478
mozambique,13,75-80,11,59.9216
mozambique,14,80-85,11,0.0000
mozambique,15,85+,11,6.6580
mozambique,0,0-15,12,0.0000
mozambique,1,15-20,12,26.6319
mozambique,2,20-25,12,233.0295
mozambique,3,25-30,12,426.1113
mozambique,4,30-35,12,612.5350
mozambique,5,35-40,12,645.8249
mozambique,6,40-45,12,705.7442
mozambique,7,45-50,12,532.6367
mozambique,8,50-55,12,319.5820
mozambique,9,55-60,12,199.7388
mozambique,10,60-65,12,219.7126
mozambique,11,65-70,12,113.1853
mozambique,12,70-75,12,99.8694
mozambique,13,75-80,12,26.6318
mozambique,14,80-85,12,0.0000
mozambique,15,85+,12,0.0000
mozambique,0,0-15,13,0.0000
mozambique,1,15-20,13,33.2899
mozambique,2,20-25,13,79.8958
mozambique,3,25-30,13,412.7953
mozambique,4,30-35,13,679.1149
mozambique,5,35-40,13,832.2480
mozambique,6,40-45,13,665.7967
mozambique,7,45-50,13,599.2163
mozambique,8,50-55,13,286.2922
mozambique,9,55-60,13,332.8979
mozambique,10,60-65,13,199.7388
mozambique,11,65-70,13,179.7649
mozambique,12,70-75,13,79.8955
mozambique,13,75-80,13,26.6318
mozambique,14,80-85,13,6.6580
mozambique,15,85+,13,6.6580
mozambique,0,0-15,14,0.0000
mozambique,1,15-20,14,0.0000
mozambique,2,20-25,14,193.0816
mozambique,3,25-30,14,372.8474
mozambique,4,30-35,14,685.7729
mozambique,5,35-40,14,719.0625
mozambique,6,40-45,14,665.7967
mozambique,7,45-50,14,446.0833
mozambique,8,50-55,14,346.2139
mozambique,9,55-60,14,279.6343
mozambique,10,60-65,14,206.3967
mozambique,11,65-70,14,179.7649
mozambique,12,70-75,14,53.2637
mozambique,13,75-80,14,33.2898
mozambique,14,80-85,14,13.3159
mozambique,15,85+,14,6.6580
mozambique,0,0-15,15,0.0000
mozambique,1,15-20,15,6.6580
mozambique,2,20-25,15,126.5017
mozambique,3,25-30,15,366.1894
mozambique,4,30-35,15,692.4309
mozambique,5,35-40,15,672.4569
mozambique,6,40-45,15,672.4547
mozambique,7,45-50,15,486.0311
mozambique,8,50-55,15,426.1094
mozambique,9,55-60,15,233.0286
mozambique,10,60-65,15,206.3967
mozambique,11,65-70,15,193.0808
mozambique,12,70-75,15,79.8955
mozambique,13,75-80,15,13.3159
mozambique,14,80-85,15,0.0000
mozambique,15,85+,15,0.0000
mozambique,0,0-15,16,0.0000
mozambique,1,15-20,16,0.0000
mozambique,2,20-25,16,133.1597
mozambique,3,25-30,16,459.4012
mozambique,4,30-35,16,539.2971
mozambique,5,35-40,16,659.1406
mozambique,6,40-45,16,679.1133
mozambique,7,45-50,16,392.8196
mozambique,8,50-55,16,306.2661
mozambique,9,55-60,16,259.6604
mozambique,10,60-65,16,213.0547
mozambique,11,65-70,16,173.1069
mozambique,12,70-75,16,53.2637
mozambique,13,75-80,16,26.6318
mozambique,14,80-85,16,13.3159
mozambique,15,85+,16,6.6580
mozambique,0,0-15,17,0.0000
mozambique,1,15-20,17,46.6059
mozambique,2,20-25,17,246.3455
mozambique,3,25-30,17,599.2190
mozambique,4,30-35,17,592.5611
mozambique,5,35-40,17,719.0617
mozambique,6,40-45,17,725.7180
mozambique,7,45-50,17,559.2686
mozambique,8,50-55,17,319.5820
mozambique,9,55-60,17,219.7126
mozambique,10,60-65,17,159.7910
mozambique,11,65-70,17,193.0808
mozambique,12,70-75,17,73.2375
mozambique,13,75-80,17,19.9739
mozambique,14,80-85,17,0.0000
mozambique,15,85+,17,6.6580
mozambique,0,0-15,18,0.0000
mozambique,1,15-20,18,46.6059
mozambique,2,20-25,18,246.3455
mozambique,3,25-30,18,599.2190
mozambique,4,30-35,18,592.5611
mozambique,5,35-40,18,719.0617
mozambique,6,40-45,18,725.7180
mozambique,7,45-50,18,559.2686
mozambique,8,50-55,18,319.5820
mozambique,9,55-60,18,219.7126
mozambique,10,60-65,18,159.7910
mozambique,11,65-70,18,193.0808
mozambique,12,70-75,18,73.2375
mozambique,13,75-80,18,19.9739
mozambique,14,80-85,18,0.0000
mozambique,15,85+,18,6.6580
mozambique,0,0-15,19,0.0000
mozambique,1,15-20,19,46.6059
mozambique,2,20-25,19,246.3455
mozambique,3,25-30,19,599.2190
mozambique,4,30-35,19,592.5611
mozambique,5,35-40,19,719.0617
mozambique,6,40-45,19,725.7180
mozambique,7,45-50,19,559.2686
mozambique,8,50-55,19,319.5820
mozambique,9,55-60,19,219.7126
mozambique,10,60-65,19,159.7910
mozambique,11,65-70,19,193.0808
mozambique,12,70-75,19,73.2375
mozambique,13,75-80,19,19.9739
mozambique,14,80-85,19,0.0000
mozambique,15,85+,19,6.6580
mozambique,0,0-15,20,0.0000
mozambique,1,15-20,20,46.6059
mozambique,2,20-25,20,246.3455
mozambique,3,25-30,20,599.2190
mozambique,4,30-35,20,592.5611
mozambique,5,35-40,20,719.0617
mozambique,6,40-45,20,725.7180
mozambique,7,45-50,20,559.2686
mozambique,8,50-55,20,319.5820
mozambique,9,55-60,20,219.7126
mozambique,10,60-65,20,159.7910
mozambique,11,65-70,20,193.0808
mozambique,12,70-75,20,73.2375
mozambique,13,75-80,20,19.9739
mozambique,14,80-85,20,0.0000
mozambique,15,85+,20,6.6580
mozambique,0,0-15,21,0.0000
mozambique,1,15-20,21,13.3160
mozambique,2,20-25,21,153.1337
mozambique,3,25-30,21,432.7693
mozambique,4,30-35,21,792.3008
mozambique,5,35-40,21,765.6682
mozambique,6,40-45,21,625.8483
mozambique,7,45-50,21,605.8743
mozambique,8,50-55,21,412.7935
mozambique,9,55-60,21,246.3445
mozambique,10,60-65,21,146.4751
mozambique,11,65-70,21,199.7388
mozambique,12,70-75,21,73.2375
mozambique,13,75-80,21,26.6318
mozambique,14,80-85,21,13.3159
mozambique,15,85+,21,13.3159
mozambique,0,0-15,22,0.0000
mozambique,1,15-20,22,0.0000
mozambique,2,20-25,22,79.8958
mozambique,3,25-30,22,346.2154
mozambique,4,30-35,22,579.2451
mozambique,5,35-40,22,612.5350
mozambique,6,40-45,22,739.0354
mozambique,7,45-50,22,599.2163
mozambique,8,50-55,22,392.8196
mozambique,9,55-60,22,259.6604
mozambique,10,60-65,22,239.6865
mozambique,11,65-70,22,186.4229
mozambique,12,70-75,22,93.2114
mozambique,13,75-80,22,19.9739
mozambique,14,80-85,22,19.9739
mozambique,15,85+,22,0.0000
mozambique,0,0-15,23,0.0000
mozambique,1,15-20,23,6.6580
mozambique,2,20-25,23,119.8438
mozambique,3,25-30,23,519.3231
mozambique,4,30-35,23,525.9812
mozambique,5,35-40,23,739.0367
mozambique,6,40-45,23,659.1387
mozambique,7,45-50,23,692.4277
mozambique,8,50-55,23,246.3445
mozambique,9,55-60,23,159.7910
mozambique,10,60-65,23,226.3706
mozambique,11,65-70,23,186.4229
mozambique,12,70-75,23,133.1592
mozambique,13,75-80,23,26.6318
mozambique,14,80-85,23,0.0000
mozambique,15,85+,23,0.0000
mozambique,0,0-15,24,0.0000
mozambique,1,15-20,24,6.6580
mozambique,2,20-25,24,139.8177
mozambique,3,25-30,24,459.4012
mozambique,4,30-35,24,679.1149
mozambique,5,35-40,24,719.0627
mozambique,6,40-45,24,645.8224
mozambique,7,45-50,24,612.5322
mozambique,8,50-55,24,306.2661
mozambique,9,55-60,24,266.3184
mozambique,10,60-65,24,179.7649
mozambique,11,65-70,24,186.4229
mozambique,12,70-75,24,93.2114
mozambique,13,75-80,24,26.6318
mozambique,14,80-85,24,0.0000
mozambique,15,85+,24,0.0000
mozambique,0,0-15,25,0.0000
mozambique,1,15-20,25,19.9740
mozambique,2,20-25,25,133.1597
mozambique,3,25-30,25,419.4533
mozambique,4,30-35,25,672.4569
mozambique,5,35-40,25,572.5869
mozambique,6,40-45,25,725.7188
mozambique,7,45-50,25,559.2686
mozambique,8,50-55,25,292.9502
mozambique,9,55-60,25,286.2922
mozambique,10,60-65,25,166.4490
mozambique,11,65-70,25,193.0808
mozambique,12,70-75,25,53.2637
mozambique,13,75-80,25,19.9739
mozambique,14,80-85,25,13.3159
mozambique,15,85+,25,0.0000
mozambique,0,0-15,26,0.0000
mozambique,1,15-20,26,19.9740
mozambique,2,20-25,26,133.1597
mozambique,3,25-30,26,419.4533
mozambique,4,30-35,26,672.4569
mozambique,5,35-40,26,572.5869
mozambique,6,40-45,26,725.7188
mozambique,7,45-50,26,559.2686
mozambique,8,50-55,26,292.9502
mozambique,9,55-60,26,286.2922
mozambique,10,60-65,26,166.4490
mozambique,11,65-70,26,193.0808
mozambique,12,70-75,26,53.2637
mozambique,13,75-80,26,19.9739
mozambique,14,80-85,26,13.3159
mozambique,15,85+,26,0.0000
mozambique,0,0-15,27,0.0000
mozambique,1,15-20,27,19.9740
mozambique,2,20-25,27,199.7396
mozambique,3,25-30,27,332.8994
mozambique,4,30-35,27,585.9031
mozambique,5,35-40,27,659.1407
mozambique,6,40-45,27,712.4030
mozambique,7,45-50,27,492.6890
mozambique,8,50-55,27,272.9763
mozambique,9,55-60,27,213.0547
mozambique,10,60-65,27,166.4490
mozambique,11,65-70,27,219.7126
mozambique,12,70-75,27,113.1853
mozambique,13,75-80,27,13.3159
mozambique,14,80-85,27,6.6580
mozambique,15,85+,27,0.0000
mozambique,0,0-15,28,0.0000
mozambique,1,15-20,28,13.3160
mozambique,2,20-25,28,159.7917
mozambique,3,25-30,28,379.5054
mozambique,4,30-35,28,639.1670
mozambique,5,35-40,28,785.6427
mozambique,6,40-45,28,665.7963
mozambique,7,45-50,28,499.3469
mozambique,8,50-55,28,279.6343
mozambique,9,55-60,28,259.6604
mozambique,10,60-65,28,226.3706
mozambique,11,65-70,28,153.1331
mozambique,12,70-75,28,139.8171
mozambique,13,75-80,28,33.2898
mozambique,14,80-85,28,13.3159
mozambique,15,85+,28,0.0000
mozambique,0,0-15,29,0.0000
mozambique,1,15-20,29,6.6580
mozambique,2,20-25,29,99.8698
mozambique,3,25-30,29,386.1633
mozambique,4,30-35,29,525.9812
mozambique,5,35-40,29,619.1930
mozambique,6,40-45,29,625.8497
mozambique,7,45-50,29,446.0836
mozambique,8,50-55,29,326.2400
mozambique,9,55-60,29,366.1877
mozambique,10,60-65,29,206.3967
mozambique,11,65-70,29,186.4229
mozambique,12,70-75,29,53.2637
mozambique,13,75-80,29,19.9739
mozambique,14,80-85,29,13.3159
mozambique,15,85+,29,0.0000
mozambique,0,0-15,30,0.0000
mozambique,1,15-20,30,13.3160
mozambique,2,20-25,30,126.5017
mozambique,3,25-30,30,572.5871
mozambique,4,30-35,30,732.3788
mozambique,5,35-40,30,679.1140
mozambique,6,40-45,30,692.4283
mozambique,7,45-50,30,572.5845
mozambique,8,50-55,30,466.0571
mozambique,9,55-60,30,259.6604
mozambique,10,60-65,30,166.4490
mozambique,11,65-70,30,106.5273
mozambique,12,70-75,30,99.8694
mozambique,13,75-80,30,13.3159
mozambique,14,80-85,30,13.3159
mozambique,15,85+,30,0.0000
mozambique,0,0-15,31,0.0000
mozambique,1,15-20,31,39.9479
mozambique,2,20-25,31,133.1597
mozambique,3,25-30,31,446.0853
mozambique,4,30-35,31,645.8250
mozambique,5,35-40,31,712.4046
mozambique,6,40-45,31,592.5590
mozambique,7,45-50,31,659.1379
mozambique,8,50-55,31,472.7151
mozambique,9,55-60,31,272.9763
mozambique,10,60-65,31,139.8171
mozambique,11,65-70,31,146.4751
mozambique,12,70-75,31,73.2375
mozambique,13,75-80,31,39.9478
mozambique,14,80-85,31,0.0000
mozambique,15,85+,31,6.6580
mozambique,0,0-15,32,0.0000
mozambique,1,15-20,32,0.0000
mozambique,2,20-25,32,153.1337
mozambique,3,25-30,32,452.7432
mozambique,4,30-35,32,712.4049
mozambique,5,35-40,32,739.0364
mozambique,6,40-45,32,719.0599
mozambique,7,45-50,32,499.3469
mozambique,8,50-55,32,312.9241
mozambique,9,55-60,32,246.3445
mozambique,10,60-65,32,239.6865
mozambique,11,65-70,32,186.4229
mozambique,12,70-75,32,99.8694
mozambique,13,75-80,32,6.6580
mozambique,14,80-85,32,13.3159
mozambique,15,85+,32,6.6580
mozambique,0,0-15,33,0.0000
mozambique,1,15-20,33,0.0000
mozambique,2,20-25,33,159.7917
mozambique,3,25-30,33,346.2154
mozambique,4,30-35,33,532.6392
mozambique,5,35-40,33,625.8510
mozambique,6,40-45,33,645.8238
mozambique,7,45-50,33,466.0571
mozambique,8,50-55,33,346.2139
mozambique,9,55-60,33,279.6343
mozambique,10,60-65,33,206.3967
mozambique,11,65-70,33,139.8171
mozambique,12,70-75,33,73.2375
mozambique,13,75-80,33,0.0000
mozambique,14,80-85,33,13.3159
mozambique,15,85+,33,0.0000
mozambique,0,0-15,34,0.0000
mozambique,1,15-20,34,0.0000
mozambique,2,20-25,34,159.7917
mozambique,3,25-30,34,346.2154
mozambique,4,30-35,34,532.6392
mozambique,5,35-40,34,625.8510
mozambique,6,40-45,34,645.8238
mozambique,7,45-50,34,466.0571
mozambique,8,50-55,34,346.2139
mozambique,9,55-60,34,279.6343
mozambique,10,60-65,34,206.3967
mozambique,11,65-70,34,139.8171
mozambique,12,70-75,34,73.2375
mozambique,13,75-80,34,0.0000
mozambique,14,80-85,34,13.3159
mozambique,15,85+,34,0.0000
mozambique,0,0-15,35,0.0000
mozambique,1,15-20,35,6.6580
mozambique,2,20-25,35,106.5278
mozambique,3,25-30,35,379.5053
mozambique,4,30-35,35,512.6652
mozambique,5,35-40,35,699.0889
mozambique,6,40-45,35,752.3510
mozambique,7,45-50,35,632.5061
mozambique,8,50-55,35,272.9763
mozambique,9,55-60,35,299.6082
mozambique,10,60-65,35,139.8171
mozambique,11,65-70,35,139.8171
mozambique,12,70-75,35,33.2898
mozambique,13,75-80,35,53.2637
mozambique,14,80-85,35,6.6580
mozambique,15,85+,35,0.0000
mozambique,0,0-15,36,0.0000
mozambique,1,15-20,36,19.9740
mozambique,2,20-25,36,146.4757
mozambique,3,25-30,36,446.0853
mozambique,4,30-35,36,579.2451
mozambique,5,35-40,36,552.6130
mozambique,6,40-45,36,739.0349
mozambique,7,45-50,36,426.1094
mozambique,8,50-55,36,359.5298
mozambique,9,55-60,36,292.9502
mozambique,10,60-65,36,206.3967
mozambique,11,65-70,36,179.7649
mozambique,12,70-75,36,46.6057
mozambique,13,75-80,36,6.6580
mozambique,14,80-85,36,0.0000
mozambique,15,85+,36,0.0000
mozambique,0,0-15,37,0.0000
mozambique,1,15-20,37,13.3160
mozambique,2,20-25,37,126.5017
mozambique,3,25-30,37,319.5834
mozambique,4,30-35,37,725.7209
mozambique,5,35-40,37,679.1149
mozambique,6,40-45,37,665.7968
mozambique,7,45-50,37,492.6890
mozambique,8,50-55,37,399.4775
mozambique,9,55-60,37,312.9241
mozambique,10,60-65,37,186.4229
mozambique,11,65-70,37,113.1853
mozambique,12,70-75,37,93.2114
mozambique,13,75-80,37,26.6318
mozambique,14,80-85,37,13.3159
mozambique,15,85+,37,0.0000
mozambique,0,0-15,38,0.0000
mozambique,1,15-20,38,0.0000
mozambique,2,20-25,38,139.8177
mozambique,3,25-30,38,412.7953
mozambique,4,30-35,38,672.4569
mozambique,5,35-40,38,639.1670
mozambique,6,40-45,38,692.4286
mozambique,7,45-50,38,532.6367
mozambique,8,50-55,38,299.6082
mozambique,9,55-60,38,253.0024
mozambique,10,60-65,38,173.1069
mozambique,11,65-70,38,99.8694
mozambique,12,70-75,38,53.2637
mozambique,13,75-80,38,33.2898
mozambique,14,80-85,38,0.0000
mozambique,15,85+,38,0.0000
mozambique,0,0-15,39,0.0000
mozambique,1,15-20,39,6.6580
mozambique,2,20-25,39,246.3455
mozambique,3,25-30,39,472.7172
mozambique,4,30-35,39,798.9587
mozambique,5,35-40,39,732.3776
mozambique,6,40-45,39,645.8224
mozambique,7,45-50,39,545.9526
mozambique,8,50-55,39,506.0049
mozambique,9,55-60,39,239.6865
mozambique,10,60-65,39,166.4490
mozambique,11,65-70,39,86.5535
mozambique,12,70-75,39,33.2898
mozambique,13,75-80,39,13.3159
mozambique,14,80-85,39,13.3159
mozambique,15,85+,39,0.0000
mozambique,0,0-15,40,0.0000
mozambique,1,15-20,40,13.3160
mozambique,2,20-25,40,93.2118
mozambique,3,25-30,40,339.5574
mozambique,4,30-35,40,619.1930
mozambique,5,35-40,40,685.7729
mozambique,6,40-45,40,632.5075
mozambique,7,45-50,40,506.0049
mozambique,8,50-55,40,366.1877
mozambique,9,55-60,40,292.9502
mozambique,10,60-65,40,166.4490
mozambique,11,65-70,40,139.8171
mozambique,12,70-75,40,79.8955
mozambique,13,75-80,40,19.9739
mozambique,14,80-85,40,6.6580
mozambique,15,85+,40,6.6580
mozambique,0,0-15,41,0.0000
mozambique,1,15-20,41,13.3160
mozambique,2,20-25,41,139.8177
mozambique,3,25-30,41,446.0853
mozambique,4,30-35,41,745.6948
mozambique,5,35-40,41,672.4568
mozambique,6,40-45,41,672.4542
mozambique,7,45-50,41,639.1641
mozambique,8,50-55,41,346.2139
mozambique,9,55-60,41,272.9763
mozambique,10,60-65,41,213.0547
mozambique,11,65-70,41,153.1331
mozambique,12,70-75,41,86.5535
mozambique,13,75-80,41,39.9478
mozambique,14,80-85,41,13.3159
mozambique,15,85+,41,0.0000
mozambique,0,0-15,42,0.0000
mozambique,1,15-20,42,19.9740
mozambique,2,20-25,42,206.3976
mozambique,3,25-30,42,539.2971
mozambique,4,30-35,42,759.0108
mozambique,5,35-40,42,739.0358
mozambique,6,40-45,42,692.4278
mozambique,7,45-50,42,552.6106
mozambique,8,50-55,42,386.1616
mozambique,9,55-60,42,219.7126
mozambique,10,60-65,42,213.0547
mozambique,11,65-70,42,153.1331
mozambique,12,70-75,42,53.2637
mozambique,13,75-80,42,46.6057
mozambique,14,80-85,42,0.0000
mozambique,15,85+,42,0.0000
mozambique,0,0-15,43,0.0000
mozambique,1,15-20,43,19.9740
mozambique,2,20-25,43,206.3976
mozambique,3,25-30,43,539.2971
mozambique,4,30-35,43,759.0108
mozambique,5,35-40,43,739.0358
mozambique,6,40-45,43,692.4278
mozambique,7,45-50,43,552.6106
mozambique,8,50-55,43,386.1616
mozambique,9,55-60,43,219.7126
mozambique,10,60-65,43,213.0547
mozambique,11,65-70,43,153.1331
mozambique,12,70-75,43,53.2637
mozambique,13,75-80,43,46.6057
mozambique,14,80-85,43,0.0000
mozambique,15,85+,43,0.0000
mozambique,0,0-15,44,0.0000
mozambique,1,15-20,44,6.6580
mozambique,2,20-25,44,119.8438
mozambique,3,25-30,44,439.4273
mozambique,4,30-35,44,619.1930
mozambique,5,35-40,44,732.3786
mozambique,6,40-45,44,679.1126
mozambique,7,45-50,44,446.0833
mozambique,8,50-55,44,446.0833
mozambique,9,55-60,44,206.3967
mozambique,10,60-65,44,133.1592
mozambique,11,65-70,44,113.1853
mozambique,12,70-75,44,59.9216
mozambique,13,75-80,44,39.9478
mozambique,14,80-85,44,13.3159
mozambique,15,85+,44,0.0000
mozambique,0,0-15,45,0.0000
mozambique,1,15-20,45,0.0000
mozambique,2,20-25,45,139.8177
mozambique,3,25-30,45,372.8474
mozambique,4,30-35,45,632.5090
mozambique,5,35-40,45,692.4309
mozambique,6,40-45,45,639.1650
mozambique,7,45-50,45,506.0049
mozambique,8,50-55,45,319.5820
mozambique,9,55-60,45,272.9763
mozambique,10,60-65,45,166.4490
mozambique,11,65-70,45,153.1331
mozambique,12,70-75,45,86.5535
mozambique,13,75-80,45,19.9739
mozambique,14,80-85,45,13.3159
mozambique,15,85+,45,0.0000
mozambique,0,0-15,46,0.0000
mozambique,1,15-20,46,0.0000
mozambique,2,20-25,46,139.8177
mozambique,3,25-30,46,372.8474
mozambique,4,30-35,46,632.5090
mozambique,5,35-40,46,692.4309
mozambique,6,40-45,46,639.1650
mozambique,7,45-50,46,506.0049
mozambique,8,50-55,46,319.5820
mozambique,9,55-60,46,272.9763
mozambique,10,60-65,46,166.4490
mozambique,11,65-70,46,153.1331
mozambique,12,70-75,46,86.5535
mozambique,13,75-80,46,19.9739
mozambique,14,80-85,46,13.3159
mozambique,15,85+,46,0.0000
mozambique,0,0-15,47,0.0000
mozambique,1,15-20,47,0.0000
mozambique,2,20-25,47,139.8177
mozambique,3,25-30,47,372.8474
mozambique,4,30-35,47,632.5090
mozambique,5,35-40,47,692.4309
mozambique,6,40-45,47,639.1650
mozambique,7,45-50,47,506.0049
mozambique,8,50-55,47,319.5820
mozambique,9,55-60,47,272.9763
mozambique,10,60-65,47,166.4490
mozambique,11,65-70,47,153.1331
mozambique,12,70-75,47,86.5535
mozambique,13,75-80,47,19.9739
mozambique,14,80-85,47,13.3159
mozambique,15,85+,47,0.0000
mozambique,0,0-15,48,0.0000
mozambique,1,15-20,48,0.0000
mozambique,2,20-25,48,139.8177
mozambique,3,25-30,48,372.8474
mozambique,4,30-35,48,632.5090
mozambique,5,35-40,48,692.4309
mozambique,6,40-45,48,639.1650
mozambique,7,45-50,48,506.0049
mozambique,8,50-55,48,319.5820
mozambique,9,55-60,48,272.9763
mozambique,10,60-65,48,166.4490
mozambique,11,65-70,48,153.1331
mozambique,12,70-75,48,86.5535
mozambique,13,75-80,48,19.9739
mozambique,14,80-85,48,13.3159
mozambique,15,85+,48,0.0000
mozambique,0,0-15,49,0.0000
mozambique,1,15-20,49,6.6580
mozambique,2,20-25,49,193.0816
mozambique,3,25-30,49,525.9812
mozambique,4,30-35,49,798.9587
mozambique,5,35-40,49,798.9575
mozambique,6,40-45,49,712.4016
mozambique,7,45-50,49,552.6106
mozambique,8,50-55,49,272.9763
mozambique,9,55-60,49,239.6865
mozambique,10,60-65,49,259.6604
mozambique,11,65-70,49,146.4751
mozambique,12,70-75,49,113.1853
mozambique,13,75-80,49,26.6318
mozambique,14,80-85,49,0.0000
mozambique,15,85+,49,6.6580
mozambique,0,0-15,50,0.0000
mozambique,1,15-20,50,6.6580
mozambique,2,20-25,50,193.0816
mozambique,3,25-30,50,525.9812
mozambique,4,30-35,50,798.9587
mozambique,5,35-40,50,798.9575
mozambique,6,40-45,50,712.4016
mozambique,7,45-50,50,552.6106
mozambique,8,50-55,50,272.9763
mozambique,9,55-60,50,239.6865
mozambique,10,60-65,50,259.6604
mozambique,11,65-70,50,146.4751
mozambique,12,70-75,50,113.1853
mozambique,13,75-80,50,26.6318
mozambique,14,80-85,50,0.0000
mozambique,15,85+,50,6.6580
mozambique,0,0-15,51,0.0000
mozambique,1,15-20,51,6.6580
mozambique,2,20-25,51,193.0816
mozambique,3,25-30,51,525.9812
mozambique,4,30-35,51,798.9587
mozambique,5,35-40,51,798.9575
mozambique,6,40-45,51,712.4016
mozambique,7,45-50,51,552.6106
mozambique,8,50-55,51,272.9763
mozambique,9,55-60,51,239.6865
mozambique,10,60-65,51,259.6604
mozambique,11,65-70,51,146.4751
mozambique,12,70-75,51,113.1853
mozambique,13,75-80,51,26.6318
mozambique,14,80-85,51,0.0000
mozambique,15,85+,51,6.6580
mozambique,0,0-15,52,0.0000
mozambique,1,15-20,52,13.3160
mozambique,2,20-25,52,179.7656
mozambique,3,25-30,52,399.4793
mozambique,4,30-35,52,545.9551
mozambique,5,35-40,52,679.1149
mozambique,6,40-45,52,832.2459
mozambique,7,45-50,52,479.3730
mozambique,8,50-55,52,332.8979
mozambique,9,55-60,52,253.0024
mozambique,10,60-65,52,199.7388
mozambique,11,65-70,52,106.5273
mozambique,12,70-75,52,59.9216
mozambique,13,75-80,52,26.6318
mozambique,14,80-85,52,0.0000
mozambique,15,85+,52,6.6580
mozambique,0,0-15,53,0.0000
mozambique,1,15-20,53,6.6580
mozambique,2,20-25,53,99.8698
mozambique,3,25-30,53,326.2414
mozambique,4,30-35,53,479.3752
mozambique,5,35-40,53,619.1930
mozambique,6,40-45,53,619.1924
mozambique,7,45-50,53,506.0050
mozambique,8,50-55,53,339.5559
mozambique,9,55-60,53,199.7388
mozambique,10,60-65,53,206.3967
mozambique,11,65-70,53,166.4490
mozambique,12,70-75,53,73.2375
mozambique,13,75-80,53,13.3159
mozambique,14,80-85,53,19.9739
mozambique,15,85+,53,0.0000
mozambique,0,0-15,54,0.0000
mozambique,1,15-20,54,6.6580
mozambique,2,20-25,54,99.8698
mozambique,3,25-30,54,326.2414
mozambique,4,30-35,54,479.3752
mozambique,5,35-40,54,619.1930
mozambique,6,40-45,54,619.1924
mozambique,7,45-50,54,506.0050
mozambique,8,50-55,54,339.5559
mozambique,9,55-60,54,199.7388
mozambique,10,60-65,54,206.3967
mozambique,11,65-70,54,166.4490
mozambique,12,70-75,54,73.2375
mozambique,13,75-80,54,13.3159
mozambique,14,80-85,54,19.9739
mozambique,15,85+,54,0.0000
mozambique,0,0-15,55,0.0000
mozambique,1,15-20,55,6.6580
mozambique,2,20-25,55,99.8698
mozambique,3,25-30,55,326.2414
mozambique,4,30-35,55,479.3752
mozambique,5,35-40,55,619.1930
mozambique,6,40-45,55,619.1924
mozambique,7,45-50,55,506.0050
mozambique,8,50-55,55,339.5559
mozambique,9,55-60,55,199.7388
mozambique,10,60-65,55,206.3967
mozambique,11,65-70,55,166.4490
mozambique,12,70-75,55,73.2375
mozambique,13,75-80,55,13.3159
mozambique,14,80-85,55,19.9739
mozambique,15,85+,55,0.0000
mozambique,0,0-15,56,0.0000
mozambique,1,15-20,56,6.6580
mozambique,2,20-25,56,146.4757
mozambique,3,25-30,56,472.7172
mozambique,4,30-35,56,639.1670
mozambique,5,35-40,56,792.3004
mozambique,6,40-45,56,559.2689
mozambique,7,45-50,56,486.0310
mozambique,8,50-55,56,379.5037
mozambique,9,55-60,56,246.3445
mozambique,10,60-65,56,213.0547
mozambique,11,65-70,56,206.3967
mozambique,12,70-75,56,73.2375
mozambique,13,75-80,56,26.6318
mozambique,14,80-85,56,19.9739
mozambique,15,85+,56,6.6580
mozambique,0,0-15,57,0.0000
mozambique,1,15-20,57,0.0000
mozambique,2,20-25,57,139.8177
mozambique,3,25-30,57,439.4273
mozambique,4,30-35,57,592.5611
mozambique,5,35-40,57,645.8250
mozambique,6,40-45,57,619.1913
mozambique,7,45-50,57,486.0310
mozambique,8,50-55,57,439.4253
mozambique,9,55-60,57,199.7388
mozambique,10,60-65,57,206.3967
mozambique,11,65-70,57,126.5012
mozambique,12,70-75,57,39.9478
mozambique,13,75-80,57,46.6057
mozambique,14,80-85,57,6.6580
mozambique,15,85+,57,6.6580
mozambique,0,0-15,58,0.0000
mozambique,1,15-20,58,0.0000
mozambique,2,20-25,58,139.8177
mozambique,3,25-30,58,439.4273
mozambique,4,30-35,58,592.5611
mozambique,5,35-40,58,645.8250
mozambique,6,40-45,58,619.1913
mozambique,7,45-50,58,486.0310
mozambique,8,50-55,58,439.4253
mozambique,9,55-60,58,199.7388
mozambique,10,60-65,58,206.3967
mozambique,11,65-70,58,126.5012
mozambique,12,70-75,58,39.9478
mozambique,13,75-80,58,46.6057
mozambique,14,80-85,58,6.6580
mozambique,15,85+,58,6.6580
mozambique,0,0-15,59,0.0000
mozambique,1,15-20,59,13.3160
mozambique,2,20-25,59,119.8438
mozambique,3,25-30,59,412.7953
mozambique,4,30-35,59,665.7990
mozambique,5,35-40,59,759.0104
mozambique,6,40-45,59,679.1125
mozambique,7,45-50,59,399.4775
mozambique,8,50-55,59,379.5037
mozambique,9,55-60,59,272.9763
mozambique,10,60-65,59,213.0547
mozambique,11,65-70,59,179.7649
mozambique,12,70-75,59,93.2114
mozambique,13,75-80,59,13.3159
mozambique,14,80-85,59,13.3159
mozambique,15,85+,59,0.0000
mozambique,0,0-15,60,0.0000
mozambique,1,15-20,60,6.6580
mozambique,2,20-25,60,126.5017
mozambique,3,25-30,60,399.4793
mozambique,4,30-35,60,619.1930
mozambique,5,35-40,60,705.7469
mozambique,6,40-45,60,639.1650
mozambique,7,45-50,60,552.6106
mozambique,8,50-55,60,292.9502
mozambique,9,55-60,60,279.6343
mozambique,10,60-65,60,206.3967
mozambique,11,65-70,60,153.1331
mozambique,12,70-75,60,79.8955
mozambique,13,75-80,60,26.6318
mozambique,14,80-85,60,0.0000
mozambique,15,85+,60,0.0000
mozambique,0,0-15,61,0.0000
mozambique,1,15-20,61,13.3160
mozambique,2,20-25,61,153.1337
mozambique,3,25-30,61,372.8474
mozambique,4,30-35,61,632.5090
mozambique,5,35-40,61,798.9583
mozambique,6,40-45,61,712.4024
mozambique,7,45-50,61,545.9526
mozambique,8,50-55,61,399.4775
mozambique,9,55-60,61,259.6604
mozambique,10,60-65,61,139.8171
mozambique,11,65-70,61,126.5012
mozambique,12,70-75,61,86.5535
mozambique,13,75-80,61,6.6580
mozambique,14,80-85,61,0.0000
mozambique,15,85+,61,0.0000
mozambique,0,0-15,62,0.0000
mozambique,1,15-20,62,0.0000
mozambique,2,20-25,62,133.1597
mozambique,3,25-30,62,472.7172
mozambique,4,30-35,62,679.1149
mozambique,5,35-40,62,719.0627
mozambique,6,40-45,62,705.7440
mozambique,7,45-50,62,532.6367
mozambique,8,50-55,62,326.2400
mozambique,9,55-60,62,272.9763
mozambique,10,60-65,62,193.0808
mozambique,11,65-70,62,133.1592
mozambique,12,70-75,62,146.4751
mozambique,13,75-80,62,39.9478
mozambique,14,80-85,62,0.0000
mozambique,15,85+,62,13.3159
mozambique,0,0-15,63,0.0000
mozambique,1,15-20,63,0.0000
mozambique,2,20-25,63,133.1597
mozambique,3,25-30,63,472.7172
mozambique,4,30-35,63,679.1149
mozambique,5,35-40,63,719.0627
mozambique,6,40-45,63,705.7440
mozambique,7,45-50,63,532.6367
mozambique,8,50-55,63,326.2400
mozambique,9,55-60,63,272.9763
mozambique,10,60-65,63,193.0808
mozambique,11,65-70,63,133.1592
mozambique,12,70-75,63,146.4751
mozambique,13,75-80,63,39.9478
mozambique,14,80-85,63,0.0000
mozambique,15,85+,63,13.3159
mozambique,0,0-15,64,0.0000
mozambique,1,15-20,64,0.0000
mozambique,2,20-25,64,133.1597
mozambique,3,25-30,64,472.7172
mozambique,4,30-35,64,679.1149
mozambique,5,35-40,64,719.0627
mozambique,6,40-45,64,705.7440
mozambique,7,45-50,64,532.6367
mozambique,8,50-55,64,326.2400
mozambique,9,55-60,64,272.9763
mozambique,10,60-65,64,193.0808
mozambique,11,65-70,64,133.1592
mozambique,12,70-75,64,146.4751
mozambique,13,75-80,64,39.9478
mozambique,14,80-85,64,0.0000
mozambique,15,85+,64,13.3159
mozambique,0,0-15,65,0.0000
mozambique,1,15-20,65,13.3160
mozambique,2,20-25,65,106.5278
mozambique,3,25-30,65,432.7693
mozambique,4,30-35,65,632.5090
mozambique,5,35-40,65,632.5090
mozambique,6,40-45,65,705.7447
mozambique,7,45-50,65,545.9526
mozambique,8,50-55,65,272.9763
mozambique,9,55-60,65,233.0286
mozambique,10,60-65,65,186.4229
mozambique,11,65-70,65,133.1592
mozambique,12,70-75,65,59.9216
mozambique,13,75-80,65,26.6318
mozambique,14,80-85,65,0.0000
mozambique,15,85+,65,6.6580
mozambique,0,0-15,66,0.0000
mozambique,1,15-20,66,13.3160
mozambique,2,20-25,66,106.5278
mozambique,3,25-30,66,432.7693
mozambique,4,30-35,66,632.5090
mozambique,5,35-40,66,632.5090
mozambique,6,40-45,66,705.7447
mozambique,7,45-50,66,545.9526
mozambique,8,50-55,66,272.9763
mozambique,9,55-60,66,233.0286
mozambique,10,60-65,66,186.4229
mozambique,11,65-70,66,133.1592
mozambique,12,70-75,66,59.9216
mozambique,13,75-80,66,26.6318
mozambique,14,80-85,66,0.0000
mozambique,15,85+,66,6.6580
mozambique,0,0-15,67,0.0000
mozambique,1,15-20,67,13.3160
mozambique,2,20-25,67,106.5278
mozambique,3,25-30,67,432.7693
mozambique,4,30-35,67,632.5090
mozambique,5,35-40,67,632.5090
mozambique,6,40-45,67,705.7447
mozambique,7,45-50,67,545.9526
mozambique,8,50-55,67,272.9763
mozambique,9,55-60,67,233.0286
mozambique,10,60-65,67,186.4229
mozambique,11,65-70,67,133.1592
mozambique,12,70-75,67,59.9216
mozambique,13,75-80,67,26.6318
mozambique,14,80-85,67,0.0000
mozambique,15,85+,67,6.6580
mozambique,0,0-15,68,0.0000
mozambique,1,15-20,68,13.3160
mozambique,2,20-25,68,79.8958
mozambique,3,25-30,68,379.5053
mozambique,4,30-35,68,625.8510
mozambique,5,35-40,68,645.8250
mozambique,6,40-45,68,705.7451
mozambique,7,45-50,68,565.9265
mozambique,8,50-55,68,306.2661
mozambique,9,55-60,68,219.7126
mozambique,10,60-65,68,179.7649
mozambique,11,65-70,68,159.7910
mozambique,12,70-75,68,46.6057
mozambique,13,75-80,68,33.2898
mozambique,14,80-85,68,6.6580
mozambique,15,85+,68,0.0000
mozambique,0,0-15,69,0.0000
mozambique,1,15-20,69,13.3160
mozambique,2,20-25,69,79.8958
mozambique,3,25-30,69,379.5053
mozambique,4,30-35,69,625.8510
mozambique,5,35-40,69,645.8250
mozambique,6,40-45,69,705.7451
mozambique,7,45-50,69,565.9265
mozambique,8,50-55,69,306.2661
mozambique,9,55-60,69,219.7126
mozambique,10,60-65,69,179.7649
mozambique,11,65-70,69,159.7910
mozambique,12,70-75,69,46.6057
mozambique,13,75-80,69,33.2898
mozambique,14,80-85,69,6.6580
mozambique,15,85+,69,0.0000
mozambique,0,0-15,70,0.0000
mozambique,1,15-20,70,13.3160
mozambique,2,20-25,70,79.8958
mozambique,3,25-30,70,379.5053
mozambique,4,30-35,70,625.8510
mozambique,5,35-40,70,645.8250
mozambique,6,40-45,70,705.7451
mozambique,7,45-50,70,565.9265
mozambique,8,50-55,70,306.2661
mozambique,9,55-60,70,219.7126
mozambique,10,60-65,70,179.7649
mozambique,11,65-70,70,159.7910
mozambique,12,70-75,70,46.6057
mozambique,13,75-80,70,33.2898
mozambique,14,80-85,70,6.6580
mozambique,15,85+,70,0.0000
mozambique,0,0-15,71,0.0000
mozambique,1,15-20,71,13.3160
mozambique,2,20-25,71,79.8958
mozambique,3,25-30,71,379.5053
mozambique,4,30-35,71,625.8510
mozambique,5,35-40,71,645.8250
mozambique,6,40-45,71,705.7451
mozambique,7,45-50,71,565.9265
mozambique,8,50-55,71,306.2661
mozambique,9,55-60,71,219.7126
mozambique,10,60-65,71,179.7649
mozambique,11,65-70,71,159.7910
mozambique,12,70-75,71,46.6057
mozambique,13,75-80,71,33.2898
mozambique,14,80-85,71,6.6580
mozambique,15,85+,71,0.0000
mozambique,0,0-15,72,0.0000
mozambique,1,15-20,72,13.3160
mozambique,2,20-25,72,79.8958
mozambique,3,25-30,72,379.5053
mozambique,4,30-35,72,625.8510
mozambique,5,35-40,72,645.8250
mozambique,6,40-45,72,705.7451
mozambique,7,45-50,72,565.9265
mozambique,8,50-55,72,306.2661
mozambique,9,55-60,72,219.7126
mozambique,10,60-65,72,179.7649
mozambique,11,65-70,72,159.7910
mozambique,12,70-75,72,46.6057
mozambique,13,75-80,72,33.2898
mozambique,14,80-85,72,6.6580
mozambique,15,85+,72,0.0000
mozambique,0,0-15,73,0.0000
mozambique,1,15-20,73,13.3160
mozambique,2,20-25,73,79.8958
mozambique,3,25-30,73,379.5053
mozambique,4,30-35,73,625.8510
mozambique,5,35-40,73,645.8250
mozambique,6,40-45,73,705.7451
mozambique,7,45-50,73,565.9265
mozambique,8,50-55,73,306.2661
mozambique,9,55-60,73,219.7126
mozambique,10,60-65,73,179.7649
mozambique,11,65-70,73,159.7910
mozambique,12,70-75,73,46.6057
mozambique,13,75-80,73,33.2898
mozambique,14,80-85,73,6.6580
mozambique,15,85+,73,0.0000
mozambique,0,0-15,74,0.0000
mozambique,1,15-20,74,13.3160
mozambique,2,20-25,74,79.8958
mozambique,3,25-30,74,379.5053
mozambique,4,30-35,74,625.8510
mozambique,5,35-40,74,645.8250
mozambique,6,40-45,74,705.7451
mozambique,7,45-50,74,565.9265
mozambique,8,50-55,74,306.2661
mozambique,9,55-60,74,219.7126
mozambique,10,60-65,74,179.7649
mozambique,11,65-70,74,159.7910
mozambique,12,70-75,74,46.6057
mozambique,13,75-80,74,33.2898
mozambique,14,80-85,74,6.6580
mozambique,15,85+,74,0.0000
mozambique,0,0-15,75,0.0000
mozambique,1,15-20,75,13.3160
mozambique,2,20-25,75,79.8958
mozambique,3,25-30,75,379.5053
mozambique,4,30-35,75,625.8510
mozambique,5,35-40,75,645.8250
mozambique,6,40-45,75,705.7451
mozambique,7,45-50,75,565.9265
mozambique,8,50-55,75,306.2661
mozambique,9,55-60,75,219.7126
mozambique,10,60-65,75,179.7649
mozambique,11,65-70,75,159.7910
mozambique,12,70-75,75,46.6057
mozambique,13,75-80,75,33.2898
mozambique,14,80-85,75,6.6580
mozambique,15,85+,75,0.0000
mozambique,0,0-15,76,0.0000
mozambique,1,15-20,76,13.3160
mozambique,2,20-25,76,79.8958
mozambique,3,25-30,76,379.5053
mozambique,4,30-35,76,625.8510
mozambique,5,35-40,76,645.8250
mozambique,6,40-45,76,705.7451
mozambique,7,45-50,76,565.9265
mozambique,8,50-55,76,306.2661
mozambique,9,55-60,76,219.7126
mozambique,10,60-65,76,179.7649
mozambique,11,65-70,76,159.7910
mozambique,12,70-75,76,46.6057
mozambique,13,75-80,76,33.2898
mozambique,14,80-85,76,6.6580
mozambique,15,85+,76,0.0000
mozambique,0,0-15,77,0.0000
mozambique,1,15-20,77,13.3160
mozambique,2,20-25,77,139.8177
mozambique,3,25-30,77,366.1894
mozambique,4,30-35,77,532.6392
mozambique,5,35-40,77,679.1149
mozambique,6,40-45,77,639.1655
mozambique,7,45-50,77,519.3209
mozambique,8,50-55,77,312.9241
mozambique,9,55-60,77,186.4229
mozambique,10,60-65,77,233.0286
mozambique,11,65-70,77,193.0808
mozambique,12,70-75,77,39.9478
mozambique,13,75-80,77,6.6580
mozambique,14,80-85,77,6.6580
mozambique,15,85+,77,6.6580
mozambique,0,0-15,78,0.0000
mozambique,1,15-20,78,46.6059
mozambique,2,20-25,78,166.4497
mozambique,3,25-30,78,426.1113
mozambique,4,30-35,78,732.3788
mozambique,5,35-40,78,805.6155
mozambique,6,40-45,78,665.7966
mozambique,7,45-50,78,459.3992
mozambique,8,50-55,78,379.5037
mozambique,9,55-60,78,206.3967
mozambique,10,60-65,78,266.3184
mozambique,11,65-70,78,139.8171
mozambique,12,70-75,78,79.8955
mozambique,13,75-80,78,13.3159
mozambique,14,80-85,78,6.6580
mozambique,15,85+,78,0.0000
mozambique,0,0-15,79,0.0000
mozambique,1,15-20,79,46.6059
mozambique,2,20-25,79,133.1597
mozambique,3,25-30,79,339.5574
mozambique,4,30-35,79,579.2451
mozambique,5,35-40,79,838.9065
mozambique,6,40-45,79,652.4807
mozambique,7,45-50,79,446.0833
mozambique,8,50-55,79,319.5820
mozambique,9,55-60,79,259.6604
mozambique,10,60-65,79,239.6865
mozambique,11,65-70,79,153.1331
mozambique,12,70-75,79,93.2114
mozambique,13,75-80,79,66.5796
mozambique,14,80-85,79,13.3159
mozambique,15,85+,79,0.0000
mozambique,0,0-15,80,0.0000
mozambique,1,15-20,80,6.6580
mozambique,2,20-25,80,133.1597
mozambique,3,25-30,80,446.0853
mozambique,4,30-35,80,645.8250
mozambique,5,35-40,80,892.1700
mozambique,6,40-45,80,765.6656
mozambique,7,45-50,80,625.8481
mozambique,8,50-55,80,392.8196
mozambique,9,55-60,80,226.3706
mozambique,10,60-65,80,153.1331
mozambique,11,65-70,80,173.1069
mozambique,12,70-75,80,79.8955
mozambique,13,75-80,80,13.3159
mozambique,14,80-85,80,6.6580
mozambique,15,85+,80,0.0000
mozambique,0,0-15,81,0.0000
mozambique,1,15-20,81,13.3160
mozambique,2,20-25,81,113.1858
mozambique,3,25-30,81,379.5053
mozambique,4,30-35,81,545.9551
mozambique,5,35-40,81,659.1409
mozambique,6,40-45,81,492.6906
mozambique,7,45-50,81,565.9265
mozambique,8,50-55,81,319.5820
mozambique,9,55-60,81,239.6865
mozambique,10,60-65,81,179.7649
mozambique,11,65-70,81,213.0547
mozambique,12,70-75,81,59.9216
mozambique,13,75-80,81,13.3159
mozambique,14,80-85,81,6.6580
mozambique,15,85+,81,0.0000
mozambique,0,0-15,82,0.0000
mozambique,1,15-20,82,13.3160
mozambique,2,20-25,82,113.1858
mozambique,3,25-30,82,379.5053
mozambique,4,30-35,82,545.9551
mozambique,5,35-40,82,659.1409
mozambique,6,40-45,82,492.6906
mozambique,7,45-50,82,565.9265
mozambique,8,50-55,82,319.5820
mozambique,9,55-60,82,239.6865
mozambique,10,60-65,82,179.7649
mozambique,11,65-70,82,213.0547
mozambique,12,70-75,82,59.9216
mozambique,13,75-80,82,13.3159
mozambique,14,80-85,82,6.6580
mozambique,15,85+,82,0.0000
mozambique,0,0-15,83,0.0000
mozambique,1,15-20,83,33.2899
mozambique,2,20-25,83,179.7656
mozambique,3,25-30,83,479.3752
mozambique,4,30-35,83,739.0368
mozambique,5,35-40,83,679.1141
mozambique,6,40-45,83,632.5067
mozambique,7,45-50,83,466.0571
mozambique,8,50-55,83,326.2400
mozambique,9,55-60,83,253.0024
mozambique,10,60-65,83,219.7126
mozambique,11,65-70,83,166.4490
mozambique,12,70-75,83,93.2114
mozambique,13,75-80,83,53.2637
mozambique,14,80-85,83,13.3159
mozambique,15,85+,83,0.0000
mozambique,0,0-15,84,0.0000
mozambique,1,15-20,84,33.2899
mozambique,2,20-25,84,179.7656
mozambique,3,25-30,84,479.3752
mozambique,4,30-35,84,739.0368
mozambique,5,35-40,84,679.1141
mozambique,6,40-45,84,632.5067
mozambique,7,45-50,84,466.0571
mozambique,8,50-55,84,326.2400
mozambique,9,55-60,84,253.0024
mozambique,10,60-65,84,219.7126
mozambique,11,65-70,84,166.4490
mozambique,12,70-75,84,93.2114
mozambique,13,75-80,84,53.2637
mozambique,14,80-85,84,13.3159
mozambique,15,85+,84,0.0000
mozambique,0,0-15,85,0.0000
mozambique,1,15-20,85,33.2899
mozambique,2,20-25,85,179.7656
mozambique,3,25-30,85,479.3752
mozambique,4,30-35,85,739.0368
mozambique,5,35-40,85,679.1141
mozambique,6,40-45,85,632.5067
mozambique,7,45-50,85,466.0571
mozambique,8,50-55,85,326.2400
mozambique,9,55-60,85,253.0024
mozambique,10,60-65,85,219.7126
mozambique,11,65-70,85,166.4490
mozambique,12,70-75,85,93.2114
mozambique,13,75-80,85,53.2637
mozambique,14,80-85,85,13.3159
mozambique,15,85+,85,0.0000
mozambique,0,0-15,86,0.0000
mozambique,1,15-20,86,6.6580
mozambique,2,20-25,86,126.5017
mozambique,3,25-30,86,399.4793
mozambique,4,30-35,86,759.0108
mozambique,5,35-40,86,705.7468
mozambique,6,40-45,86,652.4803
mozambique,7,45-50,86,545.9526
mozambique,8,50-55,86,272.9763
mozambique,9,55-60,86,259.6604
mozambique,10,60-65,86,266.3184
mozambique,11,65-70,86,133.1592
mozambique,12,70-75,86,66.5796
mozambique,13,75-80,86,19.9739
mozambique,14,80-85,86,0.0000
mozambique,15,85+,86,0.0000
mozambique,0,0-15,87,0.0000
mozambique,1,15-20,87,13.3160
mozambique,2,20-25,87,59.9219
mozambique,3,25-30,87,319.5834
mozambique,4,30-35,87,585.9031
mozambique,5,35-40,87,672.4569
mozambique,6,40-45,87,665.7977
mozambique,7,45-50,87,506.0049
mozambique,8,50-55,87,286.2922
mozambique,9,55-60,87,286.2922
mozambique,10,60-65,87,306.2661
mozambique,11,65-70,87,139.8171
mozambique,12,70-75,87,86.5535
mozambique,13,75-80,87,53.2637
mozambique,14,80-85,87,13.3159
mozambique,15,85+,87,0.0000
mozambique,0,0-15,88,0.0000
mozambique,1,15-20,88,13.3160
mozambique,2,20-25,88,59.9219
mozambique,3,25-30,88,319.5834
mozambique,4,30-35,88,585.9031
mozambique,5,35-40,88,672.4569
mozambique,6,40-45,88,665.7977
mozambique,7,45-50,88,506.0049
mozambique,8,50-55,88,286.2922
mozambique,9,55-60,88,286.2922
mozambique,10,60-65,88,306.2661
mozambique,11,65-70,88,139.8171
mozambique,12,70-75,88,86.5535
mozambique,13,75-80,88,53.2637
mozambique,14,80-85,88,13.3159
mozambique,15,85+,88,0.0000
mozambique,0,0-15,89,0.0000
mozambique,1,15-20,89,19.9740
mozambique,2,20-25,89,126.5017
mozambique,3,25-30,89,399.4793
mozambique,4,30-35,89,665.7990
mozambique,5,35-40,89,639.1669
mozambique,6,40-45,89,652.4810
mozambique,7,45-50,89,379.5037
mozambique,8,50-55,89,299.6082
mozambique,9,55-60,89,312.9241
mozambique,10,60-65,89,193.0808
mozambique,11,65-70,89,186.4229
mozambique,12,70-75,89,59.9216
mozambique,13,75-80,89,26.6318
mozambique,14,80-85,89,6.6580
mozambique,15,85+,89,0.0000
mozambique,0,0-15,90,0.0000
mozambique,1,15-20,90,19.9740
mozambique,2,20-25,90,126.5017
mozambique,3,25-30,90,399.4793
mozambique,4,30-35,90,665.7990
mozambique,5,35-40,90,639.1669
mozambique,6,40-45,90,652.4810
mozambique,7,45-50,90,379.5037
mozambique,8,50-55,90,299.6082
mozambique,9,55-60,90,312.9241
mozambique,10,60-65,90,193.0808
mozambique,11,65-70,90,186.4229
mozambique,12,70-75,90,59.9216
mozambique,13,75-80,90,26.6318
mozambique,14,80-85,90,6.6580
mozambique,15,85+,90,0.0000
mozambique,0,0-15,91,0.0000
mozambique,1,15-20,91,13.3160
mozambique,2,20-25,91,159.7917
mozambique,3,25-30,91,346.2154
mozambique,4,30-35,91,432.7693
mozambique,5,35-40,91,692.4309
mozambique,6,40-45,91,659.1398
mozambique,7,45-50,91,499.3469
mozambique,8,50-55,91,399.4775
mozambique,9,55-60,91,259.6604
mozambique,10,60-65,91,213.0547
mozambique,11,65-70,91,186.4229
mozambique,12,70-75,91,39.9478
mozambique,13,75-80,91,19.9739
mozambique,14,80-85,91,6.6580
mozambique,15,85+,91,6.6580
mozambique,0,0-15,92,0.0000
mozambique,1,15-20,92,6.6580
mozambique,2,20-25,92,146.4757
mozambique,3,25-30,92,379.5053
mozambique,4,30-35,92,545.9551
mozambique,5,35-40,92,692.4309
mozambique,6,40-45,92,579.2437
mozambique,7,45-50,92,532.6367
mozambique,8,50-55,92,272.9763
mozambique,9,55-60,92,286.2922
mozambique,10,60-65,92,119.8433
mozambique,11,65-70,92,159.7910
mozambique,12,70-75,92,59.9216
mozambique,13,75-80,92,19.9739
mozambique,14,80-85,92,13.3159
mozambique,15,85+,92,0.0000
mozambique,0,0-15,93,0.0000
mozambique,1,15-20,93,13.3160
mozambique,2,20-25,93,79.8958
mozambique,3,25-30,93,466.0592
mozambique,4,30-35,93,652.4830
mozambique,5,35-40,93,778.9846
mozambique,6,40-45,93,705.7440
mozambique,7,45-50,93,672.4539
mozambique,8,50-55,93,346.2139
mozambique,9,55-60,93,213.0547
mozambique,10,60-65,93,173.1069
mozambique,11,65-70,93,139.8171
mozambique,12,70-75,93,33.2898
mozambique,13,75-80,93,13.3159
mozambique,14,80-85,93,6.6580
mozambique,15,85+,93,0.0000
mozambique,0,0-15,94,0.0000
mozambique,1,15-20,94,13.3160
mozambique,2,20-25,94,179.7656
mozambique,3,25-30,94,412.7953
mozambique,4,30-35,94,659.1410
mozambique,5,35-40,94,732.3786
mozambique,6,40-45,94,725.7180
mozambique,7,45-50,94,419.4514
mozambique,8,50-55,94,372.8457
mozambique,9,55-60,94,272.9763
mozambique,10,60-65,94,173.1069
mozambique,11,65-70,94,113.1853
mozambique,12,70-75,94,66.5796
mozambique,13,75-80,94,26.6318
mozambique,14,80-85,94,6.6580
mozambique,15,85+,94,0.0000
mozambique,0,0-15,95,0.0000
mozambique,1,15-20,95,6.6580
mozambique,2,20-25,95,179.7656
mozambique,3,25-30,95,432.7693
mozambique,4,30-35,95,679.1149
mozambique,5,35-40,95,785.6421
mozambique,6,40-45,95,665.7964
mozambique,7,45-50,95,426.1094
mozambique,8,50-55,95,319.5820
mozambique,9,55-60,95,239.6865
mozambique,10,60-65,95,193.0808
mozambique,11,65-70,95,153.1331
mozambique,12,70-75,95,53.2637
mozambique,13,75-80,95,26.6318
mozambique,14,80-85,95,13.3159
mozambique,15,85+,95,0.0000
mozambique,0,0-15,96,0.0000
mozambique,1,15-20,96,6.6580
mozambique,2,20-25,96,193.0816
mozambique,3,25-30,96,552.6131
mozambique,4,30-35,96,719.0629
mozambique,5,35-40,96,892.1692
mozambique,6,40-45,96,692.4277
mozambique,7,45-50,96,426.1094
mozambique,8,50-55,96,412.7935
mozambique,9,55-60,96,292.9502
mozambique,10,60-65,96,246.3445
mozambique,11,65-70,96,193.0808
mozambique,12,70-75,96,86.5535
mozambique,13,75-80,96,0.0000
mozambique,14,80-85,96,13.3159
mozambique,15,85+,96,0.0000
mozambique,0,0-15,97,0.0000
mozambique,1,15-20,97,0.0000
mozambique,2,20-25,97,126.5017
mozambique,3,25-30,97,432.7693
mozambique,4,30-35,97,672.4569
mozambique,5,35-40,97,792.3004
mozambique,6,40-45,97,599.2167
mozambique,7,45-50,97,645.8220
mozambique,8,50-55,97,359.5298
mozambique,9,55-60,97,199.7388
mozambique,10,60-65,97,186.4229
mozambique,11,65-70,97,133.1592
mozambique,12,70-75,97,73.2375
mozambique,13,75-80,97,19.9739
mozambique,14,80-85,97,0.0000
mozambique,15,85+,97,0.0000
mozambique,0,0-15,98,0.0000
mozambique,1,15-20,98,0.0000
mozambique,2,20-25,98,99.8698
mozambique,3,25-30,98,346.2154
mozambique,4,30-35,98,565.9291
mozambique,5,35-40,98,878.8545
mozambique,6,40-45,98,619.1910
mozambique,7,45-50,98,579.2424
mozambique,8,50-55,98,379.5037
mozambique,9,55-60,98,219.7126
mozambique,10,60-65,98,193.0808
mozambique,11,65-70,98,186.4229
mozambique,12,70-75,98,53.2637
mozambique,13,75-80,98,19.9739
mozambique,14,80-85,98,19.9739
mozambique,15,85+,98,0.0000
mozambique,0,0-15,99,0.0000
mozambique,1,15-20,99,13.3160
mozambique,2,20-25,99,139.8177
mozambique,3,25-30,99,432.7693
mozambique,4,30-35,99,739.0368
mozambique,5,35-40,99,772.3261
mozambique,6,40-45,99,639.1646
mozambique,7,45-50,99,625.8481
mozambique,8,50-55,99,432.7673
mozambique,9,55-60,99,226.3706
mozambique,10,60-65,99,193.0808
mozambique,11,65-70,99,99.8694
mozambique,12,70-75,99,39.9478
mozambique,13,75-80,99,19.9739
mozambique,14,80-85,99,6.6580
mozambique,15,85+,99,0.0000
myanmar,0,0-15,0,0.0000
myanmar,1,15-20,0,0.0000
myanmar,2,20-25,0,0.0000
myanmar,3,25-30,0,150.4532
myanmar,4,30-35,0,386.8797
myanmar,5,35-40,0,666.2928
myanmar,6,40-45,0,795.2525
myanmar,7,45-50,0,902.7182
myanmar,8,50-55,0,1117.6510
myanmar,9,55-60,0,795.2517
myanmar,10,60-65,0,601.8120
myanmar,11,65-70,0,451.3590
myanmar,12,70-75,0,279.4127
myanmar,13,75-80,0,85.9731
myanmar,14,80-85,0,21.4933
myanmar,15,85+,0,21.4933
myanmar,0,0-15,1,0.0000
myanmar,1,15-20,1,0.0000
myanmar,2,20-25,1,0.0000
myanmar,3,25-30,1,150.4532
myanmar,4,30-35,1,386.8797
myanmar,5,35-40,1,666.2928
myanmar,6,40-45,1,795.2525
myanmar,7,45-50,1,902.7182
myanmar,8,50-55,1,1117.6510
myanmar,9,55-60,1,795.2517
myanmar,10,60-65,1,601.8120
myanmar,11,65-70,1,451.3590
myanmar,12,70-75,1,279.4127
myanmar,13,75-80,1,85.9731
myanmar,14,80-85,1,21.4933
myanmar,15,85+,1,21.4933
myanmar,0,0-15,2,0.0000
myanmar,1,15-20,2,0.0000
myanmar,2,20-25,2,0.0000
myanmar,3,25-30,2,150.4532
myanmar,4,30-35,2,386.8797
myanmar,5,35-40,2,666.2928
myanmar,6,40-45,2,795.2525
myanmar,7,45-50,2,902.7182
myanmar,8,50-55,2,1117.6510
myanmar,9,55-60,2,795.2517
myanmar,10,60-65,2,601.8120
myanmar,11,65-70,2,451.3590
myanmar,12,70-75,2,279.4127
myanmar,13,75-80,2,85.9731
myanmar,14,80-85,2,21.4933
myanmar,15,85+,2,21.4933
myanmar,0,0-15,3,0.0000
myanmar,1,15-20,3,0.0000
myanmar,2,20-25,3,0.0000
myanmar,3,25-30,3,85.9732
myanmar,4,30-35,3,386.8797
myanmar,5,35-40,3,408.3730
myanmar,6,40-45,3,988.6925
myanmar,7,45-50,3,988.6913
myanmar,8,50-55,3,1053.1711
myanmar,9,55-60,3,795.2518
myanmar,10,60-65,3,666.2919
myanmar,11,65-70,3,386.8792
myanmar,12,70-75,3,257.9194
myanmar,13,75-80,3,128.9597
myanmar,14,80-85,3,85.9731
myanmar,15,85+,3,42.9866
myanmar,0,0-15,4,0.0000
myanmar,1,15-20,4,0.0000
myanmar,2,20-25,4,0.0000
myanmar,3,25-30,4,85.9733
myanmar,4,30-35,4,322.3997
myanmar,5,35-40,4,623.3061
myanmar,6,40-45,4,1053.1721
myanmar,7,45-50,4,1074.6645
myanmar,8,50-55,4,1074.6644
myanmar,9,55-60,4,816.7449
myanmar,10,60-65,4,623.3054
myanmar,11,65-70,4,494.3456
myanmar,12,70-75,4,300.9060
myanmar,13,75-80,4,85.9731
myanmar,14,80-85,4,21.4933
myanmar,15,85+,4,0.0000
myanmar,0,0-15,5,0.0000
myanmar,1,15-20,5,0.0000
myanmar,2,20-25,5,0.0000
myanmar,3,25-30,5,85.9733
myanmar,4,30-35,5,322.3997
myanmar,5,35-40,5,623.3061
myanmar,6,40-45,5,1053.1721
myanmar,7,45-50,5,1074.6645
myanmar,8,50-55,5,1074.6644
myanmar,9,55-60,5,816.7449
myanmar,10,60-65,5,623.3054
myanmar,11,65-70,5,494.3456
myanmar,12,70-75,5,300.9060
myanmar,13,75-80,5,85.9731
myanmar,14,80-85,5,21.4933
myanmar,15,85+,5,0.0000
myanmar,0,0-15,6,0.0000
myanmar,1,15-20,6,0.0000
myanmar,2,20-25,6,0.0000
myanmar,3,25-30,6,21.4933
myanmar,4,30-35,6,408.3730
myanmar,5,35-40,6,515.8396
myanmar,6,40-45,6,1010.1856
myanmar,7,45-50,6,1031.6780
myanmar,8,50-55,6,1182.1309
myanmar,9,55-60,6,816.7450
myanmar,10,60-65,6,601.8120
myanmar,11,65-70,6,451.3590
myanmar,12,70-75,6,236.4261
myanmar,13,75-80,6,171.9463
myanmar,14,80-85,6,21.4933
myanmar,15,85+,6,21.4933
myanmar,0,0-15,7,0.0000
myanmar,1,15-20,7,0.0000
myanmar,2,20-25,7,0.0000
myanmar,3,25-30,7,42.9866
myanmar,4,30-35,7,171.9465
myanmar,5,35-40,7,601.8128
myanmar,6,40-45,7,838.2393
myanmar,7,45-50,7,1117.6514
myanmar,8,50-55,7,1053.1711
myanmar,9,55-60,7,795.2517
myanmar,10,60-65,7,580.3188
myanmar,11,65-70,7,494.3456
myanmar,12,70-75,7,408.3724
myanmar,13,75-80,7,171.9463
myanmar,14,80-85,7,85.9731
myanmar,15,85+,7,21.4933
myanmar,0,0-15,8,0.0000
myanmar,1,15-20,8,0.0000
myanmar,2,20-25,8,0.0000
myanmar,3,25-30,8,85.9732
myanmar,4,30-35,8,193.4398
myanmar,5,35-40,8,838.2393
myanmar,6,40-45,8,1053.1722
myanmar,7,45-50,8,1053.1710
myanmar,8,50-55,8,1074.6645
myanmar,9,55-60,8,752.2651
myanmar,10,60-65,8,601.8120
myanmar,11,65-70,8,494.3456
myanmar,12,70-75,8,128.9597
myanmar,13,75-80,8,150.4530
myanmar,14,80-85,8,64.4799
myanmar,15,85+,8,21.4933
myanmar,0,0-15,9,0.0000
myanmar,1,15-20,9,0.0000
myanmar,2,20-25,9,0.0000
myanmar,3,25-30,9,21.4933
myanmar,4,30-35,9,300.9064
myanmar,5,35-40,9,644.7994
myanmar,6,40-45,9,988.6923
myanmar,7,45-50,9,902.7183
myanmar,8,50-55,9,881.2248
myanmar,9,55-60,9,816.7450
myanmar,10,60-65,9,494.3456
myanmar,11,65-70,9,322.3994
myanmar,12,70-75,9,257.9194
myanmar,13,75-80,9,236.4261
myanmar,14,80-85,9,0.0000
myanmar,15,85+,9,21.4933
myanmar,0,0-15,10,0.0000
myanmar,1,15-20,10,0.0000
myanmar,2,20-25,10,0.0000
myanmar,3,25-30,10,150.4532
myanmar,4,30-35,10,386.8797
myanmar,5,35-40,10,709.2794
myanmar,6,40-45,10,902.7190
myanmar,7,45-50,10,945.7047
myanmar,8,50-55,10,924.2114
myanmar,9,55-60,10,967.1980
myanmar,10,60-65,10,515.8389
myanmar,11,65-70,10,343.8926
myanmar,12,70-75,10,236.4261
myanmar,13,75-80,10,42.9866
myanmar,14,80-85,10,42.9866
myanmar,15,85+,10,0.0000
myanmar,0,0-15,11,0.0000
myanmar,1,15-20,11,0.0000
myanmar,2,20-25,11,21.4933
myanmar,3,25-30,11,85.9732
myanmar,4,30-35,11,472.8529
myanmar,5,35-40,11,709.2794
myanmar,6,40-45,11,1160.6384
myanmar,7,45-50,11,988.6913
myanmar,8,50-55,11,1010.1846
myanmar,9,55-60,11,838.2382
myanmar,10,60-65,11,666.2919
myanmar,11,65-70,11,515.8389
myanmar,12,70-75,11,128.9597
myanmar,13,75-80,11,64.4799
myanmar,14,80-85,11,42.9866
myanmar,15,85+,11,21.4933
myanmar,0,0-15,12,0.0000
myanmar,1,15-20,12,0.0000
myanmar,2,20-25,12,21.4933
myanmar,3,25-30,12,0.0000
myanmar,4,30-35,12,193.4398
myanmar,5,35-40,12,687.7861
myanmar,6,40-45,12,945.7058
myanmar,7,45-50,12,1074.6646
myanmar,8,50-55,12,1031.6778
myanmar,9,55-60,12,967.1981
myanmar,10,60-65,12,580.3187
myanmar,11,65-70,12,343.8926
myanmar,12,70-75,12,128.9597
myanmar,13,75-80,12,150.4530
myanmar,14,80-85,12,42.9866
myanmar,15,85+,12,0.0000
myanmar,0,0-15,13,0.0000
myanmar,1,15-20,13,0.0000
myanmar,2,20-25,13,21.4933
myanmar,3,25-30,13,42.9866
myanmar,4,30-35,13,193.4398
myanmar,5,35-40,13,580.3195
myanmar,6,40-45,13,924.2126
myanmar,7,45-50,13,1074.6646
myanmar,8,50-55,13,967.1980
myanmar,9,55-60,13,881.2248
myanmar,10,60-65,13,451.3591
myanmar,11,65-70,13,472.8523
myanmar,12,70-75,13,236.4261
myanmar,13,75-80,13,107.4664
myanmar,14,80-85,13,21.4933
myanmar,15,85+,13,0.0000
myanmar,0,0-15,14,0.0000
myanmar,1,15-20,14,0.0000
myanmar,2,20-25,14,0.0000
myanmar,3,25-30,14,64.4799
myanmar,4,30-35,14,236.4264
myanmar,5,35-40,14,687.7861
myanmar,6,40-45,14,902.7192
myanmar,7,45-50,14,881.2250
myanmar,8,50-55,14,967.1979
myanmar,9,55-60,14,881.2249
myanmar,10,60-65,14,601.8120
myanmar,11,65-70,14,472.8524
myanmar,12,70-75,14,214.9329
myanmar,13,75-80,14,107.4664
myanmar,14,80-85,14,0.0000
myanmar,15,85+,14,0.0000
myanmar,0,0-15,15,0.0000
myanmar,1,15-20,15,0.0000
myanmar,2,20-25,15,0.0000
myanmar,3,25-30,15,85.9732
myanmar,4,30-35,15,365.3863
myanmar,5,35-40,15,537.3329
myanmar,6,40-45,15,902.7192
myanmar,7,45-50,15,1246.6108
myanmar,8,50-55,15,967.1980
myanmar,9,55-60,15,752.2651
myanmar,10,60-65,15,472.8523
myanmar,11,65-70,15,451.3590
myanmar,12,70-75,15,171.9463
myanmar,13,75-80,15,42.9866
myanmar,14,80-85,15,64.4799
myanmar,15,85+,15,21.4933
myanmar,0,0-15,16,0.0000
myanmar,1,15-20,16,0.0000
myanmar,2,20-25,16,0.0000
myanmar,3,25-30,16,85.9732
myanmar,4,30-35,16,365.3863
myanmar,5,35-40,16,537.3329
myanmar,6,40-45,16,902.7192
myanmar,7,45-50,16,1246.6108
myanmar,8,50-55,16,967.1980
myanmar,9,55-60,16,752.2651
myanmar,10,60-65,16,472.8523
myanmar,11,65-70,16,451.3590
myanmar,12,70-75,16,171.9463
myanmar,13,75-80,16,42.9866
myanmar,14,80-85,16,64.4799
myanmar,15,85+,16,21.4933
myanmar,0,0-15,17,0.0000
myanmar,1,15-20,17,0.0000
myanmar,2,20-25,17,0.0000
myanmar,3,25-30,17,85.9732
myanmar,4,30-35,17,365.3863
myanmar,5,35-40,17,537.3329
myanmar,6,40-45,17,902.7192
myanmar,7,45-50,17,1246.6108
myanmar,8,50-55,17,967.1980
myanmar,9,55-60,17,752.2651
myanmar,10,60-65,17,472.8523
myanmar,11,65-70,17,451.3590
myanmar,12,70-75,17,171.9463
myanmar,13,75-80,17,42.9866
myanmar,14,80-85,17,64.4799
myanmar,15,85+,17,21.4933
myanmar,0,0-15,18,0.0000
myanmar,1,15-20,18,0.0000
myanmar,2,20-25,18,0.0000
myanmar,3,25-30,18,85.9732
myanmar,4,30-35,18,365.3863
myanmar,5,35-40,18,537.3329
myanmar,6,40-45,18,902.7192
myanmar,7,45-50,18,1246.6108
myanmar,8,50-55,18,967.1980
myanmar,9,55-60,18,752.2651
myanmar,10,60-65,18,472.8523
myanmar,11,65-70,18,451.3590
myanmar,12,70-75,18,171.9463
myanmar,13,75-80,18,42.9866
myanmar,14,80-85,18,64.4799
myanmar,15,85+,18,21.4933
myanmar,0,0-15,19,0.0000
myanmar,1,15-20,19,0.0000
myanmar,2,20-25,19,0.0000
myanmar,3,25-30,19,85.9732
myanmar,4,30-35,19,365.3863
myanmar,5,35-40,19,537.3329
myanmar,6,40-45,19,902.7192
myanmar,7,45-50,19,1246.6108
myanmar,8,50-55,19,967.1980
myanmar,9,55-60,19,752.2651
myanmar,10,60-65,19,472.8523
myanmar,11,65-70,19,451.3590
myanmar,12,70-75,19,171.9463
myanmar,13,75-80,19,42.9866
myanmar,14,80-85,19,64.4799
myanmar,15,85+,19,21.4933
myanmar,0,0-15,20,0.0000
myanmar,1,15-20,20,0.0000
myanmar,2,20-25,20,0.0000
myanmar,3,25-30,20,85.9732
myanmar,4,30-35,20,365.3863
myanmar,5,35-40,20,537.3329
myanmar,6,40-45,20,902.7192
myanmar,7,45-50,20,1246.6108
myanmar,8,50-55,20,967.1980
myanmar,9,55-60,20,752.2651
myanmar,10,60-65,20,472.8523
myanmar,11,65-70,20,451.3590
myanmar,12,70-75,20,171.9463
myanmar,13,75-80,20,42.9866
myanmar,14,80-85,20,64.4799
myanmar,15,85+,20,21.4933
myanmar,0,0-15,21,0.0000
myanmar,1,15-20,21,0.0000
myanmar,2,20-25,21,0.0000
myanmar,3,25-30,21,42.9866
myanmar,4,30-35,21,171.9465
myanmar,5,35-40,21,666.2928
myanmar,6,40-45,21,924.2124
myanmar,7,45-50,21,859.7318
myanmar,8,50-55,21,1010.1845
myanmar,9,55-60,21,816.7450
myanmar,10,60-65,21,666.2919
myanmar,11,65-70,21,537.3322
myanmar,12,70-75,21,279.4127
myanmar,13,75-80,21,64.4799
myanmar,14,80-85,21,85.9731
myanmar,15,85+,21,21.4933
myanmar,0,0-15,22,0.0000
myanmar,1,15-20,22,0.0000
myanmar,2,20-25,22,0.0000
myanmar,3,25-30,22,107.4666
myanmar,4,30-35,22,85.9733
myanmar,5,35-40,22,580.3195
myanmar,6,40-45,22,967.1992
myanmar,7,45-50,22,1010.1848
myanmar,8,50-55,22,1182.1308
myanmar,9,55-60,22,795.2518
myanmar,10,60-65,22,494.3456
myanmar,11,65-70,22,365.3859
myanmar,12,70-75,22,171.9463
myanmar,13,75-80,22,171.9463
myanmar,14,80-85,22,64.4799
myanmar,15,85+,22,0.0000
myanmar,0,0-15,23,0.0000
myanmar,1,15-20,23,0.0000
myanmar,2,20-25,23,21.4933
myanmar,3,25-30,23,21.4933
myanmar,4,30-35,23,322.3997
myanmar,5,35-40,23,580.3195
myanmar,6,40-45,23,709.2792
myanmar,7,45-50,23,1074.6650
myanmar,8,50-55,23,967.1980
myanmar,9,55-60,23,752.2652
myanmar,10,60-65,23,687.7852
myanmar,11,65-70,23,451.3590
myanmar,12,70-75,23,236.4261
myanmar,13,75-80,23,64.4799
myanmar,14,80-85,23,42.9866
myanmar,15,85+,23,0.0000
myanmar,0,0-15,24,0.0000
myanmar,1,15-20,24,0.0000
myanmar,2,20-25,24,21.4933
myanmar,3,25-30,24,21.4933
myanmar,4,30-35,24,322.3997
myanmar,5,35-40,24,580.3195
myanmar,6,40-45,24,709.2792
myanmar,7,45-50,24,1074.6650
myanmar,8,50-55,24,967.1980
myanmar,9,55-60,24,752.2652
myanmar,10,60-65,24,687.7852
myanmar,11,65-70,24,451.3590
myanmar,12,70-75,24,236.4261
myanmar,13,75-80,24,64.4799
myanmar,14,80-85,24,42.9866
myanmar,15,85+,24,0.0000
myanmar,0,0-15,25,0.0000
myanmar,1,15-20,25,0.0000
myanmar,2,20-25,25,21.4933
myanmar,3,25-30,25,21.4933
myanmar,4,30-35,25,322.3997
myanmar,5,35-40,25,580.3195
myanmar,6,40-45,25,709.2792
myanmar,7,45-50,25,1074.6650
myanmar,8,50-55,25,967.1980
myanmar,9,55-60,25,752.2652
myanmar,10,60-65,25,687.7852
myanmar,11,65-70,25,451.3590
myanmar,12,70-75,25,236.4261
myanmar,13,75-80,25,64.4799
myanmar,14,80-85,25,42.9866
myanmar,15,85+,25,0.0000
myanmar,0,0-15,26,0.0000
myanmar,1,15-20,26,0.0000
myanmar,2,20-25,26,0.0000
myanmar,3,25-30,26,107.4666
myanmar,4,30-35,26,85.9732
myanmar,5,35-40,26,558.8262
myanmar,6,40-45,26,967.1991
myanmar,7,45-50,26,1010.1849
myanmar,8,50-55,26,1117.6509
myanmar,9,55-60,26,623.3054
myanmar,10,60-65,26,601.8121
myanmar,11,65-70,26,472.8523
myanmar,12,70-75,26,171.9463
myanmar,13,75-80,26,107.4664
myanmar,14,80-85,26,85.9731
myanmar,15,85+,26,0.0000
myanmar,0,0-15,27,0.0000
myanmar,1,15-20,27,0.0000
myanmar,2,20-25,27,0.0000
myanmar,3,25-30,27,107.4666
myanmar,4,30-35,27,85.9732
myanmar,5,35-40,27,558.8262
myanmar,6,40-45,27,967.1991
myanmar,7,45-50,27,1010.1849
myanmar,8,50-55,27,1117.6509
myanmar,9,55-60,27,623.3054
myanmar,10,60-65,27,601.8121
myanmar,11,65-70,27,472.8523
myanmar,12,70-75,27,171.9463
myanmar,13,75-80,27,107.4664
myanmar,14,80-85,27,85.9731
myanmar,15,85+,27,0.0000
myanmar,0,0-15,28,0.0000
myanmar,1,15-20,28,0.0000
myanmar,2,20-25,28,0.0000
myanmar,3,25-30,28,21.4933
myanmar,4,30-35,28,343.8930
myanmar,5,35-40,28,752.2661
myanmar,6,40-45,28,1031.6788
myanmar,7,45-50,28,924.2114
myanmar,8,50-55,28,1096.1578
myanmar,9,55-60,28,1031.6778
myanmar,10,60-65,28,537.3322
myanmar,11,65-70,28,494.3456
myanmar,12,70-75,28,257.9194
myanmar,13,75-80,28,107.4664
myanmar,14,80-85,28,21.4933
myanmar,15,85+,28,21.4933
myanmar,0,0-15,29,0.0000
myanmar,1,15-20,29,0.0000
myanmar,2,20-25,29,0.0000
myanmar,3,25-30,29,150.4532
myanmar,4,30-35,29,193.4398
myanmar,5,35-40,29,515.8396
myanmar,6,40-45,29,859.7323
myanmar,7,45-50,29,1096.1583
myanmar,8,50-55,29,967.1979
myanmar,9,55-60,29,859.7315
myanmar,10,60-65,29,558.8256
myanmar,11,65-70,29,236.4261
myanmar,12,70-75,29,236.4261
myanmar,13,75-80,29,64.4799
myanmar,14,80-85,29,42.9866
myanmar,15,85+,29,21.4933
myanmar,0,0-15,30,0.0000
myanmar,1,15-20,30,0.0000
myanmar,2,20-25,30,0.0000
myanmar,3,25-30,30,64.4799
myanmar,4,30-35,30,236.4264
myanmar,5,35-40,30,666.2928
myanmar,6,40-45,30,795.2527
myanmar,7,45-50,30,1182.1311
myanmar,8,50-55,30,1074.6644
myanmar,9,55-60,30,838.2383
myanmar,10,60-65,30,666.2919
myanmar,11,65-70,30,494.3456
myanmar,12,70-75,30,214.9329
myanmar,13,75-80,30,21.4933
myanmar,14,80-85,30,42.9866
myanmar,15,85+,30,42.9866
myanmar,0,0-15,31,0.0000
myanmar,1,15-20,31,0.0000
myanmar,2,20-25,31,0.0000
myanmar,3,25-30,31,21.4933
myanmar,4,30-35,31,214.9331
myanmar,5,35-40,31,730.7728
myanmar,6,40-45,31,881.2255
myanmar,7,45-50,31,902.7187
myanmar,8,50-55,31,1031.6777
myanmar,9,55-60,31,859.7315
myanmar,10,60-65,31,558.8256
myanmar,11,65-70,31,365.3859
myanmar,12,70-75,31,64.4799
myanmar,13,75-80,31,107.4664
myanmar,14,80-85,31,42.9866
myanmar,15,85+,31,0.0000
myanmar,0,0-15,32,0.0000
myanmar,1,15-20,32,0.0000
myanmar,2,20-25,32,21.4933
myanmar,3,25-30,32,21.4933
myanmar,4,30-35,32,214.9332
myanmar,5,35-40,32,537.3329
myanmar,6,40-45,32,945.7057
myanmar,7,45-50,32,924.2118
myanmar,8,50-55,32,1074.6644
myanmar,9,55-60,32,838.2382
myanmar,10,60-65,32,666.2920
myanmar,11,65-70,32,429.8657
myanmar,12,70-75,32,236.4261
myanmar,13,75-80,32,85.9731
myanmar,14,80-85,32,0.0000
myanmar,15,85+,32,0.0000
myanmar,0,0-15,33,0.0000
myanmar,1,15-20,33,0.0000
myanmar,2,20-25,33,0.0000
myanmar,3,25-30,33,85.9732
myanmar,4,30-35,33,214.9331
myanmar,5,35-40,33,494.3463
myanmar,6,40-45,33,988.6924
myanmar,7,45-50,33,1074.6647
myanmar,8,50-55,33,1074.6644
myanmar,9,55-60,33,924.2115
myanmar,10,60-65,33,709.2784
myanmar,11,65-70,33,408.3724
myanmar,12,70-75,33,150.4530
myanmar,13,75-80,33,128.9597
myanmar,14,80-85,33,64.4799
myanmar,15,85+,33,42.9866
myanmar,0,0-15,34,0.0000
myanmar,1,15-20,34,0.0000
myanmar,2,20-25,34,0.0000
myanmar,3,25-30,34,85.9733
myanmar,4,30-35,34,193.4398
myanmar,5,35-40,34,623.3061
myanmar,6,40-45,34,1074.6656
myanmar,7,45-50,34,1246.6108
myanmar,8,50-55,34,902.7181
myanmar,9,55-60,34,795.2518
myanmar,10,60-65,34,515.8389
myanmar,11,65-70,34,386.8792
myanmar,12,70-75,34,257.9194
myanmar,13,75-80,34,107.4664
myanmar,14,80-85,34,21.4933
myanmar,15,85+,34,42.9866
myanmar,0,0-15,35,0.0000
myanmar,1,15-20,35,0.0000
myanmar,2,20-25,35,0.0000
myanmar,3,25-30,35,85.9733
myanmar,4,30-35,35,193.4398
myanmar,5,35-40,35,623.3061
myanmar,6,40-45,35,1074.6656
myanmar,7,45-50,35,1246.6108
myanmar,8,50-55,35,902.7181
myanmar,9,55-60,35,795.2518
myanmar,10,60-65,35,515.8389
myanmar,11,65-70,35,386.8792
myanmar,12,70-75,35,257.9194
myanmar,13,75-80,35,107.4664
myanmar,14,80-85,35,21.4933
myanmar,15,85+,35,42.9866
myanmar,0,0-15,36,0.0000
myanmar,1,15-20,36,0.0000
myanmar,2,20-25,36,0.0000
myanmar,3,25-30,36,64.4799
myanmar,4,30-35,36,193.4398
myanmar,5,35-40,36,558.8262
myanmar,6,40-45,36,967.1990
myanmar,7,45-50,36,1053.1715
myanmar,8,50-55,36,1268.1039
myanmar,9,55-60,36,924.2115
myanmar,10,60-65,36,558.8254
myanmar,11,65-70,36,386.8792
myanmar,12,70-75,36,279.4127
myanmar,13,75-80,36,107.4664
myanmar,14,80-85,36,85.9731
myanmar,15,85+,36,0.0000
myanmar,0,0-15,37,0.0000
myanmar,1,15-20,37,0.0000
myanmar,2,20-25,37,0.0000
myanmar,3,25-30,37,64.4799
myanmar,4,30-35,37,193.4398
myanmar,5,35-40,37,558.8262
myanmar,6,40-45,37,967.1990
myanmar,7,45-50,37,1053.1715
myanmar,8,50-55,37,1268.1039
myanmar,9,55-60,37,924.2115
myanmar,10,60-65,37,558.8254
myanmar,11,65-70,37,386.8792
myanmar,12,70-75,37,279.4127
myanmar,13,75-80,37,107.4664
myanmar,14,80-85,37,85.9731
myanmar,15,85+,37,0.0000
myanmar,0,0-15,38,0.0000
myanmar,1,15-20,38,0.0000
myanmar,2,20-25,38,0.0000
myanmar,3,25-30,38,64.4799
myanmar,4,30-35,38,300.9064
myanmar,5,35-40,38,494.3463
myanmar,6,40-45,38,988.6923
myanmar,7,45-50,38,924.2118
myanmar,8,50-55,38,1031.6778
myanmar,9,55-60,38,859.7316
myanmar,10,60-65,38,666.2919
myanmar,11,65-70,38,494.3456
myanmar,12,70-75,38,85.9731
myanmar,13,75-80,38,128.9597
myanmar,14,80-85,38,42.9866
myanmar,15,85+,38,0.0000
myanmar,0,0-15,39,0.0000
myanmar,1,15-20,39,0.0000
myanmar,2,20-25,39,21.4933
myanmar,3,25-30,39,21.4933
myanmar,4,30-35,39,386.8796
myanmar,5,35-40,39,752.2660
myanmar,6,40-45,39,1010.1856
myanmar,7,45-50,39,1139.1442
myanmar,8,50-55,39,1311.0906
myanmar,9,55-60,39,881.2248
myanmar,10,60-65,39,343.8926
myanmar,11,65-70,39,429.8657
myanmar,12,70-75,39,300.9060
myanmar,13,75-80,39,42.9867
myanmar,14,80-85,39,107.4667
myanmar,15,85+,39,0.0000
myanmar,0,0-15,40,0.0000
myanmar,1,15-20,40,0.0000
myanmar,2,20-25,40,0.0000
myanmar,3,25-30,40,42.9866
myanmar,4,30-35,40,150.4532
myanmar,5,35-40,40,322.3997
myanmar,6,40-45,40,881.2259
myanmar,7,45-50,40,1160.6383
myanmar,8,50-55,40,1031.6778
myanmar,9,55-60,40,795.2517
myanmar,10,60-65,40,558.8255
myanmar,11,65-70,40,365.3859
myanmar,12,70-75,40,300.9060
myanmar,13,75-80,40,107.4664
myanmar,14,80-85,40,42.9866
myanmar,15,85+,40,0.0000
myanmar,0,0-15,41,0.0000
myanmar,1,15-20,41,0.0000
myanmar,2,20-25,41,0.0000
myanmar,3,25-30,41,42.9866
myanmar,4,30-35,41,343.8930
myanmar,5,35-40,41,816.7460
myanmar,6,40-45,41,1031.6786
myanmar,7,45-50,41,1074.6646
myanmar,8,50-55,41,1117.6510
myanmar,9,55-60,41,967.1979
myanmar,10,60-65,41,494.3456
myanmar,11,65-70,41,279.4127
myanmar,12,70-75,41,214.9329
myanmar,13,75-80,41,64.4799
myanmar,14,80-85,41,21.4933
myanmar,15,85+,41,0.0000
myanmar,0,0-15,42,0.0000
myanmar,1,15-20,42,0.0000
myanmar,2,20-25,42,21.4933
myanmar,3,25-30,42,0.0000
myanmar,4,30-35,42,236.4264
myanmar,5,35-40,42,408.3730
myanmar,6,40-45,42,1074.6657
myanmar,7,45-50,42,1074.6647
myanmar,8,50-55,42,945.7047
myanmar,9,55-60,42,601.8120
myanmar,10,60-65,42,494.3456
myanmar,11,65-70,42,494.3457
myanmar,12,70-75,42,236.4261
myanmar,13,75-80,42,150.4530
myanmar,14,80-85,42,85.9731
myanmar,15,85+,42,42.9866
myanmar,0,0-15,43,0.0000
myanmar,1,15-20,43,0.0000
myanmar,2,20-25,43,21.4933
myanmar,3,25-30,43,0.0000
myanmar,4,30-35,43,236.4264
myanmar,5,35-40,43,408.3730
myanmar,6,40-45,43,1074.6657
myanmar,7,45-50,43,1074.6647
myanmar,8,50-55,43,945.7047
myanmar,9,55-60,43,601.8120
myanmar,10,60-65,43,494.3456
myanmar,11,65-70,43,494.3457
myanmar,12,70-75,43,236.4261
myanmar,13,75-80,43,150.4530
myanmar,14,80-85,43,85.9731
myanmar,15,85+,43,42.9866
myanmar,0,0-15,44,0.0000
myanmar,1,15-20,44,0.0000
myanmar,2,20-25,44,21.4933
myanmar,3,25-30,44,0.0000
myanmar,4,30-35,44,236.4264
myanmar,5,35-40,44,408.3730
myanmar,6,40-45,44,1074.6657
myanmar,7,45-50,44,1074.6647
myanmar,8,50-55,44,945.7047
myanmar,9,55-60,44,601.8120
myanmar,10,60-65,44,494.3456
myanmar,11,65-70,44,494.3457
myanmar,12,70-75,44,236.4261
myanmar,13,75-80,44,150.4530
myanmar,14,80-85,44,85.9731
myanmar,15,85+,44,42.9866
myanmar,0,0-15,45,0.0000
myanmar,1,15-20,45,0.0000
myanmar,2,20-25,45,0.0000
myanmar,3,25-30,45,42.9866
myanmar,4,30-35,45,214.9331
myanmar,5,35-40,45,494.3463
myanmar,6,40-45,45,838.2392
myanmar,7,45-50,45,902.7186
myanmar,8,50-55,45,1096.1576
myanmar,9,55-60,45,967.1981
myanmar,10,60-65,45,580.3188
myanmar,11,65-70,45,386.8792
myanmar,12,70-75,45,257.9194
myanmar,13,75-80,45,128.9597
myanmar,14,80-85,45,85.9731
myanmar,15,85+,45,42.9866
myanmar,0,0-15,46,0.0000
myanmar,1,15-20,46,0.0000
myanmar,2,20-25,46,0.0000
myanmar,3,25-30,46,42.9866
myanmar,4,30-35,46,150.4532
myanmar,5,35-40,46,644.7994
myanmar,6,40-45,46,687.7861
myanmar,7,45-50,46,1117.6513
myanmar,8,50-55,46,1117.6512
myanmar,9,55-60,46,730.7718
myanmar,10,60-65,46,601.8120
myanmar,11,65-70,46,408.3724
myanmar,12,70-75,46,365.3859
myanmar,13,75-80,46,85.9731
myanmar,14,80-85,46,42.9866
myanmar,15,85+,46,21.4933
myanmar,0,0-15,47,0.0000
myanmar,1,15-20,47,0.0000
myanmar,2,20-25,47,21.4933
myanmar,3,25-30,47,107.4666
myanmar,4,30-35,47,236.4265
myanmar,5,35-40,47,386.8797
myanmar,6,40-45,47,644.7995
myanmar,7,45-50,47,988.6918
myanmar,8,50-55,47,988.6914
myanmar,9,55-60,47,816.7451
myanmar,10,60-65,47,580.3187
myanmar,11,65-70,47,429.8657
myanmar,12,70-75,47,171.9463
myanmar,13,75-80,47,150.4530
myanmar,14,80-85,47,64.4799
myanmar,15,85+,47,0.0000
myanmar,0,0-15,48,0.0000
myanmar,1,15-20,48,0.0000
myanmar,2,20-25,48,21.4933
myanmar,3,25-30,48,107.4666
myanmar,4,30-35,48,236.4265
myanmar,5,35-40,48,386.8797
myanmar,6,40-45,48,644.7995
myanmar,7,45-50,48,988.6918
myanmar,8,50-55,48,988.6914
myanmar,9,55-60,48,816.7451
myanmar,10,60-65,48,580.3187
myanmar,11,65-70,48,429.8657
myanmar,12,70-75,48,171.9463
myanmar,13,75-80,48,150.4530
myanmar,14,80-85,48,64.4799
myanmar,15,85+,48,0.0000
myanmar,0,0-15,49,0.0000
myanmar,1,15-20,49,0.0000
myanmar,2,20-25,49,0.0000
myanmar,3,25-30,49,128.9599
myanmar,4,30-35,49,236.4264
myanmar,5,35-40,49,558.8262
myanmar,6,40-45,49,1139.1453
myanmar,7,45-50,49,988.6915
myanmar,8,50-55,49,1332.5839
myanmar,9,55-60,49,838.2382
myanmar,10,60-65,49,601.8120
myanmar,11,65-70,49,451.3590
myanmar,12,70-75,49,279.4127
myanmar,13,75-80,49,107.4664
myanmar,14,80-85,49,107.4664
myanmar,15,85+,49,21.4933
myanmar,0,0-15,50,0.0000
myanmar,1,15-20,50,0.0000
myanmar,2,20-25,50,0.0000
myanmar,3,25-30,50,107.4666
myanmar,4,30-35,50,408.3730
myanmar,5,35-40,50,795.2527
myanmar,6,40-45,50,838.2389
myanmar,7,45-50,50,1053.1712
myanmar,8,50-55,50,1289.5974
myanmar,9,55-60,50,1053.1710
myanmar,10,60-65,50,580.3187
myanmar,11,65-70,50,494.3456
myanmar,12,70-75,50,236.4261
myanmar,13,75-80,50,107.4664
myanmar,14,80-85,50,42.9866
myanmar,15,85+,50,42.9866
myanmar,0,0-15,51,0.0000
myanmar,1,15-20,51,0.0000
myanmar,2,20-25,51,21.4933
myanmar,3,25-30,51,85.9732
myanmar,4,30-35,51,150.4532
myanmar,5,35-40,51,558.8262
myanmar,6,40-45,51,967.1991
myanmar,7,45-50,51,1096.1580
myanmar,8,50-55,51,967.1979
myanmar,9,55-60,51,644.7987
myanmar,10,60-65,51,623.3054
myanmar,11,65-70,51,322.3993
myanmar,12,70-75,51,128.9597
myanmar,13,75-80,51,85.9731
myanmar,14,80-85,51,0.0000
myanmar,15,85+,51,0.0000
myanmar,0,0-15,52,0.0000
myanmar,1,15-20,52,0.0000
myanmar,2,20-25,52,21.4933
myanmar,3,25-30,52,85.9732
myanmar,4,30-35,52,150.4532
myanmar,5,35-40,52,558.8262
myanmar,6,40-45,52,967.1991
myanmar,7,45-50,52,1096.1580
myanmar,8,50-55,52,967.1979
myanmar,9,55-60,52,644.7987
myanmar,10,60-65,52,623.3054
myanmar,11,65-70,52,322.3993
myanmar,12,70-75,52,128.9597
myanmar,13,75-80,52,85.9731
myanmar,14,80-85,52,0.0000
myanmar,15,85+,52,0.0000
myanmar,0,0-15,53,0.0000
myanmar,1,15-20,53,0.0000
myanmar,2,20-25,53,0.0000
myanmar,3,25-30,53,85.9733
myanmar,4,30-35,53,150.4532
myanmar,5,35-40,53,537.3329
myanmar,6,40-45,53,859.7325
myanmar,7,45-50,53,1160.6381
myanmar,8,50-55,53,1096.1578
myanmar,9,55-60,53,838.2382
myanmar,10,60-65,53,730.7718
myanmar,11,65-70,53,515.8389
myanmar,12,70-75,53,300.9060
myanmar,13,75-80,53,107.4664
myanmar,14,80-85,53,107.4664
myanmar,15,85+,53,0.0000
myanmar,0,0-15,54,0.0000
myanmar,1,15-20,54,0.0000
myanmar,2,20-25,54,0.0000
myanmar,3,25-30,54,21.4933
myanmar,4,30-35,54,193.4398
myanmar,5,35-40,54,537.3329
myanmar,6,40-45,54,644.7994
myanmar,7,45-50,54,1053.1718
myanmar,8,50-55,54,1074.6644
myanmar,9,55-60,54,838.2383
myanmar,10,60-65,54,666.2919
myanmar,11,65-70,54,408.3724
myanmar,12,70-75,54,300.9060
myanmar,13,75-80,54,128.9597
myanmar,14,80-85,54,64.4799
myanmar,15,85+,54,0.0000
myanmar,0,0-15,55,0.0000
myanmar,1,15-20,55,0.0000
myanmar,2,20-25,55,21.4933
myanmar,3,25-30,55,0.0000
myanmar,4,30-35,55,214.9331
myanmar,5,35-40,55,644.7995
myanmar,6,40-45,55,1010.1858
myanmar,7,45-50,55,945.7048
myanmar,8,50-55,55,1203.6241
myanmar,9,55-60,55,859.7316
myanmar,10,60-65,55,709.2784
myanmar,11,65-70,55,408.3724
myanmar,12,70-75,55,279.4127
myanmar,13,75-80,55,257.9194
myanmar,14,80-85,55,21.4933
myanmar,15,85+,55,21.4933
myanmar,0,0-15,56,0.0000
myanmar,1,15-20,56,21.4933
myanmar,2,20-25,56,21.4933
myanmar,3,25-30,56,42.9866
myanmar,4,30-35,56,171.9465
myanmar,5,35-40,56,558.8262
myanmar,6,40-45,56,1010.1856
myanmar,7,45-50,56,1311.0909
myanmar,8,50-55,56,967.1979
myanmar,9,55-60,56,838.2382
myanmar,10,60-65,56,623.3054
myanmar,11,65-70,56,429.8657
myanmar,12,70-75,56,279.4127
myanmar,13,75-80,56,85.9731
myanmar,14,80-85,56,42.9866
myanmar,15,85+,56,21.4933
myanmar,0,0-15,57,0.0000
myanmar,1,15-20,57,0.0000
myanmar,2,20-25,57,0.0000
myanmar,3,25-30,57,42.9866
myanmar,4,30-35,57,193.4398
myanmar,5,35-40,57,279.4131
myanmar,6,40-45,57,924.2126
myanmar,7,45-50,57,1053.1718
myanmar,8,50-55,57,1031.6777
myanmar,9,55-60,57,859.7317
myanmar,10,60-65,57,580.3187
myanmar,11,65-70,57,365.3859
myanmar,12,70-75,57,236.4261
myanmar,13,75-80,57,42.9866
myanmar,14,80-85,57,42.9866
myanmar,15,85+,57,0.0000
myanmar,0,0-15,58,0.0000
myanmar,1,15-20,58,0.0000
myanmar,2,20-25,58,0.0000
myanmar,3,25-30,58,42.9866
myanmar,4,30-35,58,236.4264
myanmar,5,35-40,58,623.3062
myanmar,6,40-45,58,859.7325
myanmar,7,45-50,58,1160.6379
myanmar,8,50-55,58,1010.1846
myanmar,9,55-60,58,795.2516
myanmar,10,60-65,58,408.3724
myanmar,11,65-70,58,343.8926
myanmar,12,70-75,58,64.4799
myanmar,13,75-80,58,64.4799
myanmar,14,80-85,58,21.4933
myanmar,15,85+,58,21.4933
myanmar,0,0-15,59,0.0000
myanmar,1,15-20,59,0.0000
myanmar,2,20-25,59,0.0000
myanmar,3,25-30,59,21.4933
myanmar,4,30-35,59,257.9198
myanmar,5,35-40,59,558.8262
myanmar,6,40-45,59,838.2393
myanmar,7,45-50,59,1096.1580
myanmar,8,50-55,59,1246.6107
myanmar,9,55-60,59,967.1979
myanmar,10,60-65,59,623.3054
myanmar,11,65-70,59,429.8657
myanmar,12,70-75,59,300.9060
myanmar,13,75-80,59,171.9463
myanmar,14,80-85,59,42.9866
myanmar,15,85+,59,0.0000
myanmar,0,0-15,60,0.0000
myanmar,1,15-20,60,0.0000
myanmar,2,20-25,60,0.0000
myanmar,3,25-30,60,21.4933
myanmar,4,30-35,60,257.9198
myanmar,5,35-40,60,558.8262
myanmar,6,40-45,60,838.2393
myanmar,7,45-50,60,1096.1580
myanmar,8,50-55,60,1246.6107
myanmar,9,55-60,60,967.1979
myanmar,10,60-65,60,623.3054
myanmar,11,65-70,60,429.8657
myanmar,12,70-75,60,300.9060
myanmar,13,75-80,60,171.9463
myanmar,14,80-85,60,42.9866
myanmar,15,85+,60,0.0000
myanmar,0,0-15,61,0.0000
myanmar,1,15-20,61,0.0000
myanmar,2,20-25,61,0.0000
myanmar,3,25-30,61,21.4933
myanmar,4,30-35,61,257.9198
myanmar,5,35-40,61,558.8262
myanmar,6,40-45,61,838.2393
myanmar,7,45-50,61,1096.1580
myanmar,8,50-55,61,1246.6107
myanmar,9,55-60,61,967.1979
myanmar,10,60-65,61,623.3054
myanmar,11,65-70,61,429.8657
myanmar,12,70-75,61,300.9060
myanmar,13,75-80,61,171.9463
myanmar,14,80-85,61,42.9866
myanmar,15,85+,61,0.0000
myanmar,0,0-15,62,0.0000
myanmar,1,15-20,62,0.0000
myanmar,2,20-25,62,21.4933
myanmar,3,25-30,62,85.9732
myanmar,4,30-35,62,171.9465
myanmar,5,35-40,62,816.7460
myanmar,6,40-45,62,967.1989
myanmar,7,45-50,62,924.2115
myanmar,8,50-55,62,1268.1041
myanmar,9,55-60,62,730.7718
myanmar,10,60-65,62,687.7852
myanmar,11,65-70,62,408.3724
myanmar,12,70-75,62,236.4261
myanmar,13,75-80,62,107.4664
myanmar,14,80-85,62,42.9866
myanmar,15,85+,62,42.9866
myanmar,0,0-15,63,0.0000
myanmar,1,15-20,63,0.0000
myanmar,2,20-25,63,21.4933
myanmar,3,25-30,63,85.9732
myanmar,4,30-35,63,171.9465
myanmar,5,35-40,63,816.7460
myanmar,6,40-45,63,967.1989
myanmar,7,45-50,63,924.2115
myanmar,8,50-55,63,1268.1041
myanmar,9,55-60,63,730.7718
myanmar,10,60-65,63,687.7852
myanmar,11,65-70,63,408.3724
myanmar,12,70-75,63,236.4261
myanmar,13,75-80,63,107.4664
myanmar,14,80-85,63,42.9866
myanmar,15,85+,63,42.9866
myanmar,0,0-15,64,0.0000
myanmar,1,15-20,64,0.0000
myanmar,2,20-25,64,21.4933
myanmar,3,25-30,64,85.9732
myanmar,4,30-35,64,171.9465
myanmar,5,35-40,64,816.7460
myanmar,6,40-45,64,967.1989
myanmar,7,45-50,64,924.2115
myanmar,8,50-55,64,1268.1041
myanmar,9,55-60,64,730.7718
myanmar,10,60-65,64,687.7852
myanmar,11,65-70,64,408.3724
myanmar,12,70-75,64,236.4261
myanmar,13,75-80,64,107.4664
myanmar,14,80-85,64,42.9866
myanmar,15,85+,64,42.9866
myanmar,0,0-15,65,0.0000
myanmar,1,15-20,65,0.0000
myanmar,2,20-25,65,21.4933
myanmar,3,25-30,65,85.9732
myanmar,4,30-35,65,171.9465
myanmar,5,35-40,65,816.7460
myanmar,6,40-45,65,967.1989
myanmar,7,45-50,65,924.2115
myanmar,8,50-55,65,1268.1041
myanmar,9,55-60,65,730.7718
myanmar,10,60-65,65,687.7852
myanmar,11,65-70,65,408.3724
myanmar,12,70-75,65,236.4261
myanmar,13,75-80,65,107.4664
myanmar,14,80-85,65,42.9866
myanmar,15,85+,65,42.9866
myanmar,0,0-15,66,0.0000
myanmar,1,15-20,66,0.0000
myanmar,2,20-25,66,0.0000
myanmar,3,25-30,66,85.9733
myanmar,4,30-35,66,279.4131
myanmar,5,35-40,66,730.7727
myanmar,6,40-45,66,881.2257
myanmar,7,45-50,66,1074.6646
myanmar,8,50-55,66,1397.0637
myanmar,9,55-60,66,816.7450
myanmar,10,60-65,66,601.8120
myanmar,11,65-70,66,343.8926
myanmar,12,70-75,66,85.9731
myanmar,13,75-80,66,107.4664
myanmar,14,80-85,66,64.4799
myanmar,15,85+,66,0.0000
myanmar,0,0-15,67,0.0000
myanmar,1,15-20,67,0.0000
myanmar,2,20-25,67,21.4933
myanmar,3,25-30,67,42.9866
myanmar,4,30-35,67,451.3596
myanmar,5,35-40,67,752.2660
myanmar,6,40-45,67,902.7189
myanmar,7,45-50,67,967.1980
myanmar,8,50-55,67,1117.6511
myanmar,9,55-60,67,1053.1711
myanmar,10,60-65,67,730.7717
myanmar,11,65-70,67,558.8254
myanmar,12,70-75,67,236.4261
myanmar,13,75-80,67,85.9731
myanmar,14,80-85,67,64.4799
myanmar,15,85+,67,0.0000
myanmar,0,0-15,68,0.0000
myanmar,1,15-20,68,0.0000
myanmar,2,20-25,68,0.0000
myanmar,3,25-30,68,85.9733
myanmar,4,30-35,68,193.4398
myanmar,5,35-40,68,386.8797
myanmar,6,40-45,68,816.7460
myanmar,7,45-50,68,1117.6516
myanmar,8,50-55,68,1117.6509
myanmar,9,55-60,68,752.2653
myanmar,10,60-65,68,601.8120
myanmar,11,65-70,68,451.3590
myanmar,12,70-75,68,150.4530
myanmar,13,75-80,68,42.9866
myanmar,14,80-85,68,42.9866
myanmar,15,85+,68,42.9866
myanmar,0,0-15,69,0.0000
myanmar,1,15-20,69,0.0000
myanmar,2,20-25,69,0.0000
myanmar,3,25-30,69,42.9866
myanmar,4,30-35,69,365.3863
myanmar,5,35-40,69,644.7995
myanmar,6,40-45,69,1182.1319
myanmar,7,45-50,69,1074.6644
myanmar,8,50-55,69,1160.6376
myanmar,9,55-60,69,838.2382
myanmar,10,60-65,69,472.8524
myanmar,11,65-70,69,580.3187
myanmar,12,70-75,69,171.9463
myanmar,13,75-80,69,85.9731
myanmar,14,80-85,69,42.9866
myanmar,15,85+,69,0.0000
myanmar,0,0-15,70,0.0000
myanmar,1,15-20,70,0.0000
myanmar,2,20-25,70,0.0000
myanmar,3,25-30,70,42.9866
myanmar,4,30-35,70,193.4398
myanmar,5,35-40,70,709.2794
myanmar,6,40-45,70,666.2927
myanmar,7,45-50,70,838.2388
myanmar,8,50-55,70,902.7180
myanmar,9,55-60,70,795.2517
myanmar,10,60-65,70,601.8121
myanmar,11,65-70,70,365.3859
myanmar,12,70-75,70,365.3859
myanmar,13,75-80,70,150.4530
myanmar,14,80-85,70,64.4799
myanmar,15,85+,70,0.0000
myanmar,0,0-15,71,0.0000
myanmar,1,15-20,71,0.0000
myanmar,2,20-25,71,0.0000
myanmar,3,25-30,71,21.4933
myanmar,4,30-35,71,300.9064
myanmar,5,35-40,71,601.8128
myanmar,6,40-45,71,859.7325
myanmar,7,45-50,71,1182.1311
myanmar,8,50-55,71,1031.6778
myanmar,9,55-60,71,988.6913
myanmar,10,60-65,71,494.3456
myanmar,11,65-70,71,300.9060
myanmar,12,70-75,71,300.9060
myanmar,13,75-80,71,64.4799
myanmar,14,80-85,71,21.4933
myanmar,15,85+,71,21.4933
myanmar,0,0-15,72,0.0000
myanmar,1,15-20,72,0.0000
myanmar,2,20-25,72,21.4933
myanmar,3,25-30,72,85.9732
myanmar,4,30-35,72,322.3997
myanmar,5,35-40,72,709.2794
myanmar,6,40-45,72,816.7458
myanmar,7,45-50,72,1332.5840
myanmar,8,50-55,72,1096.1578
myanmar,9,55-60,72,881.2248
myanmar,10,60-65,72,451.3590
myanmar,11,65-70,72,494.3456
myanmar,12,70-75,72,171.9463
myanmar,13,75-80,72,42.9866
myanmar,14,80-85,72,21.4933
myanmar,15,85+,72,21.4933
myanmar,0,0-15,73,0.0000
myanmar,1,15-20,73,0.0000
myanmar,2,20-25,73,21.4933
myanmar,3,25-30,73,85.9732
myanmar,4,30-35,73,322.3997
myanmar,5,35-40,73,709.2794
myanmar,6,40-45,73,816.7458
myanmar,7,45-50,73,1332.5840
myanmar,8,50-55,73,1096.1578
myanmar,9,55-60,73,881.2248
myanmar,10,60-65,73,451.3590
myanmar,11,65-70,73,494.3456
myanmar,12,70-75,73,171.9463
myanmar,13,75-80,73,42.9866
myanmar,14,80-85,73,21.4933
myanmar,15,85+,73,21.4933
myanmar,0,0-15,74,0.0000
myanmar,1,15-20,74,0.0000
myanmar,2,20-25,74,0.0000
myanmar,3,25-30,74,64.4799
myanmar,4,30-35,74,128.9599
myanmar,5,35-40,74,451.3596
myanmar,6,40-45,74,1053.1722
myanmar,7,45-50,74,945.7052
myanmar,8,50-55,74,1203.6241
myanmar,9,55-60,74,773.7585
myanmar,10,60-65,74,580.3187
myanmar,11,65-70,74,494.3456
myanmar,12,70-75,74,322.3993
myanmar,13,75-80,74,107.4664
myanmar,14,80-85,74,107.4664
myanmar,15,85+,74,0.0000
myanmar,0,0-15,75,0.0000
myanmar,1,15-20,75,0.0000
myanmar,2,20-25,75,0.0000
myanmar,3,25-30,75,64.4799
myanmar,4,30-35,75,128.9599
myanmar,5,35-40,75,451.3596
myanmar,6,40-45,75,1053.1722
myanmar,7,45-50,75,945.7052
myanmar,8,50-55,75,1203.6241
myanmar,9,55-60,75,773.7585
myanmar,10,60-65,75,580.3187
myanmar,11,65-70,75,494.3456
myanmar,12,70-75,75,322.3993
myanmar,13,75-80,75,107.4664
myanmar,14,80-85,75,107.4664
myanmar,15,85+,75,0.0000
myanmar,0,0-15,76,0.0000
myanmar,1,15-20,76,0.0000
myanmar,2,20-25,76,0.0000
myanmar,3,25-30,76,107.4666
myanmar,4,30-35,76,150.4532
myanmar,5,35-40,76,601.8128
myanmar,6,40-45,76,988.6925
myanmar,7,45-50,76,881.2250
myanmar,8,50-55,76,988.6912
myanmar,9,55-60,76,687.7853
myanmar,10,60-65,76,730.7718
myanmar,11,65-70,76,451.3590
myanmar,12,70-75,76,343.8926
myanmar,13,75-80,76,107.4664
myanmar,14,80-85,76,0.0000
myanmar,15,85+,76,0.0000
myanmar,0,0-15,77,0.0000
myanmar,1,15-20,77,0.0000
myanmar,2,20-25,77,0.0000
myanmar,3,25-30,77,107.4666
myanmar,4,30-35,77,150.4532
myanmar,5,35-40,77,601.8128
myanmar,6,40-45,77,988.6925
myanmar,7,45-50,77,881.2250
myanmar,8,50-55,77,988.6912
myanmar,9,55-60,77,687.7853
myanmar,10,60-65,77,730.7718
myanmar,11,65-70,77,451.3590
myanmar,12,70-75,77,343.8926
myanmar,13,75-80,77,107.4664
myanmar,14,80-85,77,0.0000
myanmar,15,85+,77,0.0000
myanmar,0,0-15,78,0.0000
myanmar,1,15-20,78,0.0000
myanmar,2,20-25,78,21.4933
myanmar,3,25-30,78,64.4799
myanmar,4,30-35,78,343.8930
myanmar,5,35-40,78,666.2928
myanmar,6,40-45,78,838.2390
myanmar,7,45-50,78,1160.6378
myanmar,8,50-55,78,1203.6241
myanmar,9,55-60,78,1096.1577
myanmar,10,60-65,78,623.3053
myanmar,11,65-70,78,472.8523
myanmar,12,70-75,78,236.4261
myanmar,13,75-80,78,150.4530
myanmar,14,80-85,78,21.4933
myanmar,15,85+,78,21.4933
myanmar,0,0-15,79,0.0000
myanmar,1,15-20,79,0.0000
myanmar,2,20-25,79,21.4933
myanmar,3,25-30,79,64.4799
myanmar,4,30-35,79,343.8930
myanmar,5,35-40,79,666.2928
myanmar,6,40-45,79,838.2390
myanmar,7,45-50,79,1160.6378
myanmar,8,50-55,79,1203.6241
myanmar,9,55-60,79,1096.1577
myanmar,10,60-65,79,623.3053
myanmar,11,65-70,79,472.8523
myanmar,12,70-75,79,236.4261
myanmar,13,75-80,79,150.4530
myanmar,14,80-85,79,21.4933
myanmar,15,85+,79,21.4933
myanmar,0,0-15,80,0.0000
myanmar,1,15-20,80,0.0000
myanmar,2,20-25,80,21.4933
myanmar,3,25-30,80,64.4799
myanmar,4,30-35,80,343.8930
myanmar,5,35-40,80,666.2928
myanmar,6,40-45,80,838.2390
myanmar,7,45-50,80,1160.6378
myanmar,8,50-55,80,1203.6241
myanmar,9,55-60,80,1096.1577
myanmar,10,60-65,80,623.3053
myanmar,11,65-70,80,472.8523
myanmar,12,70-75,80,236.4261
myanmar,13,75-80,80,150.4530
myanmar,14,80-85,80,21.4933
myanmar,15,85+,80,21.4933
myanmar,0,0-15,81,0.0000
myanmar,1,15-20,81,0.0000
myanmar,2,20-25,81,21.4933
myanmar,3,25-30,81,64.4799
myanmar,4,30-35,81,343.8930
myanmar,5,35-40,81,666.2928
myanmar,6,40-45,81,838.2390
myanmar,7,45-50,81,1160.6378
myanmar,8,50-55,81,1203.6241
myanmar,9,55-60,81,1096.1577
myanmar,10,60-65,81,623.3053
myanmar,11,65-70,81,472.8523
myanmar,12,70-75,81,236.4261
myanmar,13,75-80,81,150.4530
myanmar,14,80-85,81,21.4933
myanmar,15,85+,81,21.4933
myanmar,0,0-15,82,0.0000
myanmar,1,15-20,82,0.0000
myanmar,2,20-25,82,21.4933
myanmar,3,25-30,82,64.4799
myanmar,4,30-35,82,343.8930
myanmar,5,35-40,82,666.2928
myanmar,6,40-45,82,838.2390
myanmar,7,45-50,82,1160.6378
myanmar,8,50-55,82,1203.6241
myanmar,9,55-60,82,1096.1577
myanmar,10,60-65,82,623.3053
myanmar,11,65-70,82,472.8523
myanmar,12,70-75,82,236.4261
myanmar,13,75-80,82,150.4530
myanmar,14,80-85,82,21.4933
myanmar,15,85+,82,21.4933
myanmar,0,0-15,83,0.0000
myanmar,1,15-20,83,0.0000
myanmar,2,20-25,83,21.4933
myanmar,3,25-30,83,64.4799
myanmar,4,30-35,83,343.8930
myanmar,5,35-40,83,666.2928
myanmar,6,40-45,83,838.2390
myanmar,7,45-50,83,1160.6378
myanmar,8,50-55,83,1203.6241
myanmar,9,55-60,83,1096.1577
myanmar,10,60-65,83,623.3053
myanmar,11,65-70,83,472.8523
myanmar,12,70-75,83,236.4261
myanmar,13,75-80,83,150.4530
myanmar,14,80-85,83,21.4933
myanmar,15,85+,83,21.4933
myanmar,0,0-15,84,0.0000
myanmar,1,15-20,84,0.0000
myanmar,2,20-25,84,21.4933
myanmar,3,25-30,84,64.4799
myanmar,4,30-35,84,343.8930
myanmar,5,35-40,84,666.2928
myanmar,6,40-45,84,838.2390
myanmar,7,45-50,84,1160.6378
myanmar,8,50-55,84,1203.6241
myanmar,9,55-60,84,1096.1577
myanmar,10,60-65,84,623.3053
myanmar,11,65-70,84,472.8523
myanmar,12,70-75,84,236.4261
myanmar,13,75-80,84,150.4530
myanmar,14,80-85,84,21.4933
myanmar,15,85+,84,21.4933
myanmar,0,0-15,85,0.0000
myanmar,1,15-20,85,0.0000
myanmar,2,20-25,85,21.4933
myanmar,3,25-30,85,64.4799
myanmar,4,30-35,85,343.8930
myanmar,5,35-40,85,666.2928
myanmar,6,40-45,85,838.2390
myanmar,7,45-50,85,1160.6378
myanmar,8,50-55,85,1203.6241
myanmar,9,55-60,85,1096.1577
myanmar,10,60-65,85,623.3053
myanmar,11,65-70,85,472.8523
myanmar,12,70-75,85,236.4261
myanmar,13,75-80,85,150.4530
myanmar,14,80-85,85,21.4933
myanmar,15,85+,85,21.4933
myanmar,0,0-15,86,0.0000
myanmar,1,15-20,86,0.0000
myanmar,2,20-25,86,21.4933
myanmar,3,25-30,86,64.4799
myanmar,4,30-35,86,343.8930
myanmar,5,35-40,86,666.2928
myanmar,6,40-45,86,838.2390
myanmar,7,45-50,86,1160.6378
myanmar,8,50-55,86,1203.6241
myanmar,9,55-60,86,1096.1577
myanmar,10,60-65,86,623.3053
myanmar,11,65-70,86,472.8523
myanmar,12,70-75,86,236.4261
myanmar,13,75-80,86,150.4530
myanmar,14,80-85,86,21.4933
myanmar,15,85+,86,21.4933
myanmar,0,0-15,87,0.0000
myanmar,1,15-20,87,0.0000
myanmar,2,20-25,87,21.4933
myanmar,3,25-30,87,64.4799
myanmar,4,30-35,87,343.8930
myanmar,5,35-40,87,666.2928
myanmar,6,40-45,87,838.2390
myanmar,7,45-50,87,1160.6378
myanmar,8,50-55,87,1203.6241
myanmar,9,55-60,87,1096.1577
myanmar,10,60-65,87,623.3053
myanmar,11,65-70,87,472.8523
myanmar,12,70-75,87,236.4261
myanmar,13,75-80,87,150.4530
myanmar,14,80-85,87,21.4933
myanmar,15,85+,87,21.4933
myanmar,0,0-15,88,0.0000
myanmar,1,15-20,88,0.0000
myanmar,2,20-25,88,21.4933
myanmar,3,25-30,88,171.9465
myanmar,4,30-35,88,257.9198
myanmar,5,35-40,88,773.7594
myanmar,6,40-45,88,1203.6251
myanmar,7,45-50,88,1096.1576
myanmar,8,50-55,88,1160.6376
myanmar,9,55-60,88,1031.6778
myanmar,10,60-65,88,666.2919
myanmar,11,65-70,88,451.3590
myanmar,12,70-75,88,279.4127
myanmar,13,75-80,88,107.4664
myanmar,14,80-85,88,21.4933
myanmar,15,85+,88,21.4933
myanmar,0,0-15,89,0.0000
myanmar,1,15-20,89,0.0000
myanmar,2,20-25,89,21.4933
myanmar,3,25-30,89,171.9465
myanmar,4,30-35,89,257.9198
myanmar,5,35-40,89,773.7594
myanmar,6,40-45,89,1203.6251
myanmar,7,45-50,89,1096.1576
myanmar,8,50-55,89,1160.6376
myanmar,9,55-60,89,1031.6778
myanmar,10,60-65,89,666.2919
myanmar,11,65-70,89,451.3590
myanmar,12,70-75,89,279.4127
myanmar,13,75-80,89,107.4664
myanmar,14,80-85,89,21.4933
myanmar,15,85+,89,21.4933
myanmar,0,0-15,90,0.0000
myanmar,1,15-20,90,0.0000
myanmar,2,20-25,90,21.4933
myanmar,3,25-30,90,171.9465
myanmar,4,30-35,90,257.9198
myanmar,5,35-40,90,773.7594
myanmar,6,40-45,90,1203.6251
myanmar,7,45-50,90,1096.1576
myanmar,8,50-55,90,1160.6376
myanmar,9,55-60,90,1031.6778
myanmar,10,60-65,90,666.2919
myanmar,11,65-70,90,451.3590
myanmar,12,70-75,90,279.4127
myanmar,13,75-80,90,107.4664
myanmar,14,80-85,90,21.4933
myanmar,15,85+,90,21.4933
myanmar,0,0-15,91,0.0000
myanmar,1,15-20,91,0.0000
myanmar,2,20-25,91,0.0000
myanmar,3,25-30,91,42.9866
myanmar,4,30-35,91,171.9465
myanmar,5,35-40,91,429.8663
myanmar,6,40-45,91,859.7326
myanmar,7,45-50,91,1117.6516
myanmar,8,50-55,91,1053.1711
myanmar,9,55-60,91,881.2249
myanmar,10,60-65,91,666.2919
myanmar,11,65-70,91,257.9194
myanmar,12,70-75,91,300.9060
myanmar,13,75-80,91,150.4530
myanmar,14,80-85,91,21.4933
myanmar,15,85+,91,21.4933
myanmar,0,0-15,92,0.0000
myanmar,1,15-20,92,0.0000
myanmar,2,20-25,92,0.0000
myanmar,3,25-30,92,21.4933
myanmar,4,30-35,92,343.8930
myanmar,5,35-40,92,580.3195
myanmar,6,40-45,92,1053.1723
myanmar,7,45-50,92,1246.6108
myanmar,8,50-55,92,1096.1577
myanmar,9,55-60,92,967.1979
myanmar,10,60-65,92,687.7852
myanmar,11,65-70,92,429.8657
myanmar,12,70-75,92,150.4530
myanmar,13,75-80,92,128.9597
myanmar,14,80-85,92,107.4664
myanmar,15,85+,92,21.4933
myanmar,0,0-15,93,0.0000
myanmar,1,15-20,93,0.0000
myanmar,2,20-25,93,0.0000
myanmar,3,25-30,93,0.0000
myanmar,4,30-35,93,257.9198
myanmar,5,35-40,93,601.8129
myanmar,6,40-45,93,730.7728
myanmar,7,45-50,93,1031.6783
myanmar,8,50-55,93,859.7314
myanmar,9,55-60,93,881.2249
myanmar,10,60-65,93,494.3456
myanmar,11,65-70,93,408.3724
myanmar,12,70-75,93,171.9463
myanmar,13,75-80,93,107.4664
myanmar,14,80-85,93,85.9731
myanmar,15,85+,93,0.0000
myanmar,0,0-15,94,0.0000
myanmar,1,15-20,94,0.0000
myanmar,2,20-25,94,0.0000
myanmar,3,25-30,94,64.4799
myanmar,4,30-35,94,322.3997
myanmar,5,35-40,94,472.8530
myanmar,6,40-45,94,967.1991
myanmar,7,45-50,94,1096.1579
myanmar,8,50-55,94,1031.6778
myanmar,9,55-60,94,967.1981
myanmar,10,60-65,94,730.7717
myanmar,11,65-70,94,322.3993
myanmar,12,70-75,94,193.4396
myanmar,13,75-80,94,64.4799
myanmar,14,80-85,94,42.9866
myanmar,15,85+,94,0.0000
myanmar,0,0-15,95,0.0000
myanmar,1,15-20,95,0.0000
myanmar,2,20-25,95,0.0000
myanmar,3,25-30,95,64.4799
myanmar,4,30-35,95,193.4398
myanmar,5,35-40,95,687.7861
myanmar,6,40-45,95,730.7727
myanmar,7,45-50,95,967.1983
myanmar,8,50-55,95,1182.1308
myanmar,9,55-60,95,838.2383
myanmar,10,60-65,95,601.8120
myanmar,11,65-70,95,429.8657
myanmar,12,70-75,95,128.9597
myanmar,13,75-80,95,21.4933
myanmar,14,80-85,95,64.4799
myanmar,15,85+,95,0.0000
myanmar,0,0-15,96,0.0000
myanmar,1,15-20,96,0.0000
myanmar,2,20-25,96,0.0000
myanmar,3,25-30,96,21.4933
myanmar,4,30-35,96,322.3997
myanmar,5,35-40,96,408.3730
myanmar,6,40-45,96,773.7594
myanmar,7,45-50,96,1246.6112
myanmar,8,50-55,96,1010.1845
myanmar,9,55-60,96,752.2651
myanmar,10,60-65,96,623.3054
myanmar,11,65-70,96,472.8523
myanmar,12,70-75,96,236.4261
myanmar,13,75-80,96,85.9731
myanmar,14,80-85,96,0.0000
myanmar,15,85+,96,21.4933
myanmar,0,0-15,97,0.0000
myanmar,1,15-20,97,0.0000
myanmar,2,20-25,97,21.4933
myanmar,3,25-30,97,42.9866
myanmar,4,30-35,97,322.3997
myanmar,5,35-40,97,601.8128
myanmar,6,40-45,97,1203.6254
myanmar,7,45-50,97,945.7046
myanmar,8,50-55,97,1117.6511
myanmar,9,55-60,97,859.7315
myanmar,10,60-65,97,623.3053
myanmar,11,65-70,97,343.8926
myanmar,12,70-75,97,236.4261
myanmar,13,75-80,97,42.9866
myanmar,14,80-85,97,42.9866
myanmar,15,85+,97,0.0000
myanmar,0,0-15,98,0.0000
myanmar,1,15-20,98,0.0000
myanmar,2,20-25,98,0.0000
myanmar,3,25-30,98,64.4799
myanmar,4,30-35,98,300.9064
myanmar,5,35-40,98,537.3329
myanmar,6,40-45,98,773.7593
myanmar,7,45-50,98,1268.1044
myanmar,8,50-55,98,1096.1577
myanmar,9,55-60,98,859.7316
myanmar,10,60-65,98,666.2919
myanmar,11,65-70,98,494.3456
myanmar,12,70-75,98,214.9329
myanmar,13,75-80,98,150.4530
myanmar,14,80-85,98,21.4933
myanmar,15,85+,98,21.4933
myanmar,0,0-15,99,0.0000
myanmar,1,15-20,99,0.0000
myanmar,2,20-25,99,0.0000
myanmar,3,25-30,99,85.9733
myanmar,4,30-35,99,343.8930
myanmar,5,35-40,99,515.8396
myanmar,6,40-45,99,730.7727
myanmar,7,45-50,99,1139.1446
myanmar,8,50-55,99,1225.1174
myanmar,9,55-60,99,988.6913
myanmar,10,60-65,99,558.8254
myanmar,11,65-70,99,558.8254
myanmar,12,70-75,99,257.9194
myanmar,13,75-80,99,128.9597
myanmar,14,80-85,99,128.9597
myanmar,15,85+,99,21.4933
nepal,0,0-15,0,0.0000
nepal,1,15-20,0,0.0000
nepal,2,20-25,0,0.0000
nepal,3,25-30,0,10.0286
nepal,4,30-35,0,50.1429
nepal,5,35-40,0,80.2287
nepal,6,40-45,0,170.4859
nepal,7,45-50,0,240.6859
nepal,8,50-55,0,210.6002
nepal,9,55-60,0,210.6003
nepal,10,60-65,0,100.2859
nepal,11,65-70,0,110.3144
nepal,12,70-75,0,60.1715
nepal,13,75-80,0,50.1430
nepal,14,80-85,0,20.0572
nepal,15,85+,0,10.0286
nepal,0,0-15,1,0.0000
nepal,1,15-20,1,0.0000
nepal,2,20-25,1,20.0572
nepal,3,25-30,1,90.2572
nepal,4,30-35,1,150.4287
nepal,5,35-40,1,130.3716
nepal,6,40-45,1,180.5145
nepal,7,45-50,1,260.7431
nepal,8,50-55,1,340.9719
nepal,9,55-60,1,180.5147
nepal,10,60-65,1,190.5433
nepal,11,65-70,1,140.4003
nepal,12,70-75,1,70.2002
nepal,13,75-80,1,40.1144
nepal,14,80-85,1,0.0000
nepal,15,85+,1,0.0000
nepal,0,0-15,2,0.0000
nepal,1,15-20,2,0.0000
nepal,2,20-25,2,20.0572
nepal,3,25-30,2,90.2572
nepal,4,30-35,2,150.4287
nepal,5,35-40,2,130.3716
nepal,6,40-45,2,180.5145
nepal,7,45-50,2,260.7431
nepal,8,50-55,2,340.9719
nepal,9,55-60,2,180.5147
nepal,10,60-65,2,190.5433
nepal,11,65-70,2,140.4003
nepal,12,70-75,2,70.2002
nepal,13,75-80,2,40.1144
nepal,14,80-85,2,0.0000
nepal,15,85+,2,0.0000
nepal,0,0-15,3,0.0000
nepal,1,15-20,3,0.0000
nepal,2,20-25,3,20.0572
nepal,3,25-30,3,90.2572
nepal,4,30-35,3,150.4287
nepal,5,35-40,3,130.3716
nepal,6,40-45,3,180.5145
nepal,7,45-50,3,260.7431
nepal,8,50-55,3,340.9719
nepal,9,55-60,3,180.5147
nepal,10,60-65,3,190.5433
nepal,11,65-70,3,140.4003
nepal,12,70-75,3,70.2002
nepal,13,75-80,3,40.1144
nepal,14,80-85,3,0.0000
nepal,15,85+,3,0.0000
nepal,0,0-15,4,0.0000
nepal,1,15-20,4,0.0000
nepal,2,20-25,4,20.0572
nepal,3,25-30,4,90.2572
nepal,4,30-35,4,150.4287
nepal,5,35-40,4,130.3716
nepal,6,40-45,4,180.5145
nepal,7,45-50,4,260.7431
nepal,8,50-55,4,340.9719
nepal,9,55-60,4,180.5147
nepal,10,60-65,4,190.5433
nepal,11,65-70,4,140.4003
nepal,12,70-75,4,70.2002
nepal,13,75-80,4,40.1144
nepal,14,80-85,4,0.0000
nepal,15,85+,4,0.0000
nepal,0,0-15,5,0.0000
nepal,1,15-20,5,0.0000
nepal,2,20-25,5,20.0572
nepal,3,25-30,5,90.2572
nepal,4,30-35,5,150.4287
nepal,5,35-40,5,130.3716
nepal,6,40-45,5,180.5145
nepal,7,45-50,5,260.7431
nepal,8,50-55,5,340.9719
nepal,9,55-60,5,180.5147
nepal,10,60-65,5,190.5433
nepal,11,65-70,5,140.4003
nepal,12,70-75,5,70.2002
nepal,13,75-80,5,40.1144
nepal,14,80-85,5,0.0000
nepal,15,85+,5,0.0000
nepal,0,0-15,6,0.0000
nepal,1,15-20,6,0.0000
nepal,2,20-25,6,20.0572
nepal,3,25-30,6,90.2572
nepal,4,30-35,6,150.4287
nepal,5,35-40,6,130.3716
nepal,6,40-45,6,180.5145
nepal,7,45-50,6,260.7431
nepal,8,50-55,6,340.9719
nepal,9,55-60,6,180.5147
nepal,10,60-65,6,190.5433
nepal,11,65-70,6,140.4003
nepal,12,70-75,6,70.2002
nepal,13,75-80,6,40.1144
nepal,14,80-85,6,0.0000
nepal,15,85+,6,0.0000
nepal,0,0-15,7,0.0000
nepal,1,15-20,7,0.0000
nepal,2,20-25,7,0.0000
nepal,3,25-30,7,60.1715
nepal,4,30-35,7,190.5431
nepal,5,35-40,7,100.2858
nepal,6,40-45,7,200.5716
nepal,7,45-50,7,250.7145
nepal,8,50-55,7,220.6289
nepal,9,55-60,7,200.5718
nepal,10,60-65,7,160.4575
nepal,11,65-70,7,120.3431
nepal,12,70-75,7,100.2859
nepal,13,75-80,7,50.1430
nepal,14,80-85,7,10.0286
nepal,15,85+,7,10.0286
nepal,0,0-15,8,0.0000
nepal,1,15-20,8,0.0000
nepal,2,20-25,8,10.0286
nepal,3,25-30,8,40.1143
nepal,4,30-35,8,120.3430
nepal,5,35-40,8,160.4573
nepal,6,40-45,8,140.4001
nepal,7,45-50,8,230.6574
nepal,8,50-55,8,190.5431
nepal,9,55-60,8,260.7432
nepal,10,60-65,8,170.4860
nepal,11,65-70,8,110.3145
nepal,12,70-75,8,60.1716
nepal,13,75-80,8,60.1716
nepal,14,80-85,8,10.0286
nepal,15,85+,8,0.0000
nepal,0,0-15,9,0.0000
nepal,1,15-20,9,0.0000
nepal,2,20-25,9,10.0286
nepal,3,25-30,9,40.1143
nepal,4,30-35,9,120.3430
nepal,5,35-40,9,160.4573
nepal,6,40-45,9,140.4001
nepal,7,45-50,9,230.6574
nepal,8,50-55,9,190.5431
nepal,9,55-60,9,260.7432
nepal,10,60-65,9,170.4860
nepal,11,65-70,9,110.3145
nepal,12,70-75,9,60.1716
nepal,13,75-80,9,60.1716
nepal,14,80-85,9,10.0286
nepal,15,85+,9,0.0000
nepal,0,0-15,10,0.0000
nepal,1,15-20,10,0.0000
nepal,2,20-25,10,10.0286
nepal,3,25-30,10,40.1143
nepal,4,30-35,10,120.3430
nepal,5,35-40,10,160.4573
nepal,6,40-45,10,140.4001
nepal,7,45-50,10,230.6574
nepal,8,50-55,10,190.5431
nepal,9,55-60,10,260.7432
nepal,10,60-65,10,170.4860
nepal,11,65-70,10,110.3145
nepal,12,70-75,10,60.1716
nepal,13,75-80,10,60.1716
nepal,14,80-85,10,10.0286
nepal,15,85+,10,0.0000
nepal,0,0-15,11,0.0000
nepal,1,15-20,11,0.0000
nepal,2,20-25,11,10.0286
nepal,3,25-30,11,40.1143
nepal,4,30-35,11,120.3430
nepal,5,35-40,11,160.4573
nepal,6,40-45,11,140.4001
nepal,7,45-50,11,230.6574
nepal,8,50-55,11,190.5431
nepal,9,55-60,11,260.7432
nepal,10,60-65,11,170.4860
nepal,11,65-70,11,110.3145
nepal,12,70-75,11,60.1716
nepal,13,75-80,11,60.1716
nepal,14,80-85,11,10.0286
nepal,15,85+,11,0.0000
nepal,0,0-15,12,0.0000
nepal,1,15-20,12,0.0000
nepal,2,20-25,12,10.0286
nepal,3,25-30,12,40.1143
nepal,4,30-35,12,120.3430
nepal,5,35-40,12,160.4573
nepal,6,40-45,12,140.4001
nepal,7,45-50,12,230.6574
nepal,8,50-55,12,190.5431
nepal,9,55-60,12,260.7432
nepal,10,60-65,12,170.4860
nepal,11,65-70,12,110.3145
nepal,12,70-75,12,60.1716
nepal,13,75-80,12,60.1716
nepal,14,80-85,12,10.0286
nepal,15,85+,12,0.0000
nepal,0,0-15,13,0.0000
nepal,1,15-20,13,0.0000
nepal,2,20-25,13,10.0286
nepal,3,25-30,13,40.1143
nepal,4,30-35,13,120.3430
nepal,5,35-40,13,160.4573
nepal,6,40-45,13,140.4001
nepal,7,45-50,13,230.6574
nepal,8,50-55,13,190.5431
nepal,9,55-60,13,260.7432
nepal,10,60-65,13,170.4860
nepal,11,65-70,13,110.3145
nepal,12,70-75,13,60.1716
nepal,13,75-80,13,60.1716
nepal,14,80-85,13,10.0286
nepal,15,85+,13,0.0000
nepal,0,0-15,14,0.0000
nepal,1,15-20,14,0.0000
nepal,2,20-25,14,10.0286
nepal,3,25-30,14,40.1143
nepal,4,30-35,14,120.3430
nepal,5,35-40,14,160.4573
nepal,6,40-45,14,140.4001
nepal,7,45-50,14,230.6574
nepal,8,50-55,14,190.5431
nepal,9,55-60,14,260.7432
nepal,10,60-65,14,170.4860
nepal,11,65-70,14,110.3145
nepal,12,70-75,14,60.1716
nepal,13,75-80,14,60.1716
nepal,14,80-85,14,10.0286
nepal,15,85+,14,0.0000
nepal,0,0-15,15,0.0000
nepal,1,15-20,15,0.0000
nepal,2,20-25,15,0.0000
nepal,3,25-30,15,60.1715
nepal,4,30-35,15,100.2858
nepal,5,35-40,15,200.5716
nepal,6,40-45,15,230.6574
nepal,7,45-50,15,230.6573
nepal,8,50-55,15,230.6575
nepal,9,55-60,15,170.4860
nepal,10,60-65,15,120.3431
nepal,11,65-70,15,130.3717
nepal,12,70-75,15,140.4003
nepal,13,75-80,15,70.2002
nepal,14,80-85,15,20.0572
nepal,15,85+,15,0.0000
nepal,0,0-15,16,0.0000
nepal,1,15-20,16,0.0000
nepal,2,20-25,16,0.0000
nepal,3,25-30,16,60.1715
nepal,4,30-35,16,100.2858
nepal,5,35-40,16,200.5716
nepal,6,40-45,16,230.6574
nepal,7,45-50,16,230.6573
nepal,8,50-55,16,230.6575
nepal,9,55-60,16,170.4860
nepal,10,60-65,16,120.3431
nepal,11,65-70,16,130.3717
nepal,12,70-75,16,140.4003
nepal,13,75-80,16,70.2002
nepal,14,80-85,16,20.0572
nepal,15,85+,16,0.0000
nepal,0,0-15,17,0.0000
nepal,1,15-20,17,0.0000
nepal,2,20-25,17,0.0000
nepal,3,25-30,17,60.1715
nepal,4,30-35,17,100.2858
nepal,5,35-40,17,200.5716
nepal,6,40-45,17,230.6574
nepal,7,45-50,17,230.6573
nepal,8,50-55,17,230.6575
nepal,9,55-60,17,170.4860
nepal,10,60-65,17,120.3431
nepal,11,65-70,17,130.3717
nepal,12,70-75,17,140.4003
nepal,13,75-80,17,70.2002
nepal,14,80-85,17,20.0572
nepal,15,85+,17,0.0000
nepal,0,0-15,18,0.0000
nepal,1,15-20,18,0.0000
nepal,2,20-25,18,20.0572
nepal,3,25-30,18,30.0857
nepal,4,30-35,18,90.2572
nepal,5,35-40,18,190.5431
nepal,6,40-45,18,170.4859
nepal,7,45-50,18,250.7145
nepal,8,50-55,18,300.8575
nepal,9,55-60,18,200.5718
nepal,10,60-65,18,90.2574
nepal,11,65-70,18,60.1715
nepal,12,70-75,18,100.2859
nepal,13,75-80,18,50.1430
nepal,14,80-85,18,10.0286
nepal,15,85+,18,0.0000
nepal,0,0-15,19,0.0000
nepal,1,15-20,19,0.0000
nepal,2,20-25,19,20.0572
nepal,3,25-30,19,50.1429
nepal,4,30-35,19,100.2858
nepal,5,35-40,19,90.2572
nepal,6,40-45,19,180.5145
nepal,7,45-50,19,150.4287
nepal,8,50-55,19,220.6288
nepal,9,55-60,19,180.5145
nepal,10,60-65,19,160.4574
nepal,11,65-70,19,110.3145
nepal,12,70-75,19,110.3145
nepal,13,75-80,19,40.1144
nepal,14,80-85,19,20.0572
nepal,15,85+,19,0.0000
nepal,0,0-15,20,0.0000
nepal,1,15-20,20,0.0000
nepal,2,20-25,20,20.0572
nepal,3,25-30,20,50.1429
nepal,4,30-35,20,100.2858
nepal,5,35-40,20,90.2572
nepal,6,40-45,20,180.5145
nepal,7,45-50,20,150.4287
nepal,8,50-55,20,220.6288
nepal,9,55-60,20,180.5145
nepal,10,60-65,20,160.4574
nepal,11,65-70,20,110.3145
nepal,12,70-75,20,110.3145
nepal,13,75-80,20,40.1144
nepal,14,80-85,20,20.0572
nepal,15,85+,20,0.0000
nepal,0,0-15,21,0.0000
nepal,1,15-20,21,0.0000
nepal,2,20-25,21,20.0572
nepal,3,25-30,21,50.1429
nepal,4,30-35,21,100.2858
nepal,5,35-40,21,90.2572
nepal,6,40-45,21,180.5145
nepal,7,45-50,21,150.4287
nepal,8,50-55,21,220.6288
nepal,9,55-60,21,180.5145
nepal,10,60-65,21,160.4574
nepal,11,65-70,21,110.3145
nepal,12,70-75,21,110.3145
nepal,13,75-80,21,40.1144
nepal,14,80-85,21,20.0572
nepal,15,85+,21,0.0000
nepal,0,0-15,22,0.0000
nepal,1,15-20,22,0.0000
nepal,2,20-25,22,20.0572
nepal,3,25-30,22,50.1429
nepal,4,30-35,22,100.2858
nepal,5,35-40,22,90.2572
nepal,6,40-45,22,180.5145
nepal,7,45-50,22,150.4287
nepal,8,50-55,22,220.6288
nepal,9,55-60,22,180.5145
nepal,10,60-65,22,160.4574
nepal,11,65-70,22,110.3145
nepal,12,70-75,22,110.3145
nepal,13,75-80,22,40.1144
nepal,14,80-85,22,20.0572
nepal,15,85+,22,0.0000
nepal,0,0-15,23,0.0000
nepal,1,15-20,23,0.0000
nepal,2,20-25,23,20.0572
nepal,3,25-30,23,50.1429
nepal,4,30-35,23,100.2858
nepal,5,35-40,23,90.2572
nepal,6,40-45,23,180.5145
nepal,7,45-50,23,150.4287
nepal,8,50-55,23,220.6288
nepal,9,55-60,23,180.5145
nepal,10,60-65,23,160.4574
nepal,11,65-70,23,110.3145
nepal,12,70-75,23,110.3145
nepal,13,75-80,23,40.1144
nepal,14,80-85,23,20.0572
nepal,15,85+,23,0.0000
nepal,0,0-15,24,0.0000
nepal,1,15-20,24,0.0000
nepal,2,20-25,24,20.0572
nepal,3,25-30,24,50.1429
nepal,4,30-35,24,100.2858
nepal,5,35-40,24,90.2572
nepal,6,40-45,24,180.5145
nepal,7,45-50,24,150.4287
nepal,8,50-55,24,220.6288
nepal,9,55-60,24,180.5145
nepal,10,60-65,24,160.4574
nepal,11,65-70,24,110.3145
nepal,12,70-75,24,110.3145
nepal,13,75-80,24,40.1144
nepal,14,80-85,24,20.0572
nepal,15,85+,24,0.0000
nepal,0,0-15,25,0.0000
nepal,1,15-20,25,0.0000
nepal,2,20-25,25,20.0572
nepal,3,25-30,25,50.1429
nepal,4,30-35,25,100.2858
nepal,5,35-40,25,90.2572
nepal,6,40-45,25,180.5145
nepal,7,45-50,25,150.4287
nepal,8,50-55,25,220.6288
nepal,9,55-60,25,180.5145
nepal,10,60-65,25,160.4574
nepal,11,65-70,25,110.3145
nepal,12,70-75,25,110.3145
nepal,13,75-80,25,40.1144
nepal,14,80-85,25,20.0572
nepal,15,85+,25,0.0000
nepal,0,0-15,26,0.0000
nepal,1,15-20,26,0.0000
nepal,2,20-25,26,20.0572
nepal,3,25-30,26,50.1429
nepal,4,30-35,26,100.2858
nepal,5,35-40,26,90.2572
nepal,6,40-45,26,180.5145
nepal,7,45-50,26,150.4287
nepal,8,50-55,26,220.6288
nepal,9,55-60,26,180.5145
nepal,10,60-65,26,160.4574
nepal,11,65-70,26,110.3145
nepal,12,70-75,26,110.3145
nepal,13,75-80,26,40.1144
nepal,14,80-85,26,20.0572
nepal,15,85+,26,0.0000
nepal,0,0-15,27,0.0000
nepal,1,15-20,27,0.0000
nepal,2,20-25,27,20.0572
nepal,3,25-30,27,50.1429
nepal,4,30-35,27,100.2858
nepal,5,35-40,27,90.2572
nepal,6,40-45,27,180.5145
nepal,7,45-50,27,150.4287
nepal,8,50-55,27,220.6288
nepal,9,55-60,27,180.5145
nepal,10,60-65,27,160.4574
nepal,11,65-70,27,110.3145
nepal,12,70-75,27,110.3145
nepal,13,75-80,27,40.1144
nepal,14,80-85,27,20.0572
nepal,15,85+,27,0.0000
nepal,0,0-15,28,0.0000
nepal,1,15-20,28,0.0000
nepal,2,20-25,28,0.0000
nepal,3,25-30,28,50.1429
nepal,4,30-35,28,90.2572
nepal,5,35-40,28,90.2572
nepal,6,40-45,28,120.3430
nepal,7,45-50,28,160.4573
nepal,8,50-55,28,170.4859
nepal,9,55-60,28,170.4859
nepal,10,60-65,28,240.6860
nepal,11,65-70,28,70.2001
nepal,12,70-75,28,150.4289
nepal,13,75-80,28,50.1430
nepal,14,80-85,28,30.0858
nepal,15,85+,28,0.0000
nepal,0,0-15,29,0.0000
nepal,1,15-20,29,0.0000
nepal,2,20-25,29,20.0572
nepal,3,25-30,29,50.1429
nepal,4,30-35,29,140.4002
nepal,5,35-40,29,200.5716
nepal,6,40-45,29,170.4859
nepal,7,45-50,29,250.7145
nepal,8,50-55,29,310.8862
nepal,9,55-60,29,240.6862
nepal,10,60-65,29,150.4289
nepal,11,65-70,29,90.2574
nepal,12,70-75,29,50.1430
nepal,13,75-80,29,10.0286
nepal,14,80-85,29,20.0572
nepal,15,85+,29,0.0000
nepal,0,0-15,30,0.0000
nepal,1,15-20,30,0.0000
nepal,2,20-25,30,10.0286
nepal,3,25-30,30,90.2572
nepal,4,30-35,30,70.2001
nepal,5,35-40,30,210.6002
nepal,6,40-45,30,230.6574
nepal,7,45-50,30,260.7431
nepal,8,50-55,30,230.6575
nepal,9,55-60,30,200.5719
nepal,10,60-65,30,110.3145
nepal,11,65-70,30,150.4289
nepal,12,70-75,30,110.3145
nepal,13,75-80,30,20.0572
nepal,14,80-85,30,20.0572
nepal,15,85+,30,0.0000
nepal,0,0-15,31,0.0000
nepal,1,15-20,31,0.0000
nepal,2,20-25,31,10.0286
nepal,3,25-30,31,90.2572
nepal,4,30-35,31,70.2001
nepal,5,35-40,31,210.6002
nepal,6,40-45,31,230.6574
nepal,7,45-50,31,260.7431
nepal,8,50-55,31,230.6575
nepal,9,55-60,31,200.5719
nepal,10,60-65,31,110.3145
nepal,11,65-70,31,150.4289
nepal,12,70-75,31,110.3145
nepal,13,75-80,31,20.0572
nepal,14,80-85,31,20.0572
nepal,15,85+,31,0.0000
nepal,0,0-15,32,0.0000
nepal,1,15-20,32,0.0000
nepal,2,20-25,32,10.0286
nepal,3,25-30,32,90.2572
nepal,4,30-35,32,70.2001
nepal,5,35-40,32,210.6002
nepal,6,40-45,32,230.6574
nepal,7,45-50,32,260.7431
nepal,8,50-55,32,230.6575
nepal,9,55-60,32,200.5719
nepal,10,60-65,32,110.3145
nepal,11,65-70,32,150.4289
nepal,12,70-75,32,110.3145
nepal,13,75-80,32,20.0572
nepal,14,80-85,32,20.0572
nepal,15,85+,32,0.0000
nepal,0,0-15,33,0.0000
nepal,1,15-20,33,0.0000
nepal,2,20-25,33,0.0000
nepal,3,25-30,33,50.1429
nepal,4,30-35,33,140.4002
nepal,5,35-40,33,250.7145
nepal,6,40-45,33,290.8288
nepal,7,45-50,33,300.8574
nepal,8,50-55,33,180.5147
nepal,9,55-60,33,210.6005
nepal,10,60-65,33,290.8291
nepal,11,65-70,33,210.6003
nepal,12,70-75,33,120.3430
nepal,13,75-80,33,40.1143
nepal,14,80-85,33,10.0286
nepal,15,85+,33,10.0286
nepal,0,0-15,34,0.0000
nepal,1,15-20,34,0.0000
nepal,2,20-25,34,10.0286
nepal,3,25-30,34,80.2287
nepal,4,30-35,34,150.4287
nepal,5,35-40,34,160.4573
nepal,6,40-45,34,270.7717
nepal,7,45-50,34,330.9432
nepal,8,50-55,34,230.6576
nepal,9,55-60,34,260.7435
nepal,10,60-65,34,170.4861
nepal,11,65-70,34,90.2574
nepal,12,70-75,34,120.3430
nepal,13,75-80,34,40.1143
nepal,14,80-85,34,20.0572
nepal,15,85+,34,0.0000
nepal,0,0-15,35,0.0000
nepal,1,15-20,35,0.0000
nepal,2,20-25,35,0.0000
nepal,3,25-30,35,80.2287
nepal,4,30-35,35,90.2572
nepal,5,35-40,35,130.3716
nepal,6,40-45,35,210.6002
nepal,7,45-50,35,230.6573
nepal,8,50-55,35,240.6860
nepal,9,55-60,35,250.7148
nepal,10,60-65,35,140.4003
nepal,11,65-70,35,80.2287
nepal,12,70-75,35,20.0572
nepal,13,75-80,35,40.1144
nepal,14,80-85,35,10.0286
nepal,15,85+,35,0.0000
nepal,0,0-15,36,0.0000
nepal,1,15-20,36,0.0000
nepal,2,20-25,36,10.0286
nepal,3,25-30,36,40.1143
nepal,4,30-35,36,80.2287
nepal,5,35-40,36,100.2858
nepal,6,40-45,36,180.5145
nepal,7,45-50,36,140.4001
nepal,8,50-55,36,260.7431
nepal,9,55-60,36,160.4574
nepal,10,60-65,36,140.4002
nepal,11,65-70,36,90.2572
nepal,12,70-75,36,50.1430
nepal,13,75-80,36,80.2287
nepal,14,80-85,36,10.0286
nepal,15,85+,36,0.0000
nepal,0,0-15,37,0.0000
nepal,1,15-20,37,0.0000
nepal,2,20-25,37,10.0286
nepal,3,25-30,37,40.1143
nepal,4,30-35,37,80.2287
nepal,5,35-40,37,100.2858
nepal,6,40-45,37,180.5145
nepal,7,45-50,37,140.4001
nepal,8,50-55,37,260.7431
nepal,9,55-60,37,160.4574
nepal,10,60-65,37,140.4002
nepal,11,65-70,37,90.2572
nepal,12,70-75,37,50.1430
nepal,13,75-80,37,80.2287
nepal,14,80-85,37,10.0286
nepal,15,85+,37,0.0000
nepal,0,0-15,38,0.0000
nepal,1,15-20,38,0.0000
nepal,2,20-25,38,30.0857
nepal,3,25-30,38,50.1429
nepal,4,30-35,38,140.4001
nepal,5,35-40,38,190.5431
nepal,6,40-45,38,200.5716
nepal,7,45-50,38,230.6573
nepal,8,50-55,38,200.5717
nepal,9,55-60,38,270.7720
nepal,10,60-65,38,180.5147
nepal,11,65-70,38,60.1716
nepal,12,70-75,38,60.1716
nepal,13,75-80,38,30.0858
nepal,14,80-85,38,20.0572
nepal,15,85+,38,10.0286
nepal,0,0-15,39,0.0000
nepal,1,15-20,39,0.0000
nepal,2,20-25,39,10.0286
nepal,3,25-30,39,20.0572
nepal,4,30-35,39,90.2572
nepal,5,35-40,39,170.4859
nepal,6,40-45,39,140.4001
nepal,7,45-50,39,280.8003
nepal,8,50-55,39,190.5430
nepal,9,55-60,39,160.4574
nepal,10,60-65,39,120.3431
nepal,11,65-70,39,140.4003
nepal,12,70-75,39,40.1144
nepal,13,75-80,39,70.2001
nepal,14,80-85,39,50.1430
nepal,15,85+,39,0.0000
nepal,0,0-15,40,0.0000
nepal,1,15-20,40,0.0000
nepal,2,20-25,40,20.0572
nepal,3,25-30,40,50.1429
nepal,4,30-35,40,90.2572
nepal,5,35-40,40,190.5431
nepal,6,40-45,40,220.6288
nepal,7,45-50,40,250.7145
nepal,8,50-55,40,280.8004
nepal,9,55-60,40,220.6290
nepal,10,60-65,40,130.3717
nepal,11,65-70,40,60.1716
nepal,12,70-75,40,50.1430
nepal,13,75-80,40,30.0858
nepal,14,80-85,40,0.0000
nepal,15,85+,40,0.0000
nepal,0,0-15,41,0.0000
nepal,1,15-20,41,0.0000
nepal,2,20-25,41,0.0000
nepal,3,25-30,41,50.1429
nepal,4,30-35,41,30.0857
nepal,5,35-40,41,130.3716
nepal,6,40-45,41,170.4859
nepal,7,45-50,41,190.5430
nepal,8,50-55,41,140.4001
nepal,9,55-60,41,180.5145
nepal,10,60-65,41,160.4574
nepal,11,65-70,41,150.4288
nepal,12,70-75,41,40.1144
nepal,13,75-80,41,30.0858
nepal,14,80-85,41,20.0572
nepal,15,85+,41,0.0000
nepal,0,0-15,42,0.0000
nepal,1,15-20,42,0.0000
nepal,2,20-25,42,10.0286
nepal,3,25-30,42,50.1429
nepal,4,30-35,42,160.4573
nepal,5,35-40,42,150.4287
nepal,6,40-45,42,210.6002
nepal,7,45-50,42,210.6002
nepal,8,50-55,42,160.4573
nepal,9,55-60,42,170.4860
nepal,10,60-65,42,100.2859
nepal,11,65-70,42,150.4289
nepal,12,70-75,42,120.3431
nepal,13,75-80,42,80.2288
nepal,14,80-85,42,10.0286
nepal,15,85+,42,10.0286
nepal,0,0-15,43,0.0000
nepal,1,15-20,43,0.0000
nepal,2,20-25,43,10.0286
nepal,3,25-30,43,50.1429
nepal,4,30-35,43,160.4573
nepal,5,35-40,43,150.4287
nepal,6,40-45,43,210.6002
nepal,7,45-50,43,210.6002
nepal,8,50-55,43,160.4573
nepal,9,55-60,43,170.4860
nepal,10,60-65,43,100.2859
nepal,11,65-70,43,150.4289
nepal,12,70-75,43,120.3431
nepal,13,75-80,43,80.2288
nepal,14,80-85,43,10.0286
nepal,15,85+,43,10.0286
nepal,0,0-15,44,0.0000
nepal,1,15-20,44,0.0000
nepal,2,20-25,44,0.0000
nepal,3,25-30,44,40.1143
nepal,4,30-35,44,130.3716
nepal,5,35-40,44,160.4573
nepal,6,40-45,44,240.6859
nepal,7,45-50,44,290.8288
nepal,8,50-55,44,401.1435
nepal,9,55-60,44,210.6005
nepal,10,60-65,44,130.3717
nepal,11,65-70,44,100.2859
nepal,12,70-75,44,90.2572
nepal,13,75-80,44,20.0572
nepal,14,80-85,44,30.0858
nepal,15,85+,44,10.0286
nepal,0,0-15,45,0.0000
nepal,1,15-20,45,0.0000
nepal,2,20-25,45,10.0286
nepal,3,25-30,45,40.1143
nepal,4,30-35,45,90.2572
nepal,5,35-40,45,160.4573
nepal,6,40-45,45,200.5716
nepal,7,45-50,45,210.6002
nepal,8,50-55,45,200.5716
nepal,9,55-60,45,210.6003
nepal,10,60-65,45,170.4861
nepal,11,65-70,45,40.1144
nepal,12,70-75,45,60.1716
nepal,13,75-80,45,30.0858
nepal,14,80-85,45,10.0286
nepal,15,85+,45,10.0286
nepal,0,0-15,46,0.0000
nepal,1,15-20,46,0.0000
nepal,2,20-25,46,10.0286
nepal,3,25-30,46,40.1143
nepal,4,30-35,46,90.2572
nepal,5,35-40,46,160.4573
nepal,6,40-45,46,200.5716
nepal,7,45-50,46,210.6002
nepal,8,50-55,46,200.5716
nepal,9,55-60,46,210.6003
nepal,10,60-65,46,170.4861
nepal,11,65-70,46,40.1144
nepal,12,70-75,46,60.1716
nepal,13,75-80,46,30.0858
nepal,14,80-85,46,10.0286
nepal,15,85+,46,10.0286
nepal,0,0-15,47,0.0000
nepal,1,15-20,47,0.0000
nepal,2,20-25,47,10.0286
nepal,3,25-30,47,70.2001
nepal,4,30-35,47,190.5431
nepal,5,35-40,47,160.4573
nepal,6,40-45,47,130.3716
nepal,7,45-50,47,240.6859
nepal,8,50-55,47,250.7146
nepal,9,55-60,47,160.4574
nepal,10,60-65,47,190.5433
nepal,11,65-70,47,120.3431
nepal,12,70-75,47,50.1430
nepal,13,75-80,47,60.1716
nepal,14,80-85,47,10.0286
nepal,15,85+,47,0.0000
nepal,0,0-15,48,0.0000
nepal,1,15-20,48,0.0000
nepal,2,20-25,48,10.0286
nepal,3,25-30,48,70.2001
nepal,4,30-35,48,190.5431
nepal,5,35-40,48,160.4573
nepal,6,40-45,48,130.3716
nepal,7,45-50,48,240.6859
nepal,8,50-55,48,250.7146
nepal,9,55-60,48,160.4574
nepal,10,60-65,48,190.5433
nepal,11,65-70,48,120.3431
nepal,12,70-75,48,50.1430
nepal,13,75-80,48,60.1716
nepal,14,80-85,48,10.0286
nepal,15,85+,48,0.0000
nepal,0,0-15,49,0.0000
nepal,1,15-20,49,0.0000
nepal,2,20-25,49,10.0286
nepal,3,25-30,49,80.2287
nepal,4,30-35,49,130.3716
nepal,5,35-40,49,240.6860
nepal,6,40-45,49,310.8860
nepal,7,45-50,49,250.7146
nepal,8,50-55,49,190.5432
nepal,9,55-60,49,310.8864
nepal,10,60-65,49,140.4003
nepal,11,65-70,49,150.4289
nepal,12,70-75,49,140.4001
nepal,13,75-80,49,20.0571
nepal,14,80-85,49,10.0286
nepal,15,85+,49,10.0286
nepal,0,0-15,50,0.0000
nepal,1,15-20,50,0.0000
nepal,2,20-25,50,0.0000
nepal,3,25-30,50,70.2001
nepal,4,30-35,50,90.2572
nepal,5,35-40,50,160.4573
nepal,6,40-45,50,250.7145
nepal,7,45-50,50,180.5144
nepal,8,50-55,50,170.4859
nepal,9,55-60,50,150.4288
nepal,10,60-65,50,170.4860
nepal,11,65-70,50,150.4289
nepal,12,70-75,50,80.2287
nepal,13,75-80,50,80.2287
nepal,14,80-85,50,10.0286
nepal,15,85+,50,20.0572
nepal,0,0-15,51,0.0000
nepal,1,15-20,51,10.0286
nepal,2,20-25,51,0.0000
nepal,3,25-30,51,10.0286
nepal,4,30-35,51,110.3144
nepal,5,35-40,51,140.4002
nepal,6,40-45,51,150.4287
nepal,7,45-50,51,220.6288
nepal,8,50-55,51,250.7145
nepal,9,55-60,51,210.6003
nepal,10,60-65,51,60.1715
nepal,11,65-70,51,90.2573
nepal,12,70-75,51,50.1430
nepal,13,75-80,51,50.1430
nepal,14,80-85,51,10.0286
nepal,15,85+,51,10.0286
nepal,0,0-15,52,0.0000
nepal,1,15-20,52,0.0000
nepal,2,20-25,52,10.0286
nepal,3,25-30,52,70.2001
nepal,4,30-35,52,70.2001
nepal,5,35-40,52,120.3430
nepal,6,40-45,52,220.6288
nepal,7,45-50,52,230.6574
nepal,8,50-55,52,250.7147
nepal,9,55-60,52,120.3430
nepal,10,60-65,52,70.2001
nepal,11,65-70,52,180.5146
nepal,12,70-75,52,20.0572
nepal,13,75-80,52,30.0858
nepal,14,80-85,52,20.0572
nepal,15,85+,52,10.0286
nepal,0,0-15,53,0.0000
nepal,1,15-20,53,0.0000
nepal,2,20-25,53,10.0286
nepal,3,25-30,53,40.1143
nepal,4,30-35,53,90.2572
nepal,5,35-40,53,260.7431
nepal,6,40-45,53,250.7145
nepal,7,45-50,53,230.6574
nepal,8,50-55,53,300.8576
nepal,9,55-60,53,110.3145
nepal,10,60-65,53,170.4861
nepal,11,65-70,53,140.4003
nepal,12,70-75,53,60.1716
nepal,13,75-80,53,10.0286
nepal,14,80-85,53,40.1144
nepal,15,85+,53,10.0286
nepal,0,0-15,54,0.0000
nepal,1,15-20,54,0.0000
nepal,2,20-25,54,10.0286
nepal,3,25-30,54,40.1143
nepal,4,30-35,54,90.2572
nepal,5,35-40,54,260.7431
nepal,6,40-45,54,250.7145
nepal,7,45-50,54,230.6574
nepal,8,50-55,54,300.8576
nepal,9,55-60,54,110.3145
nepal,10,60-65,54,170.4861
nepal,11,65-70,54,140.4003
nepal,12,70-75,54,60.1716
nepal,13,75-80,54,10.0286
nepal,14,80-85,54,40.1144
nepal,15,85+,54,10.0286
nepal,0,0-15,55,0.0000
nepal,1,15-20,55,0.0000
nepal,2,20-25,55,10.0286
nepal,3,25-30,55,40.1143
nepal,4,30-35,55,90.2572
nepal,5,35-40,55,260.7431
nepal,6,40-45,55,250.7145
nepal,7,45-50,55,230.6574
nepal,8,50-55,55,300.8576
nepal,9,55-60,55,110.3145
nepal,10,60-65,55,170.4861
nepal,11,65-70,55,140.4003
nepal,12,70-75,55,60.1716
nepal,13,75-80,55,10.0286
nepal,14,80-85,55,40.1144
nepal,15,85+,55,10.0286
nepal,0,0-15,56,0.0000
nepal,1,15-20,56,0.0000
nepal,2,20-25,56,10.0286
nepal,3,25-30,56,20.0572
nepal,4,30-35,56,60.1715
nepal,5,35-40,56,100.2858
nepal,6,40-45,56,170.4859
nepal,7,45-50,56,180.5145
nepal,8,50-55,56,200.5716
nepal,9,55-60,56,150.4287
nepal,10,60-65,56,120.3430
nepal,11,65-70,56,120.3430
nepal,12,70-75,56,50.1430
nepal,13,75-80,56,30.0858
nepal,14,80-85,56,10.0286
nepal,15,85+,56,0.0000
nepal,0,0-15,57,0.0000
nepal,1,15-20,57,0.0000
nepal,2,20-25,57,20.0572
nepal,3,25-30,57,20.0572
nepal,4,30-35,57,90.2572
nepal,5,35-40,57,110.3144
nepal,6,40-45,57,250.7145
nepal,7,45-50,57,220.6288
nepal,8,50-55,57,230.6574
nepal,9,55-60,57,190.5432
nepal,10,60-65,57,130.3717
nepal,11,65-70,57,60.1716
nepal,12,70-75,57,40.1144
nepal,13,75-80,57,30.0858
nepal,14,80-85,57,10.0286
nepal,15,85+,57,10.0286
nepal,0,0-15,58,0.0000
nepal,1,15-20,58,0.0000
nepal,2,20-25,58,20.0572
nepal,3,25-30,58,20.0572
nepal,4,30-35,58,90.2572
nepal,5,35-40,58,110.3144
nepal,6,40-45,58,250.7145
nepal,7,45-50,58,220.6288
nepal,8,50-55,58,230.6574
nepal,9,55-60,58,190.5432
nepal,10,60-65,58,130.3717
nepal,11,65-70,58,60.1716
nepal,12,70-75,58,40.1144
nepal,13,75-80,58,30.0858
nepal,14,80-85,58,10.0286
nepal,15,85+,58,10.0286
nepal,0,0-15,59,0.0000
nepal,1,15-20,59,0.0000
nepal,2,20-25,59,20.0572
nepal,3,25-30,59,20.0572
nepal,4,30-35,59,240.6860
nepal,5,35-40,59,190.5430
nepal,6,40-45,59,220.6288
nepal,7,45-50,59,180.5144
nepal,8,50-55,59,270.7718
nepal,9,55-60,59,220.6291
nepal,10,60-65,59,220.6291
nepal,11,65-70,59,80.2288
nepal,12,70-75,59,60.1716
nepal,13,75-80,59,40.1144
nepal,14,80-85,59,0.0000
nepal,15,85+,59,0.0000
nepal,0,0-15,60,0.0000
nepal,1,15-20,60,0.0000
nepal,2,20-25,60,20.0572
nepal,3,25-30,60,20.0572
nepal,4,30-35,60,240.6860
nepal,5,35-40,60,190.5430
nepal,6,40-45,60,220.6288
nepal,7,45-50,60,180.5144
nepal,8,50-55,60,270.7718
nepal,9,55-60,60,220.6291
nepal,10,60-65,60,220.6291
nepal,11,65-70,60,80.2288
nepal,12,70-75,60,60.1716
nepal,13,75-80,60,40.1144
nepal,14,80-85,60,0.0000
nepal,15,85+,60,0.0000
nepal,0,0-15,61,0.0000
nepal,1,15-20,61,0.0000
nepal,2,20-25,61,20.0572
nepal,3,25-30,61,20.0572
nepal,4,30-35,61,240.6860
nepal,5,35-40,61,190.5430
nepal,6,40-45,61,220.6288
nepal,7,45-50,61,180.5144
nepal,8,50-55,61,270.7718
nepal,9,55-60,61,220.6291
nepal,10,60-65,61,220.6291
nepal,11,65-70,61,80.2288
nepal,12,70-75,61,60.1716
nepal,13,75-80,61,40.1144
nepal,14,80-85,61,0.0000
nepal,15,85+,61,0.0000
nepal,0,0-15,62,0.0000
nepal,1,15-20,62,0.0000
nepal,2,20-25,62,20.0572
nepal,3,25-30,62,20.0572
nepal,4,30-35,62,240.6860
nepal,5,35-40,62,190.5430
nepal,6,40-45,62,220.6288
nepal,7,45-50,62,180.5144
nepal,8,50-55,62,270.7718
nepal,9,55-60,62,220.6291
nepal,10,60-65,62,220.6291
nepal,11,65-70,62,80.2288
nepal,12,70-75,62,60.1716
nepal,13,75-80,62,40.1144
nepal,14,80-85,62,0.0000
nepal,15,85+,62,0.0000
nepal,0,0-15,63,0.0000
nepal,1,15-20,63,0.0000
nepal,2,20-25,63,20.0572
nepal,3,25-30,63,20.0572
nepal,4,30-35,63,240.6860
nepal,5,35-40,63,190.5430
nepal,6,40-45,63,220.6288
nepal,7,45-50,63,180.5144
nepal,8,50-55,63,270.7718
nepal,9,55-60,63,220.6291
nepal,10,60-65,63,220.6291
nepal,11,65-70,63,80.2288
nepal,12,70-75,63,60.1716
nepal,13,75-80,63,40.1144
nepal,14,80-85,63,0.0000
nepal,15,85+,63,0.0000
nepal,0,0-15,64,0.0000
nepal,1,15-20,64,0.0000
nepal,2,20-25,64,20.0572
nepal,3,25-30,64,20.0572
nepal,4,30-35,64,240.6860
nepal,5,35-40,64,190.5430
nepal,6,40-45,64,220.6288
nepal,7,45-50,64,180.5144
nepal,8,50-55,64,270.7718
nepal,9,55-60,64,220.6291
nepal,10,60-65,64,220.6291
nepal,11,65-70,64,80.2288
nepal,12,70-75,64,60.1716
nepal,13,75-80,64,40.1144
nepal,14,80-85,64,0.0000
nepal,15,85+,64,0.0000
nepal,0,0-15,65,0.0000
nepal,1,15-20,65,0.0000
nepal,2,20-25,65,20.0572
nepal,3,25-30,65,20.0572
nepal,4,30-35,65,240.6860
nepal,5,35-40,65,190.5430
nepal,6,40-45,65,220.6288
nepal,7,45-50,65,180.5144
nepal,8,50-55,65,270.7718
nepal,9,55-60,65,220.6291
nepal,10,60-65,65,220.6291
nepal,11,65-70,65,80.2288
nepal,12,70-75,65,60.1716
nepal,13,75-80,65,40.1144
nepal,14,80-85,65,0.0000
nepal,15,85+,65,0.0000
nepal,0,0-15,66,0.0000
nepal,1,15-20,66,0.0000
nepal,2,20-25,66,10.0286
nepal,3,25-30,66,40.1143
nepal,4,30-35,66,70.2001
nepal,5,35-40,66,90.2572
nepal,6,40-45,66,180.5145
nepal,7,45-50,66,150.4287
nepal,8,50-55,66,210.6002
nepal,9,55-60,66,190.5431
nepal,10,60-65,66,120.3430
nepal,11,65-70,66,90.2573
nepal,12,70-75,66,80.2288
nepal,13,75-80,66,40.1144
nepal,14,80-85,66,0.0000
nepal,15,85+,66,0.0000
nepal,0,0-15,67,0.0000
nepal,1,15-20,67,0.0000
nepal,2,20-25,67,10.0286
nepal,3,25-30,67,50.1429
nepal,4,30-35,67,110.3144
nepal,5,35-40,67,170.4859
nepal,6,40-45,67,170.4859
nepal,7,45-50,67,250.7145
nepal,8,50-55,67,180.5145
nepal,9,55-60,67,240.6861
nepal,10,60-65,67,110.3145
nepal,11,65-70,67,100.2859
nepal,12,70-75,67,40.1144
nepal,13,75-80,67,20.0572
nepal,14,80-85,67,20.0572
nepal,15,85+,67,0.0000
nepal,0,0-15,68,0.0000
nepal,1,15-20,68,0.0000
nepal,2,20-25,68,10.0286
nepal,3,25-30,68,30.0857
nepal,4,30-35,68,140.4002
nepal,5,35-40,68,190.5431
nepal,6,40-45,68,170.4859
nepal,7,45-50,68,280.8003
nepal,8,50-55,68,170.4859
nepal,9,55-60,68,230.6575
nepal,10,60-65,68,130.3717
nepal,11,65-70,68,130.3717
nepal,12,70-75,68,50.1430
nepal,13,75-80,68,10.0286
nepal,14,80-85,68,30.0858
nepal,15,85+,68,0.0000
nepal,0,0-15,69,0.0000
nepal,1,15-20,69,0.0000
nepal,2,20-25,69,10.0286
nepal,3,25-30,69,10.0286
nepal,4,30-35,69,110.3144
nepal,5,35-40,69,180.5145
nepal,6,40-45,69,180.5145
nepal,7,45-50,69,160.4573
nepal,8,50-55,69,250.7145
nepal,9,55-60,69,180.5145
nepal,10,60-65,69,110.3145
nepal,11,65-70,69,60.1716
nepal,12,70-75,69,60.1716
nepal,13,75-80,69,30.0858
nepal,14,80-85,69,70.2002
nepal,15,85+,69,0.0000
nepal,0,0-15,70,0.0000
nepal,1,15-20,70,0.0000
nepal,2,20-25,70,10.0286
nepal,3,25-30,70,30.0857
nepal,4,30-35,70,130.3716
nepal,5,35-40,70,170.4859
nepal,6,40-45,70,300.8574
nepal,7,45-50,70,260.7431
nepal,8,50-55,70,220.6289
nepal,9,55-60,70,220.6291
nepal,10,60-65,70,150.4289
nepal,11,65-70,70,90.2574
nepal,12,70-75,70,90.2574
nepal,13,75-80,70,10.0286
nepal,14,80-85,70,0.0000
nepal,15,85+,70,0.0000
nepal,0,0-15,71,0.0000
nepal,1,15-20,71,0.0000
nepal,2,20-25,71,10.0286
nepal,3,25-30,71,110.3144
nepal,4,30-35,71,150.4287
nepal,5,35-40,71,210.6002
nepal,6,40-45,71,290.8288
nepal,7,45-50,71,340.9719
nepal,8,50-55,71,210.6004
nepal,9,55-60,71,300.8578
nepal,10,60-65,71,250.7147
nepal,11,65-70,71,140.4002
nepal,12,70-75,71,100.2858
nepal,13,75-80,71,30.0857
nepal,14,80-85,71,0.0000
nepal,15,85+,71,0.0000
nepal,0,0-15,72,0.0000
nepal,1,15-20,72,0.0000
nepal,2,20-25,72,10.0286
nepal,3,25-30,72,110.3144
nepal,4,30-35,72,150.4287
nepal,5,35-40,72,210.6002
nepal,6,40-45,72,290.8288
nepal,7,45-50,72,340.9719
nepal,8,50-55,72,210.6004
nepal,9,55-60,72,300.8578
nepal,10,60-65,72,250.7147
nepal,11,65-70,72,140.4002
nepal,12,70-75,72,100.2858
nepal,13,75-80,72,30.0857
nepal,14,80-85,72,0.0000
nepal,15,85+,72,0.0000
nepal,0,0-15,73,0.0000
nepal,1,15-20,73,0.0000
nepal,2,20-25,73,10.0286
nepal,3,25-30,73,110.3144
nepal,4,30-35,73,150.4287
nepal,5,35-40,73,210.6002
nepal,6,40-45,73,290.8288
nepal,7,45-50,73,340.9719
nepal,8,50-55,73,210.6004
nepal,9,55-60,73,300.8578
nepal,10,60-65,73,250.7147
nepal,11,65-70,73,140.4002
nepal,12,70-75,73,100.2858
nepal,13,75-80,73,30.0857
nepal,14,80-85,73,0.0000
nepal,15,85+,73,0.0000
nepal,0,0-15,74,0.0000
nepal,1,15-20,74,0.0000
nepal,2,20-25,74,10.0286
nepal,3,25-30,74,110.3144
nepal,4,30-35,74,150.4287
nepal,5,35-40,74,210.6002
nepal,6,40-45,74,290.8288
nepal,7,45-50,74,340.9719
nepal,8,50-55,74,210.6004
nepal,9,55-60,74,300.8578
nepal,10,60-65,74,250.7147
nepal,11,65-70,74,140.4002
nepal,12,70-75,74,100.2858
nepal,13,75-80,74,30.0857
nepal,14,80-85,74,0.0000
nepal,15,85+,74,0.0000
nepal,0,0-15,75,0.0000
nepal,1,15-20,75,0.0000
nepal,2,20-25,75,10.0286
nepal,3,25-30,75,110.3144
nepal,4,30-35,75,150.4287
nepal,5,35-40,75,210.6002
nepal,6,40-45,75,290.8288
nepal,7,45-50,75,340.9719
nepal,8,50-55,75,210.6004
nepal,9,55-60,75,300.8578
nepal,10,60-65,75,250.7147
nepal,11,65-70,75,140.4002
nepal,12,70-75,75,100.2858
nepal,13,75-80,75,30.0857
nepal,14,80-85,75,0.0000
nepal,15,85+,75,0.0000
nepal,0,0-15,76,0.0000
nepal,1,15-20,76,0.0000
nepal,2,20-25,76,0.0000
nepal,3,25-30,76,80.2287
nepal,4,30-35,76,130.3716
nepal,5,35-40,76,250.7145
nepal,6,40-45,76,290.8288
nepal,7,45-50,76,300.8576
nepal,8,50-55,76,280.8005
nepal,9,55-60,76,190.5433
nepal,10,60-65,76,180.5147
nepal,11,65-70,76,110.3145
nepal,12,70-75,76,70.2001
nepal,13,75-80,76,50.1429
nepal,14,80-85,76,30.0858
nepal,15,85+,76,0.0000
nepal,0,0-15,77,0.0000
nepal,1,15-20,77,0.0000
nepal,2,20-25,77,20.0572
nepal,3,25-30,77,80.2287
nepal,4,30-35,77,140.4002
nepal,5,35-40,77,180.5145
nepal,6,40-45,77,230.6574
nepal,7,45-50,77,230.6573
nepal,8,50-55,77,250.7147
nepal,9,55-60,77,160.4575
nepal,10,60-65,77,90.2574
nepal,11,65-70,77,130.3717
nepal,12,70-75,77,60.1716
nepal,13,75-80,77,70.2002
nepal,14,80-85,77,30.0858
nepal,15,85+,77,10.0286
nepal,0,0-15,78,0.0000
nepal,1,15-20,78,0.0000
nepal,2,20-25,78,10.0286
nepal,3,25-30,78,50.1429
nepal,4,30-35,78,40.1143
nepal,5,35-40,78,130.3716
nepal,6,40-45,78,170.4859
nepal,7,45-50,78,170.4859
nepal,8,50-55,78,130.3715
nepal,9,55-60,78,230.6574
nepal,10,60-65,78,70.2001
nepal,11,65-70,78,110.3145
nepal,12,70-75,78,90.2573
nepal,13,75-80,78,20.0572
nepal,14,80-85,78,30.0858
nepal,15,85+,78,10.0286
nepal,0,0-15,79,0.0000
nepal,1,15-20,79,0.0000
nepal,2,20-25,79,10.0286
nepal,3,25-30,79,50.1429
nepal,4,30-35,79,40.1143
nepal,5,35-40,79,130.3716
nepal,6,40-45,79,170.4859
nepal,7,45-50,79,170.4859
nepal,8,50-55,79,130.3715
nepal,9,55-60,79,230.6574
nepal,10,60-65,79,70.2001
nepal,11,65-70,79,110.3145
nepal,12,70-75,79,90.2573
nepal,13,75-80,79,20.0572
nepal,14,80-85,79,30.0858
nepal,15,85+,79,10.0286
nepal,0,0-15,80,0.0000
nepal,1,15-20,80,0.0000
nepal,2,20-25,80,10.0286
nepal,3,25-30,80,50.1429
nepal,4,30-35,80,40.1143
nepal,5,35-40,80,130.3716
nepal,6,40-45,80,170.4859
nepal,7,45-50,80,170.4859
nepal,8,50-55,80,130.3715
nepal,9,55-60,80,230.6574
nepal,10,60-65,80,70.2001
nepal,11,65-70,80,110.3145
nepal,12,70-75,80,90.2573
nepal,13,75-80,80,20.0572
nepal,14,80-85,80,30.0858
nepal,15,85+,80,10.0286
nepal,0,0-15,81,0.0000
nepal,1,15-20,81,0.0000
nepal,2,20-25,81,10.0286
nepal,3,25-30,81,50.1429
nepal,4,30-35,81,40.1143
nepal,5,35-40,81,130.3716
nepal,6,40-45,81,170.4859
nepal,7,45-50,81,170.4859
nepal,8,50-55,81,130.3715
nepal,9,55-60,81,230.6574
nepal,10,60-65,81,70.2001
nepal,11,65-70,81,110.3145
nepal,12,70-75,81,90.2573
nepal,13,75-80,81,20.0572
nepal,14,80-85,81,30.0858
nepal,15,85+,81,10.0286
nepal,0,0-15,82,0.0000
nepal,1,15-20,82,0.0000
nepal,2,20-25,82,10.0286
nepal,3,25-30,82,50.1429
nepal,4,30-35,82,40.1143
nepal,5,35-40,82,130.3716
nepal,6,40-45,82,170.4859
nepal,7,45-50,82,170.4859
nepal,8,50-55,82,130.3715
nepal,9,55-60,82,230.6574
nepal,10,60-65,82,70.2001
nepal,11,65-70,82,110.3145
nepal,12,70-75,82,90.2573
nepal,13,75-80,82,20.0572
nepal,14,80-85,82,30.0858
nepal,15,85+,82,10.0286
nepal,0,0-15,83,0.0000
nepal,1,15-20,83,0.0000
nepal,2,20-25,83,10.0286
nepal,3,25-30,83,50.1429
nepal,4,30-35,83,40.1143
nepal,5,35-40,83,130.3716
nepal,6,40-45,83,170.4859
nepal,7,45-50,83,170.4859
nepal,8,50-55,83,130.3715
nepal,9,55-60,83,230.6574
nepal,10,60-65,83,70.2001
nepal,11,65-70,83,110.3145
nepal,12,70-75,83,90.2573
nepal,13,75-80,83,20.0572
nepal,14,80-85,83,30.0858
nepal,15,85+,83,10.0286
nepal,0,0-15,84,0.0000
nepal,1,15-20,84,0.0000
nepal,2,20-25,84,20.0572
nepal,3,25-30,84,60.1715
nepal,4,30-35,84,220.6288
nepal,5,35-40,84,170.4859
nepal,6,40-45,84,290.8289
nepal,7,45-50,84,220.6288
nepal,8,50-55,84,290.8291
nepal,9,55-60,84,270.7720
nepal,10,60-65,84,150.4289
nepal,11,65-70,84,60.1715
nepal,12,70-75,84,40.1143
nepal,13,75-80,84,60.1715
nepal,14,80-85,84,20.0572
nepal,15,85+,84,10.0286
nepal,0,0-15,85,0.0000
nepal,1,15-20,85,0.0000
nepal,2,20-25,85,10.0286
nepal,3,25-30,85,20.0572
nepal,4,30-35,85,50.1429
nepal,5,35-40,85,210.6002
nepal,6,40-45,85,180.5145
nepal,7,45-50,85,210.6002
nepal,8,50-55,85,150.4288
nepal,9,55-60,85,200.5717
nepal,10,60-65,85,120.3431
nepal,11,65-70,85,140.4002
nepal,12,70-75,85,40.1144
nepal,13,75-80,85,20.0572
nepal,14,80-85,85,10.0286
nepal,15,85+,85,0.0000
nepal,0,0-15,86,0.0000
nepal,1,15-20,86,0.0000
nepal,2,20-25,86,0.0000
nepal,3,25-30,86,120.3430
nepal,4,30-35,86,130.3716
nepal,5,35-40,86,250.7145
nepal,6,40-45,86,210.6002
nepal,7,45-50,86,280.8004
nepal,8,50-55,86,260.7433
nepal,9,55-60,86,210.6004
nepal,10,60-65,86,150.4289
nepal,11,65-70,86,120.3430
nepal,12,70-75,86,100.2858
nepal,13,75-80,86,20.0572
nepal,14,80-85,86,0.0000
nepal,15,85+,86,0.0000
nepal,0,0-15,87,0.0000
nepal,1,15-20,87,0.0000
nepal,2,20-25,87,30.0857
nepal,3,25-30,87,110.3144
nepal,4,30-35,87,130.3716
nepal,5,35-40,87,330.9432
nepal,6,40-45,87,240.6860
nepal,7,45-50,87,290.8289
nepal,8,50-55,87,280.8006
nepal,9,55-60,87,180.5147
nepal,10,60-65,87,250.7145
nepal,11,65-70,87,110.3145
nepal,12,70-75,87,50.1429
nepal,13,75-80,87,60.1715
nepal,14,80-85,87,20.0572
nepal,15,85+,87,10.0286
nepal,0,0-15,88,0.0000
nepal,1,15-20,88,0.0000
nepal,2,20-25,88,20.0572
nepal,3,25-30,88,130.3716
nepal,4,30-35,88,80.2287
nepal,5,35-40,88,180.5145
nepal,6,40-45,88,250.7145
nepal,7,45-50,88,220.6288
nepal,8,50-55,88,270.7718
nepal,9,55-60,88,200.5719
nepal,10,60-65,88,90.2574
nepal,11,65-70,88,110.3145
nepal,12,70-75,88,90.2574
nepal,13,75-80,88,10.0286
nepal,14,80-85,88,10.0286
nepal,15,85+,88,20.0572
nepal,0,0-15,89,0.0000
nepal,1,15-20,89,0.0000
nepal,2,20-25,89,0.0000
nepal,3,25-30,89,60.1715
nepal,4,30-35,89,120.3430
nepal,5,35-40,89,150.4287
nepal,6,40-45,89,210.6002
nepal,7,45-50,89,190.5430
nepal,8,50-55,89,310.8862
nepal,9,55-60,89,180.5146
nepal,10,60-65,89,120.3431
nepal,11,65-70,89,60.1716
nepal,12,70-75,89,40.1144
nepal,13,75-80,89,60.1715
nepal,14,80-85,89,20.0572
nepal,15,85+,89,10.0286
nepal,0,0-15,90,0.0000
nepal,1,15-20,90,0.0000
nepal,2,20-25,90,0.0000
nepal,3,25-30,90,50.1429
nepal,4,30-35,90,120.3430
nepal,5,35-40,90,150.4287
nepal,6,40-45,90,270.7717
nepal,7,45-50,90,260.7431
nepal,8,50-55,90,200.5717
nepal,9,55-60,90,170.4861
nepal,10,60-65,90,110.3145
nepal,11,65-70,90,120.3431
nepal,12,70-75,90,80.2288
nepal,13,75-80,90,20.0572
nepal,14,80-85,90,30.0858
nepal,15,85+,90,10.0286
nepal,0,0-15,91,0.0000
nepal,1,15-20,91,0.0000
nepal,2,20-25,91,0.0000
nepal,3,25-30,91,50.1429
nepal,4,30-35,91,120.3430
nepal,5,35-40,91,150.4287
nepal,6,40-45,91,270.7717
nepal,7,45-50,91,260.7431
nepal,8,50-55,91,200.5717
nepal,9,55-60,91,170.4861
nepal,10,60-65,91,110.3145
nepal,11,65-70,91,120.3431
nepal,12,70-75,91,80.2288
nepal,13,75-80,91,20.0572
nepal,14,80-85,91,30.0858
nepal,15,85+,91,10.0286
nepal,0,0-15,92,0.0000
nepal,1,15-20,92,0.0000
nepal,2,20-25,92,0.0000
nepal,3,25-30,92,50.1429
nepal,4,30-35,92,120.3430
nepal,5,35-40,92,150.4287
nepal,6,40-45,92,270.7717
nepal,7,45-50,92,260.7431
nepal,8,50-55,92,200.5717
nepal,9,55-60,92,170.4861
nepal,10,60-65,92,110.3145
nepal,11,65-70,92,120.3431
nepal,12,70-75,92,80.2288
nepal,13,75-80,92,20.0572
nepal,14,80-85,92,30.0858
nepal,15,85+,92,10.0286
nepal,0,0-15,93,0.0000
nepal,1,15-20,93,0.0000
nepal,2,20-25,93,0.0000
nepal,3,25-30,93,50.1429
nepal,4,30-35,93,120.3430
nepal,5,35-40,93,150.4287
nepal,6,40-45,93,270.7717
nepal,7,45-50,93,260.7431
nepal,8,50-55,93,200.5717
nepal,9,55-60,93,170.4861
nepal,10,60-65,93,110.3145
nepal,11,65-70,93,120.3431
nepal,12,70-75,93,80.2288
nepal,13,75-80,93,20.0572
nepal,14,80-85,93,30.0858
nepal,15,85+,93,10.0286
nepal,0,0-15,94,0.0000
nepal,1,15-20,94,0.0000
nepal,2,20-25,94,0.0000
nepal,3,25-30,94,80.2287
nepal,4,30-35,94,140.4002
nepal,5,35-40,94,160.4573
nepal,6,40-45,94,220.6288
nepal,7,45-50,94,210.6002
nepal,8,50-55,94,250.7147
nepal,9,55-60,94,190.5432
nepal,10,60-65,94,130.3717
nepal,11,65-70,94,60.1715
nepal,12,70-75,94,100.2859
nepal,13,75-80,94,40.1144
nepal,14,80-85,94,10.0286
nepal,15,85+,94,0.0000
nepal,0,0-15,95,0.0000
nepal,1,15-20,95,0.0000
nepal,2,20-25,95,0.0000
nepal,3,25-30,95,80.2287
nepal,4,30-35,95,140.4002
nepal,5,35-40,95,160.4573
nepal,6,40-45,95,220.6288
nepal,7,45-50,95,210.6002
nepal,8,50-55,95,250.7147
nepal,9,55-60,95,190.5432
nepal,10,60-65,95,130.3717
nepal,11,65-70,95,60.1715
nepal,12,70-75,95,100.2859
nepal,13,75-80,95,40.1144
nepal,14,80-85,95,10.0286
nepal,15,85+,95,0.0000
nepal,0,0-15,96,0.0000
nepal,1,15-20,96,0.0000
nepal,2,20-25,96,30.0857
nepal,3,25-30,96,70.2001
nepal,4,30-35,96,170.4859
nepal,5,35-40,96,190.5430
nepal,6,40-45,96,160.4573
nepal,7,45-50,96,320.9146
nepal,8,50-55,96,340.9720
nepal,9,55-60,96,210.6005
nepal,10,60-65,96,180.5146
nepal,11,65-70,96,100.2859
nepal,12,70-75,96,40.1143
nepal,13,75-80,96,40.1143
nepal,14,80-85,96,10.0286
nepal,15,85+,96,0.0000
nepal,0,0-15,97,0.0000
nepal,1,15-20,97,0.0000
nepal,2,20-25,97,30.0857
nepal,3,25-30,97,70.2001
nepal,4,30-35,97,170.4859
nepal,5,35-40,97,190.5430
nepal,6,40-45,97,160.4573
nepal,7,45-50,97,320.9146
nepal,8,50-55,97,340.9720
nepal,9,55-60,97,210.6005
nepal,10,60-65,97,180.5146
nepal,11,65-70,97,100.2859
nepal,12,70-75,97,40.1143
nepal,13,75-80,97,40.1143
nepal,14,80-85,97,10.0286
nepal,15,85+,97,0.0000
nepal,0,0-15,98,0.0000
nepal,1,15-20,98,0.0000
nepal,2,20-25,98,30.0857
nepal,3,25-30,98,70.2001
nepal,4,30-35,98,170.4859
nepal,5,35-40,98,190.5430
nepal,6,40-45,98,160.4573
nepal,7,45-50,98,320.9146
nepal,8,50-55,98,340.9720
nepal,9,55-60,98,210.6005
nepal,10,60-65,98,180.5146
nepal,11,65-70,98,100.2859
nepal,12,70-75,98,40.1143
nepal,13,75-80,98,40.1143
nepal,14,80-85,98,10.0286
nepal,15,85+,98,0.0000
nepal,0,0-15,99,0.0000
nepal,1,15-20,99,0.0000
nepal,2,20-25,99,40.1143
nepal,3,25-30,99,70.2001
nepal,4,30-35,99,150.4287
nepal,5,35-40,99,200.5716
nepal,6,40-45,99,290.8288
nepal,7,45-50,99,310.8861
nepal,8,50-55,99,240.6862
nepal,9,55-60,99,220.6291
nepal,10,60-65,99,170.4861
nepal,11,65-70,99,130.3717
nepal,12,70-75,99,70.2002
nepal,13,75-80,99,50.1430
nepal,14,80-85,99,0.0000
nepal,15,85+,99,0.0000
nigeria,0,0-15,0,0.0000
nigeria,1,15-20,0,0.0000
nigeria,2,20-25,0,178.3882
nigeria,3,25-30,0,981.1353
nigeria,4,30-35,0,1159.5233
nigeria,5,35-40,0,1471.7025
nigeria,6,40-45,0,1739.2848
nigeria,7,45-50,0,1560.8971
nigeria,8,50-55,0,1204.1218
nigeria,9,55-60,0,1159.5251
nigeria,10,60-65,0,1114.9291
nigeria,11,65-70,0,401.3745
nigeria,12,70-75,0,312.1802
nigeria,13,75-80,0,44.5972
nigeria,14,80-85,0,0.0000
nigeria,15,85+,0,0.0000
nigeria,0,0-15,1,0.0000
nigeria,1,15-20,1,0.0000
nigeria,2,20-25,1,178.3882
nigeria,3,25-30,1,758.1500
nigeria,4,30-35,1,1293.3145
nigeria,5,35-40,1,1828.4789
nigeria,6,40-45,1,1560.8966
nigeria,7,45-50,1,1650.0908
nigeria,8,50-55,1,1516.3021
nigeria,9,55-60,1,758.1512
nigeria,10,60-65,1,891.9434
nigeria,11,65-70,1,624.3604
nigeria,12,70-75,1,267.5830
nigeria,13,75-80,1,0.0000
nigeria,14,80-85,1,44.5972
nigeria,15,85+,1,0.0000
nigeria,0,0-15,2,0.0000
nigeria,1,15-20,2,0.0000
nigeria,2,20-25,2,178.3882
nigeria,3,25-30,2,758.1500
nigeria,4,30-35,2,1293.3145
nigeria,5,35-40,2,1828.4789
nigeria,6,40-45,2,1560.8966
nigeria,7,45-50,2,1650.0908
nigeria,8,50-55,2,1516.3021
nigeria,9,55-60,2,758.1512
nigeria,10,60-65,2,891.9434
nigeria,11,65-70,2,624.3604
nigeria,12,70-75,2,267.5830
nigeria,13,75-80,2,0.0000
nigeria,14,80-85,2,44.5972
nigeria,15,85+,2,0.0000
nigeria,0,0-15,3,0.0000
nigeria,1,15-20,3,0.0000
nigeria,2,20-25,3,178.3882
nigeria,3,25-30,3,758.1500
nigeria,4,30-35,3,1293.3145
nigeria,5,35-40,3,1828.4789
nigeria,6,40-45,3,1560.8966
nigeria,7,45-50,3,1650.0908
nigeria,8,50-55,3,1516.3021
nigeria,9,55-60,3,758.1512
nigeria,10,60-65,3,891.9434
nigeria,11,65-70,3,624.3604
nigeria,12,70-75,3,267.5830
nigeria,13,75-80,3,0.0000
nigeria,14,80-85,3,44.5972
nigeria,15,85+,3,0.0000
nigeria,0,0-15,4,0.0000
nigeria,1,15-20,4,0.0000
nigeria,2,20-25,4,133.7912
nigeria,3,25-30,4,624.3589
nigeria,4,30-35,4,1516.2997
nigeria,5,35-40,4,1873.0759
nigeria,6,40-45,4,1560.8966
nigeria,7,45-50,4,1471.7031
nigeria,8,50-55,4,1248.7183
nigeria,9,55-60,4,1694.6919
nigeria,10,60-65,4,936.5405
nigeria,11,65-70,4,579.7632
nigeria,12,70-75,4,356.7773
nigeria,13,75-80,4,89.1943
nigeria,14,80-85,4,89.1943
nigeria,15,85+,4,0.0000
nigeria,0,0-15,5,0.0000
nigeria,1,15-20,5,0.0000
nigeria,2,20-25,5,133.7912
nigeria,3,25-30,5,624.3589
nigeria,4,30-35,5,1516.2997
nigeria,5,35-40,5,1873.0759
nigeria,6,40-45,5,1560.8966
nigeria,7,45-50,5,1471.7031
nigeria,8,50-55,5,1248.7183
nigeria,9,55-60,5,1694.6919
nigeria,10,60-65,5,936.5405
nigeria,11,65-70,5,579.7632
nigeria,12,70-75,5,356.7773
nigeria,13,75-80,5,89.1943
nigeria,14,80-85,5,89.1943
nigeria,15,85+,5,0.0000
nigeria,0,0-15,6,0.0000
nigeria,1,15-20,6,0.0000
nigeria,2,20-25,6,222.9853
nigeria,3,25-30,6,713.5529
nigeria,4,30-35,6,1159.5234
nigeria,5,35-40,6,1739.2848
nigeria,6,40-45,6,1471.7025
nigeria,7,45-50,6,1694.6877
nigeria,8,50-55,6,1516.3009
nigeria,9,55-60,6,1204.1235
nigeria,10,60-65,6,1070.3320
nigeria,11,65-70,6,579.7632
nigeria,12,70-75,6,356.7773
nigeria,13,75-80,6,178.3887
nigeria,14,80-85,6,44.5972
nigeria,15,85+,6,44.5972
nigeria,0,0-15,7,0.0000
nigeria,1,15-20,7,0.0000
nigeria,2,20-25,7,222.9853
nigeria,3,25-30,7,713.5529
nigeria,4,30-35,7,1159.5234
nigeria,5,35-40,7,1739.2848
nigeria,6,40-45,7,1471.7025
nigeria,7,45-50,7,1694.6877
nigeria,8,50-55,7,1516.3009
nigeria,9,55-60,7,1204.1235
nigeria,10,60-65,7,1070.3320
nigeria,11,65-70,7,579.7632
nigeria,12,70-75,7,356.7773
nigeria,13,75-80,7,178.3887
nigeria,14,80-85,7,44.5972
nigeria,15,85+,7,44.5972
nigeria,0,0-15,8,0.0000
nigeria,1,15-20,8,44.5971
nigeria,2,20-25,8,133.7912
nigeria,3,25-30,8,758.1501
nigeria,4,30-35,8,1070.3293
nigeria,5,35-40,8,1159.5232
nigeria,6,40-45,8,1560.8966
nigeria,7,45-50,8,1873.0759
nigeria,8,50-55,8,1560.8986
nigeria,9,55-60,8,1248.7197
nigeria,10,60-65,8,713.5541
nigeria,11,65-70,8,713.5547
nigeria,12,70-75,8,178.3887
nigeria,13,75-80,8,178.3887
nigeria,14,80-85,8,44.5972
nigeria,15,85+,8,0.0000
nigeria,0,0-15,9,0.0000
nigeria,1,15-20,9,0.0000
nigeria,2,20-25,9,44.5971
nigeria,3,25-30,9,981.1354
nigeria,4,30-35,9,1204.1203
nigeria,5,35-40,9,2408.2405
nigeria,6,40-45,9,1739.2848
nigeria,7,45-50,9,1650.0920
nigeria,8,50-55,9,1471.7052
nigeria,9,55-60,9,981.1377
nigeria,10,60-65,9,802.7490
nigeria,11,65-70,9,624.3604
nigeria,12,70-75,9,312.1802
nigeria,13,75-80,9,133.7915
nigeria,14,80-85,9,0.0000
nigeria,15,85+,9,44.5972
nigeria,0,0-15,10,0.0000
nigeria,1,15-20,10,0.0000
nigeria,2,20-25,10,89.1941
nigeria,3,25-30,10,401.3736
nigeria,4,30-35,10,1114.9264
nigeria,5,35-40,10,1739.2848
nigeria,6,40-45,10,1471.7025
nigeria,7,45-50,10,1516.2996
nigeria,8,50-55,10,1382.5090
nigeria,9,55-60,10,1293.3165
nigeria,10,60-65,10,847.3461
nigeria,11,65-70,10,267.5830
nigeria,12,70-75,10,401.3745
nigeria,13,75-80,10,0.0000
nigeria,14,80-85,10,44.5972
nigeria,15,85+,10,0.0000
nigeria,0,0-15,11,0.0000
nigeria,1,15-20,11,0.0000
nigeria,2,20-25,11,133.7912
nigeria,3,25-30,11,535.1647
nigeria,4,30-35,11,758.1500
nigeria,5,35-40,11,1471.7025
nigeria,6,40-45,11,1605.4937
nigeria,7,45-50,11,1382.5084
nigeria,8,50-55,11,1248.7181
nigeria,9,55-60,11,1204.1213
nigeria,10,60-65,11,1114.9288
nigeria,11,65-70,11,758.1512
nigeria,12,70-75,11,624.3602
nigeria,13,75-80,11,133.7915
nigeria,14,80-85,11,44.5972
nigeria,15,85+,11,0.0000
nigeria,0,0-15,12,0.0000
nigeria,1,15-20,12,0.0000
nigeria,2,20-25,12,44.5971
nigeria,3,25-30,12,758.1501
nigeria,4,30-35,12,1248.7175
nigeria,5,35-40,12,1427.1055
nigeria,6,40-45,12,2096.0612
nigeria,7,45-50,12,1650.0907
nigeria,8,50-55,12,1783.8845
nigeria,9,55-60,12,1114.9292
nigeria,10,60-65,12,847.3462
nigeria,11,65-70,12,445.9717
nigeria,12,70-75,12,356.7773
nigeria,13,75-80,12,133.7915
nigeria,14,80-85,12,89.1943
nigeria,15,85+,12,0.0000
nigeria,0,0-15,13,0.0000
nigeria,1,15-20,13,0.0000
nigeria,2,20-25,13,178.3882
nigeria,3,25-30,13,847.3442
nigeria,4,30-35,13,1650.0908
nigeria,5,35-40,13,1516.2996
nigeria,6,40-45,13,2408.2405
nigeria,7,45-50,13,1516.3002
nigeria,8,50-55,13,1159.5260
nigeria,9,55-60,13,1025.7349
nigeria,10,60-65,13,490.5688
nigeria,11,65-70,13,579.7632
nigeria,12,70-75,13,312.1802
nigeria,13,75-80,13,178.3887
nigeria,14,80-85,13,0.0000
nigeria,15,85+,13,0.0000
nigeria,0,0-15,14,0.0000
nigeria,1,15-20,14,0.0000
nigeria,2,20-25,14,178.3882
nigeria,3,25-30,14,981.1354
nigeria,4,30-35,14,1427.1056
nigeria,5,35-40,14,1783.8818
nigeria,6,40-45,14,2363.6434
nigeria,7,45-50,14,1739.2870
nigeria,8,50-55,14,1248.7201
nigeria,9,55-60,14,1159.5260
nigeria,10,60-65,14,490.5688
nigeria,11,65-70,14,490.5688
nigeria,12,70-75,14,312.1802
nigeria,13,75-80,14,0.0000
nigeria,14,80-85,14,44.5972
nigeria,15,85+,14,0.0000
nigeria,0,0-15,15,0.0000
nigeria,1,15-20,15,0.0000
nigeria,2,20-25,15,89.1941
nigeria,3,25-30,15,356.7765
nigeria,4,30-35,15,981.1353
nigeria,5,35-40,15,1293.3143
nigeria,6,40-45,15,1650.0907
nigeria,7,45-50,15,1025.7321
nigeria,8,50-55,15,1159.5232
nigeria,9,55-60,15,1204.1205
nigeria,10,60-65,15,891.9425
nigeria,11,65-70,15,579.7631
nigeria,12,70-75,15,356.7773
nigeria,13,75-80,15,133.7915
nigeria,14,80-85,15,0.0000
nigeria,15,85+,15,0.0000
nigeria,0,0-15,16,0.0000
nigeria,1,15-20,16,0.0000
nigeria,2,20-25,16,89.1941
nigeria,3,25-30,16,535.1647
nigeria,4,30-35,16,1248.7175
nigeria,5,35-40,16,1560.8966
nigeria,6,40-45,16,1962.2700
nigeria,7,45-50,16,1560.8966
nigeria,8,50-55,16,1560.8981
nigeria,9,55-60,16,1248.7206
nigeria,10,60-65,16,802.7490
nigeria,11,65-70,16,401.3745
nigeria,12,70-75,16,490.5688
nigeria,13,75-80,16,44.5972
nigeria,14,80-85,16,0.0000
nigeria,15,85+,16,0.0000
nigeria,0,0-15,17,0.0000
nigeria,1,15-20,17,0.0000
nigeria,2,20-25,17,89.1941
nigeria,3,25-30,17,401.3736
nigeria,4,30-35,17,1070.3294
nigeria,5,35-40,17,1516.2996
nigeria,6,40-45,17,1605.4937
nigeria,7,45-50,17,1605.4937
nigeria,8,50-55,17,758.1498
nigeria,9,55-60,17,1159.5240
nigeria,10,60-65,17,713.5543
nigeria,11,65-70,17,579.7632
nigeria,12,70-75,17,222.9858
nigeria,13,75-80,17,178.3887
nigeria,14,80-85,17,89.1943
nigeria,15,85+,17,0.0000
nigeria,0,0-15,18,0.0000
nigeria,1,15-20,18,0.0000
nigeria,2,20-25,18,89.1941
nigeria,3,25-30,18,401.3736
nigeria,4,30-35,18,1070.3294
nigeria,5,35-40,18,1516.2996
nigeria,6,40-45,18,1605.4937
nigeria,7,45-50,18,1605.4937
nigeria,8,50-55,18,758.1498
nigeria,9,55-60,18,1159.5240
nigeria,10,60-65,18,713.5543
nigeria,11,65-70,18,579.7632
nigeria,12,70-75,18,222.9858
nigeria,13,75-80,18,178.3887
nigeria,14,80-85,18,89.1943
nigeria,15,85+,18,0.0000
nigeria,0,0-15,19,0.0000
nigeria,1,15-20,19,0.0000
nigeria,2,20-25,19,89.1941
nigeria,3,25-30,19,401.3736
nigeria,4,30-35,19,1070.3294
nigeria,5,35-40,19,1516.2996
nigeria,6,40-45,19,1605.4937
nigeria,7,45-50,19,1605.4937
nigeria,8,50-55,19,758.1498
nigeria,9,55-60,19,1159.5240
nigeria,10,60-65,19,713.5543
nigeria,11,65-70,19,579.7632
nigeria,12,70-75,19,222.9858
nigeria,13,75-80,19,178.3887
nigeria,14,80-85,19,89.1943
nigeria,15,85+,19,0.0000
nigeria,0,0-15,20,0.0000
nigeria,1,15-20,20,0.0000
nigeria,2,20-25,20,89.1941
nigeria,3,25-30,20,401.3736
nigeria,4,30-35,20,1070.3294
nigeria,5,35-40,20,1516.2996
nigeria,6,40-45,20,1605.4937
nigeria,7,45-50,20,1605.4937
nigeria,8,50-55,20,758.1498
nigeria,9,55-60,20,1159.5240
nigeria,10,60-65,20,713.5543
nigeria,11,65-70,20,579.7632
nigeria,12,70-75,20,222.9858
nigeria,13,75-80,20,178.3887
nigeria,14,80-85,20,89.1943
nigeria,15,85+,20,0.0000
nigeria,0,0-15,21,0.0000
nigeria,1,15-20,21,0.0000
nigeria,2,20-25,21,89.1941
nigeria,3,25-30,21,401.3736
nigeria,4,30-35,21,1070.3294
nigeria,5,35-40,21,1516.2996
nigeria,6,40-45,21,1605.4937
nigeria,7,45-50,21,1605.4937
nigeria,8,50-55,21,758.1498
nigeria,9,55-60,21,1159.5240
nigeria,10,60-65,21,713.5543
nigeria,11,65-70,21,579.7632
nigeria,12,70-75,21,222.9858
nigeria,13,75-80,21,178.3887
nigeria,14,80-85,21,89.1943
nigeria,15,85+,21,0.0000
nigeria,0,0-15,22,0.0000
nigeria,1,15-20,22,0.0000
nigeria,2,20-25,22,89.1941
nigeria,3,25-30,22,401.3736
nigeria,4,30-35,22,1070.3294
nigeria,5,35-40,22,1516.2996
nigeria,6,40-45,22,1605.4937
nigeria,7,45-50,22,1605.4937
nigeria,8,50-55,22,758.1498
nigeria,9,55-60,22,1159.5240
nigeria,10,60-65,22,713.5543
nigeria,11,65-70,22,579.7632
nigeria,12,70-75,22,222.9858
nigeria,13,75-80,22,178.3887
nigeria,14,80-85,22,89.1943
nigeria,15,85+,22,0.0000
nigeria,0,0-15,23,0.0000
nigeria,1,15-20,23,0.0000
nigeria,2,20-25,23,312.1794
nigeria,3,25-30,23,802.7471
nigeria,4,30-35,23,1382.5085
nigeria,5,35-40,23,1560.8966
nigeria,6,40-45,23,1783.8818
nigeria,7,45-50,23,2319.0485
nigeria,8,50-55,23,1605.4973
nigeria,9,55-60,23,1248.7202
nigeria,10,60-65,23,668.9574
nigeria,11,65-70,23,758.1516
nigeria,12,70-75,23,356.7772
nigeria,13,75-80,23,178.3887
nigeria,14,80-85,23,0.0000
nigeria,15,85+,23,0.0000
nigeria,0,0-15,24,0.0000
nigeria,1,15-20,24,0.0000
nigeria,2,20-25,24,222.9853
nigeria,3,25-30,24,401.3736
nigeria,4,30-35,24,1204.1205
nigeria,5,35-40,24,1560.8966
nigeria,6,40-45,24,1560.8966
nigeria,7,45-50,24,1694.6877
nigeria,8,50-55,24,802.7479
nigeria,9,55-60,24,1159.5243
nigeria,10,60-65,24,802.7485
nigeria,11,65-70,24,490.5687
nigeria,12,70-75,24,222.9858
nigeria,13,75-80,24,178.3887
nigeria,14,80-85,24,44.5972
nigeria,15,85+,24,0.0000
nigeria,0,0-15,25,0.0000
nigeria,1,15-20,25,0.0000
nigeria,2,20-25,25,44.5971
nigeria,3,25-30,25,758.1501
nigeria,4,30-35,25,1293.3145
nigeria,5,35-40,25,1873.0759
nigeria,6,40-45,25,2051.4641
nigeria,7,45-50,25,1605.4943
nigeria,8,50-55,25,1114.9275
nigeria,9,55-60,25,1382.5122
nigeria,10,60-65,25,891.9434
nigeria,11,65-70,25,579.7632
nigeria,12,70-75,25,267.5830
nigeria,13,75-80,25,44.5972
nigeria,14,80-85,25,44.5972
nigeria,15,85+,25,0.0000
nigeria,0,0-15,26,0.0000
nigeria,1,15-20,26,0.0000
nigeria,2,20-25,26,89.1941
nigeria,3,25-30,26,490.5677
nigeria,4,30-35,26,1159.5235
nigeria,5,35-40,26,1605.4937
nigeria,6,40-45,26,1962.2700
nigeria,7,45-50,26,1293.3143
nigeria,8,50-55,26,1337.9119
nigeria,9,55-60,26,1114.9286
nigeria,10,60-65,26,579.7631
nigeria,11,65-70,26,445.9717
nigeria,12,70-75,26,401.3745
nigeria,13,75-80,26,44.5972
nigeria,14,80-85,26,89.1943
nigeria,15,85+,26,0.0000
nigeria,0,0-15,27,0.0000
nigeria,1,15-20,27,44.5971
nigeria,2,20-25,27,178.3882
nigeria,3,25-30,27,668.9559
nigeria,4,30-35,27,891.9411
nigeria,5,35-40,27,1739.2848
nigeria,6,40-45,27,1560.8966
nigeria,7,45-50,27,2051.4641
nigeria,8,50-55,27,1471.7041
nigeria,9,55-60,27,847.3462
nigeria,10,60-65,27,758.1519
nigeria,11,65-70,27,535.1660
nigeria,12,70-75,27,445.9717
nigeria,13,75-80,27,222.9858
nigeria,14,80-85,27,89.1943
nigeria,15,85+,27,0.0000
nigeria,0,0-15,28,0.0000
nigeria,1,15-20,28,0.0000
nigeria,2,20-25,28,222.9853
nigeria,3,25-30,28,624.3589
nigeria,4,30-35,28,802.7470
nigeria,5,35-40,28,1382.5085
nigeria,6,40-45,28,2006.8671
nigeria,7,45-50,28,1605.4937
nigeria,8,50-55,28,1293.3154
nigeria,9,55-60,28,1159.5250
nigeria,10,60-65,28,847.3462
nigeria,11,65-70,28,312.1802
nigeria,12,70-75,28,267.5830
nigeria,13,75-80,28,44.5972
nigeria,14,80-85,28,89.1943
nigeria,15,85+,28,44.5972
nigeria,0,0-15,29,0.0000
nigeria,1,15-20,29,0.0000
nigeria,2,20-25,29,490.5677
nigeria,3,25-30,29,579.7618
nigeria,4,30-35,29,847.3440
nigeria,5,35-40,29,1962.2700
nigeria,6,40-45,29,1650.0907
nigeria,7,45-50,29,1828.4789
nigeria,8,50-55,29,1427.1078
nigeria,9,55-60,29,1204.1233
nigeria,10,60-65,29,668.9575
nigeria,11,65-70,29,579.7632
nigeria,12,70-75,29,356.7773
nigeria,13,75-80,29,133.7915
nigeria,14,80-85,29,0.0000
nigeria,15,85+,29,44.5972
nigeria,0,0-15,30,0.0000
nigeria,1,15-20,30,0.0000
nigeria,2,20-25,30,133.7912
nigeria,3,25-30,30,981.1353
nigeria,4,30-35,30,1382.5086
nigeria,5,35-40,30,2096.0612
nigeria,6,40-45,30,2051.4641
nigeria,7,45-50,30,1962.2721
nigeria,8,50-55,30,1337.9146
nigeria,9,55-60,30,1070.3320
nigeria,10,60-65,30,936.5405
nigeria,11,65-70,30,579.7632
nigeria,12,70-75,30,579.7632
nigeria,13,75-80,30,89.1943
nigeria,14,80-85,30,0.0000
nigeria,15,85+,30,0.0000
nigeria,0,0-15,31,0.0000
nigeria,1,15-20,31,0.0000
nigeria,2,20-25,31,133.7912
nigeria,3,25-30,31,981.1353
nigeria,4,30-35,31,1382.5086
nigeria,5,35-40,31,2096.0612
nigeria,6,40-45,31,2051.4641
nigeria,7,45-50,31,1962.2721
nigeria,8,50-55,31,1337.9146
nigeria,9,55-60,31,1070.3320
nigeria,10,60-65,31,936.5405
nigeria,11,65-70,31,579.7632
nigeria,12,70-75,31,579.7632
nigeria,13,75-80,31,89.1943
nigeria,14,80-85,31,0.0000
nigeria,15,85+,31,0.0000
nigeria,0,0-15,32,0.0000
nigeria,1,15-20,32,44.5971
nigeria,2,20-25,32,89.1941
nigeria,3,25-30,32,802.7471
nigeria,4,30-35,32,1337.9115
nigeria,5,35-40,32,1516.2996
nigeria,6,40-45,32,1962.2700
nigeria,7,45-50,32,2051.4653
nigeria,8,50-55,32,981.1366
nigeria,9,55-60,32,1114.9288
nigeria,10,60-65,32,579.7628
nigeria,11,65-70,32,758.1519
nigeria,12,70-75,32,356.7773
nigeria,13,75-80,32,89.1943
nigeria,14,80-85,32,0.0000
nigeria,15,85+,32,0.0000
nigeria,0,0-15,33,0.0000
nigeria,1,15-20,33,0.0000
nigeria,2,20-25,33,267.5824
nigeria,3,25-30,33,936.5383
nigeria,4,30-35,33,1427.1056
nigeria,5,35-40,33,1694.6877
nigeria,6,40-45,33,1873.0759
nigeria,7,45-50,33,2185.2571
nigeria,8,50-55,33,1248.7198
nigeria,9,55-60,33,1070.3320
nigeria,10,60-65,33,802.7490
nigeria,11,65-70,33,401.3745
nigeria,12,70-75,33,445.9717
nigeria,13,75-80,33,178.3887
nigeria,14,80-85,33,44.5972
nigeria,15,85+,33,89.1943
nigeria,0,0-15,34,0.0000
nigeria,1,15-20,34,0.0000
nigeria,2,20-25,34,267.5824
nigeria,3,25-30,34,936.5383
nigeria,4,30-35,34,1427.1056
nigeria,5,35-40,34,1694.6877
nigeria,6,40-45,34,1873.0759
nigeria,7,45-50,34,2185.2571
nigeria,8,50-55,34,1248.7198
nigeria,9,55-60,34,1070.3320
nigeria,10,60-65,34,802.7490
nigeria,11,65-70,34,401.3745
nigeria,12,70-75,34,445.9717
nigeria,13,75-80,34,178.3887
nigeria,14,80-85,34,44.5972
nigeria,15,85+,34,89.1943
nigeria,0,0-15,35,0.0000
nigeria,1,15-20,35,0.0000
nigeria,2,20-25,35,267.5824
nigeria,3,25-30,35,936.5383
nigeria,4,30-35,35,1427.1056
nigeria,5,35-40,35,1694.6877
nigeria,6,40-45,35,1873.0759
nigeria,7,45-50,35,2185.2571
nigeria,8,50-55,35,1248.7198
nigeria,9,55-60,35,1070.3320
nigeria,10,60-65,35,802.7490
nigeria,11,65-70,35,401.3745
nigeria,12,70-75,35,445.9717
nigeria,13,75-80,35,178.3887
nigeria,14,80-85,35,44.5972
nigeria,15,85+,35,89.1943
nigeria,0,0-15,36,0.0000
nigeria,1,15-20,36,0.0000
nigeria,2,20-25,36,267.5824
nigeria,3,25-30,36,936.5383
nigeria,4,30-35,36,1427.1056
nigeria,5,35-40,36,1694.6877
nigeria,6,40-45,36,1873.0759
nigeria,7,45-50,36,2185.2571
nigeria,8,50-55,36,1248.7198
nigeria,9,55-60,36,1070.3320
nigeria,10,60-65,36,802.7490
nigeria,11,65-70,36,401.3745
nigeria,12,70-75,36,445.9717
nigeria,13,75-80,36,178.3887
nigeria,14,80-85,36,44.5972
nigeria,15,85+,36,89.1943
nigeria,0,0-15,37,0.0000
nigeria,1,15-20,37,0.0000
nigeria,2,20-25,37,267.5824
nigeria,3,25-30,37,936.5383
nigeria,4,30-35,37,1427.1056
nigeria,5,35-40,37,1694.6877
nigeria,6,40-45,37,1873.0759
nigeria,7,45-50,37,2185.2571
nigeria,8,50-55,37,1248.7198
nigeria,9,55-60,37,1070.3320
nigeria,10,60-65,37,802.7490
nigeria,11,65-70,37,401.3745
nigeria,12,70-75,37,445.9717
nigeria,13,75-80,37,178.3887
nigeria,14,80-85,37,44.5972
nigeria,15,85+,37,89.1943
nigeria,0,0-15,38,0.0000
nigeria,1,15-20,38,0.0000
nigeria,2,20-25,38,267.5824
nigeria,3,25-30,38,936.5383
nigeria,4,30-35,38,1427.1056
nigeria,5,35-40,38,1694.6877
nigeria,6,40-45,38,1873.0759
nigeria,7,45-50,38,2185.2571
nigeria,8,50-55,38,1248.7198
nigeria,9,55-60,38,1070.3320
nigeria,10,60-65,38,802.7490
nigeria,11,65-70,38,401.3745
nigeria,12,70-75,38,445.9717
nigeria,13,75-80,38,178.3887
nigeria,14,80-85,38,44.5972
nigeria,15,85+,38,89.1943
nigeria,0,0-15,39,0.0000
nigeria,1,15-20,39,0.0000
nigeria,2,20-25,39,178.3882
nigeria,3,25-30,39,535.1647
nigeria,4,30-35,39,981.1353
nigeria,5,35-40,39,1516.2996
nigeria,6,40-45,39,2051.4641
nigeria,7,45-50,39,1650.0908
nigeria,8,50-55,39,1650.0925
nigeria,9,55-60,39,1114.9287
nigeria,10,60-65,39,1070.3320
nigeria,11,65-70,39,668.9575
nigeria,12,70-75,39,222.9858
nigeria,13,75-80,39,0.0000
nigeria,14,80-85,39,0.0000
nigeria,15,85+,39,44.5972
nigeria,0,0-15,40,0.0000
nigeria,1,15-20,40,0.0000
nigeria,2,20-25,40,133.7912
nigeria,3,25-30,40,445.9706
nigeria,4,30-35,40,1560.8969
nigeria,5,35-40,40,1650.0907
nigeria,6,40-45,40,1828.4789
nigeria,7,45-50,40,1962.2717
nigeria,8,50-55,40,1025.7334
nigeria,9,55-60,40,981.1368
nigeria,10,60-65,40,802.7485
nigeria,11,65-70,40,535.1659
nigeria,12,70-75,40,312.1802
nigeria,13,75-80,40,44.5972
nigeria,14,80-85,40,0.0000
nigeria,15,85+,40,44.5972
nigeria,0,0-15,41,0.0000
nigeria,1,15-20,41,0.0000
nigeria,2,20-25,41,133.7912
nigeria,3,25-30,41,445.9706
nigeria,4,30-35,41,1560.8969
nigeria,5,35-40,41,1650.0907
nigeria,6,40-45,41,1828.4789
nigeria,7,45-50,41,1962.2717
nigeria,8,50-55,41,1025.7334
nigeria,9,55-60,41,981.1368
nigeria,10,60-65,41,802.7485
nigeria,11,65-70,41,535.1659
nigeria,12,70-75,41,312.1802
nigeria,13,75-80,41,44.5972
nigeria,14,80-85,41,0.0000
nigeria,15,85+,41,44.5972
nigeria,0,0-15,42,0.0000
nigeria,1,15-20,42,0.0000
nigeria,2,20-25,42,267.5824
nigeria,3,25-30,42,668.9559
nigeria,4,30-35,42,1293.3145
nigeria,5,35-40,42,2051.4641
nigeria,6,40-45,42,2185.2555
nigeria,7,45-50,42,1828.4811
nigeria,8,50-55,42,1471.7059
nigeria,9,55-60,42,891.9426
nigeria,10,60-65,42,758.1515
nigeria,11,65-70,42,668.9575
nigeria,12,70-75,42,178.3887
nigeria,13,75-80,42,89.1943
nigeria,14,80-85,42,89.1943
nigeria,15,85+,42,44.5972
nigeria,0,0-15,43,0.0000
nigeria,1,15-20,43,0.0000
nigeria,2,20-25,43,133.7912
nigeria,3,25-30,43,490.5677
nigeria,4,30-35,43,1427.1057
nigeria,5,35-40,43,1471.7025
nigeria,6,40-45,43,2185.2552
nigeria,7,45-50,43,1962.2700
nigeria,8,50-55,43,1070.3311
nigeria,9,55-60,43,1337.9150
nigeria,10,60-65,43,891.9434
nigeria,11,65-70,43,535.1660
nigeria,12,70-75,43,445.9717
nigeria,13,75-80,43,222.9858
nigeria,14,80-85,43,89.1943
nigeria,15,85+,43,0.0000
nigeria,0,0-15,44,0.0000
nigeria,1,15-20,44,0.0000
nigeria,2,20-25,44,133.7912
nigeria,3,25-30,44,490.5677
nigeria,4,30-35,44,1427.1057
nigeria,5,35-40,44,1471.7025
nigeria,6,40-45,44,2185.2552
nigeria,7,45-50,44,1962.2700
nigeria,8,50-55,44,1070.3311
nigeria,9,55-60,44,1337.9150
nigeria,10,60-65,44,891.9434
nigeria,11,65-70,44,535.1660
nigeria,12,70-75,44,445.9717
nigeria,13,75-80,44,222.9858
nigeria,14,80-85,44,89.1943
nigeria,15,85+,44,0.0000
nigeria,0,0-15,45,0.0000
nigeria,1,15-20,45,0.0000
nigeria,2,20-25,45,0.0000
nigeria,3,25-30,45,401.3736
nigeria,4,30-35,45,936.5383
nigeria,5,35-40,45,1516.2996
nigeria,6,40-45,45,1337.9114
nigeria,7,45-50,45,1293.3143
nigeria,8,50-55,45,1382.5084
nigeria,9,55-60,45,1114.9271
nigeria,10,60-65,45,668.9569
nigeria,11,65-70,45,668.9570
nigeria,12,70-75,45,133.7915
nigeria,13,75-80,45,89.1943
nigeria,14,80-85,45,0.0000
nigeria,15,85+,45,0.0000
nigeria,0,0-15,46,0.0000
nigeria,1,15-20,46,0.0000
nigeria,2,20-25,46,89.1941
nigeria,3,25-30,46,668.9559
nigeria,4,30-35,46,1293.3146
nigeria,5,35-40,46,1739.2848
nigeria,6,40-45,46,1783.8818
nigeria,7,45-50,46,1605.4938
nigeria,8,50-55,46,1739.2874
nigeria,9,55-60,46,1337.9148
nigeria,10,60-65,46,624.3604
nigeria,11,65-70,46,713.5547
nigeria,12,70-75,46,312.1802
nigeria,13,75-80,46,133.7915
nigeria,14,80-85,46,44.5972
nigeria,15,85+,46,0.0000
nigeria,0,0-15,47,0.0000
nigeria,1,15-20,47,0.0000
nigeria,2,20-25,47,89.1941
nigeria,3,25-30,47,802.7471
nigeria,4,30-35,47,1248.7175
nigeria,5,35-40,47,1917.6730
nigeria,6,40-45,47,1471.7025
nigeria,7,45-50,47,2051.4652
nigeria,8,50-55,47,1248.7188
nigeria,9,55-60,47,1248.7203
nigeria,10,60-65,47,624.3604
nigeria,11,65-70,47,535.1660
nigeria,12,70-75,47,312.1802
nigeria,13,75-80,47,133.7915
nigeria,14,80-85,47,0.0000
nigeria,15,85+,47,0.0000
nigeria,0,0-15,48,0.0000
nigeria,1,15-20,48,0.0000
nigeria,2,20-25,48,89.1941
nigeria,3,25-30,48,802.7471
nigeria,4,30-35,48,1248.7175
nigeria,5,35-40,48,1917.6730
nigeria,6,40-45,48,1471.7025
nigeria,7,45-50,48,2051.4652
nigeria,8,50-55,48,1248.7188
nigeria,9,55-60,48,1248.7203
nigeria,10,60-65,48,624.3604
nigeria,11,65-70,48,535.1660
nigeria,12,70-75,48,312.1802
nigeria,13,75-80,48,133.7915
nigeria,14,80-85,48,0.0000
nigeria,15,85+,48,0.0000
nigeria,0,0-15,49,0.0000
nigeria,1,15-20,49,0.0000
nigeria,2,20-25,49,178.3882
nigeria,3,25-30,49,445.9706
nigeria,4,30-35,49,1293.3146
nigeria,5,35-40,49,2006.8671
nigeria,6,40-45,49,1471.7025
nigeria,7,45-50,49,1694.6882
nigeria,8,50-55,49,1114.9274
nigeria,9,55-60,49,1159.5251
nigeria,10,60-65,49,579.7632
nigeria,11,65-70,49,802.7490
nigeria,12,70-75,49,178.3887
nigeria,13,75-80,49,133.7915
nigeria,14,80-85,49,89.1943
nigeria,15,85+,49,44.5972
nigeria,0,0-15,50,0.0000
nigeria,1,15-20,50,0.0000
nigeria,2,20-25,50,178.3882
nigeria,3,25-30,50,445.9706
nigeria,4,30-35,50,1293.3146
nigeria,5,35-40,50,2006.8671
nigeria,6,40-45,50,1471.7025
nigeria,7,45-50,50,1694.6882
nigeria,8,50-55,50,1114.9274
nigeria,9,55-60,50,1159.5251
nigeria,10,60-65,50,579.7632
nigeria,11,65-70,50,802.7490
nigeria,12,70-75,50,178.3887
nigeria,13,75-80,50,133.7915
nigeria,14,80-85,50,89.1943
nigeria,15,85+,50,44.5972
nigeria,0,0-15,51,0.0000
nigeria,1,15-20,51,0.0000
nigeria,2,20-25,51,178.3882
nigeria,3,25-30,51,445.9706
nigeria,4,30-35,51,1293.3146
nigeria,5,35-40,51,2006.8671
nigeria,6,40-45,51,1471.7025
nigeria,7,45-50,51,1694.6882
nigeria,8,50-55,51,1114.9274
nigeria,9,55-60,51,1159.5251
nigeria,10,60-65,51,579.7632
nigeria,11,65-70,51,802.7490
nigeria,12,70-75,51,178.3887
nigeria,13,75-80,51,133.7915
nigeria,14,80-85,51,89.1943
nigeria,15,85+,51,44.5972
nigeria,0,0-15,52,0.0000
nigeria,1,15-20,52,0.0000
nigeria,2,20-25,52,89.1941
nigeria,3,25-30,52,847.3442
nigeria,4,30-35,52,1204.1204
nigeria,5,35-40,52,1382.5084
nigeria,6,40-45,52,1382.5084
nigeria,7,45-50,52,1739.2849
nigeria,8,50-55,52,1873.0775
nigeria,9,55-60,52,1204.1232
nigeria,10,60-65,52,802.7490
nigeria,11,65-70,52,624.3604
nigeria,12,70-75,52,267.5830
nigeria,13,75-80,52,44.5972
nigeria,14,80-85,52,89.1943
nigeria,15,85+,52,44.5972
nigeria,0,0-15,53,0.0000
nigeria,1,15-20,53,0.0000
nigeria,2,20-25,53,401.3736
nigeria,3,25-30,53,981.1353
nigeria,4,30-35,53,936.5380
nigeria,5,35-40,53,1873.0759
nigeria,6,40-45,53,2274.4493
nigeria,7,45-50,53,1382.5093
nigeria,8,50-55,53,1605.4967
nigeria,9,55-60,53,1337.9150
nigeria,10,60-65,53,936.5405
nigeria,11,65-70,53,668.9575
nigeria,12,70-75,53,401.3745
nigeria,13,75-80,53,44.5972
nigeria,14,80-85,53,89.1943
nigeria,15,85+,53,0.0000
nigeria,0,0-15,54,0.0000
nigeria,1,15-20,54,0.0000
nigeria,2,20-25,54,401.3736
nigeria,3,25-30,54,981.1353
nigeria,4,30-35,54,936.5380
nigeria,5,35-40,54,1873.0759
nigeria,6,40-45,54,2274.4493
nigeria,7,45-50,54,1382.5093
nigeria,8,50-55,54,1605.4967
nigeria,9,55-60,54,1337.9150
nigeria,10,60-65,54,936.5405
nigeria,11,65-70,54,668.9575
nigeria,12,70-75,54,401.3745
nigeria,13,75-80,54,44.5972
nigeria,14,80-85,54,89.1943
nigeria,15,85+,54,0.0000
nigeria,0,0-15,55,0.0000
nigeria,1,15-20,55,0.0000
nigeria,2,20-25,55,267.5824
nigeria,3,25-30,55,891.9412
nigeria,4,30-35,55,758.1499
nigeria,5,35-40,55,1516.2996
nigeria,6,40-45,55,1560.8966
nigeria,7,45-50,55,2096.0612
nigeria,8,50-55,55,1382.5098
nigeria,9,55-60,55,1204.1234
nigeria,10,60-65,55,802.7490
nigeria,11,65-70,55,624.3604
nigeria,12,70-75,55,222.9858
nigeria,13,75-80,55,0.0000
nigeria,14,80-85,55,133.7915
nigeria,15,85+,55,44.5972
nigeria,0,0-15,56,0.0000
nigeria,1,15-20,56,0.0000
nigeria,2,20-25,56,44.5971
nigeria,3,25-30,56,624.3589
nigeria,4,30-35,56,1070.3294
nigeria,5,35-40,56,1873.0759
nigeria,6,40-45,56,1516.2996
nigeria,7,45-50,56,1694.6877
nigeria,8,50-55,56,1471.7041
nigeria,9,55-60,56,1025.7340
nigeria,10,60-65,56,668.9575
nigeria,11,65-70,56,624.3604
nigeria,12,70-75,56,133.7915
nigeria,13,75-80,56,89.1943
nigeria,14,80-85,56,44.5972
nigeria,15,85+,56,0.0000
nigeria,0,0-15,57,0.0000
nigeria,1,15-20,57,44.5971
nigeria,2,20-25,57,133.7912
nigeria,3,25-30,57,758.1500
nigeria,4,30-35,57,1025.7322
nigeria,5,35-40,57,1516.2996
nigeria,6,40-45,57,1873.0759
nigeria,7,45-50,57,1650.0908
nigeria,8,50-55,57,2363.6473
nigeria,9,55-60,57,1159.5261
nigeria,10,60-65,57,891.9432
nigeria,11,65-70,57,222.9858
nigeria,12,70-75,57,356.7773
nigeria,13,75-80,57,222.9858
nigeria,14,80-85,57,0.0000
nigeria,15,85+,57,0.0000
nigeria,0,0-15,58,0.0000
nigeria,1,15-20,58,44.5971
nigeria,2,20-25,58,133.7912
nigeria,3,25-30,58,758.1500
nigeria,4,30-35,58,1025.7322
nigeria,5,35-40,58,1516.2996
nigeria,6,40-45,58,1873.0759
nigeria,7,45-50,58,1650.0908
nigeria,8,50-55,58,2363.6473
nigeria,9,55-60,58,1159.5261
nigeria,10,60-65,58,891.9432
nigeria,11,65-70,58,222.9858
nigeria,12,70-75,58,356.7773
nigeria,13,75-80,58,222.9858
nigeria,14,80-85,58,0.0000
nigeria,15,85+,58,0.0000
nigeria,0,0-15,59,0.0000
nigeria,1,15-20,59,44.5971
nigeria,2,20-25,59,133.7912
nigeria,3,25-30,59,758.1500
nigeria,4,30-35,59,1025.7322
nigeria,5,35-40,59,1516.2996
nigeria,6,40-45,59,1873.0759
nigeria,7,45-50,59,1650.0908
nigeria,8,50-55,59,2363.6473
nigeria,9,55-60,59,1159.5261
nigeria,10,60-65,59,891.9432
nigeria,11,65-70,59,222.9858
nigeria,12,70-75,59,356.7773
nigeria,13,75-80,59,222.9858
nigeria,14,80-85,59,0.0000
nigeria,15,85+,59,0.0000
nigeria,0,0-15,60,0.0000
nigeria,1,15-20,60,0.0000
nigeria,2,20-25,60,44.5971
nigeria,3,25-30,60,713.5530
nigeria,4,30-35,60,981.1352
nigeria,5,35-40,60,1471.7025
nigeria,6,40-45,60,1739.2848
nigeria,7,45-50,60,1560.8967
nigeria,8,50-55,60,1382.5094
nigeria,9,55-60,60,1159.5254
nigeria,10,60-65,60,624.3601
nigeria,11,65-70,60,624.3601
nigeria,12,70-75,60,89.1943
nigeria,13,75-80,60,0.0000
nigeria,14,80-85,60,0.0000
nigeria,15,85+,60,89.1943
nigeria,0,0-15,61,0.0000
nigeria,1,15-20,61,0.0000
nigeria,2,20-25,61,89.1941
nigeria,3,25-30,61,758.1500
nigeria,4,30-35,61,1159.5234
nigeria,5,35-40,61,1739.2848
nigeria,6,40-45,61,1783.8818
nigeria,7,45-50,61,1694.6877
nigeria,8,50-55,61,1293.3159
nigeria,9,55-60,61,1025.7346
nigeria,10,60-65,61,624.3604
nigeria,11,65-70,61,267.5830
nigeria,12,70-75,61,267.5830
nigeria,13,75-80,61,44.5972
nigeria,14,80-85,61,44.5972
nigeria,15,85+,61,0.0000
nigeria,0,0-15,62,0.0000
nigeria,1,15-20,62,0.0000
nigeria,2,20-25,62,133.7912
nigeria,3,25-30,62,758.1500
nigeria,4,30-35,62,1025.7322
nigeria,5,35-40,62,1605.4937
nigeria,6,40-45,62,2140.6582
nigeria,7,45-50,62,1873.0774
nigeria,8,50-55,62,1204.1218
nigeria,9,55-60,62,1337.9139
nigeria,10,60-65,62,847.3462
nigeria,11,65-70,62,535.1660
nigeria,12,70-75,62,222.9858
nigeria,13,75-80,62,0.0000
nigeria,14,80-85,62,89.1943
nigeria,15,85+,62,0.0000
nigeria,0,0-15,63,0.0000
nigeria,1,15-20,63,0.0000
nigeria,2,20-25,63,178.3882
nigeria,3,25-30,63,668.9559
nigeria,4,30-35,63,1248.7175
nigeria,5,35-40,63,1204.1202
nigeria,6,40-45,63,1917.6730
nigeria,7,45-50,63,1204.1202
nigeria,8,50-55,63,1337.9132
nigeria,9,55-60,63,802.7478
nigeria,10,60-65,63,847.3451
nigeria,11,65-70,63,401.3743
nigeria,12,70-75,63,267.5830
nigeria,13,75-80,63,133.7915
nigeria,14,80-85,63,133.7915
nigeria,15,85+,63,0.0000
nigeria,0,0-15,64,0.0000
nigeria,1,15-20,64,0.0000
nigeria,2,20-25,64,178.3882
nigeria,3,25-30,64,668.9559
nigeria,4,30-35,64,1248.7175
nigeria,5,35-40,64,1204.1202
nigeria,6,40-45,64,1917.6730
nigeria,7,45-50,64,1204.1202
nigeria,8,50-55,64,1337.9132
nigeria,9,55-60,64,802.7478
nigeria,10,60-65,64,847.3451
nigeria,11,65-70,64,401.3743
nigeria,12,70-75,64,267.5830
nigeria,13,75-80,64,133.7915
nigeria,14,80-85,64,133.7915
nigeria,15,85+,64,0.0000
nigeria,0,0-15,65,0.0000
nigeria,1,15-20,65,0.0000
nigeria,2,20-25,65,178.3882
nigeria,3,25-30,65,668.9559
nigeria,4,30-35,65,1248.7175
nigeria,5,35-40,65,1204.1202
nigeria,6,40-45,65,1917.6730
nigeria,7,45-50,65,1204.1202
nigeria,8,50-55,65,1337.9132
nigeria,9,55-60,65,802.7478
nigeria,10,60-65,65,847.3451
nigeria,11,65-70,65,401.3743
nigeria,12,70-75,65,267.5830
nigeria,13,75-80,65,133.7915
nigeria,14,80-85,65,133.7915
nigeria,15,85+,65,0.0000
nigeria,0,0-15,66,0.0000
nigeria,1,15-20,66,0.0000
nigeria,2,20-25,66,178.3882
nigeria,3,25-30,66,668.9559
nigeria,4,30-35,66,1248.7175
nigeria,5,35-40,66,1204.1202
nigeria,6,40-45,66,1917.6730
nigeria,7,45-50,66,1204.1202
nigeria,8,50-55,66,1337.9132
nigeria,9,55-60,66,802.7478
nigeria,10,60-65,66,847.3451
nigeria,11,65-70,66,401.3743
nigeria,12,70-75,66,267.5830
nigeria,13,75-80,66,133.7915
nigeria,14,80-85,66,133.7915
nigeria,15,85+,66,0.0000
nigeria,0,0-15,67,0.0000
nigeria,1,15-20,67,0.0000
nigeria,2,20-25,67,89.1941
nigeria,3,25-30,67,981.1354
nigeria,4,30-35,67,1427.1056
nigeria,5,35-40,67,1694.6877
nigeria,6,40-45,67,2408.2408
nigeria,7,45-50,67,1739.2866
nigeria,8,50-55,67,1427.1080
nigeria,9,55-60,67,1159.5264
nigeria,10,60-65,67,802.7490
nigeria,11,65-70,67,535.1660
nigeria,12,70-75,67,312.1802
nigeria,13,75-80,67,178.3887
nigeria,14,80-85,67,178.3887
nigeria,15,85+,67,44.5972
nigeria,0,0-15,68,0.0000
nigeria,1,15-20,68,0.0000
nigeria,2,20-25,68,178.3882
nigeria,3,25-30,68,713.5529
nigeria,4,30-35,68,1337.9117
nigeria,5,35-40,68,2051.4641
nigeria,6,40-45,68,1783.8818
nigeria,7,45-50,68,2006.8683
nigeria,8,50-55,68,1382.5111
nigeria,9,55-60,68,981.1377
nigeria,10,60-65,68,490.5688
nigeria,11,65-70,68,624.3604
nigeria,12,70-75,68,312.1802
nigeria,13,75-80,68,44.5972
nigeria,14,80-85,68,89.1943
nigeria,15,85+,68,0.0000
nigeria,0,0-15,69,0.0000
nigeria,1,15-20,69,0.0000
nigeria,2,20-25,69,178.3882
nigeria,3,25-30,69,713.5529
nigeria,4,30-35,69,1337.9117
nigeria,5,35-40,69,2051.4641
nigeria,6,40-45,69,1783.8818
nigeria,7,45-50,69,2006.8683
nigeria,8,50-55,69,1382.5111
nigeria,9,55-60,69,981.1377
nigeria,10,60-65,69,490.5688
nigeria,11,65-70,69,624.3604
nigeria,12,70-75,69,312.1802
nigeria,13,75-80,69,44.5972
nigeria,14,80-85,69,89.1943
nigeria,15,85+,69,0.0000
nigeria,0,0-15,70,0.0000
nigeria,1,15-20,70,89.1941
nigeria,2,20-25,70,89.1941
nigeria,3,25-30,70,267.5824
nigeria,4,30-35,70,891.9413
nigeria,5,35-40,70,1337.9114
nigeria,6,40-45,70,1650.0907
nigeria,7,45-50,70,1650.0907
nigeria,8,50-55,70,1204.1205
nigeria,9,55-60,70,1159.5239
nigeria,10,60-65,70,535.1659
nigeria,11,65-70,70,445.9717
nigeria,12,70-75,70,490.5688
nigeria,13,75-80,70,133.7915
nigeria,14,80-85,70,0.0000
nigeria,15,85+,70,0.0000
nigeria,0,0-15,71,0.0000
nigeria,1,15-20,71,0.0000
nigeria,2,20-25,71,133.7912
nigeria,3,25-30,71,1114.9265
nigeria,4,30-35,71,1204.1204
nigeria,5,35-40,71,1560.8966
nigeria,6,40-45,71,1873.0759
nigeria,7,45-50,71,2140.6600
nigeria,8,50-55,71,1873.0796
nigeria,9,55-60,71,1204.1232
nigeria,10,60-65,71,981.1377
nigeria,11,65-70,71,535.1660
nigeria,12,70-75,71,445.9717
nigeria,13,75-80,71,222.9858
nigeria,14,80-85,71,89.1943
nigeria,15,85+,71,0.0000
nigeria,0,0-15,72,0.0000
nigeria,1,15-20,72,0.0000
nigeria,2,20-25,72,89.1941
nigeria,3,25-30,72,624.3589
nigeria,4,30-35,72,1204.1205
nigeria,5,35-40,72,1873.0760
nigeria,6,40-45,72,1739.2848
nigeria,7,45-50,72,1694.6879
nigeria,8,50-55,72,1114.9277
nigeria,9,55-60,72,1114.9288
nigeria,10,60-65,72,579.7629
nigeria,11,65-70,72,802.7488
nigeria,12,70-75,72,267.5830
nigeria,13,75-80,72,133.7915
nigeria,14,80-85,72,0.0000
nigeria,15,85+,72,0.0000
nigeria,0,0-15,73,0.0000
nigeria,1,15-20,73,0.0000
nigeria,2,20-25,73,89.1941
nigeria,3,25-30,73,624.3589
nigeria,4,30-35,73,1204.1205
nigeria,5,35-40,73,1873.0760
nigeria,6,40-45,73,1739.2848
nigeria,7,45-50,73,1694.6879
nigeria,8,50-55,73,1114.9277
nigeria,9,55-60,73,1114.9288
nigeria,10,60-65,73,579.7629
nigeria,11,65-70,73,802.7488
nigeria,12,70-75,73,267.5830
nigeria,13,75-80,73,133.7915
nigeria,14,80-85,73,0.0000
nigeria,15,85+,73,0.0000
nigeria,0,0-15,74,0.0000
nigeria,1,15-20,74,0.0000
nigeria,2,20-25,74,133.7912
nigeria,3,25-30,74,401.3736
nigeria,4,30-35,74,1248.7176
nigeria,5,35-40,74,1471.7025
nigeria,6,40-45,74,2229.8523
nigeria,7,45-50,74,1605.4937
nigeria,8,50-55,74,1427.1074
nigeria,9,55-60,74,758.1515
nigeria,10,60-65,74,668.9573
nigeria,11,65-70,74,535.1660
nigeria,12,70-75,74,401.3745
nigeria,13,75-80,74,133.7915
nigeria,14,80-85,74,0.0000
nigeria,15,85+,74,0.0000
nigeria,0,0-15,75,0.0000
nigeria,1,15-20,75,0.0000
nigeria,2,20-25,75,133.7912
nigeria,3,25-30,75,401.3736
nigeria,4,30-35,75,1248.7176
nigeria,5,35-40,75,1471.7025
nigeria,6,40-45,75,2229.8523
nigeria,7,45-50,75,1605.4937
nigeria,8,50-55,75,1427.1074
nigeria,9,55-60,75,758.1515
nigeria,10,60-65,75,668.9573
nigeria,11,65-70,75,535.1660
nigeria,12,70-75,75,401.3745
nigeria,13,75-80,75,133.7915
nigeria,14,80-85,75,0.0000
nigeria,15,85+,75,0.0000
nigeria,0,0-15,76,0.0000
nigeria,1,15-20,76,0.0000
nigeria,2,20-25,76,267.5824
nigeria,3,25-30,76,624.3589
nigeria,4,30-35,76,1560.8968
nigeria,5,35-40,76,1873.0759
nigeria,6,40-45,76,1828.4789
nigeria,7,45-50,76,2006.8684
nigeria,8,50-55,76,1560.8999
nigeria,9,55-60,76,981.1377
nigeria,10,60-65,76,668.9575
nigeria,11,65-70,76,579.7632
nigeria,12,70-75,76,178.3887
nigeria,13,75-80,76,133.7915
nigeria,14,80-85,76,89.1943
nigeria,15,85+,76,0.0000
nigeria,0,0-15,77,0.0000
nigeria,1,15-20,77,0.0000
nigeria,2,20-25,77,267.5824
nigeria,3,25-30,77,624.3589
nigeria,4,30-35,77,1560.8968
nigeria,5,35-40,77,1873.0759
nigeria,6,40-45,77,1828.4789
nigeria,7,45-50,77,2006.8684
nigeria,8,50-55,77,1560.8999
nigeria,9,55-60,77,981.1377
nigeria,10,60-65,77,668.9575
nigeria,11,65-70,77,579.7632
nigeria,12,70-75,77,178.3887
nigeria,13,75-80,77,133.7915
nigeria,14,80-85,77,89.1943
nigeria,15,85+,77,0.0000
nigeria,0,0-15,78,0.0000
nigeria,1,15-20,78,0.0000
nigeria,2,20-25,78,267.5824
nigeria,3,25-30,78,624.3589
nigeria,4,30-35,78,1560.8968
nigeria,5,35-40,78,1873.0759
nigeria,6,40-45,78,1828.4789
nigeria,7,45-50,78,2006.8684
nigeria,8,50-55,78,1560.8999
nigeria,9,55-60,78,981.1377
nigeria,10,60-65,78,668.9575
nigeria,11,65-70,78,579.7632
nigeria,12,70-75,78,178.3887
nigeria,13,75-80,78,133.7915
nigeria,14,80-85,78,89.1943
nigeria,15,85+,78,0.0000
nigeria,0,0-15,79,0.0000
nigeria,1,15-20,79,0.0000
nigeria,2,20-25,79,133.7912
nigeria,3,25-30,79,713.5530
nigeria,4,30-35,79,1427.1056
nigeria,5,35-40,79,1873.0759
nigeria,6,40-45,79,2274.4493
nigeria,7,45-50,79,1873.0776
nigeria,8,50-55,79,1114.9282
nigeria,9,55-60,79,1159.5264
nigeria,10,60-65,79,1114.9292
nigeria,11,65-70,79,668.9575
nigeria,12,70-75,79,490.5688
nigeria,13,75-80,79,133.7915
nigeria,14,80-85,79,0.0000
nigeria,15,85+,79,0.0000
nigeria,0,0-15,80,0.0000
nigeria,1,15-20,80,44.5971
nigeria,2,20-25,80,44.5971
nigeria,3,25-30,80,624.3589
nigeria,4,30-35,80,1159.5234
nigeria,5,35-40,80,1694.6877
nigeria,6,40-45,80,1783.8818
nigeria,7,45-50,80,1783.8818
nigeria,8,50-55,80,1739.2872
nigeria,9,55-60,80,758.1517
nigeria,10,60-65,80,847.3462
nigeria,11,65-70,80,490.5688
nigeria,12,70-75,80,178.3887
nigeria,13,75-80,80,267.5830
nigeria,14,80-85,80,0.0000
nigeria,15,85+,80,44.5972
nigeria,0,0-15,81,0.0000
nigeria,1,15-20,81,44.5971
nigeria,2,20-25,81,44.5971
nigeria,3,25-30,81,356.7765
nigeria,4,30-35,81,1204.1205
nigeria,5,35-40,81,1427.1055
nigeria,6,40-45,81,1783.8818
nigeria,7,45-50,81,1382.5084
nigeria,8,50-55,81,1694.6890
nigeria,9,55-60,81,1025.7345
nigeria,10,60-65,81,936.5396
nigeria,11,65-70,81,312.1801
nigeria,12,70-75,81,356.7773
nigeria,13,75-80,81,133.7915
nigeria,14,80-85,81,89.1943
nigeria,15,85+,81,0.0000
nigeria,0,0-15,82,0.0000
nigeria,1,15-20,82,0.0000
nigeria,2,20-25,82,89.1941
nigeria,3,25-30,82,445.9706
nigeria,4,30-35,82,1337.9117
nigeria,5,35-40,82,1560.8966
nigeria,6,40-45,82,1873.0759
nigeria,7,45-50,82,1516.2996
nigeria,8,50-55,82,1739.2864
nigeria,9,55-60,82,936.5404
nigeria,10,60-65,82,758.1519
nigeria,11,65-70,82,579.7632
nigeria,12,70-75,82,312.1802
nigeria,13,75-80,82,44.5972
nigeria,14,80-85,82,0.0000
nigeria,15,85+,82,0.0000
nigeria,0,0-15,83,0.0000
nigeria,1,15-20,83,0.0000
nigeria,2,20-25,83,312.1794
nigeria,3,25-30,83,356.7765
nigeria,4,30-35,83,1382.5087
nigeria,5,35-40,83,1560.8966
nigeria,6,40-45,83,2051.4641
nigeria,7,45-50,83,1828.4789
nigeria,8,50-55,83,1293.3165
nigeria,9,55-60,83,891.9432
nigeria,10,60-65,83,936.5405
nigeria,11,65-70,83,535.1660
nigeria,12,70-75,83,312.1802
nigeria,13,75-80,83,0.0000
nigeria,14,80-85,83,44.5972
nigeria,15,85+,83,0.0000
nigeria,0,0-15,84,0.0000
nigeria,1,15-20,84,0.0000
nigeria,2,20-25,84,89.1941
nigeria,3,25-30,84,579.7618
nigeria,4,30-35,84,1516.2998
nigeria,5,35-40,84,1516.2996
nigeria,6,40-45,84,2051.4641
nigeria,7,45-50,84,1516.3013
nigeria,8,50-55,84,1337.9127
nigeria,9,55-60,84,1159.5251
nigeria,10,60-65,84,579.7629
nigeria,11,65-70,84,490.5688
nigeria,12,70-75,84,222.9858
nigeria,13,75-80,84,222.9858
nigeria,14,80-85,84,178.3887
nigeria,15,85+,84,0.0000
nigeria,0,0-15,85,0.0000
nigeria,1,15-20,85,0.0000
nigeria,2,20-25,85,178.3882
nigeria,3,25-30,85,312.1794
nigeria,4,30-35,85,1070.3294
nigeria,5,35-40,85,1337.9114
nigeria,6,40-45,85,2051.4641
nigeria,7,45-50,85,2319.0464
nigeria,8,50-55,85,1248.7191
nigeria,9,55-60,85,1159.5259
nigeria,10,60-65,85,802.7490
nigeria,11,65-70,85,624.3604
nigeria,12,70-75,85,356.7773
nigeria,13,75-80,85,133.7915
nigeria,14,80-85,85,89.1943
nigeria,15,85+,85,0.0000
nigeria,0,0-15,86,0.0000
nigeria,1,15-20,86,0.0000
nigeria,2,20-25,86,133.7912
nigeria,3,25-30,86,490.5677
nigeria,4,30-35,86,1204.1205
nigeria,5,35-40,86,1337.9114
nigeria,6,40-45,86,1739.2848
nigeria,7,45-50,86,1159.5234
nigeria,8,50-55,86,1471.7041
nigeria,9,55-60,86,1025.7338
nigeria,10,60-65,86,668.9565
nigeria,11,65-70,86,624.3601
nigeria,12,70-75,86,222.9857
nigeria,13,75-80,86,89.1943
nigeria,14,80-85,86,178.3885
nigeria,15,85+,86,0.0000
nigeria,0,0-15,87,0.0000
nigeria,1,15-20,87,0.0000
nigeria,2,20-25,87,133.7912
nigeria,3,25-30,87,490.5677
nigeria,4,30-35,87,1204.1205
nigeria,5,35-40,87,1337.9114
nigeria,6,40-45,87,1739.2848
nigeria,7,45-50,87,1159.5234
nigeria,8,50-55,87,1471.7041
nigeria,9,55-60,87,1025.7338
nigeria,10,60-65,87,668.9565
nigeria,11,65-70,87,624.3601
nigeria,12,70-75,87,222.9857
nigeria,13,75-80,87,89.1943
nigeria,14,80-85,87,178.3885
nigeria,15,85+,87,0.0000
nigeria,0,0-15,88,0.0000
nigeria,1,15-20,88,0.0000
nigeria,2,20-25,88,44.5971
nigeria,3,25-30,88,535.1647
nigeria,4,30-35,88,1471.7028
nigeria,5,35-40,88,1605.4937
nigeria,6,40-45,88,2185.2552
nigeria,7,45-50,88,1694.6880
nigeria,8,50-55,88,1427.1078
nigeria,9,55-60,88,847.3462
nigeria,10,60-65,88,713.5547
nigeria,11,65-70,88,401.3745
nigeria,12,70-75,88,222.9858
nigeria,13,75-80,88,133.7915
nigeria,14,80-85,88,0.0000
nigeria,15,85+,88,0.0000
nigeria,0,0-15,89,0.0000
nigeria,1,15-20,89,0.0000
nigeria,2,20-25,89,133.7912
nigeria,3,25-30,89,356.7765
nigeria,4,30-35,89,1159.5235
nigeria,5,35-40,89,1650.0907
nigeria,6,40-45,89,2319.0464
nigeria,7,45-50,89,1873.0764
nigeria,8,50-55,89,1293.3159
nigeria,9,55-60,89,1159.5264
nigeria,10,60-65,89,802.7490
nigeria,11,65-70,89,312.1802
nigeria,12,70-75,89,222.9858
nigeria,13,75-80,89,133.7915
nigeria,14,80-85,89,44.5972
nigeria,15,85+,89,0.0000
nigeria,0,0-15,90,0.0000
nigeria,1,15-20,90,0.0000
nigeria,2,20-25,90,178.3882
nigeria,3,25-30,90,535.1647
nigeria,4,30-35,90,1293.3145
nigeria,5,35-40,90,1694.6878
nigeria,6,40-45,90,1962.2700
nigeria,7,45-50,90,1783.8818
nigeria,8,50-55,90,1114.9276
nigeria,9,55-60,90,1159.5264
nigeria,10,60-65,90,535.1660
nigeria,11,65-70,90,312.1802
nigeria,12,70-75,90,312.1802
nigeria,13,75-80,90,89.1943
nigeria,14,80-85,90,222.9858
nigeria,15,85+,90,0.0000
nigeria,0,0-15,91,0.0000
nigeria,1,15-20,91,0.0000
nigeria,2,20-25,91,178.3882
nigeria,3,25-30,91,891.9412
nigeria,4,30-35,91,802.7469
nigeria,5,35-40,91,1873.0759
nigeria,6,40-45,91,1783.8818
nigeria,7,45-50,91,1873.0768
nigeria,8,50-55,91,981.1359
nigeria,9,55-60,91,1204.1228
nigeria,10,60-65,91,847.3462
nigeria,11,65-70,91,490.5688
nigeria,12,70-75,91,133.7915
nigeria,13,75-80,91,133.7915
nigeria,14,80-85,91,89.1943
nigeria,15,85+,91,0.0000
nigeria,0,0-15,92,0.0000
nigeria,1,15-20,92,0.0000
nigeria,2,20-25,92,178.3882
nigeria,3,25-30,92,891.9412
nigeria,4,30-35,92,802.7469
nigeria,5,35-40,92,1873.0759
nigeria,6,40-45,92,1783.8818
nigeria,7,45-50,92,1873.0768
nigeria,8,50-55,92,981.1359
nigeria,9,55-60,92,1204.1228
nigeria,10,60-65,92,847.3462
nigeria,11,65-70,92,490.5688
nigeria,12,70-75,92,133.7915
nigeria,13,75-80,92,133.7915
nigeria,14,80-85,92,89.1943
nigeria,15,85+,92,0.0000
nigeria,0,0-15,93,0.0000
nigeria,1,15-20,93,0.0000
nigeria,2,20-25,93,178.3882
nigeria,3,25-30,93,891.9412
nigeria,4,30-35,93,802.7469
nigeria,5,35-40,93,1873.0759
nigeria,6,40-45,93,1783.8818
nigeria,7,45-50,93,1873.0768
nigeria,8,50-55,93,981.1359
nigeria,9,55-60,93,1204.1228
nigeria,10,60-65,93,847.3462
nigeria,11,65-70,93,490.5688
nigeria,12,70-75,93,133.7915
nigeria,13,75-80,93,133.7915
nigeria,14,80-85,93,89.1943
nigeria,15,85+,93,0.0000
nigeria,0,0-15,94,0.0000
nigeria,1,15-20,94,44.5971
nigeria,2,20-25,94,44.5971
nigeria,3,25-30,94,579.7618
nigeria,4,30-35,94,1248.7175
nigeria,5,35-40,94,1337.9114
nigeria,6,40-45,94,1427.1055
nigeria,7,45-50,94,1739.2848
nigeria,8,50-55,94,1382.5087
nigeria,9,55-60,94,1382.5114
nigeria,10,60-65,94,891.9434
nigeria,11,65-70,94,356.7773
nigeria,12,70-75,94,178.3887
nigeria,13,75-80,94,178.3887
nigeria,14,80-85,94,44.5972
nigeria,15,85+,94,0.0000
nigeria,0,0-15,95,0.0000
nigeria,1,15-20,95,0.0000
nigeria,2,20-25,95,44.5971
nigeria,3,25-30,95,624.3589
nigeria,4,30-35,95,1070.3293
nigeria,5,35-40,95,1248.7173
nigeria,6,40-45,95,1739.2848
nigeria,7,45-50,95,1650.0908
nigeria,8,50-55,95,1427.1074
nigeria,9,55-60,95,1650.0935
nigeria,10,60-65,95,624.3601
nigeria,11,65-70,95,535.1658
nigeria,12,70-75,95,267.5829
nigeria,13,75-80,95,222.9857
nigeria,14,80-85,95,89.1943
nigeria,15,85+,95,0.0000
nigeria,0,0-15,96,0.0000
nigeria,1,15-20,96,0.0000
nigeria,2,20-25,96,178.3882
nigeria,3,25-30,96,1070.3295
nigeria,4,30-35,96,1605.4937
nigeria,5,35-40,96,2229.8523
nigeria,6,40-45,96,1739.2848
nigeria,7,45-50,96,2006.8693
nigeria,8,50-55,96,1560.9009
nigeria,9,55-60,96,1159.5264
nigeria,10,60-65,96,802.7490
nigeria,11,65-70,96,535.1660
nigeria,12,70-75,96,267.5830
nigeria,13,75-80,96,133.7915
nigeria,14,80-85,96,0.0000
nigeria,15,85+,96,0.0000
nigeria,0,0-15,97,0.0000
nigeria,1,15-20,97,0.0000
nigeria,2,20-25,97,89.1941
nigeria,3,25-30,97,579.7618
nigeria,4,30-35,97,1114.9264
nigeria,5,35-40,97,1382.5085
nigeria,6,40-45,97,2675.8228
nigeria,7,45-50,97,1962.2716
nigeria,8,50-55,97,1516.3015
nigeria,9,55-60,97,891.9434
nigeria,10,60-65,97,802.7490
nigeria,11,65-70,97,579.7632
nigeria,12,70-75,97,445.9717
nigeria,13,75-80,97,44.5972
nigeria,14,80-85,97,89.1943
nigeria,15,85+,97,0.0000
nigeria,0,0-15,98,0.0000
nigeria,1,15-20,98,0.0000
nigeria,2,20-25,98,178.3882
nigeria,3,25-30,98,490.5677
nigeria,4,30-35,98,1159.5234
nigeria,5,35-40,98,1337.9114
nigeria,6,40-45,98,1739.2848
nigeria,7,45-50,98,1337.9114
nigeria,8,50-55,98,1337.9126
nigeria,9,55-60,98,802.7479
nigeria,10,60-65,98,713.5536
nigeria,11,65-70,98,535.1658
nigeria,12,70-75,98,356.7773
nigeria,13,75-80,98,178.3887
nigeria,14,80-85,98,222.9858
nigeria,15,85+,98,44.5972
nigeria,0,0-15,99,0.0000
nigeria,1,15-20,99,0.0000
nigeria,2,20-25,99,44.5971
nigeria,3,25-30,99,445.9706
nigeria,4,30-35,99,579.7618
nigeria,5,35-40,99,1917.6731
nigeria,6,40-45,99,1650.0907
nigeria,7,45-50,99,1560.8966
nigeria,8,50-55,99,1605.4939
nigeria,9,55-60,99,1114.9288
nigeria,10,60-65,99,668.9570
nigeria,11,65-70,99,758.1519
nigeria,12,70-75,99,490.5688
nigeria,13,75-80,99,89.1943
nigeria,14,80-85,99,44.5972
nigeria,15,85+,99,0.0000
sierra leone,0,0-15,0,0.0000
sierra leone,1,15-20,0,0.0000
sierra leone,2,20-25,0,0.0000
sierra leone,3,25-30,0,9.0041
sierra leone,4,30-35,0,38.2675
sierra leone,5,35-40,0,40.5185
sierra leone,6,40-45,0,60.7778
sierra leone,7,45-50,0,63.0288
sierra leone,8,50-55,0,63.0288
sierra leone,9,55-60,0,67.5309
sierra leone,10,60-65,0,31.5144
sierra leone,11,65-70,0,15.7572
sierra leone,12,70-75,0,24.7613
sierra leone,13,75-80,0,11.2551
sierra leone,14,80-85,0,2.2510
sierra leone,15,85+,0,0.0000
sierra leone,0,0-15,1,0.0000
sierra leone,1,15-20,1,0.0000
sierra leone,2,20-25,1,6.7531
sierra leone,3,25-30,1,13.5062
sierra leone,4,30-35,1,29.2634
sierra leone,5,35-40,1,40.5185
sierra leone,6,40-45,1,51.7737
sierra leone,7,45-50,1,51.7737
sierra leone,8,50-55,1,69.7819
sierra leone,9,55-60,1,49.5227
sierra leone,10,60-65,1,31.5144
sierra leone,11,65-70,1,15.7572
sierra leone,12,70-75,1,20.2592
sierra leone,13,75-80,1,11.2551
sierra leone,14,80-85,1,4.5021
sierra leone,15,85+,1,0.0000
sierra leone,0,0-15,2,0.0000
sierra leone,1,15-20,2,0.0000
sierra leone,2,20-25,2,9.0041
sierra leone,3,25-30,2,11.2551
sierra leone,4,30-35,2,45.0206
sierra leone,5,35-40,2,45.0206
sierra leone,6,40-45,2,47.2716
sierra leone,7,45-50,2,49.5227
sierra leone,8,50-55,2,54.0247
sierra leone,9,55-60,2,87.7902
sierra leone,10,60-65,2,51.7737
sierra leone,11,65-70,2,15.7572
sierra leone,12,70-75,2,20.2593
sierra leone,13,75-80,2,2.2510
sierra leone,14,80-85,2,6.7531
sierra leone,15,85+,2,0.0000
sierra leone,0,0-15,3,0.0000
sierra leone,1,15-20,3,0.0000
sierra leone,2,20-25,3,4.5021
sierra leone,3,25-30,3,24.7613
sierra leone,4,30-35,3,47.2716
sierra leone,5,35-40,3,51.7737
sierra leone,6,40-45,3,58.5268
sierra leone,7,45-50,3,83.2881
sierra leone,8,50-55,3,69.7819
sierra leone,9,55-60,3,51.7737
sierra leone,10,60-65,3,27.0124
sierra leone,11,65-70,3,54.0246
sierra leone,12,70-75,3,13.5061
sierra leone,13,75-80,3,11.2551
sierra leone,14,80-85,3,4.5021
sierra leone,15,85+,3,2.2510
sierra leone,0,0-15,4,0.0000
sierra leone,1,15-20,4,0.0000
sierra leone,2,20-25,4,4.5021
sierra leone,3,25-30,4,22.5103
sierra leone,4,30-35,4,40.5185
sierra leone,5,35-40,4,54.0247
sierra leone,6,40-45,4,54.0247
sierra leone,7,45-50,4,51.7737
sierra leone,8,50-55,4,67.5309
sierra leone,9,55-60,4,67.5309
sierra leone,10,60-65,4,33.7654
sierra leone,11,65-70,4,11.2551
sierra leone,12,70-75,4,22.5103
sierra leone,13,75-80,4,9.0041
sierra leone,14,80-85,4,2.2510
sierra leone,15,85+,4,0.0000
sierra leone,0,0-15,5,0.0000
sierra leone,1,15-20,5,0.0000
sierra leone,2,20-25,5,4.5021
sierra leone,3,25-30,5,13.5062
sierra leone,4,30-35,5,24.7613
sierra leone,5,35-40,5,27.0123
sierra leone,6,40-45,5,40.5185
sierra leone,7,45-50,5,58.5268
sierra leone,8,50-55,5,54.0247
sierra leone,9,55-60,5,47.2716
sierra leone,10,60-65,5,45.0206
sierra leone,11,65-70,5,13.5062
sierra leone,12,70-75,5,15.7572
sierra leone,13,75-80,5,11.2551
sierra leone,14,80-85,5,0.0000
sierra leone,15,85+,5,0.0000
sierra leone,0,0-15,6,0.0000
sierra leone,1,15-20,6,2.2510
sierra leone,2,20-25,6,0.0000
sierra leone,3,25-30,6,9.0041
sierra leone,4,30-35,6,29.2634
sierra leone,5,35-40,6,31.5144
sierra leone,6,40-45,6,42.7695
sierra leone,7,45-50,6,54.0247
sierra leone,8,50-55,6,72.0329
sierra leone,9,55-60,6,56.2757
sierra leone,10,60-65,6,31.5144
sierra leone,11,65-70,6,15.7572
sierra leone,12,70-75,6,11.2551
sierra leone,13,75-80,6,4.5021
sierra leone,14,80-85,6,0.0000
sierra leone,15,85+,6,0.0000
sierra leone,0,0-15,7,0.0000
sierra leone,1,15-20,7,0.0000
sierra leone,2,20-25,7,0.0000
sierra leone,3,25-30,7,4.5021
sierra leone,4,30-35,7,18.0082
sierra leone,5,35-40,7,38.2675
sierra leone,6,40-45,7,38.2675
sierra leone,7,45-50,7,60.7778
sierra leone,8,50-55,7,65.2799
sierra leone,9,55-60,7,54.0247
sierra leone,10,60-65,7,15.7572
sierra leone,11,65-70,7,20.2593
sierra leone,12,70-75,7,15.7572
sierra leone,13,75-80,7,11.2551
sierra leone,14,80-85,7,0.0000
sierra leone,15,85+,7,0.0000
sierra leone,0,0-15,8,0.0000
sierra leone,1,15-20,8,0.0000
sierra leone,2,20-25,8,4.5021
sierra leone,3,25-30,8,22.5103
sierra leone,4,30-35,8,27.0123
sierra leone,5,35-40,8,45.0206
sierra leone,6,40-45,8,54.0247
sierra leone,7,45-50,8,78.7860
sierra leone,8,50-55,8,47.2716
sierra leone,9,55-60,8,65.2799
sierra leone,10,60-65,8,20.2593
sierra leone,11,65-70,8,27.0124
sierra leone,12,70-75,8,22.5103
sierra leone,13,75-80,8,6.7531
sierra leone,14,80-85,8,0.0000
sierra leone,15,85+,8,0.0000
sierra leone,0,0-15,9,0.0000
sierra leone,1,15-20,9,0.0000
sierra leone,2,20-25,9,4.5021
sierra leone,3,25-30,9,22.5103
sierra leone,4,30-35,9,27.0123
sierra leone,5,35-40,9,45.0206
sierra leone,6,40-45,9,54.0247
sierra leone,7,45-50,9,78.7860
sierra leone,8,50-55,9,47.2716
sierra leone,9,55-60,9,65.2799
sierra leone,10,60-65,9,20.2593
sierra leone,11,65-70,9,27.0124
sierra leone,12,70-75,9,22.5103
sierra leone,13,75-80,9,6.7531
sierra leone,14,80-85,9,0.0000
sierra leone,15,85+,9,0.0000
sierra leone,0,0-15,10,0.0000
sierra leone,1,15-20,10,0.0000
sierra leone,2,20-25,10,0.0000
sierra leone,3,25-30,10,9.0041
sierra leone,4,30-35,10,22.5103
sierra leone,5,35-40,10,31.5144
sierra leone,6,40-45,10,56.2757
sierra leone,7,45-50,10,49.5226
sierra leone,8,50-55,10,78.7860
sierra leone,9,55-60,10,38.2675
sierra leone,10,60-65,10,51.7737
sierra leone,11,65-70,10,2.2510
sierra leone,12,70-75,10,9.0041
sierra leone,13,75-80,10,9.0041
sierra leone,14,80-85,10,0.0000
sierra leone,15,85+,10,0.0000
sierra leone,0,0-15,11,0.0000
sierra leone,1,15-20,11,2.2510
sierra leone,2,20-25,11,2.2510
sierra leone,3,25-30,11,20.2593
sierra leone,4,30-35,11,31.5144
sierra leone,5,35-40,11,47.2716
sierra leone,6,40-45,11,72.0329
sierra leone,7,45-50,11,65.2799
sierra leone,8,50-55,11,47.2716
sierra leone,9,55-60,11,51.7737
sierra leone,10,60-65,11,58.5268
sierra leone,11,65-70,11,22.5103
sierra leone,12,70-75,11,11.2551
sierra leone,13,75-80,11,2.2510
sierra leone,14,80-85,11,0.0000
sierra leone,15,85+,11,2.2510
sierra leone,0,0-15,12,0.0000
sierra leone,1,15-20,12,2.2510
sierra leone,2,20-25,12,2.2510
sierra leone,3,25-30,12,20.2593
sierra leone,4,30-35,12,31.5144
sierra leone,5,35-40,12,47.2716
sierra leone,6,40-45,12,72.0329
sierra leone,7,45-50,12,65.2799
sierra leone,8,50-55,12,47.2716
sierra leone,9,55-60,12,51.7737
sierra leone,10,60-65,12,58.5268
sierra leone,11,65-70,12,22.5103
sierra leone,12,70-75,12,11.2551
sierra leone,13,75-80,12,2.2510
sierra leone,14,80-85,12,0.0000
sierra leone,15,85+,12,2.2510
sierra leone,0,0-15,13,0.0000
sierra leone,1,15-20,13,2.2510
sierra leone,2,20-25,13,2.2510
sierra leone,3,25-30,13,20.2593
sierra leone,4,30-35,13,31.5144
sierra leone,5,35-40,13,47.2716
sierra leone,6,40-45,13,72.0329
sierra leone,7,45-50,13,65.2799
sierra leone,8,50-55,13,47.2716
sierra leone,9,55-60,13,51.7737
sierra leone,10,60-65,13,58.5268
sierra leone,11,65-70,13,22.5103
sierra leone,12,70-75,13,11.2551
sierra leone,13,75-80,13,2.2510
sierra leone,14,80-85,13,0.0000
sierra leone,15,85+,13,2.2510
sierra leone,0,0-15,14,0.0000
sierra leone,1,15-20,14,2.2510
sierra leone,2,20-25,14,2.2510
sierra leone,3,25-30,14,20.2593
sierra leone,4,30-35,14,31.5144
sierra leone,5,35-40,14,47.2716
sierra leone,6,40-45,14,72.0329
sierra leone,7,45-50,14,65.2799
sierra leone,8,50-55,14,47.2716
sierra leone,9,55-60,14,51.7737
sierra leone,10,60-65,14,58.5268
sierra leone,11,65-70,14,22.5103
sierra leone,12,70-75,14,11.2551
sierra leone,13,75-80,14,2.2510
sierra leone,14,80-85,14,0.0000
sierra leone,15,85+,14,2.2510
sierra leone,0,0-15,15,0.0000
sierra leone,1,15-20,15,2.2510
sierra leone,2,20-25,15,2.2510
sierra leone,3,25-30,15,20.2593
sierra leone,4,30-35,15,31.5144
sierra leone,5,35-40,15,47.2716
sierra leone,6,40-45,15,72.0329
sierra leone,7,45-50,15,65.2799
sierra leone,8,50-55,15,47.2716
sierra leone,9,55-60,15,51.7737
sierra leone,10,60-65,15,58.5268
sierra leone,11,65-70,15,22.5103
sierra leone,12,70-75,15,11.2551
sierra leone,13,75-80,15,2.2510
sierra leone,14,80-85,15,0.0000
sierra leone,15,85+,15,2.2510
sierra leone,0,0-15,16,0.0000
sierra leone,1,15-20,16,0.0000
sierra leone,2,20-25,16,4.5021
sierra leone,3,25-30,16,15.7572
sierra leone,4,30-35,16,24.7613
sierra leone,5,35-40,16,29.2634
sierra leone,6,40-45,16,54.0247
sierra leone,7,45-50,16,45.0206
sierra leone,8,50-55,16,45.0206
sierra leone,9,55-60,16,67.5309
sierra leone,10,60-65,16,29.2634
sierra leone,11,65-70,16,22.5103
sierra leone,12,70-75,16,6.7531
sierra leone,13,75-80,16,13.5062
sierra leone,14,80-85,16,0.0000
sierra leone,15,85+,16,0.0000
sierra leone,0,0-15,17,0.0000
sierra leone,1,15-20,17,0.0000
sierra leone,2,20-25,17,4.5021
sierra leone,3,25-30,17,15.7572
sierra leone,4,30-35,17,24.7613
sierra leone,5,35-40,17,29.2634
sierra leone,6,40-45,17,54.0247
sierra leone,7,45-50,17,45.0206
sierra leone,8,50-55,17,45.0206
sierra leone,9,55-60,17,67.5309
sierra leone,10,60-65,17,29.2634
sierra leone,11,65-70,17,22.5103
sierra leone,12,70-75,17,6.7531
sierra leone,13,75-80,17,13.5062
sierra leone,14,80-85,17,0.0000
sierra leone,15,85+,17,0.0000
sierra leone,0,0-15,18,0.0000
sierra leone,1,15-20,18,0.0000
sierra leone,2,20-25,18,4.5021
sierra leone,3,25-30,18,15.7572
sierra leone,4,30-35,18,24.7613
sierra leone,5,35-40,18,29.2634
sierra leone,6,40-45,18,54.0247
sierra leone,7,45-50,18,45.0206
sierra leone,8,50-55,18,45.0206
sierra leone,9,55-60,18,67.5309
sierra leone,10,60-65,18,29.2634
sierra leone,11,65-70,18,22.5103
sierra leone,12,70-75,18,6.7531
sierra leone,13,75-80,18,13.5062
sierra leone,14,80-85,18,0.0000
sierra leone,15,85+,18,0.0000
sierra leone,0,0-15,19,0.0000
sierra leone,1,15-20,19,0.0000
sierra leone,2,20-25,19,4.5021
sierra leone,3,25-30,19,15.7572
sierra leone,4,30-35,19,24.7613
sierra leone,5,35-40,19,29.2634
sierra leone,6,40-45,19,54.0247
sierra leone,7,45-50,19,45.0206
sierra leone,8,50-55,19,45.0206
sierra leone,9,55-60,19,67.5309
sierra leone,10,60-65,19,29.2634
sierra leone,11,65-70,19,22.5103
sierra leone,12,70-75,19,6.7531
sierra leone,13,75-80,19,13.5062
sierra leone,14,80-85,19,0.0000
sierra leone,15,85+,19,0.0000
sierra leone,0,0-15,20,0.0000
sierra leone,1,15-20,20,0.0000
sierra leone,2,20-25,20,4.5021
sierra leone,3,25-30,20,15.7572
sierra leone,4,30-35,20,24.7613
sierra leone,5,35-40,20,29.2634
sierra leone,6,40-45,20,54.0247
sierra leone,7,45-50,20,45.0206
sierra leone,8,50-55,20,45.0206
sierra leone,9,55-60,20,67.5309
sierra leone,10,60-65,20,29.2634
sierra leone,11,65-70,20,22.5103
sierra leone,12,70-75,20,6.7531
sierra leone,13,75-80,20,13.5062
sierra leone,14,80-85,20,0.0000
sierra leone,15,85+,20,0.0000
sierra leone,0,0-15,21,0.0000
sierra leone,1,15-20,21,0.0000
sierra leone,2,20-25,21,4.5021
sierra leone,3,25-30,21,15.7572
sierra leone,4,30-35,21,24.7613
sierra leone,5,35-40,21,29.2634
sierra leone,6,40-45,21,54.0247
sierra leone,7,45-50,21,45.0206
sierra leone,8,50-55,21,45.0206
sierra leone,9,55-60,21,67.5309
sierra leone,10,60-65,21,29.2634
sierra leone,11,65-70,21,22.5103
sierra leone,12,70-75,21,6.7531
sierra leone,13,75-80,21,13.5062
sierra leone,14,80-85,21,0.0000
sierra leone,15,85+,21,0.0000
sierra leone,0,0-15,22,0.0000
sierra leone,1,15-20,22,0.0000
sierra leone,2,20-25,22,4.5021
sierra leone,3,25-30,22,15.7572
sierra leone,4,30-35,22,24.7613
sierra leone,5,35-40,22,29.2634
sierra leone,6,40-45,22,54.0247
sierra leone,7,45-50,22,45.0206
sierra leone,8,50-55,22,45.0206
sierra leone,9,55-60,22,67.5309
sierra leone,10,60-65,22,29.2634
sierra leone,11,65-70,22,22.5103
sierra leone,12,70-75,22,6.7531
sierra leone,13,75-80,22,13.5062
sierra leone,14,80-85,22,0.0000
sierra leone,15,85+,22,0.0000
sierra leone,0,0-15,23,0.0000
sierra leone,1,15-20,23,0.0000
sierra leone,2,20-25,23,4.5021
sierra leone,3,25-30,23,15.7572
sierra leone,4,30-35,23,24.7613
sierra leone,5,35-40,23,29.2634
sierra leone,6,40-45,23,54.0247
sierra leone,7,45-50,23,45.0206
sierra leone,8,50-55,23,45.0206
sierra leone,9,55-60,23,67.5309
sierra leone,10,60-65,23,29.2634
sierra leone,11,65-70,23,22.5103
sierra leone,12,70-75,23,6.7531
sierra leone,13,75-80,23,13.5062
sierra leone,14,80-85,23,0.0000
sierra leone,15,85+,23,0.0000
sierra leone,0,0-15,24,0.0000
sierra leone,1,15-20,24,0.0000
sierra leone,2,20-25,24,4.5021
sierra leone,3,25-30,24,15.7572
sierra leone,4,30-35,24,24.7613
sierra leone,5,35-40,24,29.2634
sierra leone,6,40-45,24,54.0247
sierra leone,7,45-50,24,45.0206
sierra leone,8,50-55,24,45.0206
sierra leone,9,55-60,24,67.5309
sierra leone,10,60-65,24,29.2634
sierra leone,11,65-70,24,22.5103
sierra leone,12,70-75,24,6.7531
sierra leone,13,75-80,24,13.5062
sierra leone,14,80-85,24,0.0000
sierra leone,15,85+,24,0.0000
sierra leone,0,0-15,25,0.0000
sierra leone,1,15-20,25,0.0000
sierra leone,2,20-25,25,6.7531
sierra leone,3,25-30,25,13.5062
sierra leone,4,30-35,25,33.7654
sierra leone,5,35-40,25,47.2716
sierra leone,6,40-45,25,58.5268
sierra leone,7,45-50,25,60.7778
sierra leone,8,50-55,25,69.7819
sierra leone,9,55-60,25,33.7654
sierra leone,10,60-65,25,36.0165
sierra leone,11,65-70,25,11.2551
sierra leone,12,70-75,25,13.5062
sierra leone,13,75-80,25,4.5021
sierra leone,14,80-85,25,6.7531
sierra leone,15,85+,25,2.2510
sierra leone,0,0-15,26,0.0000
sierra leone,1,15-20,26,0.0000
sierra leone,2,20-25,26,6.7531
sierra leone,3,25-30,26,13.5062
sierra leone,4,30-35,26,33.7654
sierra leone,5,35-40,26,47.2716
sierra leone,6,40-45,26,58.5268
sierra leone,7,45-50,26,60.7778
sierra leone,8,50-55,26,69.7819
sierra leone,9,55-60,26,33.7654
sierra leone,10,60-65,26,36.0165
sierra leone,11,65-70,26,11.2551
sierra leone,12,70-75,26,13.5062
sierra leone,13,75-80,26,4.5021
sierra leone,14,80-85,26,6.7531
sierra leone,15,85+,26,2.2510
sierra leone,0,0-15,27,0.0000
sierra leone,1,15-20,27,0.0000
sierra leone,2,20-25,27,2.2510
sierra leone,3,25-30,27,9.0041
sierra leone,4,30-35,27,18.0082
sierra leone,5,35-40,27,29.2634
sierra leone,6,40-45,27,49.5226
sierra leone,7,45-50,27,42.7695
sierra leone,8,50-55,27,72.0330
sierra leone,9,55-60,27,49.5227
sierra leone,10,60-65,27,20.2593
sierra leone,11,65-70,27,13.5062
sierra leone,12,70-75,27,15.7572
sierra leone,13,75-80,27,4.5021
sierra leone,14,80-85,27,4.5021
sierra leone,15,85+,27,0.0000
sierra leone,0,0-15,28,0.0000
sierra leone,1,15-20,28,0.0000
sierra leone,2,20-25,28,4.5021
sierra leone,3,25-30,28,9.0041
sierra leone,4,30-35,28,24.7613
sierra leone,5,35-40,28,40.5185
sierra leone,6,40-45,28,54.0247
sierra leone,7,45-50,28,67.5309
sierra leone,8,50-55,28,40.5185
sierra leone,9,55-60,28,45.0206
sierra leone,10,60-65,28,40.5185
sierra leone,11,65-70,28,22.5103
sierra leone,12,70-75,28,2.2510
sierra leone,13,75-80,28,6.7531
sierra leone,14,80-85,28,2.2510
sierra leone,15,85+,28,0.0000
sierra leone,0,0-15,29,0.0000
sierra leone,1,15-20,29,0.0000
sierra leone,2,20-25,29,4.5021
sierra leone,3,25-30,29,4.5021
sierra leone,4,30-35,29,47.2716
sierra leone,5,35-40,29,47.2716
sierra leone,6,40-45,29,40.5185
sierra leone,7,45-50,29,69.7819
sierra leone,8,50-55,29,45.0206
sierra leone,9,55-60,29,67.5309
sierra leone,10,60-65,29,36.0165
sierra leone,11,65-70,29,27.0124
sierra leone,12,70-75,29,11.2551
sierra leone,13,75-80,29,4.5021
sierra leone,14,80-85,29,2.2510
sierra leone,15,85+,29,0.0000
sierra leone,0,0-15,30,0.0000
sierra leone,1,15-20,30,2.2510
sierra leone,2,20-25,30,4.5021
sierra leone,3,25-30,30,18.0082
sierra leone,4,30-35,30,24.7613
sierra leone,5,35-40,30,31.5144
sierra leone,6,40-45,30,38.2675
sierra leone,7,45-50,30,51.7737
sierra leone,8,50-55,30,54.0247
sierra leone,9,55-60,30,65.2799
sierra leone,10,60-65,30,29.2634
sierra leone,11,65-70,30,15.7572
sierra leone,12,70-75,30,11.2551
sierra leone,13,75-80,30,4.5021
sierra leone,14,80-85,30,0.0000
sierra leone,15,85+,30,2.2510
sierra leone,0,0-15,31,0.0000
sierra leone,1,15-20,31,0.0000
sierra leone,2,20-25,31,4.5021
sierra leone,3,25-30,31,11.2551
sierra leone,4,30-35,31,11.2551
sierra leone,5,35-40,31,29.2634
sierra leone,6,40-45,31,38.2675
sierra leone,7,45-50,31,60.7778
sierra leone,8,50-55,31,45.0206
sierra leone,9,55-60,31,40.5185
sierra leone,10,60-65,31,27.0124
sierra leone,11,65-70,31,29.2634
sierra leone,12,70-75,31,20.2593
sierra leone,13,75-80,31,6.7531
sierra leone,14,80-85,31,4.5021
sierra leone,15,85+,31,0.0000
sierra leone,0,0-15,32,0.0000
sierra leone,1,15-20,32,0.0000
sierra leone,2,20-25,32,4.5021
sierra leone,3,25-30,32,11.2551
sierra leone,4,30-35,32,11.2551
sierra leone,5,35-40,32,29.2634
sierra leone,6,40-45,32,38.2675
sierra leone,7,45-50,32,60.7778
sierra leone,8,50-55,32,45.0206
sierra leone,9,55-60,32,40.5185
sierra leone,10,60-65,32,27.0124
sierra leone,11,65-70,32,29.2634
sierra leone,12,70-75,32,20.2593
sierra leone,13,75-80,32,6.7531
sierra leone,14,80-85,32,4.5021
sierra leone,15,85+,32,0.0000
sierra leone,0,0-15,33,0.0000
sierra leone,1,15-20,33,0.0000
sierra leone,2,20-25,33,4.5021
sierra leone,3,25-30,33,11.2551
sierra leone,4,30-35,33,11.2551
sierra leone,5,35-40,33,29.2634
sierra leone,6,40-45,33,38.2675
sierra leone,7,45-50,33,60.7778
sierra leone,8,50-55,33,45.0206
sierra leone,9,55-60,33,40.5185
sierra leone,10,60-65,33,27.0124
sierra leone,11,65-70,33,29.2634
sierra leone,12,70-75,33,20.2593
sierra leone,13,75-80,33,6.7531
sierra leone,14,80-85,33,4.5021
sierra leone,15,85+,33,0.0000
sierra leone,0,0-15,34,0.0000
sierra leone,1,15-20,34,0.0000
sierra leone,2,20-25,34,4.5021
sierra leone,3,25-30,34,11.2551
sierra leone,4,30-35,34,11.2551
sierra leone,5,35-40,34,29.2634
sierra leone,6,40-45,34,38.2675
sierra leone,7,45-50,34,60.7778
sierra leone,8,50-55,34,45.0206
sierra leone,9,55-60,34,40.5185
sierra leone,10,60-65,34,27.0124
sierra leone,11,65-70,34,29.2634
sierra leone,12,70-75,34,20.2593
sierra leone,13,75-80,34,6.7531
sierra leone,14,80-85,34,4.5021
sierra leone,15,85+,34,0.0000
sierra leone,0,0-15,35,0.0000
sierra leone,1,15-20,35,0.0000
sierra leone,2,20-25,35,2.2510
sierra leone,3,25-30,35,9.0041
sierra leone,4,30-35,35,47.2716
sierra leone,5,35-40,35,45.0206
sierra leone,6,40-45,35,60.7778
sierra leone,7,45-50,35,83.2881
sierra leone,8,50-55,35,60.7778
sierra leone,9,55-60,35,51.7737
sierra leone,10,60-65,35,38.2675
sierra leone,11,65-70,35,31.5144
sierra leone,12,70-75,35,9.0041
sierra leone,13,75-80,35,0.0000
sierra leone,14,80-85,35,0.0000
sierra leone,15,85+,35,0.0000
sierra leone,0,0-15,36,0.0000
sierra leone,1,15-20,36,0.0000
sierra leone,2,20-25,36,2.2510
sierra leone,3,25-30,36,9.0041
sierra leone,4,30-35,36,33.7654
sierra leone,5,35-40,36,24.7613
sierra leone,6,40-45,36,31.5144
sierra leone,7,45-50,36,60.7778
sierra leone,8,50-55,36,58.5268
sierra leone,9,55-60,36,45.0206
sierra leone,10,60-65,36,27.0124
sierra leone,11,65-70,36,20.2593
sierra leone,12,70-75,36,15.7572
sierra leone,13,75-80,36,9.0041
sierra leone,14,80-85,36,4.5021
sierra leone,15,85+,36,0.0000
sierra leone,0,0-15,37,0.0000
sierra leone,1,15-20,37,0.0000
sierra leone,2,20-25,37,18.0082
sierra leone,3,25-30,37,20.2593
sierra leone,4,30-35,37,51.7736
sierra leone,5,35-40,37,51.7737
sierra leone,6,40-45,37,49.5226
sierra leone,7,45-50,37,69.7819
sierra leone,8,50-55,37,81.0371
sierra leone,9,55-60,37,47.2716
sierra leone,10,60-65,37,33.7654
sierra leone,11,65-70,37,38.2675
sierra leone,12,70-75,37,9.0041
sierra leone,13,75-80,37,6.7531
sierra leone,14,80-85,37,2.2510
sierra leone,15,85+,37,0.0000
sierra leone,0,0-15,38,0.0000
sierra leone,1,15-20,38,0.0000
sierra leone,2,20-25,38,18.0082
sierra leone,3,25-30,38,20.2593
sierra leone,4,30-35,38,51.7736
sierra leone,5,35-40,38,51.7737
sierra leone,6,40-45,38,49.5226
sierra leone,7,45-50,38,69.7819
sierra leone,8,50-55,38,81.0371
sierra leone,9,55-60,38,47.2716
sierra leone,10,60-65,38,33.7654
sierra leone,11,65-70,38,38.2675
sierra leone,12,70-75,38,9.0041
sierra leone,13,75-80,38,6.7531
sierra leone,14,80-85,38,2.2510
sierra leone,15,85+,38,0.0000
sierra leone,0,0-15,39,0.0000
sierra leone,1,15-20,39,0.0000
sierra leone,2,20-25,39,6.7531
sierra leone,3,25-30,39,22.5103
sierra leone,4,30-35,39,40.5185
sierra leone,5,35-40,39,54.0247
sierra leone,6,40-45,39,56.2757
sierra leone,7,45-50,39,51.7737
sierra leone,8,50-55,39,72.0330
sierra leone,9,55-60,39,56.2757
sierra leone,10,60-65,39,33.7654
sierra leone,11,65-70,39,18.0082
sierra leone,12,70-75,39,4.5021
sierra leone,13,75-80,39,6.7531
sierra leone,14,80-85,39,4.5021
sierra leone,15,85+,39,0.0000
sierra leone,0,0-15,40,0.0000
sierra leone,1,15-20,40,0.0000
sierra leone,2,20-25,40,2.2510
sierra leone,3,25-30,40,6.7531
sierra leone,4,30-35,40,45.0206
sierra leone,5,35-40,40,29.2634
sierra leone,6,40-45,40,67.5309
sierra leone,7,45-50,40,58.5268
sierra leone,8,50-55,40,65.2799
sierra leone,9,55-60,40,40.5185
sierra leone,10,60-65,40,36.0165
sierra leone,11,65-70,40,18.0082
sierra leone,12,70-75,40,15.7572
sierra leone,13,75-80,40,4.5021
sierra leone,14,80-85,40,2.2510
sierra leone,15,85+,40,0.0000
sierra leone,0,0-15,41,0.0000
sierra leone,1,15-20,41,0.0000
sierra leone,2,20-25,41,0.0000
sierra leone,3,25-30,41,31.5144
sierra leone,4,30-35,41,27.0123
sierra leone,5,35-40,41,29.2634
sierra leone,6,40-45,41,49.5226
sierra leone,7,45-50,41,51.7737
sierra leone,8,50-55,41,54.0247
sierra leone,9,55-60,41,60.7778
sierra leone,10,60-65,41,24.7613
sierra leone,11,65-70,41,15.7572
sierra leone,12,70-75,41,18.0082
sierra leone,13,75-80,41,2.2510
sierra leone,14,80-85,41,4.5021
sierra leone,15,85+,41,0.0000
sierra leone,0,0-15,42,0.0000
sierra leone,1,15-20,42,0.0000
sierra leone,2,20-25,42,4.5021
sierra leone,3,25-30,42,22.5103
sierra leone,4,30-35,42,38.2675
sierra leone,5,35-40,42,40.5185
sierra leone,6,40-45,42,58.5268
sierra leone,7,45-50,42,58.5268
sierra leone,8,50-55,42,76.5350
sierra leone,9,55-60,42,58.5268
sierra leone,10,60-65,42,24.7613
sierra leone,11,65-70,42,9.0041
sierra leone,12,70-75,42,9.0041
sierra leone,13,75-80,42,2.2510
sierra leone,14,80-85,42,2.2510
sierra leone,15,85+,42,2.2510
sierra leone,0,0-15,43,0.0000
sierra leone,1,15-20,43,0.0000
sierra leone,2,20-25,43,0.0000
sierra leone,3,25-30,43,13.5062
sierra leone,4,30-35,43,31.5144
sierra leone,5,35-40,43,29.2634
sierra leone,6,40-45,43,42.7695
sierra leone,7,45-50,43,54.0247
sierra leone,8,50-55,43,60.7778
sierra leone,9,55-60,43,42.7696
sierra leone,10,60-65,43,40.5185
sierra leone,11,65-70,43,11.2551
sierra leone,12,70-75,43,13.5062
sierra leone,13,75-80,43,0.0000
sierra leone,14,80-85,43,2.2510
sierra leone,15,85+,43,0.0000
sierra leone,0,0-15,44,0.0000
sierra leone,1,15-20,44,0.0000
sierra leone,2,20-25,44,6.7531
sierra leone,3,25-30,44,11.2551
sierra leone,4,30-35,44,22.5103
sierra leone,5,35-40,44,45.0206
sierra leone,6,40-45,44,42.7695
sierra leone,7,45-50,44,56.2757
sierra leone,8,50-55,44,56.2757
sierra leone,9,55-60,44,58.5268
sierra leone,10,60-65,44,24.7613
sierra leone,11,65-70,44,11.2551
sierra leone,12,70-75,44,4.5021
sierra leone,13,75-80,44,4.5021
sierra leone,14,80-85,44,0.0000
sierra leone,15,85+,44,0.0000
sierra leone,0,0-15,45,0.0000
sierra leone,1,15-20,45,0.0000
sierra leone,2,20-25,45,6.7531
sierra leone,3,25-30,45,11.2551
sierra leone,4,30-35,45,22.5103
sierra leone,5,35-40,45,45.0206
sierra leone,6,40-45,45,42.7695
sierra leone,7,45-50,45,56.2757
sierra leone,8,50-55,45,56.2757
sierra leone,9,55-60,45,58.5268
sierra leone,10,60-65,45,24.7613
sierra leone,11,65-70,45,11.2551
sierra leone,12,70-75,45,4.5021
sierra leone,13,75-80,45,4.5021
sierra leone,14,80-85,45,0.0000
sierra leone,15,85+,45,0.0000
sierra leone,0,0-15,46,0.0000
sierra leone,1,15-20,46,0.0000
sierra leone,2,20-25,46,4.5021
sierra leone,3,25-30,46,11.2551
sierra leone,4,30-35,46,27.0123
sierra leone,5,35-40,46,49.5226
sierra leone,6,40-45,46,36.0165
sierra leone,7,45-50,46,65.2799
sierra leone,8,50-55,46,56.2757
sierra leone,9,55-60,46,45.0206
sierra leone,10,60-65,46,31.5144
sierra leone,11,65-70,46,15.7572
sierra leone,12,70-75,46,13.5062
sierra leone,13,75-80,46,6.7531
sierra leone,14,80-85,46,0.0000
sierra leone,15,85+,46,0.0000
sierra leone,0,0-15,47,0.0000
sierra leone,1,15-20,47,0.0000
sierra leone,2,20-25,47,0.0000
sierra leone,3,25-30,47,15.7572
sierra leone,4,30-35,47,27.0123
sierra leone,5,35-40,47,42.7695
sierra leone,6,40-45,47,54.0247
sierra leone,7,45-50,47,51.7737
sierra leone,8,50-55,47,54.0247
sierra leone,9,55-60,47,36.0165
sierra leone,10,60-65,47,24.7613
sierra leone,11,65-70,47,18.0082
sierra leone,12,70-75,47,20.2593
sierra leone,13,75-80,47,2.2510
sierra leone,14,80-85,47,6.7531
sierra leone,15,85+,47,2.2510
sierra leone,0,0-15,48,0.0000
sierra leone,1,15-20,48,0.0000
sierra leone,2,20-25,48,0.0000
sierra leone,3,25-30,48,15.7572
sierra leone,4,30-35,48,27.0123
sierra leone,5,35-40,48,42.7695
sierra leone,6,40-45,48,54.0247
sierra leone,7,45-50,48,51.7737
sierra leone,8,50-55,48,54.0247
sierra leone,9,55-60,48,36.0165
sierra leone,10,60-65,48,24.7613
sierra leone,11,65-70,48,18.0082
sierra leone,12,70-75,48,20.2593
sierra leone,13,75-80,48,2.2510
sierra leone,14,80-85,48,6.7531
sierra leone,15,85+,48,2.2510
sierra leone,0,0-15,49,0.0000
sierra leone,1,15-20,49,0.0000
sierra leone,2,20-25,49,0.0000
sierra leone,3,25-30,49,15.7572
sierra leone,4,30-35,49,27.0123
sierra leone,5,35-40,49,42.7695
sierra leone,6,40-45,49,54.0247
sierra leone,7,45-50,49,51.7737
sierra leone,8,50-55,49,54.0247
sierra leone,9,55-60,49,36.0165
sierra leone,10,60-65,49,24.7613
sierra leone,11,65-70,49,18.0082
sierra leone,12,70-75,49,20.2593
sierra leone,13,75-80,49,2.2510
sierra leone,14,80-85,49,6.7531
sierra leone,15,85+,49,2.2510
sierra leone,0,0-15,50,0.0000
sierra leone,1,15-20,50,0.0000
sierra leone,2,20-25,50,2.2510
sierra leone,3,25-30,50,22.5103
sierra leone,4,30-35,50,31.5144
sierra leone,5,35-40,50,36.0164
sierra leone,6,40-45,50,42.7695
sierra leone,7,45-50,50,67.5309
sierra leone,8,50-55,50,69.7819
sierra leone,9,55-60,50,36.0165
sierra leone,10,60-65,50,15.7572
sierra leone,11,65-70,50,20.2593
sierra leone,12,70-75,50,22.5103
sierra leone,13,75-80,50,2.2510
sierra leone,14,80-85,50,0.0000
sierra leone,15,85+,50,0.0000
sierra leone,0,0-15,51,0.0000
sierra leone,1,15-20,51,0.0000
sierra leone,2,20-25,51,2.2510
sierra leone,3,25-30,51,31.5144
sierra leone,4,30-35,51,42.7695
sierra leone,5,35-40,51,56.2757
sierra leone,6,40-45,51,60.7778
sierra leone,7,45-50,51,83.2881
sierra leone,8,50-55,51,69.7819
sierra leone,9,55-60,51,47.2716
sierra leone,10,60-65,51,40.5185
sierra leone,11,65-70,51,33.7654
sierra leone,12,70-75,51,6.7531
sierra leone,13,75-80,51,2.2510
sierra leone,14,80-85,51,6.7531
sierra leone,15,85+,51,4.5021
sierra leone,0,0-15,52,0.0000
sierra leone,1,15-20,52,0.0000
sierra leone,2,20-25,52,11.2551
sierra leone,3,25-30,52,22.5103
sierra leone,4,30-35,52,33.7654
sierra leone,5,35-40,52,54.0247
sierra leone,6,40-45,52,54.0247
sierra leone,7,45-50,52,65.2799
sierra leone,8,50-55,52,67.5309
sierra leone,9,55-60,52,38.2675
sierra leone,10,60-65,52,36.0165
sierra leone,11,65-70,52,20.2593
sierra leone,12,70-75,52,6.7531
sierra leone,13,75-80,52,9.0041
sierra leone,14,80-85,52,0.0000
sierra leone,15,85+,52,0.0000
sierra leone,0,0-15,53,0.0000
sierra leone,1,15-20,53,0.0000
sierra leone,2,20-25,53,6.7531
sierra leone,3,25-30,53,11.2551
sierra leone,4,30-35,53,18.0082
sierra leone,5,35-40,53,49.5226
sierra leone,6,40-45,53,49.5226
sierra leone,7,45-50,53,42.7696
sierra leone,8,50-55,53,51.7737
sierra leone,9,55-60,53,45.0206
sierra leone,10,60-65,53,27.0124
sierra leone,11,65-70,53,18.0082
sierra leone,12,70-75,53,18.0082
sierra leone,13,75-80,53,4.5021
sierra leone,14,80-85,53,2.2510
sierra leone,15,85+,53,2.2510
sierra leone,0,0-15,54,0.0000
sierra leone,1,15-20,54,0.0000
sierra leone,2,20-25,54,11.2551
sierra leone,3,25-30,54,20.2593
sierra leone,4,30-35,54,36.0164
sierra leone,5,35-40,54,45.0206
sierra leone,6,40-45,54,78.7860
sierra leone,7,45-50,54,81.0371
sierra leone,8,50-55,54,65.2799
sierra leone,9,55-60,54,47.2716
sierra leone,10,60-65,54,38.2675
sierra leone,11,65-70,54,29.2634
sierra leone,12,70-75,54,13.5062
sierra leone,13,75-80,54,6.7531
sierra leone,14,80-85,54,0.0000
sierra leone,15,85+,54,0.0000
sierra leone,0,0-15,55,0.0000
sierra leone,1,15-20,55,0.0000
sierra leone,2,20-25,55,4.5021
sierra leone,3,25-30,55,15.7572
sierra leone,4,30-35,55,42.7695
sierra leone,5,35-40,55,54.0247
sierra leone,6,40-45,55,54.0247
sierra leone,7,45-50,55,65.2799
sierra leone,8,50-55,55,56.2757
sierra leone,9,55-60,55,42.7696
sierra leone,10,60-65,55,36.0165
sierra leone,11,65-70,55,24.7613
sierra leone,12,70-75,55,9.0041
sierra leone,13,75-80,55,4.5021
sierra leone,14,80-85,55,0.0000
sierra leone,15,85+,55,0.0000
sierra leone,0,0-15,56,0.0000
sierra leone,1,15-20,56,0.0000
sierra leone,2,20-25,56,4.5021
sierra leone,3,25-30,56,15.7572
sierra leone,4,30-35,56,42.7695
sierra leone,5,35-40,56,54.0247
sierra leone,6,40-45,56,54.0247
sierra leone,7,45-50,56,65.2799
sierra leone,8,50-55,56,56.2757
sierra leone,9,55-60,56,42.7696
sierra leone,10,60-65,56,36.0165
sierra leone,11,65-70,56,24.7613
sierra leone,12,70-75,56,9.0041
sierra leone,13,75-80,56,4.5021
sierra leone,14,80-85,56,0.0000
sierra leone,15,85+,56,0.0000
sierra leone,0,0-15,57,0.0000
sierra leone,1,15-20,57,0.0000
sierra leone,2,20-25,57,4.5021
sierra leone,3,25-30,57,15.7572
sierra leone,4,30-35,57,42.7695
sierra leone,5,35-40,57,54.0247
sierra leone,6,40-45,57,54.0247
sierra leone,7,45-50,57,65.2799
sierra leone,8,50-55,57,56.2757
sierra leone,9,55-60,57,42.7696
sierra leone,10,60-65,57,36.0165
sierra leone,11,65-70,57,24.7613
sierra leone,12,70-75,57,9.0041
sierra leone,13,75-80,57,4.5021
sierra leone,14,80-85,57,0.0000
sierra leone,15,85+,57,0.0000
sierra leone,0,0-15,58,0.0000
sierra leone,1,15-20,58,0.0000
sierra leone,2,20-25,58,9.0041
sierra leone,3,25-30,58,29.2634
sierra leone,4,30-35,58,24.7613
sierra leone,5,35-40,58,36.0164
sierra leone,6,40-45,58,29.2634
sierra leone,7,45-50,58,51.7737
sierra leone,8,50-55,58,60.7778
sierra leone,9,55-60,58,54.0247
sierra leone,10,60-65,58,33.7654
sierra leone,11,65-70,58,29.2634
sierra leone,12,70-75,58,6.7531
sierra leone,13,75-80,58,0.0000
sierra leone,14,80-85,58,0.0000
sierra leone,15,85+,58,0.0000
sierra leone,0,0-15,59,0.0000
sierra leone,1,15-20,59,0.0000
sierra leone,2,20-25,59,13.5062
sierra leone,3,25-30,59,15.7572
sierra leone,4,30-35,59,20.2593
sierra leone,5,35-40,59,74.2839
sierra leone,6,40-45,59,49.5226
sierra leone,7,45-50,59,60.7778
sierra leone,8,50-55,59,45.0206
sierra leone,9,55-60,59,47.2716
sierra leone,10,60-65,59,29.2634
sierra leone,11,65-70,59,24.7613
sierra leone,12,70-75,59,15.7572
sierra leone,13,75-80,59,9.0041
sierra leone,14,80-85,59,2.2510
sierra leone,15,85+,59,2.2510
sierra leone,0,0-15,60,0.0000
sierra leone,1,15-20,60,0.0000
sierra leone,2,20-25,60,2.2510
sierra leone,3,25-30,60,20.2593
sierra leone,4,30-35,60,45.0206
sierra leone,5,35-40,60,56.2757
sierra leone,6,40-45,60,42.7696
sierra leone,7,45-50,60,56.2757
sierra leone,8,50-55,60,67.5309
sierra leone,9,55-60,60,45.0206
sierra leone,10,60-65,60,40.5185
sierra leone,11,65-70,60,18.0082
sierra leone,12,70-75,60,4.5021
sierra leone,13,75-80,60,4.5021
sierra leone,14,80-85,60,4.5021
sierra leone,15,85+,60,0.0000
sierra leone,0,0-15,61,0.0000
sierra leone,1,15-20,61,0.0000
sierra leone,2,20-25,61,2.2510
sierra leone,3,25-30,61,20.2593
sierra leone,4,30-35,61,45.0206
sierra leone,5,35-40,61,56.2757
sierra leone,6,40-45,61,42.7696
sierra leone,7,45-50,61,56.2757
sierra leone,8,50-55,61,67.5309
sierra leone,9,55-60,61,45.0206
sierra leone,10,60-65,61,40.5185
sierra leone,11,65-70,61,18.0082
sierra leone,12,70-75,61,4.5021
sierra leone,13,75-80,61,4.5021
sierra leone,14,80-85,61,4.5021
sierra leone,15,85+,61,0.0000
sierra leone,0,0-15,62,0.0000
sierra leone,1,15-20,62,0.0000
sierra leone,2,20-25,62,2.2510
sierra leone,3,25-30,62,20.2593
sierra leone,4,30-35,62,45.0206
sierra leone,5,35-40,62,56.2757
sierra leone,6,40-45,62,42.7696
sierra leone,7,45-50,62,56.2757
sierra leone,8,50-55,62,67.5309
sierra leone,9,55-60,62,45.0206
sierra leone,10,60-65,62,40.5185
sierra leone,11,65-70,62,18.0082
sierra leone,12,70-75,62,4.5021
sierra leone,13,75-80,62,4.5021
sierra leone,14,80-85,62,4.5021
sierra leone,15,85+,62,0.0000
sierra leone,0,0-15,63,0.0000
sierra leone,1,15-20,63,0.0000
sierra leone,2,20-25,63,2.2510
sierra leone,3,25-30,63,20.2593
sierra leone,4,30-35,63,45.0206
sierra leone,5,35-40,63,56.2757
sierra leone,6,40-45,63,42.7696
sierra leone,7,45-50,63,56.2757
sierra leone,8,50-55,63,67.5309
sierra leone,9,55-60,63,45.0206
sierra leone,10,60-65,63,40.5185
sierra leone,11,65-70,63,18.0082
sierra leone,12,70-75,63,4.5021
sierra leone,13,75-80,63,4.5021
sierra leone,14,80-85,63,4.5021
sierra leone,15,85+,63,0.0000
sierra leone,0,0-15,64,0.0000
sierra leone,1,15-20,64,0.0000
sierra leone,2,20-25,64,2.2510
sierra leone,3,25-30,64,20.2593
sierra leone,4,30-35,64,45.0206
sierra leone,5,35-40,64,56.2757
sierra leone,6,40-45,64,42.7696
sierra leone,7,45-50,64,56.2757
sierra leone,8,50-55,64,67.5309
sierra leone,9,55-60,64,45.0206
sierra leone,10,60-65,64,40.5185
sierra leone,11,65-70,64,18.0082
sierra leone,12,70-75,64,4.5021
sierra leone,13,75-80,64,4.5021
sierra leone,14,80-85,64,4.5021
sierra leone,15,85+,64,0.0000
sierra leone,0,0-15,65,0.0000
sierra leone,1,15-20,65,0.0000
sierra leone,2,20-25,65,2.2510
sierra leone,3,25-30,65,20.2593
sierra leone,4,30-35,65,45.0206
sierra leone,5,35-40,65,56.2757
sierra leone,6,40-45,65,42.7696
sierra leone,7,45-50,65,56.2757
sierra leone,8,50-55,65,67.5309
sierra leone,9,55-60,65,45.0206
sierra leone,10,60-65,65,40.5185
sierra leone,11,65-70,65,18.0082
sierra leone,12,70-75,65,4.5021
sierra leone,13,75-80,65,4.5021
sierra leone,14,80-85,65,4.5021
sierra leone,15,85+,65,0.0000
sierra leone,0,0-15,66,0.0000
sierra leone,1,15-20,66,0.0000
sierra leone,2,20-25,66,2.2510
sierra leone,3,25-30,66,20.2593
sierra leone,4,30-35,66,45.0206
sierra leone,5,35-40,66,56.2757
sierra leone,6,40-45,66,42.7696
sierra leone,7,45-50,66,56.2757
sierra leone,8,50-55,66,67.5309
sierra leone,9,55-60,66,45.0206
sierra leone,10,60-65,66,40.5185
sierra leone,11,65-70,66,18.0082
sierra leone,12,70-75,66,4.5021
sierra leone,13,75-80,66,4.5021
sierra leone,14,80-85,66,4.5021
sierra leone,15,85+,66,0.0000
sierra leone,0,0-15,67,0.0000
sierra leone,1,15-20,67,0.0000
sierra leone,2,20-25,67,2.2510
sierra leone,3,25-30,67,20.2593
sierra leone,4,30-35,67,45.0206
sierra leone,5,35-40,67,56.2757
sierra leone,6,40-45,67,42.7696
sierra leone,7,45-50,67,56.2757
sierra leone,8,50-55,67,67.5309
sierra leone,9,55-60,67,45.0206
sierra leone,10,60-65,67,40.5185
sierra leone,11,65-70,67,18.0082
sierra leone,12,70-75,67,4.5021
sierra leone,13,75-80,67,4.5021
sierra leone,14,80-85,67,4.5021
sierra leone,15,85+,67,0.0000
sierra leone,0,0-15,68,0.0000
sierra leone,1,15-20,68,0.0000
sierra leone,2,20-25,68,2.2510
sierra leone,3,25-30,68,20.2593
sierra leone,4,30-35,68,45.0206
sierra leone,5,35-40,68,56.2757
sierra leone,6,40-45,68,42.7696
sierra leone,7,45-50,68,56.2757
sierra leone,8,50-55,68,67.5309
sierra leone,9,55-60,68,45.0206
sierra leone,10,60-65,68,40.5185
sierra leone,11,65-70,68,18.0082
sierra leone,12,70-75,68,4.5021
sierra leone,13,75-80,68,4.5021
sierra leone,14,80-85,68,4.5021
sierra leone,15,85+,68,0.0000
sierra leone,0,0-15,69,0.0000
sierra leone,1,15-20,69,0.0000
sierra leone,2,20-25,69,2.2510
sierra leone,3,25-30,69,20.2593
sierra leone,4,30-35,69,45.0206
sierra leone,5,35-40,69,56.2757
sierra leone,6,40-45,69,42.7696
sierra leone,7,45-50,69,56.2757
sierra leone,8,50-55,69,67.5309
sierra leone,9,55-60,69,45.0206
sierra leone,10,60-65,69,40.5185
sierra leone,11,65-70,69,18.0082
sierra leone,12,70-75,69,4.5021
sierra leone,13,75-80,69,4.5021
sierra leone,14,80-85,69,4.5021
sierra leone,15,85+,69,0.0000
sierra leone,0,0-15,70,0.0000
sierra leone,1,15-20,70,0.0000
sierra leone,2,20-25,70,2.2510
sierra leone,3,25-30,70,20.2593
sierra leone,4,30-35,70,45.0206
sierra leone,5,35-40,70,56.2757
sierra leone,6,40-45,70,42.7696
sierra leone,7,45-50,70,56.2757
sierra leone,8,50-55,70,67.5309
sierra leone,9,55-60,70,45.0206
sierra leone,10,60-65,70,40.5185
sierra leone,11,65-70,70,18.0082
sierra leone,12,70-75,70,4.5021
sierra leone,13,75-80,70,4.5021
sierra leone,14,80-85,70,4.5021
sierra leone,15,85+,70,0.0000
sierra leone,0,0-15,71,0.0000
sierra leone,1,15-20,71,0.0000
sierra leone,2,20-25,71,2.2510
sierra leone,3,25-30,71,20.2593
sierra leone,4,30-35,71,45.0206
sierra leone,5,35-40,71,56.2757
sierra leone,6,40-45,71,42.7696
sierra leone,7,45-50,71,56.2757
sierra leone,8,50-55,71,67.5309
sierra leone,9,55-60,71,45.0206
sierra leone,10,60-65,71,40.5185
sierra leone,11,65-70,71,18.0082
sierra leone,12,70-75,71,4.5021
sierra leone,13,75-80,71,4.5021
sierra leone,14,80-85,71,4.5021
sierra leone,15,85+,71,0.0000
sierra leone,0,0-15,72,0.0000
sierra leone,1,15-20,72,0.0000
sierra leone,2,20-25,72,2.2510
sierra leone,3,25-30,72,20.2593
sierra leone,4,30-35,72,45.0206
sierra leone,5,35-40,72,56.2757
sierra leone,6,40-45,72,42.7696
sierra leone,7,45-50,72,56.2757
sierra leone,8,50-55,72,67.5309
sierra leone,9,55-60,72,45.0206
sierra leone,10,60-65,72,40.5185
sierra leone,11,65-70,72,18.0082
sierra leone,12,70-75,72,4.5021
sierra leone,13,75-80,72,4.5021
sierra leone,14,80-85,72,4.5021
sierra leone,15,85+,72,0.0000
sierra leone,0,0-15,73,0.0000
sierra leone,1,15-20,73,0.0000
sierra leone,2,20-25,73,2.2510
sierra leone,3,25-30,73,20.2593
sierra leone,4,30-35,73,45.0206
sierra leone,5,35-40,73,56.2757
sierra leone,6,40-45,73,42.7696
sierra leone,7,45-50,73,56.2757
sierra leone,8,50-55,73,67.5309
sierra leone,9,55-60,73,45.0206
sierra leone,10,60-65,73,40.5185
sierra leone,11,65-70,73,18.0082
sierra leone,12,70-75,73,4.5021
sierra leone,13,75-80,73,4.5021
sierra leone,14,80-85,73,4.5021
sierra leone,15,85+,73,0.0000
sierra leone,0,0-15,74,0.0000
sierra leone,1,15-20,74,0.0000
sierra leone,2,20-25,74,2.2510
sierra leone,3,25-30,74,20.2593
sierra leone,4,30-35,74,45.0206
sierra leone,5,35-40,74,56.2757
sierra leone,6,40-45,74,42.7696
sierra leone,7,45-50,74,56.2757
sierra leone,8,50-55,74,67.5309
sierra leone,9,55-60,74,45.0206
sierra leone,10,60-65,74,40.5185
sierra leone,11,65-70,74,18.0082
sierra leone,12,70-75,74,4.5021
sierra leone,13,75-80,74,4.5021
sierra leone,14,80-85,74,4.5021
sierra leone,15,85+,74,0.0000
sierra leone,0,0-15,75,0.0000
sierra leone,1,15-20,75,0.0000
sierra leone,2,20-25,75,6.7531
sierra leone,3,25-30,75,18.0082
sierra leone,4,30-35,75,29.2634
sierra leone,5,35-40,75,63.0288
sierra leone,6,40-45,75,67.5309
sierra leone,7,45-50,75,54.0247
sierra leone,8,50-55,75,69.7819
sierra leone,9,55-60,75,56.2757
sierra leone,10,60-65,75,20.2593
sierra leone,11,65-70,75,24.7613
sierra leone,12,70-75,75,13.5062
sierra leone,13,75-80,75,2.2510
sierra leone,14,80-85,75,0.0000
sierra leone,15,85+,75,0.0000
sierra leone,0,0-15,76,0.0000
sierra leone,1,15-20,76,2.2510
sierra leone,2,20-25,76,2.2510
sierra leone,3,25-30,76,9.0041
sierra leone,4,30-35,76,31.5144
sierra leone,5,35-40,76,45.0206
sierra leone,6,40-45,76,49.5226
sierra leone,7,45-50,76,42.7696
sierra leone,8,50-55,76,49.5227
sierra leone,9,55-60,76,36.0165
sierra leone,10,60-65,76,38.2675
sierra leone,11,65-70,76,18.0082
sierra leone,12,70-75,76,13.5062
sierra leone,13,75-80,76,4.5021
sierra leone,14,80-85,76,4.5021
sierra leone,15,85+,76,0.0000
sierra leone,0,0-15,77,0.0000
sierra leone,1,15-20,77,0.0000
sierra leone,2,20-25,77,13.5062
sierra leone,3,25-30,77,18.0082
sierra leone,4,30-35,77,29.2634
sierra leone,5,35-40,77,49.5226
sierra leone,6,40-45,77,40.5185
sierra leone,7,45-50,77,51.7737
sierra leone,8,50-55,77,42.7696
sierra leone,9,55-60,77,49.5227
sierra leone,10,60-65,77,38.2675
sierra leone,11,65-70,77,29.2634
sierra leone,12,70-75,77,11.2551
sierra leone,13,75-80,77,4.5021
sierra leone,14,80-85,77,2.2510
sierra leone,15,85+,77,0.0000
sierra leone,0,0-15,78,0.0000
sierra leone,1,15-20,78,0.0000
sierra leone,2,20-25,78,13.5062
sierra leone,3,25-30,78,18.0082
sierra leone,4,30-35,78,29.2634
sierra leone,5,35-40,78,49.5226
sierra leone,6,40-45,78,40.5185
sierra leone,7,45-50,78,51.7737
sierra leone,8,50-55,78,42.7696
sierra leone,9,55-60,78,49.5227
sierra leone,10,60-65,78,38.2675
sierra leone,11,65-70,78,29.2634
sierra leone,12,70-75,78,11.2551
sierra leone,13,75-80,78,4.5021
sierra leone,14,80-85,78,2.2510
sierra leone,15,85+,78,0.0000
sierra leone,0,0-15,79,0.0000
sierra leone,1,15-20,79,0.0000
sierra leone,2,20-25,79,9.0041
sierra leone,3,25-30,79,31.5144
sierra leone,4,30-35,79,42.7695
sierra leone,5,35-40,79,40.5185
sierra leone,6,40-45,79,49.5226
sierra leone,7,45-50,79,92.2922
sierra leone,8,50-55,79,58.5268
sierra leone,9,55-60,79,56.2757
sierra leone,10,60-65,79,36.0165
sierra leone,11,65-70,79,20.2593
sierra leone,12,70-75,79,11.2551
sierra leone,13,75-80,79,6.7531
sierra leone,14,80-85,79,4.5021
sierra leone,15,85+,79,0.0000
sierra leone,0,0-15,80,0.0000
sierra leone,1,15-20,80,0.0000
sierra leone,2,20-25,80,9.0041
sierra leone,3,25-30,80,31.5144
sierra leone,4,30-35,80,42.7695
sierra leone,5,35-40,80,40.5185
sierra leone,6,40-45,80,49.5226
sierra leone,7,45-50,80,92.2922
sierra leone,8,50-55,80,58.5268
sierra leone,9,55-60,80,56.2757
sierra leone,10,60-65,80,36.0165
sierra leone,11,65-70,80,20.2593
sierra leone,12,70-75,80,11.2551
sierra leone,13,75-80,80,6.7531
sierra leone,14,80-85,80,4.5021
sierra leone,15,85+,80,0.0000
sierra leone,0,0-15,81,0.0000
sierra leone,1,15-20,81,0.0000
sierra leone,2,20-25,81,9.0041
sierra leone,3,25-30,81,31.5144
sierra leone,4,30-35,81,42.7695
sierra leone,5,35-40,81,40.5185
sierra leone,6,40-45,81,49.5226
sierra leone,7,45-50,81,92.2922
sierra leone,8,50-55,81,58.5268
sierra leone,9,55-60,81,56.2757
sierra leone,10,60-65,81,36.0165
sierra leone,11,65-70,81,20.2593
sierra leone,12,70-75,81,11.2551
sierra leone,13,75-80,81,6.7531
sierra leone,14,80-85,81,4.5021
sierra leone,15,85+,81,0.0000
sierra leone,0,0-15,82,0.0000
sierra leone,1,15-20,82,0.0000
sierra leone,2,20-25,82,9.0041
sierra leone,3,25-30,82,31.5144
sierra leone,4,30-35,82,42.7695
sierra leone,5,35-40,82,40.5185
sierra leone,6,40-45,82,49.5226
sierra leone,7,45-50,82,92.2922
sierra leone,8,50-55,82,58.5268
sierra leone,9,55-60,82,56.2757
sierra leone,10,60-65,82,36.0165
sierra leone,11,65-70,82,20.2593
sierra leone,12,70-75,82,11.2551
sierra leone,13,75-80,82,6.7531
sierra leone,14,80-85,82,4.5021
sierra leone,15,85+,82,0.0000
sierra leone,0,0-15,83,0.0000
sierra leone,1,15-20,83,0.0000
sierra leone,2,20-25,83,2.2510
sierra leone,3,25-30,83,15.7572
sierra leone,4,30-35,83,45.0206
sierra leone,5,35-40,83,36.0164
sierra leone,6,40-45,83,54.0247
sierra leone,7,45-50,83,42.7696
sierra leone,8,50-55,83,72.0330
sierra leone,9,55-60,83,51.7737
sierra leone,10,60-65,83,13.5062
sierra leone,11,65-70,83,22.5103
sierra leone,12,70-75,83,6.7531
sierra leone,13,75-80,83,6.7531
sierra leone,14,80-85,83,2.2510
sierra leone,15,85+,83,2.2510
sierra leone,0,0-15,84,0.0000
sierra leone,1,15-20,84,0.0000
sierra leone,2,20-25,84,2.2510
sierra leone,3,25-30,84,15.7572
sierra leone,4,30-35,84,33.7654
sierra leone,5,35-40,84,58.5267
sierra leone,6,40-45,84,60.7778
sierra leone,7,45-50,84,76.5350
sierra leone,8,50-55,84,83.2881
sierra leone,9,55-60,84,42.7696
sierra leone,10,60-65,84,36.0165
sierra leone,11,65-70,84,20.2593
sierra leone,12,70-75,84,9.0041
sierra leone,13,75-80,84,6.7531
sierra leone,14,80-85,84,2.2510
sierra leone,15,85+,84,0.0000
sierra leone,0,0-15,85,0.0000
sierra leone,1,15-20,85,0.0000
sierra leone,2,20-25,85,2.2510
sierra leone,3,25-30,85,15.7572
sierra leone,4,30-35,85,33.7654
sierra leone,5,35-40,85,58.5267
sierra leone,6,40-45,85,60.7778
sierra leone,7,45-50,85,76.5350
sierra leone,8,50-55,85,83.2881
sierra leone,9,55-60,85,42.7696
sierra leone,10,60-65,85,36.0165
sierra leone,11,65-70,85,20.2593
sierra leone,12,70-75,85,9.0041
sierra leone,13,75-80,85,6.7531
sierra leone,14,80-85,85,2.2510
sierra leone,15,85+,85,0.0000
sierra leone,0,0-15,86,0.0000
sierra leone,1,15-20,86,0.0000
sierra leone,2,20-25,86,2.2510
sierra leone,3,25-30,86,15.7572
sierra leone,4,30-35,86,33.7654
sierra leone,5,35-40,86,58.5267
sierra leone,6,40-45,86,60.7778
sierra leone,7,45-50,86,76.5350
sierra leone,8,50-55,86,83.2881
sierra leone,9,55-60,86,42.7696
sierra leone,10,60-65,86,36.0165
sierra leone,11,65-70,86,20.2593
sierra leone,12,70-75,86,9.0041
sierra leone,13,75-80,86,6.7531
sierra leone,14,80-85,86,2.2510
sierra leone,15,85+,86,0.0000
sierra leone,0,0-15,87,0.0000
sierra leone,1,15-20,87,0.0000
sierra leone,2,20-25,87,2.2510
sierra leone,3,25-30,87,22.5103
sierra leone,4,30-35,87,56.2757
sierra leone,5,35-40,87,58.5267
sierra leone,6,40-45,87,58.5268
sierra leone,7,45-50,87,69.7819
sierra leone,8,50-55,87,69.7819
sierra leone,9,55-60,87,56.2757
sierra leone,10,60-65,87,36.0165
sierra leone,11,65-70,87,20.2593
sierra leone,12,70-75,87,6.7531
sierra leone,13,75-80,87,4.5021
sierra leone,14,80-85,87,2.2510
sierra leone,15,85+,87,0.0000
sierra leone,0,0-15,88,0.0000
sierra leone,1,15-20,88,0.0000
sierra leone,2,20-25,88,2.2510
sierra leone,3,25-30,88,22.5103
sierra leone,4,30-35,88,56.2757
sierra leone,5,35-40,88,58.5267
sierra leone,6,40-45,88,58.5268
sierra leone,7,45-50,88,69.7819
sierra leone,8,50-55,88,69.7819
sierra leone,9,55-60,88,56.2757
sierra leone,10,60-65,88,36.0165
sierra leone,11,65-70,88,20.2593
sierra leone,12,70-75,88,6.7531
sierra leone,13,75-80,88,4.5021
sierra leone,14,80-85,88,2.2510
sierra leone,15,85+,88,0.0000
sierra leone,0,0-15,89,0.0000
sierra leone,1,15-20,89,0.0000
sierra leone,2,20-25,89,2.2510
sierra leone,3,25-30,89,18.0082
sierra leone,4,30-35,89,38.2675
sierra leone,5,35-40,89,45.0206
sierra leone,6,40-45,89,74.2840
sierra leone,7,45-50,89,49.5227
sierra leone,8,50-55,89,65.2799
sierra leone,9,55-60,89,92.2922
sierra leone,10,60-65,89,22.5103
sierra leone,11,65-70,89,20.2593
sierra leone,12,70-75,89,9.0041
sierra leone,13,75-80,89,2.2510
sierra leone,14,80-85,89,4.5021
sierra leone,15,85+,89,2.2510
sierra leone,0,0-15,90,0.0000
sierra leone,1,15-20,90,0.0000
sierra leone,2,20-25,90,6.7531
sierra leone,3,25-30,90,11.2551
sierra leone,4,30-35,90,24.7613
sierra leone,5,35-40,90,58.5267
sierra leone,6,40-45,90,45.0206
sierra leone,7,45-50,90,69.7819
sierra leone,8,50-55,90,67.5309
sierra leone,9,55-60,90,33.7654
sierra leone,10,60-65,90,27.0124
sierra leone,11,65-70,90,11.2551
sierra leone,12,70-75,90,15.7572
sierra leone,13,75-80,90,4.5021
sierra leone,14,80-85,90,2.2510
sierra leone,15,85+,90,0.0000
sierra leone,0,0-15,91,0.0000
sierra leone,1,15-20,91,0.0000
sierra leone,2,20-25,91,4.5021
sierra leone,3,25-30,91,22.5103
sierra leone,4,30-35,91,56.2757
sierra leone,5,35-40,91,47.2716
sierra leone,6,40-45,91,49.5226
sierra leone,7,45-50,91,40.5185
sierra leone,8,50-55,91,65.2799
sierra leone,9,55-60,91,54.0247
sierra leone,10,60-65,91,40.5185
sierra leone,11,65-70,91,22.5103
sierra leone,12,70-75,91,4.5021
sierra leone,13,75-80,91,4.5021
sierra leone,14,80-85,91,0.0000
sierra leone,15,85+,91,2.2510
sierra leone,0,0-15,92,0.0000
sierra leone,1,15-20,92,0.0000
sierra leone,2,20-25,92,0.0000
sierra leone,3,25-30,92,29.2634
sierra leone,4,30-35,92,42.7695
sierra leone,5,35-40,92,60.7778
sierra leone,6,40-45,92,56.2757
sierra leone,7,45-50,92,54.0247
sierra leone,8,50-55,92,85.5391
sierra leone,9,55-60,92,54.0247
sierra leone,10,60-65,92,29.2634
sierra leone,11,65-70,92,22.5103
sierra leone,12,70-75,92,18.0082
sierra leone,13,75-80,92,4.5021
sierra leone,14,80-85,92,2.2510
sierra leone,15,85+,92,0.0000
sierra leone,0,0-15,93,0.0000
sierra leone,1,15-20,93,0.0000
sierra leone,2,20-25,93,0.0000
sierra leone,3,25-30,93,29.2634
sierra leone,4,30-35,93,42.7695
sierra leone,5,35-40,93,60.7778
sierra leone,6,40-45,93,56.2757
sierra leone,7,45-50,93,54.0247
sierra leone,8,50-55,93,85.5391
sierra leone,9,55-60,93,54.0247
sierra leone,10,60-65,93,29.2634
sierra leone,11,65-70,93,22.5103
sierra leone,12,70-75,93,18.0082
sierra leone,13,75-80,93,4.5021
sierra leone,14,80-85,93,2.2510
sierra leone,15,85+,93,0.0000
sierra leone,0,0-15,94,0.0000
sierra leone,1,15-20,94,0.0000
sierra leone,2,20-25,94,9.0041
sierra leone,3,25-30,94,6.7531
sierra leone,4,30-35,94,15.7572
sierra leone,5,35-40,94,38.2675
sierra leone,6,40-45,94,40.5185
sierra leone,7,45-50,94,40.5185
sierra leone,8,50-55,94,51.7737
sierra leone,9,55-60,94,49.5227
sierra leone,10,60-65,94,27.0124
sierra leone,11,65-70,94,18.0082
sierra leone,12,70-75,94,9.0041
sierra leone,13,75-80,94,6.7531
sierra leone,14,80-85,94,9.0041
sierra leone,15,85+,94,2.2510
sierra leone,0,0-15,95,0.0000
sierra leone,1,15-20,95,0.0000
sierra leone,2,20-25,95,2.2510
sierra leone,3,25-30,95,15.7572
sierra leone,4,30-35,95,38.2675
sierra leone,5,35-40,95,42.7695
sierra leone,6,40-45,95,72.0329
sierra leone,7,45-50,95,74.2840
sierra leone,8,50-55,95,69.7819
sierra leone,9,55-60,95,22.5103
sierra leone,10,60-65,95,40.5185
sierra leone,11,65-70,95,11.2551
sierra leone,12,70-75,95,22.5103
sierra leone,13,75-80,95,6.7531
sierra leone,14,80-85,95,2.2510
sierra leone,15,85+,95,0.0000
sierra leone,0,0-15,96,0.0000
sierra leone,1,15-20,96,0.0000
sierra leone,2,20-25,96,2.2510
sierra leone,3,25-30,96,6.7531
sierra leone,4,30-35,96,20.2593
sierra leone,5,35-40,96,22.5103
sierra leone,6,40-45,96,45.0206
sierra leone,7,45-50,96,63.0288
sierra leone,8,50-55,96,51.7737
sierra leone,9,55-60,96,27.0124
sierra leone,10,60-65,96,20.2593
sierra leone,11,65-70,96,27.0124
sierra leone,12,70-75,96,20.2593
sierra leone,13,75-80,96,2.2510
sierra leone,14,80-85,96,2.2510
sierra leone,15,85+,96,0.0000
sierra leone,0,0-15,97,0.0000
sierra leone,1,15-20,97,0.0000
sierra leone,2,20-25,97,2.2510
sierra leone,3,25-30,97,11.2551
sierra leone,4,30-35,97,36.0164
sierra leone,5,35-40,97,49.5226
sierra leone,6,40-45,97,78.7860
sierra leone,7,45-50,97,83.2881
sierra leone,8,50-55,97,72.0330
sierra leone,9,55-60,97,51.7737
sierra leone,10,60-65,97,29.2634
sierra leone,11,65-70,97,15.7572
sierra leone,12,70-75,97,6.7531
sierra leone,13,75-80,97,11.2551
sierra leone,14,80-85,97,0.0000
sierra leone,15,85+,97,2.2510
sierra leone,0,0-15,98,0.0000
sierra leone,1,15-20,98,0.0000
sierra leone,2,20-25,98,2.2510
sierra leone,3,25-30,98,11.2551
sierra leone,4,30-35,98,36.0164
sierra leone,5,35-40,98,49.5226
sierra leone,6,40-45,98,78.7860
sierra leone,7,45-50,98,83.2881
sierra leone,8,50-55,98,72.0330
sierra leone,9,55-60,98,51.7737
sierra leone,10,60-65,98,29.2634
sierra leone,11,65-70,98,15.7572
sierra leone,12,70-75,98,6.7531
sierra leone,13,75-80,98,11.2551
sierra leone,14,80-85,98,0.0000
sierra leone,15,85+,98,2.2510
sierra leone,0,0-15,99,0.0000
sierra leone,1,15-20,99,2.2510
sierra leone,2,20-25,99,9.0041
sierra leone,3,25-30,99,36.0164
sierra leone,4,30-35,99,45.0206
sierra leone,5,35-40,99,65.2798
sierra leone,6,40-45,99,65.2799
sierra leone,7,45-50,99,81.0371
sierra leone,8,50-55,99,65.2799
sierra leone,9,55-60,99,74.2840
sierra leone,10,60-65,99,49.5226
sierra leone,11,65-70,99,20.2592
sierra leone,12,70-75,99,4.5020
sierra leone,13,75-80,99,4.5021
sierra leone,14,80-85,99,2.2510
sierra leone,15,85+,99,0.0000
tanzania,0,0-15,0,0.0000
tanzania,1,15-20,0,0.0000
tanzania,2,20-25,0,9.7625
tanzania,3,25-30,0,117.1505
tanzania,4,30-35,0,273.3510
tanzania,5,35-40,0,790.7658
tanzania,6,40-45,0,995.7789
tanzania,7,45-50,0,1298.4142
tanzania,8,50-55,0,1298.4184
tanzania,9,55-60,0,1230.0842
tanzania,10,60-65,0,937.2070
tanzania,11,65-70,0,575.9918
tanzania,12,70-75,0,331.9275
tanzania,13,75-80,0,136.6748
tanzania,14,80-85,0,29.2876
tanzania,15,85+,0,58.5747
tanzania,0,0-15,1,0.0000
tanzania,1,15-20,1,0.0000
tanzania,2,20-25,1,19.5251
tanzania,3,25-30,1,117.1505
tanzania,4,30-35,1,341.6888
tanzania,5,35-40,1,849.3411
tanzania,6,40-45,1,1054.3536
tanzania,7,45-50,1,1132.4514
tanzania,8,50-55,1,1278.8934
tanzania,9,55-60,1,1083.6456
tanzania,10,60-65,1,781.0059
tanzania,11,65-70,1,605.2788
tanzania,12,70-75,1,410.0259
tanzania,13,75-80,1,68.3379
tanzania,14,80-85,1,68.3379
tanzania,15,85+,1,0.0000
tanzania,0,0-15,2,0.0000
tanzania,1,15-20,2,0.0000
tanzania,2,20-25,2,19.5251
tanzania,3,25-30,2,117.1505
tanzania,4,30-35,2,341.6888
tanzania,5,35-40,2,849.3411
tanzania,6,40-45,2,1054.3536
tanzania,7,45-50,2,1132.4514
tanzania,8,50-55,2,1278.8934
tanzania,9,55-60,2,1083.6456
tanzania,10,60-65,2,781.0059
tanzania,11,65-70,2,605.2788
tanzania,12,70-75,2,410.0259
tanzania,13,75-80,2,68.3379
tanzania,14,80-85,2,68.3379
tanzania,15,85+,2,0.0000
tanzania,0,0-15,3,0.0000
tanzania,1,15-20,3,0.0000
tanzania,2,20-25,3,19.5251
tanzania,3,25-30,3,117.1505
tanzania,4,30-35,3,341.6888
tanzania,5,35-40,3,849.3411
tanzania,6,40-45,3,1054.3536
tanzania,7,45-50,3,1132.4514
tanzania,8,50-55,3,1278.8934
tanzania,9,55-60,3,1083.6456
tanzania,10,60-65,3,781.0059
tanzania,11,65-70,3,605.2788
tanzania,12,70-75,3,410.0259
tanzania,13,75-80,3,68.3379
tanzania,14,80-85,3,68.3379
tanzania,15,85+,3,0.0000
tanzania,0,0-15,4,0.0000
tanzania,1,15-20,4,0.0000
tanzania,2,20-25,4,9.7625
tanzania,3,25-30,4,58.5752
tanzania,4,30-35,4,292.8761
tanzania,5,35-40,4,595.5150
tanzania,6,40-45,4,986.0166
tanzania,7,45-50,4,1122.6895
tanzania,8,50-55,4,1259.3660
tanzania,9,55-60,4,810.2930
tanzania,10,60-65,4,917.6819
tanzania,11,65-70,4,781.0059
tanzania,12,70-75,4,224.5392
tanzania,13,75-80,4,146.4381
tanzania,14,80-85,4,39.0500
tanzania,15,85+,4,19.5251
tanzania,0,0-15,5,0.0000
tanzania,1,15-20,5,0.0000
tanzania,2,20-25,5,9.7625
tanzania,3,25-30,5,146.4381
tanzania,4,30-35,5,361.2138
tanzania,5,35-40,5,663.8528
tanzania,6,40-45,5,1034.8289
tanzania,7,45-50,5,1259.3644
tanzania,8,50-55,5,1356.9937
tanzania,9,55-60,5,907.9193
tanzania,10,60-65,5,937.2070
tanzania,11,65-70,5,449.0781
tanzania,12,70-75,5,390.5017
tanzania,13,75-80,5,156.2008
tanzania,14,80-85,5,19.5250
tanzania,15,85+,5,29.2876
tanzania,0,0-15,6,0.0000
tanzania,1,15-20,6,0.0000
tanzania,2,20-25,6,9.7625
tanzania,3,25-30,6,146.4381
tanzania,4,30-35,6,361.2138
tanzania,5,35-40,6,663.8528
tanzania,6,40-45,6,1034.8289
tanzania,7,45-50,6,1259.3644
tanzania,8,50-55,6,1356.9937
tanzania,9,55-60,6,907.9193
tanzania,10,60-65,6,937.2070
tanzania,11,65-70,6,449.0781
tanzania,12,70-75,6,390.5017
tanzania,13,75-80,6,156.2008
tanzania,14,80-85,6,19.5250
tanzania,15,85+,6,29.2876
tanzania,0,0-15,7,0.0000
tanzania,1,15-20,7,0.0000
tanzania,2,20-25,7,9.7625
tanzania,3,25-30,7,146.4381
tanzania,4,30-35,7,361.2138
tanzania,5,35-40,7,663.8528
tanzania,6,40-45,7,1034.8289
tanzania,7,45-50,7,1259.3644
tanzania,8,50-55,7,1356.9937
tanzania,9,55-60,7,907.9193
tanzania,10,60-65,7,937.2070
tanzania,11,65-70,7,449.0781
tanzania,12,70-75,7,390.5017
tanzania,13,75-80,7,156.2008
tanzania,14,80-85,7,19.5250
tanzania,15,85+,7,29.2876
tanzania,0,0-15,8,0.0000
tanzania,1,15-20,8,0.0000
tanzania,2,20-25,8,9.7625
tanzania,3,25-30,8,146.4381
tanzania,4,30-35,8,361.2138
tanzania,5,35-40,8,663.8528
tanzania,6,40-45,8,1034.8289
tanzania,7,45-50,8,1259.3644
tanzania,8,50-55,8,1356.9937
tanzania,9,55-60,8,907.9193
tanzania,10,60-65,8,937.2070
tanzania,11,65-70,8,449.0781
tanzania,12,70-75,8,390.5017
tanzania,13,75-80,8,156.2008
tanzania,14,80-85,8,19.5250
tanzania,15,85+,8,29.2876
tanzania,0,0-15,9,0.0000
tanzania,1,15-20,9,0.0000
tanzania,2,20-25,9,9.7625
tanzania,3,25-30,9,146.4381
tanzania,4,30-35,9,361.2138
tanzania,5,35-40,9,663.8528
tanzania,6,40-45,9,1034.8289
tanzania,7,45-50,9,1259.3644
tanzania,8,50-55,9,1356.9937
tanzania,9,55-60,9,907.9193
tanzania,10,60-65,9,937.2070
tanzania,11,65-70,9,449.0781
tanzania,12,70-75,9,390.5017
tanzania,13,75-80,9,156.2008
tanzania,14,80-85,9,19.5250
tanzania,15,85+,9,29.2876
tanzania,0,0-15,10,0.0000
tanzania,1,15-20,10,0.0000
tanzania,2,20-25,10,9.7625
tanzania,3,25-30,10,136.6755
tanzania,4,30-35,10,273.3511
tanzania,5,35-40,10,732.1906
tanzania,6,40-45,10,927.4411
tanzania,7,45-50,10,1249.6020
tanzania,8,50-55,10,1278.8923
tanzania,9,55-60,10,1034.8328
tanzania,10,60-65,10,800.5310
tanzania,11,65-70,10,497.8912
tanzania,12,70-75,10,234.3018
tanzania,13,75-80,10,136.6760
tanzania,14,80-85,10,87.8632
tanzania,15,85+,10,9.7626
tanzania,0,0-15,11,0.0000
tanzania,1,15-20,11,0.0000
tanzania,2,20-25,11,9.7625
tanzania,3,25-30,11,136.6755
tanzania,4,30-35,11,273.3511
tanzania,5,35-40,11,732.1906
tanzania,6,40-45,11,927.4411
tanzania,7,45-50,11,1249.6020
tanzania,8,50-55,11,1278.8923
tanzania,9,55-60,11,1034.8328
tanzania,10,60-65,11,800.5310
tanzania,11,65-70,11,497.8912
tanzania,12,70-75,11,234.3018
tanzania,13,75-80,11,136.6760
tanzania,14,80-85,11,87.8632
tanzania,15,85+,11,9.7626
tanzania,0,0-15,12,0.0000
tanzania,1,15-20,12,0.0000
tanzania,2,20-25,12,9.7625
tanzania,3,25-30,12,136.6755
tanzania,4,30-35,12,273.3511
tanzania,5,35-40,12,732.1906
tanzania,6,40-45,12,927.4411
tanzania,7,45-50,12,1249.6020
tanzania,8,50-55,12,1278.8923
tanzania,9,55-60,12,1034.8328
tanzania,10,60-65,12,800.5310
tanzania,11,65-70,12,497.8912
tanzania,12,70-75,12,234.3018
tanzania,13,75-80,12,136.6760
tanzania,14,80-85,12,87.8632
tanzania,15,85+,12,9.7626
tanzania,0,0-15,13,0.0000
tanzania,1,15-20,13,0.0000
tanzania,2,20-25,13,9.7625
tanzania,3,25-30,13,136.6755
tanzania,4,30-35,13,273.3511
tanzania,5,35-40,13,732.1906
tanzania,6,40-45,13,927.4411
tanzania,7,45-50,13,1249.6020
tanzania,8,50-55,13,1278.8923
tanzania,9,55-60,13,1034.8328
tanzania,10,60-65,13,800.5310
tanzania,11,65-70,13,497.8912
tanzania,12,70-75,13,234.3018
tanzania,13,75-80,13,136.6760
tanzania,14,80-85,13,87.8632
tanzania,15,85+,13,9.7626
tanzania,0,0-15,14,0.0000
tanzania,1,15-20,14,0.0000
tanzania,2,20-25,14,9.7625
tanzania,3,25-30,14,136.6755
tanzania,4,30-35,14,273.3511
tanzania,5,35-40,14,732.1906
tanzania,6,40-45,14,927.4411
tanzania,7,45-50,14,1249.6020
tanzania,8,50-55,14,1278.8923
tanzania,9,55-60,14,1034.8328
tanzania,10,60-65,14,800.5310
tanzania,11,65-70,14,497.8912
tanzania,12,70-75,14,234.3018
tanzania,13,75-80,14,136.6760
tanzania,14,80-85,14,87.8632
tanzania,15,85+,14,9.7626
tanzania,0,0-15,15,0.0000
tanzania,1,15-20,15,0.0000
tanzania,2,20-25,15,9.7625
tanzania,3,25-30,15,136.6755
tanzania,4,30-35,15,273.3511
tanzania,5,35-40,15,732.1906
tanzania,6,40-45,15,927.4411
tanzania,7,45-50,15,1249.6020
tanzania,8,50-55,15,1278.8923
tanzania,9,55-60,15,1034.8328
tanzania,10,60-65,15,800.5310
tanzania,11,65-70,15,497.8912
tanzania,12,70-75,15,234.3018
tanzania,13,75-80,15,136.6760
tanzania,14,80-85,15,87.8632
tanzania,15,85+,15,9.7626
tanzania,0,0-15,16,0.0000
tanzania,1,15-20,16,0.0000
tanzania,2,20-25,16,9.7625
tanzania,3,25-30,16,136.6755
tanzania,4,30-35,16,273.3511
tanzania,5,35-40,16,732.1906
tanzania,6,40-45,16,927.4411
tanzania,7,45-50,16,1249.6020
tanzania,8,50-55,16,1278.8923
tanzania,9,55-60,16,1034.8328
tanzania,10,60-65,16,800.5310
tanzania,11,65-70,16,497.8912
tanzania,12,70-75,16,234.3018
tanzania,13,75-80,16,136.6760
tanzania,14,80-85,16,87.8632
tanzania,15,85+,16,9.7626
tanzania,0,0-15,17,0.0000
tanzania,1,15-20,17,0.0000
tanzania,2,20-25,17,9.7625
tanzania,3,25-30,17,136.6755
tanzania,4,30-35,17,273.3511
tanzania,5,35-40,17,732.1906
tanzania,6,40-45,17,927.4411
tanzania,7,45-50,17,1249.6020
tanzania,8,50-55,17,1278.8923
tanzania,9,55-60,17,1034.8328
tanzania,10,60-65,17,800.5310
tanzania,11,65-70,17,497.8912
tanzania,12,70-75,17,234.3018
tanzania,13,75-80,17,136.6760
tanzania,14,80-85,17,87.8632
tanzania,15,85+,17,9.7626
tanzania,0,0-15,18,0.0000
tanzania,1,15-20,18,0.0000
tanzania,2,20-25,18,9.7625
tanzania,3,25-30,18,136.6755
tanzania,4,30-35,18,273.3511
tanzania,5,35-40,18,732.1906
tanzania,6,40-45,18,927.4411
tanzania,7,45-50,18,1249.6020
tanzania,8,50-55,18,1278.8923
tanzania,9,55-60,18,1034.8328
tanzania,10,60-65,18,800.5310
tanzania,11,65-70,18,497.8912
tanzania,12,70-75,18,234.3018
tanzania,13,75-80,18,136.6760
tanzania,14,80-85,18,87.8632
tanzania,15,85+,18,9.7626
tanzania,0,0-15,19,0.0000
tanzania,1,15-20,19,0.0000
tanzania,2,20-25,19,9.7625
tanzania,3,25-30,19,136.6755
tanzania,4,30-35,19,273.3511
tanzania,5,35-40,19,732.1906
tanzania,6,40-45,19,927.4411
tanzania,7,45-50,19,1249.6020
tanzania,8,50-55,19,1278.8923
tanzania,9,55-60,19,1034.8328
tanzania,10,60-65,19,800.5310
tanzania,11,65-70,19,497.8912
tanzania,12,70-75,19,234.3018
tanzania,13,75-80,19,136.6760
tanzania,14,80-85,19,87.8632
tanzania,15,85+,19,9.7626
tanzania,0,0-15,20,0.0000
tanzania,1,15-20,20,0.0000
tanzania,2,20-25,20,0.0000
tanzania,3,25-30,20,156.2006
tanzania,4,30-35,20,390.5015
tanzania,5,35-40,20,566.2274
tanzania,6,40-45,20,986.0165
tanzania,7,45-50,20,1181.2642
tanzania,8,50-55,20,1151.9785
tanzania,9,55-60,20,1112.9333
tanzania,10,60-65,20,810.2936
tanzania,11,65-70,20,556.4667
tanzania,12,70-75,20,273.3521
tanzania,13,75-80,20,87.8632
tanzania,14,80-85,20,39.0503
tanzania,15,85+,20,29.2877
tanzania,0,0-15,21,0.0000
tanzania,1,15-20,21,0.0000
tanzania,2,20-25,21,19.5251
tanzania,3,25-30,21,126.9130
tanzania,4,30-35,21,331.9263
tanzania,5,35-40,21,712.6655
tanzania,6,40-45,21,800.5282
tanzania,7,45-50,21,1015.3018
tanzania,8,50-55,21,1151.9777
tanzania,9,55-60,21,937.2062
tanzania,10,60-65,21,741.9556
tanzania,11,65-70,21,615.0421
tanzania,12,70-75,21,419.7906
tanzania,13,75-80,21,126.9135
tanzania,14,80-85,21,68.3380
tanzania,15,85+,21,29.2877
tanzania,0,0-15,22,0.0000
tanzania,1,15-20,22,0.0000
tanzania,2,20-25,22,0.0000
tanzania,3,25-30,22,87.8628
tanzania,4,30-35,22,205.0133
tanzania,5,35-40,22,575.9898
tanzania,6,40-45,22,937.2041
tanzania,7,45-50,22,1191.0273
tanzania,8,50-55,22,1181.2650
tanzania,9,55-60,22,1083.6451
tanzania,10,60-65,22,810.2936
tanzania,11,65-70,22,478.3661
tanzania,12,70-75,22,234.3018
tanzania,13,75-80,22,195.2515
tanzania,14,80-85,22,97.6257
tanzania,15,85+,22,29.2877
tanzania,0,0-15,23,0.0000
tanzania,1,15-20,23,0.0000
tanzania,2,20-25,23,29.2876
tanzania,3,25-30,23,117.1505
tanzania,4,30-35,23,488.1269
tanzania,5,35-40,23,771.2408
tanzania,6,40-45,23,1005.5408
tanzania,7,45-50,23,1454.6146
tanzania,8,50-55,23,1191.0322
tanzania,9,55-60,23,1054.3579
tanzania,10,60-65,23,702.9053
tanzania,11,65-70,23,497.8912
tanzania,12,70-75,23,234.3018
tanzania,13,75-80,23,165.9637
tanzania,14,80-85,23,48.8127
tanzania,15,85+,23,9.7626
tanzania,0,0-15,24,0.0000
tanzania,1,15-20,24,0.0000
tanzania,2,20-25,24,0.0000
tanzania,3,25-30,24,78.1003
tanzania,4,30-35,24,410.0266
tanzania,5,35-40,24,917.6789
tanzania,6,40-45,24,976.2531
tanzania,7,45-50,24,1034.8264
tanzania,8,50-55,24,1288.6554
tanzania,9,55-60,24,1083.6456
tanzania,10,60-65,24,751.7181
tanzania,11,65-70,24,370.9778
tanzania,12,70-75,24,351.4526
tanzania,13,75-80,24,146.4386
tanzania,14,80-85,24,97.6257
tanzania,15,85+,24,39.0503
tanzania,0,0-15,25,0.0000
tanzania,1,15-20,25,0.0000
tanzania,2,20-25,25,0.0000
tanzania,3,25-30,25,78.1003
tanzania,4,30-35,25,410.0266
tanzania,5,35-40,25,917.6789
tanzania,6,40-45,25,976.2531
tanzania,7,45-50,25,1034.8264
tanzania,8,50-55,25,1288.6554
tanzania,9,55-60,25,1083.6456
tanzania,10,60-65,25,751.7181
tanzania,11,65-70,25,370.9778
tanzania,12,70-75,25,351.4526
tanzania,13,75-80,25,146.4386
tanzania,14,80-85,25,97.6257
tanzania,15,85+,25,39.0503
tanzania,0,0-15,26,0.0000
tanzania,1,15-20,26,0.0000
tanzania,2,20-25,26,0.0000
tanzania,3,25-30,26,165.9631
tanzania,4,30-35,26,400.2641
tanzania,5,35-40,26,673.6154
tanzania,6,40-45,26,888.3910
tanzania,7,45-50,26,1435.0894
tanzania,8,50-55,26,1239.8434
tanzania,9,55-60,26,937.2070
tanzania,10,60-65,26,712.6678
tanzania,11,65-70,26,468.6035
tanzania,12,70-75,26,195.2515
tanzania,13,75-80,26,136.6760
tanzania,14,80-85,26,58.5754
tanzania,15,85+,26,48.8129
tanzania,0,0-15,27,0.0000
tanzania,1,15-20,27,0.0000
tanzania,2,20-25,27,9.7625
tanzania,3,25-30,27,126.9130
tanzania,4,30-35,27,244.0634
tanzania,5,35-40,27,702.9029
tanzania,6,40-45,27,956.7290
tanzania,7,45-50,27,1171.5017
tanzania,8,50-55,27,1103.1657
tanzania,9,55-60,27,1161.7457
tanzania,10,60-65,27,741.9556
tanzania,11,65-70,27,517.4164
tanzania,12,70-75,27,292.8772
tanzania,13,75-80,27,117.1509
tanzania,14,80-85,27,48.8129
tanzania,15,85+,27,9.7626
tanzania,0,0-15,28,0.0000
tanzania,1,15-20,28,0.0000
tanzania,2,20-25,28,9.7625
tanzania,3,25-30,28,165.9631
tanzania,4,30-35,28,419.7891
tanzania,5,35-40,28,634.5652
tanzania,6,40-45,28,1034.8289
tanzania,7,45-50,28,1230.0765
tanzania,8,50-55,28,1220.3179
tanzania,9,55-60,28,995.7825
tanzania,10,60-65,28,849.3439
tanzania,11,65-70,28,302.6398
tanzania,12,70-75,28,331.9275
tanzania,13,75-80,28,126.9135
tanzania,14,80-85,28,39.0503
tanzania,15,85+,28,19.5251
tanzania,0,0-15,29,0.0000
tanzania,1,15-20,29,0.0000
tanzania,2,20-25,29,9.7625
tanzania,3,25-30,29,97.6254
tanzania,4,30-35,29,488.1269
tanzania,5,35-40,29,829.8161
tanzania,6,40-45,29,907.9153
tanzania,7,45-50,29,1142.2149
tanzania,8,50-55,29,1142.2168
tanzania,9,55-60,29,1132.4582
tanzania,10,60-65,29,575.9918
tanzania,11,65-70,29,536.9415
tanzania,12,70-75,29,322.1639
tanzania,13,75-80,29,156.2003
tanzania,14,80-85,29,39.0502
tanzania,15,85+,29,19.5251
tanzania,0,0-15,30,0.0000
tanzania,1,15-20,30,0.0000
tanzania,2,20-25,30,19.5251
tanzania,3,25-30,30,29.2876
tanzania,4,30-35,30,253.8260
tanzania,5,35-40,30,566.2273
tanzania,6,40-45,30,976.2540
tanzania,7,45-50,30,1220.3150
tanzania,8,50-55,30,1210.5529
tanzania,9,55-60,30,1405.8102
tanzania,10,60-65,30,683.3801
tanzania,11,65-70,30,566.2292
tanzania,12,70-75,30,331.9275
tanzania,13,75-80,30,97.6257
tanzania,14,80-85,30,39.0503
tanzania,15,85+,30,19.5251
tanzania,0,0-15,31,0.0000
tanzania,1,15-20,31,0.0000
tanzania,2,20-25,31,9.7625
tanzania,3,25-30,31,97.6254
tanzania,4,30-35,31,273.3510
tanzania,5,35-40,31,702.9029
tanzania,6,40-45,31,1015.3039
tanzania,7,45-50,31,1239.8394
tanzania,8,50-55,31,1298.4175
tanzania,9,55-60,31,937.2070
tanzania,10,60-65,31,868.8690
tanzania,11,65-70,31,585.7544
tanzania,12,70-75,31,273.3521
tanzania,13,75-80,31,68.3380
tanzania,14,80-85,31,58.5754
tanzania,15,85+,31,0.0000
tanzania,0,0-15,32,0.0000
tanzania,1,15-20,32,0.0000
tanzania,2,20-25,32,0.0000
tanzania,3,25-30,32,87.8628
tanzania,4,30-35,32,351.4514
tanzania,5,35-40,32,761.4782
tanzania,6,40-45,32,1122.6916
tanzania,7,45-50,32,1298.4145
tanzania,8,50-55,32,1034.8295
tanzania,9,55-60,32,1181.2713
tanzania,10,60-65,32,937.2070
tanzania,11,65-70,32,468.6035
tanzania,12,70-75,32,302.6398
tanzania,13,75-80,32,68.3380
tanzania,14,80-85,32,87.8625
tanzania,15,85+,32,29.2876
tanzania,0,0-15,33,0.0000
tanzania,1,15-20,33,0.0000
tanzania,2,20-25,33,0.0000
tanzania,3,25-30,33,87.8628
tanzania,4,30-35,33,351.4514
tanzania,5,35-40,33,761.4782
tanzania,6,40-45,33,1122.6916
tanzania,7,45-50,33,1298.4145
tanzania,8,50-55,33,1034.8295
tanzania,9,55-60,33,1181.2713
tanzania,10,60-65,33,937.2070
tanzania,11,65-70,33,468.6035
tanzania,12,70-75,33,302.6398
tanzania,13,75-80,33,68.3380
tanzania,14,80-85,33,87.8625
tanzania,15,85+,33,29.2876
tanzania,0,0-15,34,0.0000
tanzania,1,15-20,34,0.0000
tanzania,2,20-25,34,9.7625
tanzania,3,25-30,34,97.6254
tanzania,4,30-35,34,234.3009
tanzania,5,35-40,34,927.4414
tanzania,6,40-45,34,1015.3037
tanzania,7,45-50,34,1532.7152
tanzania,8,50-55,34,1191.0314
tanzania,9,55-60,34,1454.6234
tanzania,10,60-65,34,888.3942
tanzania,11,65-70,34,468.6023
tanzania,12,70-75,34,351.4501
tanzania,13,75-80,34,126.9124
tanzania,14,80-85,34,39.0500
tanzania,15,85+,34,39.0499
tanzania,0,0-15,35,0.0000
tanzania,1,15-20,35,0.0000
tanzania,2,20-25,35,29.2876
tanzania,3,25-30,35,87.8628
tanzania,4,30-35,35,380.7389
tanzania,5,35-40,35,673.6154
tanzania,6,40-45,35,1103.1664
tanzania,7,45-50,35,1220.3153
tanzania,8,50-55,35,1103.1664
tanzania,9,55-60,35,1044.5949
tanzania,10,60-65,35,644.3298
tanzania,11,65-70,35,566.2292
tanzania,12,70-75,35,283.1145
tanzania,13,75-80,35,126.9128
tanzania,14,80-85,35,68.3380
tanzania,15,85+,35,19.5251
tanzania,0,0-15,36,0.0000
tanzania,1,15-20,36,0.0000
tanzania,2,20-25,36,29.2876
tanzania,3,25-30,36,87.8628
tanzania,4,30-35,36,380.7389
tanzania,5,35-40,36,673.6154
tanzania,6,40-45,36,1103.1664
tanzania,7,45-50,36,1220.3153
tanzania,8,50-55,36,1103.1664
tanzania,9,55-60,36,1044.5949
tanzania,10,60-65,36,644.3298
tanzania,11,65-70,36,566.2292
tanzania,12,70-75,36,283.1145
tanzania,13,75-80,36,126.9128
tanzania,14,80-85,36,68.3380
tanzania,15,85+,36,19.5251
tanzania,0,0-15,37,0.0000
tanzania,1,15-20,37,0.0000
tanzania,2,20-25,37,29.2876
tanzania,3,25-30,37,87.8628
tanzania,4,30-35,37,380.7389
tanzania,5,35-40,37,673.6154
tanzania,6,40-45,37,1103.1664
tanzania,7,45-50,37,1220.3153
tanzania,8,50-55,37,1103.1664
tanzania,9,55-60,37,1044.5949
tanzania,10,60-65,37,644.3298
tanzania,11,65-70,37,566.2292
tanzania,12,70-75,37,283.1145
tanzania,13,75-80,37,126.9128
tanzania,14,80-85,37,68.3380
tanzania,15,85+,37,19.5251
tanzania,0,0-15,38,0.0000
tanzania,1,15-20,38,0.0000
tanzania,2,20-25,38,29.2876
tanzania,3,25-30,38,87.8628
tanzania,4,30-35,38,380.7389
tanzania,5,35-40,38,673.6154
tanzania,6,40-45,38,1103.1664
tanzania,7,45-50,38,1220.3153
tanzania,8,50-55,38,1103.1664
tanzania,9,55-60,38,1044.5949
tanzania,10,60-65,38,644.3298
tanzania,11,65-70,38,566.2292
tanzania,12,70-75,38,283.1145
tanzania,13,75-80,38,126.9128
tanzania,14,80-85,38,68.3380
tanzania,15,85+,38,19.5251
tanzania,0,0-15,39,0.0000
tanzania,1,15-20,39,0.0000
tanzania,2,20-25,39,29.2876
tanzania,3,25-30,39,87.8628
tanzania,4,30-35,39,380.7389
tanzania,5,35-40,39,673.6154
tanzania,6,40-45,39,1103.1664
tanzania,7,45-50,39,1220.3153
tanzania,8,50-55,39,1103.1664
tanzania,9,55-60,39,1044.5949
tanzania,10,60-65,39,644.3298
tanzania,11,65-70,39,566.2292
tanzania,12,70-75,39,283.1145
tanzania,13,75-80,39,126.9128
tanzania,14,80-85,39,68.3380
tanzania,15,85+,39,19.5251
tanzania,0,0-15,40,0.0000
tanzania,1,15-20,40,0.0000
tanzania,2,20-25,40,9.7625
tanzania,3,25-30,40,97.6254
tanzania,4,30-35,40,302.6387
tanzania,5,35-40,40,556.4648
tanzania,6,40-45,40,820.0530
tanzania,7,45-50,40,1034.8275
tanzania,8,50-55,40,1034.8282
tanzania,9,55-60,40,976.2547
tanzania,10,60-65,40,878.6309
tanzania,11,65-70,40,634.5673
tanzania,12,70-75,40,351.4526
tanzania,13,75-80,40,136.6760
tanzania,14,80-85,40,117.1508
tanzania,15,85+,40,29.2877
tanzania,0,0-15,41,0.0000
tanzania,1,15-20,41,0.0000
tanzania,2,20-25,41,9.7625
tanzania,3,25-30,41,136.6755
tanzania,4,30-35,41,527.1771
tanzania,5,35-40,41,781.0033
tanzania,6,40-45,41,946.9655
tanzania,7,45-50,41,1298.4142
tanzania,8,50-55,41,1103.1686
tanzania,9,55-60,41,956.7319
tanzania,10,60-65,41,917.6819
tanzania,11,65-70,41,663.8550
tanzania,12,70-75,41,253.8269
tanzania,13,75-80,41,87.8628
tanzania,14,80-85,41,68.3378
tanzania,15,85+,41,29.2877
tanzania,0,0-15,42,0.0000
tanzania,1,15-20,42,0.0000
tanzania,2,20-25,42,0.0000
tanzania,3,25-30,42,146.4381
tanzania,4,30-35,42,263.5885
tanzania,5,35-40,42,732.1906
tanzania,6,40-45,42,1171.5039
tanzania,7,45-50,42,1093.4032
tanzania,8,50-55,42,1249.6039
tanzania,9,55-60,42,1103.1705
tanzania,10,60-65,42,644.3298
tanzania,11,65-70,42,556.4658
tanzania,12,70-75,42,273.3507
tanzania,13,75-80,42,156.2007
tanzania,14,80-85,42,39.0503
tanzania,15,85+,42,29.2877
tanzania,0,0-15,43,0.0000
tanzania,1,15-20,43,0.0000
tanzania,2,20-25,43,0.0000
tanzania,3,25-30,43,68.3378
tanzania,4,30-35,43,283.1136
tanzania,5,35-40,43,634.5651
tanzania,6,40-45,43,839.5786
tanzania,7,45-50,43,1239.8399
tanzania,8,50-55,43,1171.5030
tanzania,9,55-60,43,1151.9830
tanzania,10,60-65,43,868.8690
tanzania,11,65-70,43,527.1790
tanzania,12,70-75,43,312.4022
tanzania,13,75-80,43,87.8629
tanzania,14,80-85,43,78.1002
tanzania,15,85+,43,9.7626
tanzania,0,0-15,44,0.0000
tanzania,1,15-20,44,0.0000
tanzania,2,20-25,44,9.7625
tanzania,3,25-30,44,68.3378
tanzania,4,30-35,44,273.3511
tanzania,5,35-40,44,605.2775
tanzania,6,40-45,44,849.3411
tanzania,7,45-50,44,1337.4651
tanzania,8,50-55,44,1220.3164
tanzania,9,55-60,44,927.4437
tanzania,10,60-65,44,761.4807
tanzania,11,65-70,44,546.7041
tanzania,12,70-75,44,390.5029
tanzania,13,75-80,44,175.7263
tanzania,14,80-85,44,68.3380
tanzania,15,85+,44,29.2877
tanzania,0,0-15,45,0.0000
tanzania,1,15-20,45,0.0000
tanzania,2,20-25,45,0.0000
tanzania,3,25-30,45,87.8628
tanzania,4,30-35,45,224.5384
tanzania,5,35-40,45,712.6654
tanzania,6,40-45,45,1054.3543
tanzania,7,45-50,45,1142.2142
tanzania,8,50-55,45,1132.4530
tanzania,9,55-60,45,1005.5450
tanzania,10,60-65,45,722.4304
tanzania,11,65-70,45,439.3158
tanzania,12,70-75,45,410.0281
tanzania,13,75-80,45,68.3380
tanzania,14,80-85,45,87.8632
tanzania,15,85+,45,0.0000
tanzania,0,0-15,46,0.0000
tanzania,1,15-20,46,0.0000
tanzania,2,20-25,46,0.0000
tanzania,3,25-30,46,87.8628
tanzania,4,30-35,46,224.5384
tanzania,5,35-40,46,712.6654
tanzania,6,40-45,46,1054.3543
tanzania,7,45-50,46,1142.2142
tanzania,8,50-55,46,1132.4530
tanzania,9,55-60,46,1005.5450
tanzania,10,60-65,46,722.4304
tanzania,11,65-70,46,439.3158
tanzania,12,70-75,46,410.0281
tanzania,13,75-80,46,68.3380
tanzania,14,80-85,46,87.8632
tanzania,15,85+,46,0.0000
tanzania,0,0-15,47,0.0000
tanzania,1,15-20,47,0.0000
tanzania,2,20-25,47,39.0502
tanzania,3,25-30,47,68.3378
tanzania,4,30-35,47,507.6520
tanzania,5,35-40,47,585.7525
tanzania,6,40-45,47,986.0164
tanzania,7,45-50,47,1200.7891
tanzania,8,50-55,47,1064.1162
tanzania,9,55-60,47,1288.6595
tanzania,10,60-65,47,595.5170
tanzania,11,65-70,47,536.9415
tanzania,12,70-75,47,224.5392
tanzania,13,75-80,47,87.8632
tanzania,14,80-85,47,39.0503
tanzania,15,85+,47,9.7626
tanzania,0,0-15,48,0.0000
tanzania,1,15-20,48,0.0000
tanzania,2,20-25,48,39.0502
tanzania,3,25-30,48,68.3378
tanzania,4,30-35,48,507.6520
tanzania,5,35-40,48,585.7525
tanzania,6,40-45,48,986.0164
tanzania,7,45-50,48,1200.7891
tanzania,8,50-55,48,1064.1162
tanzania,9,55-60,48,1288.6595
tanzania,10,60-65,48,595.5170
tanzania,11,65-70,48,536.9415
tanzania,12,70-75,48,224.5392
tanzania,13,75-80,48,87.8632
tanzania,14,80-85,48,39.0503
tanzania,15,85+,48,9.7626
tanzania,0,0-15,49,0.0000
tanzania,1,15-20,49,0.0000
tanzania,2,20-25,49,39.0502
tanzania,3,25-30,49,68.3378
tanzania,4,30-35,49,507.6520
tanzania,5,35-40,49,585.7525
tanzania,6,40-45,49,986.0164
tanzania,7,45-50,49,1200.7891
tanzania,8,50-55,49,1064.1162
tanzania,9,55-60,49,1288.6595
tanzania,10,60-65,49,595.5170
tanzania,11,65-70,49,536.9415
tanzania,12,70-75,49,224.5392
tanzania,13,75-80,49,87.8632
tanzania,14,80-85,49,39.0503
tanzania,15,85+,49,9.7626
tanzania,0,0-15,50,0.0000
tanzania,1,15-20,50,0.0000
tanzania,2,20-25,50,19.5251
tanzania,3,25-30,50,165.9631
tanzania,4,30-35,50,312.4012
tanzania,5,35-40,50,595.5150
tanzania,6,40-45,50,810.2909
tanzania,7,45-50,50,1151.9771
tanzania,8,50-55,50,1435.0917
tanzania,9,55-60,50,986.0199
tanzania,10,60-65,50,829.8187
tanzania,11,65-70,50,634.5673
tanzania,12,70-75,50,205.0140
tanzania,13,75-80,50,126.9135
tanzania,14,80-85,50,107.3883
tanzania,15,85+,50,9.7626
tanzania,0,0-15,51,0.0000
tanzania,1,15-20,51,0.0000
tanzania,2,20-25,51,0.0000
tanzania,3,25-30,51,48.8127
tanzania,4,30-35,51,244.0634
tanzania,5,35-40,51,663.8527
tanzania,6,40-45,51,1044.5919
tanzania,7,45-50,51,1503.4272
tanzania,8,50-55,51,1054.3542
tanzania,9,55-60,51,1278.8971
tanzania,10,60-65,51,937.2070
tanzania,11,65-70,51,497.8912
tanzania,12,70-75,51,331.9264
tanzania,13,75-80,51,97.6251
tanzania,14,80-85,51,19.5251
tanzania,15,85+,51,0.0000
tanzania,0,0-15,52,0.0000
tanzania,1,15-20,52,0.0000
tanzania,2,20-25,52,9.7625
tanzania,3,25-30,52,156.2006
tanzania,4,30-35,52,429.5517
tanzania,5,35-40,52,575.9900
tanzania,6,40-45,52,888.3912
tanzania,7,45-50,52,1620.5773
tanzania,8,50-55,52,1171.5062
tanzania,9,55-60,52,1122.6959
tanzania,10,60-65,52,888.3942
tanzania,11,65-70,52,536.9415
tanzania,12,70-75,52,263.5895
tanzania,13,75-80,52,146.4386
tanzania,14,80-85,52,97.6257
tanzania,15,85+,52,29.2877
tanzania,0,0-15,53,0.0000
tanzania,1,15-20,53,0.0000
tanzania,2,20-25,53,9.7625
tanzania,3,25-30,53,48.8127
tanzania,4,30-35,53,322.1637
tanzania,5,35-40,53,761.4782
tanzania,6,40-45,53,1132.4543
tanzania,7,45-50,53,1132.4514
tanzania,8,50-55,53,1317.9431
tanzania,9,55-60,53,1132.4585
tanzania,10,60-65,53,712.6678
tanzania,11,65-70,53,517.4164
tanzania,12,70-75,53,283.1140
tanzania,13,75-80,53,78.1005
tanzania,14,80-85,53,58.5752
tanzania,15,85+,53,29.2876
tanzania,0,0-15,54,0.0000
tanzania,1,15-20,54,0.0000
tanzania,2,20-25,54,9.7625
tanzania,3,25-30,54,48.8127
tanzania,4,30-35,54,322.1637
tanzania,5,35-40,54,761.4782
tanzania,6,40-45,54,1132.4543
tanzania,7,45-50,54,1132.4514
tanzania,8,50-55,54,1317.9431
tanzania,9,55-60,54,1132.4585
tanzania,10,60-65,54,712.6678
tanzania,11,65-70,54,517.4164
tanzania,12,70-75,54,283.1140
tanzania,13,75-80,54,78.1005
tanzania,14,80-85,54,58.5752
tanzania,15,85+,54,29.2876
tanzania,0,0-15,55,0.0000
tanzania,1,15-20,55,0.0000
tanzania,2,20-25,55,9.7625
tanzania,3,25-30,55,48.8127
tanzania,4,30-35,55,322.1637
tanzania,5,35-40,55,761.4782
tanzania,6,40-45,55,1132.4543
tanzania,7,45-50,55,1132.4514
tanzania,8,50-55,55,1317.9431
tanzania,9,55-60,55,1132.4585
tanzania,10,60-65,55,712.6678
tanzania,11,65-70,55,517.4164
tanzania,12,70-75,55,283.1140
tanzania,13,75-80,55,78.1005
tanzania,14,80-85,55,58.5752
tanzania,15,85+,55,29.2876
tanzania,0,0-15,56,0.0000
tanzania,1,15-20,56,0.0000
tanzania,2,20-25,56,9.7625
tanzania,3,25-30,56,48.8127
tanzania,4,30-35,56,322.1637
tanzania,5,35-40,56,761.4782
tanzania,6,40-45,56,1132.4543
tanzania,7,45-50,56,1132.4514
tanzania,8,50-55,56,1317.9431
tanzania,9,55-60,56,1132.4585
tanzania,10,60-65,56,712.6678
tanzania,11,65-70,56,517.4164
tanzania,12,70-75,56,283.1140
tanzania,13,75-80,56,78.1005
tanzania,14,80-85,56,58.5752
tanzania,15,85+,56,29.2876
tanzania,0,0-15,57,0.0000
tanzania,1,15-20,57,0.0000
tanzania,2,20-25,57,9.7625
tanzania,3,25-30,57,48.8127
tanzania,4,30-35,57,322.1637
tanzania,5,35-40,57,761.4782
tanzania,6,40-45,57,1132.4543
tanzania,7,45-50,57,1132.4514
tanzania,8,50-55,57,1317.9431
tanzania,9,55-60,57,1132.4585
tanzania,10,60-65,57,712.6678
tanzania,11,65-70,57,517.4164
tanzania,12,70-75,57,283.1140
tanzania,13,75-80,57,78.1005
tanzania,14,80-85,57,58.5752
tanzania,15,85+,57,29.2876
tanzania,0,0-15,58,0.0000
tanzania,1,15-20,58,0.0000
tanzania,2,20-25,58,0.0000
tanzania,3,25-30,58,97.6254
tanzania,4,30-35,58,497.8895
tanzania,5,35-40,58,859.1037
tanzania,6,40-45,58,1122.6908
tanzania,7,45-50,58,1444.8523
tanzania,8,50-55,58,1269.1335
tanzania,9,55-60,58,1181.2714
tanzania,10,60-65,58,624.8044
tanzania,11,65-70,58,556.4642
tanzania,12,70-75,58,370.9764
tanzania,13,75-80,58,126.9131
tanzania,14,80-85,58,29.2874
tanzania,15,85+,58,29.2876
tanzania,0,0-15,59,0.0000
tanzania,1,15-20,59,0.0000
tanzania,2,20-25,59,19.5251
tanzania,3,25-30,59,107.3879
tanzania,4,30-35,59,331.9263
tanzania,5,35-40,59,722.4280
tanzania,6,40-45,59,927.4412
tanzania,7,45-50,59,1464.3773
tanzania,8,50-55,59,1093.4048
tanzania,9,55-60,59,1230.0841
tanzania,10,60-65,59,702.9053
tanzania,11,65-70,59,488.1287
tanzania,12,70-75,59,322.1638
tanzania,13,75-80,59,87.8628
tanzania,14,80-85,59,48.8124
tanzania,15,85+,59,39.0500
tanzania,0,0-15,60,0.0000
tanzania,1,15-20,60,0.0000
tanzania,2,20-25,60,9.7625
tanzania,3,25-30,60,146.4381
tanzania,4,30-35,60,312.4012
tanzania,5,35-40,60,624.8026
tanzania,6,40-45,60,907.9160
tanzania,7,45-50,60,927.4393
tanzania,8,50-55,60,1171.5020
tanzania,9,55-60,60,888.3936
tanzania,10,60-65,60,634.5673
tanzania,11,65-70,60,595.5170
tanzania,12,70-75,60,283.1146
tanzania,13,75-80,60,185.4889
tanzania,14,80-85,60,126.9135
tanzania,15,85+,60,19.5251
tanzania,0,0-15,61,0.0000
tanzania,1,15-20,61,0.0000
tanzania,2,20-25,61,39.0502
tanzania,3,25-30,61,68.3378
tanzania,4,30-35,61,439.3142
tanzania,5,35-40,61,644.3277
tanzania,6,40-45,61,888.3906
tanzania,7,45-50,61,1064.1146
tanzania,8,50-55,61,917.6785
tanzania,9,55-60,61,1181.2687
tanzania,10,60-65,61,722.4304
tanzania,11,65-70,61,575.9918
tanzania,12,70-75,61,322.1649
tanzania,13,75-80,61,107.3878
tanzania,14,80-85,61,39.0503
tanzania,15,85+,61,19.5250
tanzania,0,0-15,62,0.0000
tanzania,1,15-20,62,0.0000
tanzania,2,20-25,62,0.0000
tanzania,3,25-30,62,78.1003
tanzania,4,30-35,62,351.4514
tanzania,5,35-40,62,673.6153
tanzania,6,40-45,62,1054.3537
tanzania,7,45-50,62,1288.6522
tanzania,8,50-55,62,1230.0809
tanzania,9,55-60,62,839.5805
tanzania,10,60-65,62,663.8550
tanzania,11,65-70,62,429.5532
tanzania,12,70-75,62,273.3521
tanzania,13,75-80,62,156.2012
tanzania,14,80-85,62,48.8129
tanzania,15,85+,62,19.5251
tanzania,0,0-15,63,0.0000
tanzania,1,15-20,63,0.0000
tanzania,2,20-25,63,9.7625
tanzania,3,25-30,63,165.9631
tanzania,4,30-35,63,429.5517
tanzania,5,35-40,63,595.5150
tanzania,6,40-45,63,1132.4541
tanzania,7,45-50,63,1239.8391
tanzania,8,50-55,63,1161.7429
tanzania,9,55-60,63,1015.3076
tanzania,10,60-65,63,888.3942
tanzania,11,65-70,63,458.8409
tanzania,12,70-75,63,253.8269
tanzania,13,75-80,63,175.7263
tanzania,14,80-85,63,58.5754
tanzania,15,85+,63,39.0503
tanzania,0,0-15,64,0.0000
tanzania,1,15-20,64,0.0000
tanzania,2,20-25,64,9.7625
tanzania,3,25-30,64,165.9631
tanzania,4,30-35,64,429.5517
tanzania,5,35-40,64,595.5150
tanzania,6,40-45,64,1132.4541
tanzania,7,45-50,64,1239.8391
tanzania,8,50-55,64,1161.7429
tanzania,9,55-60,64,1015.3076
tanzania,10,60-65,64,888.3942
tanzania,11,65-70,64,458.8409
tanzania,12,70-75,64,253.8269
tanzania,13,75-80,64,175.7263
tanzania,14,80-85,64,58.5754
tanzania,15,85+,64,39.0503
tanzania,0,0-15,65,0.0000
tanzania,1,15-20,65,0.0000
tanzania,2,20-25,65,9.7625
tanzania,3,25-30,65,165.9631
tanzania,4,30-35,65,429.5517
tanzania,5,35-40,65,595.5150
tanzania,6,40-45,65,1132.4541
tanzania,7,45-50,65,1239.8391
tanzania,8,50-55,65,1161.7429
tanzania,9,55-60,65,1015.3076
tanzania,10,60-65,65,888.3942
tanzania,11,65-70,65,458.8409
tanzania,12,70-75,65,253.8269
tanzania,13,75-80,65,175.7263
tanzania,14,80-85,65,58.5754
tanzania,15,85+,65,39.0503
tanzania,0,0-15,66,0.0000
tanzania,1,15-20,66,0.0000
tanzania,2,20-25,66,9.7625
tanzania,3,25-30,66,165.9631
tanzania,4,30-35,66,429.5517
tanzania,5,35-40,66,595.5150
tanzania,6,40-45,66,1132.4541
tanzania,7,45-50,66,1239.8391
tanzania,8,50-55,66,1161.7429
tanzania,9,55-60,66,1015.3076
tanzania,10,60-65,66,888.3942
tanzania,11,65-70,66,458.8409
tanzania,12,70-75,66,253.8269
tanzania,13,75-80,66,175.7263
tanzania,14,80-85,66,58.5754
tanzania,15,85+,66,39.0503
tanzania,0,0-15,67,0.0000
tanzania,1,15-20,67,0.0000
tanzania,2,20-25,67,9.7625
tanzania,3,25-30,67,165.9631
tanzania,4,30-35,67,429.5517
tanzania,5,35-40,67,595.5150
tanzania,6,40-45,67,1132.4541
tanzania,7,45-50,67,1239.8391
tanzania,8,50-55,67,1161.7429
tanzania,9,55-60,67,1015.3076
tanzania,10,60-65,67,888.3942
tanzania,11,65-70,67,458.8409
tanzania,12,70-75,67,253.8269
tanzania,13,75-80,67,175.7263
tanzania,14,80-85,67,58.5754
tanzania,15,85+,67,39.0503
tanzania,0,0-15,68,0.0000
tanzania,1,15-20,68,0.0000
tanzania,2,20-25,68,9.7625
tanzania,3,25-30,68,136.6755
tanzania,4,30-35,68,380.7390
tanzania,5,35-40,68,517.4147
tanzania,6,40-45,68,946.9664
tanzania,7,45-50,68,1122.6894
tanzania,8,50-55,68,1356.9920
tanzania,9,55-60,68,927.4440
tanzania,10,60-65,68,683.3801
tanzania,11,65-70,68,468.6035
tanzania,12,70-75,68,224.5392
tanzania,13,75-80,68,156.2012
tanzania,14,80-85,68,58.5754
tanzania,15,85+,68,68.3380
tanzania,0,0-15,69,0.0000
tanzania,1,15-20,69,0.0000
tanzania,2,20-25,69,9.7625
tanzania,3,25-30,69,68.3378
tanzania,4,30-35,69,263.5885
tanzania,5,35-40,69,702.9029
tanzania,6,40-45,69,1005.5417
tanzania,7,45-50,69,1083.6390
tanzania,8,50-55,69,1239.8408
tanzania,9,55-60,69,868.8690
tanzania,10,60-65,69,878.6316
tanzania,11,65-70,69,634.5673
tanzania,12,70-75,69,292.8772
tanzania,13,75-80,69,126.9135
tanzania,14,80-85,69,48.8129
tanzania,15,85+,69,39.0503
tanzania,0,0-15,70,0.0000
tanzania,1,15-20,70,0.0000
tanzania,2,20-25,70,19.5251
tanzania,3,25-30,70,195.2508
tanzania,4,30-35,70,429.5517
tanzania,5,35-40,70,849.3411
tanzania,6,40-45,70,1034.8280
tanzania,7,45-50,70,1464.3776
tanzania,8,50-55,70,1132.4572
tanzania,9,55-60,70,1015.3076
tanzania,10,60-65,70,761.4807
tanzania,11,65-70,70,507.6538
tanzania,12,70-75,70,292.8766
tanzania,13,75-80,70,97.6252
tanzania,14,80-85,70,39.0499
tanzania,15,85+,70,9.7625
tanzania,0,0-15,71,0.0000
tanzania,1,15-20,71,0.0000
tanzania,2,20-25,71,19.5251
tanzania,3,25-30,71,97.6254
tanzania,4,30-35,71,449.0767
tanzania,5,35-40,71,702.9030
tanzania,6,40-45,71,1064.1163
tanzania,7,45-50,71,995.7762
tanzania,8,50-55,71,1191.0292
tanzania,9,55-60,71,868.8689
tanzania,10,60-65,71,849.3439
tanzania,11,65-70,71,605.2795
tanzania,12,70-75,71,341.6901
tanzania,13,75-80,71,156.2010
tanzania,14,80-85,71,29.2876
tanzania,15,85+,71,19.5251
tanzania,0,0-15,72,0.0000
tanzania,1,15-20,72,0.0000
tanzania,2,20-25,72,19.5251
tanzania,3,25-30,72,117.1505
tanzania,4,30-35,72,244.0634
tanzania,5,35-40,72,575.9899
tanzania,6,40-45,72,937.2041
tanzania,7,45-50,72,1347.2272
tanzania,8,50-55,72,1073.8781
tanzania,9,55-60,72,898.1563
tanzania,10,60-65,72,829.8187
tanzania,11,65-70,72,585.7544
tanzania,12,70-75,72,400.2655
tanzania,13,75-80,72,146.4386
tanzania,14,80-85,72,107.3883
tanzania,15,85+,72,9.7626
tanzania,0,0-15,73,0.0000
tanzania,1,15-20,73,0.0000
tanzania,2,20-25,73,0.0000
tanzania,3,25-30,73,78.1003
tanzania,4,30-35,73,224.5384
tanzania,5,35-40,73,673.6153
tanzania,6,40-45,73,868.8659
tanzania,7,45-50,73,1161.7401
tanzania,8,50-55,73,859.1016
tanzania,9,55-60,73,898.1549
tanzania,10,60-65,73,1083.6454
tanzania,11,65-70,73,575.9918
tanzania,12,70-75,73,331.9275
tanzania,13,75-80,73,136.6759
tanzania,14,80-85,73,58.5751
tanzania,15,85+,73,19.5250
tanzania,0,0-15,74,0.0000
tanzania,1,15-20,74,0.0000
tanzania,2,20-25,74,29.2876
tanzania,3,25-30,74,146.4381
tanzania,4,30-35,74,312.4012
tanzania,5,35-40,74,722.4281
tanzania,6,40-45,74,1064.1165
tanzania,7,45-50,74,1542.4769
tanzania,8,50-55,74,1073.8813
tanzania,9,55-60,74,1161.7462
tanzania,10,60-65,74,829.8187
tanzania,11,65-70,74,546.7041
tanzania,12,70-75,74,214.7764
tanzania,13,75-80,74,126.9130
tanzania,14,80-85,74,48.8129
tanzania,15,85+,74,39.0500
tanzania,0,0-15,75,0.0000
tanzania,1,15-20,75,0.0000
tanzania,2,20-25,75,0.0000
tanzania,3,25-30,75,146.4381
tanzania,4,30-35,75,341.6888
tanzania,5,35-40,75,790.7659
tanzania,6,40-45,75,927.4410
tanzania,7,45-50,75,1405.8022
tanzania,8,50-55,75,1064.1175
tanzania,9,55-60,75,995.7821
tanzania,10,60-65,75,849.3439
tanzania,11,65-70,75,429.5532
tanzania,12,70-75,75,361.2152
tanzania,13,75-80,75,117.1509
tanzania,14,80-85,75,68.3379
tanzania,15,85+,75,9.7626
tanzania,0,0-15,76,0.0000
tanzania,1,15-20,76,0.0000
tanzania,2,20-25,76,9.7625
tanzania,3,25-30,76,78.1003
tanzania,4,30-35,76,283.1136
tanzania,5,35-40,76,771.2407
tanzania,6,40-45,76,1025.0663
tanzania,7,45-50,76,937.2015
tanzania,8,50-55,76,1356.9915
tanzania,9,55-60,76,1064.1205
tanzania,10,60-65,76,859.1064
tanzania,11,65-70,76,497.8912
tanzania,12,70-75,76,205.0140
tanzania,13,75-80,76,107.3883
tanzania,14,80-85,76,78.1006
tanzania,15,85+,76,29.2877
tanzania,0,0-15,77,0.0000
tanzania,1,15-20,77,0.0000
tanzania,2,20-25,77,0.0000
tanzania,3,25-30,77,68.3378
tanzania,4,30-35,77,234.3009
tanzania,5,35-40,77,615.0400
tanzania,6,40-45,77,946.9666
tanzania,7,45-50,77,1025.0645
tanzania,8,50-55,77,1015.3013
tanzania,9,55-60,77,1230.0830
tanzania,10,60-65,77,888.3942
tanzania,11,65-70,77,419.7906
tanzania,12,70-75,77,390.5029
tanzania,13,75-80,77,165.9637
tanzania,14,80-85,77,87.8632
tanzania,15,85+,77,19.5251
tanzania,0,0-15,78,0.0000
tanzania,1,15-20,78,0.0000
tanzania,2,20-25,78,0.0000
tanzania,3,25-30,78,117.1505
tanzania,4,30-35,78,370.9764
tanzania,5,35-40,78,712.6655
tanzania,6,40-45,78,781.0032
tanzania,7,45-50,78,1054.3518
tanzania,8,50-55,78,1347.2291
tanzania,9,55-60,78,966.4941
tanzania,10,60-65,78,800.5310
tanzania,11,65-70,78,419.7906
tanzania,12,70-75,78,341.6901
tanzania,13,75-80,78,126.9135
tanzania,14,80-85,78,68.3380
tanzania,15,85+,78,39.0503
tanzania,0,0-15,79,0.0000
tanzania,1,15-20,79,0.0000
tanzania,2,20-25,79,9.7625
tanzania,3,25-30,79,29.2876
tanzania,4,30-35,79,234.3009
tanzania,5,35-40,79,556.4647
tanzania,6,40-45,79,888.3913
tanzania,7,45-50,79,1181.2651
tanzania,8,50-55,79,1132.4531
tanzania,9,55-60,79,966.4927
tanzania,10,60-65,79,888.3942
tanzania,11,65-70,79,497.8912
tanzania,12,70-75,79,419.7906
tanzania,13,75-80,79,224.5392
tanzania,14,80-85,79,58.5754
tanzania,15,85+,79,9.7626
tanzania,0,0-15,80,0.0000
tanzania,1,15-20,80,0.0000
tanzania,2,20-25,80,29.2876
tanzania,3,25-30,80,136.6755
tanzania,4,30-35,80,234.3009
tanzania,5,35-40,80,449.0769
tanzania,6,40-45,80,888.3913
tanzania,7,45-50,80,1239.8401
tanzania,8,50-55,80,1210.5534
tanzania,9,55-60,80,1259.3706
tanzania,10,60-65,80,771.2433
tanzania,11,65-70,80,517.4164
tanzania,12,70-75,80,273.3521
tanzania,13,75-80,80,156.2012
tanzania,14,80-85,80,39.0503
tanzania,15,85+,80,48.8129
tanzania,0,0-15,81,0.0000
tanzania,1,15-20,81,0.0000
tanzania,2,20-25,81,29.2876
tanzania,3,25-30,81,136.6755
tanzania,4,30-35,81,234.3009
tanzania,5,35-40,81,449.0769
tanzania,6,40-45,81,888.3913
tanzania,7,45-50,81,1239.8401
tanzania,8,50-55,81,1210.5534
tanzania,9,55-60,81,1259.3706
tanzania,10,60-65,81,771.2433
tanzania,11,65-70,81,517.4164
tanzania,12,70-75,81,273.3521
tanzania,13,75-80,81,156.2012
tanzania,14,80-85,81,39.0503
tanzania,15,85+,81,48.8129
tanzania,0,0-15,82,0.0000
tanzania,1,15-20,82,0.0000
tanzania,2,20-25,82,29.2876
tanzania,3,25-30,82,136.6755
tanzania,4,30-35,82,234.3009
tanzania,5,35-40,82,449.0769
tanzania,6,40-45,82,888.3913
tanzania,7,45-50,82,1239.8401
tanzania,8,50-55,82,1210.5534
tanzania,9,55-60,82,1259.3706
tanzania,10,60-65,82,771.2433
tanzania,11,65-70,82,517.4164
tanzania,12,70-75,82,273.3521
tanzania,13,75-80,82,156.2012
tanzania,14,80-85,82,39.0503
tanzania,15,85+,82,48.8129
tanzania,0,0-15,83,0.0000
tanzania,1,15-20,83,0.0000
tanzania,2,20-25,83,9.7625
tanzania,3,25-30,83,107.3879
tanzania,4,30-35,83,165.9631
tanzania,5,35-40,83,702.9029
tanzania,6,40-45,83,995.7790
tanzania,7,45-50,83,1230.0771
tanzania,8,50-55,83,1142.2164
tanzania,9,55-60,83,966.4939
tanzania,10,60-65,83,683.3801
tanzania,11,65-70,83,478.3661
tanzania,12,70-75,83,341.6901
tanzania,13,75-80,83,195.2515
tanzania,14,80-85,83,39.0503
tanzania,15,85+,83,19.5251
tanzania,0,0-15,84,0.0000
tanzania,1,15-20,84,0.0000
tanzania,2,20-25,84,19.5251
tanzania,3,25-30,84,117.1505
tanzania,4,30-35,84,312.4012
tanzania,5,35-40,84,585.7525
tanzania,6,40-45,84,1054.3544
tanzania,7,45-50,84,1337.4643
tanzania,8,50-55,84,1191.0297
tanzania,9,55-60,84,946.9696
tanzania,10,60-65,84,654.0924
tanzania,11,65-70,84,507.6538
tanzania,12,70-75,84,361.2152
tanzania,13,75-80,84,117.1509
tanzania,14,80-85,84,48.8129
tanzania,15,85+,84,19.5251
tanzania,0,0-15,85,0.0000
tanzania,1,15-20,85,0.0000
tanzania,2,20-25,85,9.7625
tanzania,3,25-30,85,136.6755
tanzania,4,30-35,85,234.3009
tanzania,5,35-40,85,741.9531
tanzania,6,40-45,85,820.0534
tanzania,7,45-50,85,1386.2773
tanzania,8,50-55,85,1317.9426
tanzania,9,55-60,85,1132.4585
tanzania,10,60-65,85,820.0562
tanzania,11,65-70,85,536.9415
tanzania,12,70-75,85,331.9275
tanzania,13,75-80,85,117.1508
tanzania,14,80-85,85,48.8127
tanzania,15,85+,85,48.8127
tanzania,0,0-15,86,0.0000
tanzania,1,15-20,86,0.0000
tanzania,2,20-25,86,9.7625
tanzania,3,25-30,86,136.6755
tanzania,4,30-35,86,234.3009
tanzania,5,35-40,86,741.9531
tanzania,6,40-45,86,820.0534
tanzania,7,45-50,86,1386.2773
tanzania,8,50-55,86,1317.9426
tanzania,9,55-60,86,1132.4585
tanzania,10,60-65,86,820.0562
tanzania,11,65-70,86,536.9415
tanzania,12,70-75,86,331.9275
tanzania,13,75-80,86,117.1508
tanzania,14,80-85,86,48.8127
tanzania,15,85+,86,48.8127
tanzania,0,0-15,87,0.0000
tanzania,1,15-20,87,0.0000
tanzania,2,20-25,87,9.7625
tanzania,3,25-30,87,136.6755
tanzania,4,30-35,87,234.3009
tanzania,5,35-40,87,741.9531
tanzania,6,40-45,87,820.0534
tanzania,7,45-50,87,1386.2773
tanzania,8,50-55,87,1317.9426
tanzania,9,55-60,87,1132.4585
tanzania,10,60-65,87,820.0562
tanzania,11,65-70,87,536.9415
tanzania,12,70-75,87,331.9275
tanzania,13,75-80,87,117.1508
tanzania,14,80-85,87,48.8127
tanzania,15,85+,87,48.8127
tanzania,0,0-15,88,0.0000
tanzania,1,15-20,88,0.0000
tanzania,2,20-25,88,9.7625
tanzania,3,25-30,88,136.6755
tanzania,4,30-35,88,234.3009
tanzania,5,35-40,88,741.9531
tanzania,6,40-45,88,820.0534
tanzania,7,45-50,88,1386.2773
tanzania,8,50-55,88,1317.9426
tanzania,9,55-60,88,1132.4585
tanzania,10,60-65,88,820.0562
tanzania,11,65-70,88,536.9415
tanzania,12,70-75,88,331.9275
tanzania,13,75-80,88,117.1508
tanzania,14,80-85,88,48.8127
tanzania,15,85+,88,48.8127
tanzania,0,0-15,89,0.0000
tanzania,1,15-20,89,0.0000
tanzania,2,20-25,89,9.7625
tanzania,3,25-30,89,136.6755
tanzania,4,30-35,89,234.3009
tanzania,5,35-40,89,741.9531
tanzania,6,40-45,89,820.0534
tanzania,7,45-50,89,1386.2773
tanzania,8,50-55,89,1317.9426
tanzania,9,55-60,89,1132.4585
tanzania,10,60-65,89,820.0562
tanzania,11,65-70,89,536.9415
tanzania,12,70-75,89,331.9275
tanzania,13,75-80,89,117.1508
tanzania,14,80-85,89,48.8127
tanzania,15,85+,89,48.8127
tanzania,0,0-15,90,0.0000
tanzania,1,15-20,90,0.0000
tanzania,2,20-25,90,9.7625
tanzania,3,25-30,90,136.6755
tanzania,4,30-35,90,234.3009
tanzania,5,35-40,90,741.9531
tanzania,6,40-45,90,820.0534
tanzania,7,45-50,90,1386.2773
tanzania,8,50-55,90,1317.9426
tanzania,9,55-60,90,1132.4585
tanzania,10,60-65,90,820.0562
tanzania,11,65-70,90,536.9415
tanzania,12,70-75,90,331.9275
tanzania,13,75-80,90,117.1508
tanzania,14,80-85,90,48.8127
tanzania,15,85+,90,48.8127
tanzania,0,0-15,91,0.0000
tanzania,1,15-20,91,0.0000
tanzania,2,20-25,91,9.7625
tanzania,3,25-30,91,136.6755
tanzania,4,30-35,91,234.3009
tanzania,5,35-40,91,741.9531
tanzania,6,40-45,91,820.0534
tanzania,7,45-50,91,1386.2773
tanzania,8,50-55,91,1317.9426
tanzania,9,55-60,91,1132.4585
tanzania,10,60-65,91,820.0562
tanzania,11,65-70,91,536.9415
tanzania,12,70-75,91,331.9275
tanzania,13,75-80,91,117.1508
tanzania,14,80-85,91,48.8127
tanzania,15,85+,91,48.8127
tanzania,0,0-15,92,0.0000
tanzania,1,15-20,92,0.0000
tanzania,2,20-25,92,9.7625
tanzania,3,25-30,92,136.6755
tanzania,4,30-35,92,234.3009
tanzania,5,35-40,92,741.9531
tanzania,6,40-45,92,820.0534
tanzania,7,45-50,92,1386.2773
tanzania,8,50-55,92,1317.9426
tanzania,9,55-60,92,1132.4585
tanzania,10,60-65,92,820.0562
tanzania,11,65-70,92,536.9415
tanzania,12,70-75,92,331.9275
tanzania,13,75-80,92,117.1508
tanzania,14,80-85,92,48.8127
tanzania,15,85+,92,48.8127
tanzania,0,0-15,93,0.0000
tanzania,1,15-20,93,0.0000
tanzania,2,20-25,93,9.7625
tanzania,3,25-30,93,136.6755
tanzania,4,30-35,93,234.3009
tanzania,5,35-40,93,741.9531
tanzania,6,40-45,93,820.0534
tanzania,7,45-50,93,1386.2773
tanzania,8,50-55,93,1317.9426
tanzania,9,55-60,93,1132.4585
tanzania,10,60-65,93,820.0562
tanzania,11,65-70,93,536.9415
tanzania,12,70-75,93,331.9275
tanzania,13,75-80,93,117.1508
tanzania,14,80-85,93,48.8127
tanzania,15,85+,93,48.8127
tanzania,0,0-15,94,0.0000
tanzania,1,15-20,94,0.0000
tanzania,2,20-25,94,9.7625
tanzania,3,25-30,94,136.6755
tanzania,4,30-35,94,234.3009
tanzania,5,35-40,94,741.9531
tanzania,6,40-45,94,820.0534
tanzania,7,45-50,94,1386.2773
tanzania,8,50-55,94,1317.9426
tanzania,9,55-60,94,1132.4585
tanzania,10,60-65,94,820.0562
tanzania,11,65-70,94,536.9415
tanzania,12,70-75,94,331.9275
tanzania,13,75-80,94,117.1508
tanzania,14,80-85,94,48.8127
tanzania,15,85+,94,48.8127
tanzania,0,0-15,95,0.0000
tanzania,1,15-20,95,0.0000
tanzania,2,20-25,95,9.7625
tanzania,3,25-30,95,136.6755
tanzania,4,30-35,95,234.3009
tanzania,5,35-40,95,741.9531
tanzania,6,40-45,95,820.0534
tanzania,7,45-50,95,1386.2773
tanzania,8,50-55,95,1317.9426
tanzania,9,55-60,95,1132.4585
tanzania,10,60-65,95,820.0562
tanzania,11,65-70,95,536.9415
tanzania,12,70-75,95,331.9275
tanzania,13,75-80,95,117.1508
tanzania,14,80-85,95,48.8127
tanzania,15,85+,95,48.8127
tanzania,0,0-15,96,0.0000
tanzania,1,15-20,96,0.0000
tanzania,2,20-25,96,9.7625
tanzania,3,25-30,96,136.6755
tanzania,4,30-35,96,234.3009
tanzania,5,35-40,96,741.9531
tanzania,6,40-45,96,820.0534
tanzania,7,45-50,96,1386.2773
tanzania,8,50-55,96,1317.9426
tanzania,9,55-60,96,1132.4585
tanzania,10,60-65,96,820.0562
tanzania,11,65-70,96,536.9415
tanzania,12,70-75,96,331.9275
tanzania,13,75-80,96,117.1508
tanzania,14,80-85,96,48.8127
tanzania,15,85+,96,48.8127
tanzania,0,0-15,97,0.0000
tanzania,1,15-20,97,0.0000
tanzania,2,20-25,97,0.0000
tanzania,3,25-30,97,126.9130
tanzania,4,30-35,97,273.3511
tanzania,5,35-40,97,634.5652
tanzania,6,40-45,97,1132.4537
tanzania,7,45-50,97,1493.6663
tanzania,8,50-55,97,1278.8932
tanzania,9,55-60,97,1191.0339
tanzania,10,60-65,97,781.0059
tanzania,11,65-70,97,605.2789
tanzania,12,70-75,97,214.7761
tanzania,13,75-80,97,58.5752
tanzania,14,80-85,97,39.0502
tanzania,15,85+,97,29.2876
tanzania,0,0-15,98,0.0000
tanzania,1,15-20,98,0.0000
tanzania,2,20-25,98,0.0000
tanzania,3,25-30,98,126.9130
tanzania,4,30-35,98,273.3511
tanzania,5,35-40,98,634.5652
tanzania,6,40-45,98,1132.4537
tanzania,7,45-50,98,1493.6663
tanzania,8,50-55,98,1278.8932
tanzania,9,55-60,98,1191.0339
tanzania,10,60-65,98,781.0059
tanzania,11,65-70,98,605.2789
tanzania,12,70-75,98,214.7761
tanzania,13,75-80,98,58.5752
tanzania,14,80-85,98,39.0502
tanzania,15,85+,98,29.2876
tanzania,0,0-15,99,0.0000
tanzania,1,15-20,99,0.0000
tanzania,2,20-25,99,0.0000
tanzania,3,25-30,99,126.9130
tanzania,4,30-35,99,273.3511
tanzania,5,35-40,99,634.5652
tanzania,6,40-45,99,1132.4537
tanzania,7,45-50,99,1493.6663
tanzania,8,50-55,99,1278.8932
tanzania,9,55-60,99,1191.0339
tanzania,10,60-65,99,781.0059
tanzania,11,65-70,99,605.2789
tanzania,12,70-75,99,214.7761
tanzania,13,75-80,99,58.5752
tanzania,14,80-85,99,39.0502
tanzania,15,85+,99,29.2876
togo,0,0-15,0,0.0000
togo,1,15-20,0,0.0000
togo,2,20-25,0,3.3168
togo,3,25-30,0,4.9752
togo,4,30-35,0,19.9006
togo,5,35-40,0,33.1677
togo,6,40-45,0,43.1180
togo,7,45-50,0,53.0683
togo,8,50-55,0,58.0435
togo,9,55-60,0,63.0187
togo,10,60-65,0,28.1926
togo,11,65-70,0,28.1926
togo,12,70-75,0,9.9503
togo,13,75-80,0,6.6335
togo,14,80-85,0,1.6584
togo,15,85+,0,0.0000
togo,0,0-15,1,0.0000
togo,1,15-20,1,0.0000
togo,2,20-25,1,3.3168
togo,3,25-30,1,4.9752
togo,4,30-35,1,19.9006
togo,5,35-40,1,33.1677
togo,6,40-45,1,43.1180
togo,7,45-50,1,53.0683
togo,8,50-55,1,58.0435
togo,9,55-60,1,63.0187
togo,10,60-65,1,28.1926
togo,11,65-70,1,28.1926
togo,12,70-75,1,9.9503
togo,13,75-80,1,6.6335
togo,14,80-85,1,1.6584
togo,15,85+,1,0.0000
togo,0,0-15,2,0.0000
togo,1,15-20,2,0.0000
togo,2,20-25,2,3.3168
togo,3,25-30,2,4.9752
togo,4,30-35,2,19.9006
togo,5,35-40,2,33.1677
togo,6,40-45,2,43.1180
togo,7,45-50,2,53.0683
togo,8,50-55,2,58.0435
togo,9,55-60,2,63.0187
togo,10,60-65,2,28.1926
togo,11,65-70,2,28.1926
togo,12,70-75,2,9.9503
togo,13,75-80,2,6.6335
togo,14,80-85,2,1.6584
togo,15,85+,2,0.0000
togo,0,0-15,3,0.0000
togo,1,15-20,3,0.0000
togo,2,20-25,3,3.3168
togo,3,25-30,3,4.9752
togo,4,30-35,3,19.9006
togo,5,35-40,3,33.1677
togo,6,40-45,3,43.1180
togo,7,45-50,3,53.0683
togo,8,50-55,3,58.0435
togo,9,55-60,3,63.0187
togo,10,60-65,3,28.1926
togo,11,65-70,3,28.1926
togo,12,70-75,3,9.9503
togo,13,75-80,3,6.6335
togo,14,80-85,3,1.6584
togo,15,85+,3,0.0000
togo,0,0-15,4,0.0000
togo,1,15-20,4,0.0000
togo,2,20-25,4,3.3168
togo,3,25-30,4,4.9752
togo,4,30-35,4,19.9006
togo,5,35-40,4,33.1677
togo,6,40-45,4,43.1180
togo,7,45-50,4,53.0683
togo,8,50-55,4,58.0435
togo,9,55-60,4,63.0187
togo,10,60-65,4,28.1926
togo,11,65-70,4,28.1926
togo,12,70-75,4,9.9503
togo,13,75-80,4,6.6335
togo,14,80-85,4,1.6584
togo,15,85+,4,0.0000
togo,0,0-15,5,0.0000
togo,1,15-20,5,0.0000
togo,2,20-25,5,3.3168
togo,3,25-30,5,4.9752
togo,4,30-35,5,19.9006
togo,5,35-40,5,33.1677
togo,6,40-45,5,43.1180
togo,7,45-50,5,53.0683
togo,8,50-55,5,58.0435
togo,9,55-60,5,63.0187
togo,10,60-65,5,28.1926
togo,11,65-70,5,28.1926
togo,12,70-75,5,9.9503
togo,13,75-80,5,6.6335
togo,14,80-85,5,1.6584
togo,15,85+,5,0.0000
togo,0,0-15,6,0.0000
togo,1,15-20,6,0.0000
togo,2,20-25,6,3.3168
togo,3,25-30,6,8.2919
togo,4,30-35,6,29.8509
togo,5,35-40,6,48.0932
togo,6,40-45,6,46.4348
togo,7,45-50,6,79.6025
togo,8,50-55,6,54.7267
togo,9,55-60,6,86.2361
togo,10,60-65,6,36.4845
togo,11,65-70,6,39.8013
togo,12,70-75,6,23.2174
togo,13,75-80,6,14.9255
togo,14,80-85,6,3.3168
togo,15,85+,6,4.9752
togo,0,0-15,7,0.0000
togo,1,15-20,7,0.0000
togo,2,20-25,7,1.6584
togo,3,25-30,7,8.2919
togo,4,30-35,7,23.2174
togo,5,35-40,7,31.5093
togo,6,40-45,7,54.7267
togo,7,45-50,7,59.7019
togo,8,50-55,7,69.6522
togo,9,55-60,7,58.0435
togo,10,60-65,7,43.1180
togo,11,65-70,7,19.9006
togo,12,70-75,7,13.2671
togo,13,75-80,7,6.6335
togo,14,80-85,7,1.6584
togo,15,85+,7,0.0000
togo,0,0-15,8,0.0000
togo,1,15-20,8,0.0000
togo,2,20-25,8,0.0000
togo,3,25-30,8,11.6087
togo,4,30-35,8,14.9255
togo,5,35-40,8,26.5342
togo,6,40-45,8,58.0435
togo,7,45-50,8,56.3851
togo,8,50-55,8,56.3851
togo,9,55-60,8,61.3603
togo,10,60-65,8,38.1429
togo,11,65-70,8,18.2422
togo,12,70-75,8,13.2671
togo,13,75-80,8,3.3168
togo,14,80-85,8,0.0000
togo,15,85+,8,0.0000
togo,0,0-15,9,0.0000
togo,1,15-20,9,0.0000
togo,2,20-25,9,0.0000
togo,3,25-30,9,11.6087
togo,4,30-35,9,14.9255
togo,5,35-40,9,26.5342
togo,6,40-45,9,58.0435
togo,7,45-50,9,56.3851
togo,8,50-55,9,56.3851
togo,9,55-60,9,61.3603
togo,10,60-65,9,38.1429
togo,11,65-70,9,18.2422
togo,12,70-75,9,13.2671
togo,13,75-80,9,3.3168
togo,14,80-85,9,0.0000
togo,15,85+,9,0.0000
togo,0,0-15,10,0.0000
togo,1,15-20,10,0.0000
togo,2,20-25,10,0.0000
togo,3,25-30,10,11.6087
togo,4,30-35,10,14.9255
togo,5,35-40,10,26.5342
togo,6,40-45,10,58.0435
togo,7,45-50,10,56.3851
togo,8,50-55,10,56.3851
togo,9,55-60,10,61.3603
togo,10,60-65,10,38.1429
togo,11,65-70,10,18.2422
togo,12,70-75,10,13.2671
togo,13,75-80,10,3.3168
togo,14,80-85,10,0.0000
togo,15,85+,10,0.0000
togo,0,0-15,11,0.0000
togo,1,15-20,11,0.0000
togo,2,20-25,11,0.0000
togo,3,25-30,11,11.6087
togo,4,30-35,11,14.9255
togo,5,35-40,11,26.5342
togo,6,40-45,11,58.0435
togo,7,45-50,11,56.3851
togo,8,50-55,11,56.3851
togo,9,55-60,11,61.3603
togo,10,60-65,11,38.1429
togo,11,65-70,11,18.2422
togo,12,70-75,11,13.2671
togo,13,75-80,11,3.3168
togo,14,80-85,11,0.0000
togo,15,85+,11,0.0000
togo,0,0-15,12,0.0000
togo,1,15-20,12,0.0000
togo,2,20-25,12,4.9752
togo,3,25-30,12,9.9503
togo,4,30-35,12,18.2422
togo,5,35-40,12,33.1677
togo,6,40-45,12,46.4348
togo,7,45-50,12,61.3603
togo,8,50-55,12,51.4100
togo,9,55-60,12,44.7764
togo,10,60-65,12,43.1180
togo,11,65-70,12,23.2174
togo,12,70-75,12,9.9503
togo,13,75-80,12,9.9503
togo,14,80-85,12,0.0000
togo,15,85+,12,0.0000
togo,0,0-15,13,0.0000
togo,1,15-20,13,0.0000
togo,2,20-25,13,1.6584
togo,3,25-30,13,11.6087
togo,4,30-35,13,24.8758
togo,5,35-40,13,46.4348
togo,6,40-45,13,48.0932
togo,7,45-50,13,58.0435
togo,8,50-55,13,63.0187
togo,9,55-60,13,51.4100
togo,10,60-65,13,39.8013
togo,11,65-70,13,21.5590
togo,12,70-75,13,19.9006
togo,13,75-80,13,3.3168
togo,14,80-85,13,3.3168
togo,15,85+,13,0.0000
togo,0,0-15,14,0.0000
togo,1,15-20,14,0.0000
togo,2,20-25,14,1.6584
togo,3,25-30,14,6.6335
togo,4,30-35,14,26.5342
togo,5,35-40,14,26.5342
togo,6,40-45,14,51.4099
togo,7,45-50,14,72.9690
togo,8,50-55,14,58.0435
togo,9,55-60,14,36.4845
togo,10,60-65,14,43.1180
togo,11,65-70,14,26.5342
togo,12,70-75,14,16.5839
togo,13,75-80,14,9.9503
togo,14,80-85,14,0.0000
togo,15,85+,14,1.6584
togo,0,0-15,15,0.0000
togo,1,15-20,15,0.0000
togo,2,20-25,15,1.6584
togo,3,25-30,15,6.6335
togo,4,30-35,15,26.5342
togo,5,35-40,15,26.5342
togo,6,40-45,15,51.4099
togo,7,45-50,15,72.9690
togo,8,50-55,15,58.0435
togo,9,55-60,15,36.4845
togo,10,60-65,15,43.1180
togo,11,65-70,15,26.5342
togo,12,70-75,15,16.5839
togo,13,75-80,15,9.9503
togo,14,80-85,15,0.0000
togo,15,85+,15,1.6584
togo,0,0-15,16,0.0000
togo,1,15-20,16,0.0000
togo,2,20-25,16,1.6584
togo,3,25-30,16,6.6335
togo,4,30-35,16,26.5342
togo,5,35-40,16,26.5342
togo,6,40-45,16,51.4099
togo,7,45-50,16,72.9690
togo,8,50-55,16,58.0435
togo,9,55-60,16,36.4845
togo,10,60-65,16,43.1180
togo,11,65-70,16,26.5342
togo,12,70-75,16,16.5839
togo,13,75-80,16,9.9503
togo,14,80-85,16,0.0000
togo,15,85+,16,1.6584
togo,0,0-15,17,0.0000
togo,1,15-20,17,0.0000
togo,2,20-25,17,1.6584
togo,3,25-30,17,6.6335
togo,4,30-35,17,26.5342
togo,5,35-40,17,26.5342
togo,6,40-45,17,51.4099
togo,7,45-50,17,72.9690
togo,8,50-55,17,58.0435
togo,9,55-60,17,36.4845
togo,10,60-65,17,43.1180
togo,11,65-70,17,26.5342
togo,12,70-75,17,16.5839
togo,13,75-80,17,9.9503
togo,14,80-85,17,0.0000
togo,15,85+,17,1.6584
togo,0,0-15,18,0.0000
togo,1,15-20,18,0.0000
togo,2,20-25,18,1.6584
togo,3,25-30,18,6.6335
togo,4,30-35,18,26.5342
togo,5,35-40,18,26.5342
togo,6,40-45,18,51.4099
togo,7,45-50,18,72.9690
togo,8,50-55,18,58.0435
togo,9,55-60,18,36.4845
togo,10,60-65,18,43.1180
togo,11,65-70,18,26.5342
togo,12,70-75,18,16.5839
togo,13,75-80,18,9.9503
togo,14,80-85,18,0.0000
togo,15,85+,18,1.6584
togo,0,0-15,19,0.0000
togo,1,15-20,19,0.0000
togo,2,20-25,19,1.6584
togo,3,25-30,19,6.6335
togo,4,30-35,19,26.5342
togo,5,35-40,19,26.5342
togo,6,40-45,19,51.4099
togo,7,45-50,19,72.9690
togo,8,50-55,19,58.0435
togo,9,55-60,19,36.4845
togo,10,60-65,19,43.1180
togo,11,65-70,19,26.5342
togo,12,70-75,19,16.5839
togo,13,75-80,19,9.9503
togo,14,80-85,19,0.0000
togo,15,85+,19,1.6584
togo,0,0-15,20,0.0000
togo,1,15-20,20,0.0000
togo,2,20-25,20,1.6584
togo,3,25-30,20,6.6335
togo,4,30-35,20,26.5342
togo,5,35-40,20,26.5342
togo,6,40-45,20,51.4099
togo,7,45-50,20,72.9690
togo,8,50-55,20,58.0435
togo,9,55-60,20,36.4845
togo,10,60-65,20,43.1180
togo,11,65-70,20,26.5342
togo,12,70-75,20,16.5839
togo,13,75-80,20,9.9503
togo,14,80-85,20,0.0000
togo,15,85+,20,1.6584
togo,0,0-15,21,0.0000
togo,1,15-20,21,0.0000
togo,2,20-25,21,1.6584
togo,3,25-30,21,6.6335
togo,4,30-35,21,26.5342
togo,5,35-40,21,26.5342
togo,6,40-45,21,51.4099
togo,7,45-50,21,72.9690
togo,8,50-55,21,58.0435
togo,9,55-60,21,36.4845
togo,10,60-65,21,43.1180
togo,11,65-70,21,26.5342
togo,12,70-75,21,16.5839
togo,13,75-80,21,9.9503
togo,14,80-85,21,0.0000
togo,15,85+,21,1.6584
togo,0,0-15,22,0.0000
togo,1,15-20,22,0.0000
togo,2,20-25,22,1.6584
togo,3,25-30,22,6.6335
togo,4,30-35,22,26.5342
togo,5,35-40,22,26.5342
togo,6,40-45,22,51.4099
togo,7,45-50,22,72.9690
togo,8,50-55,22,58.0435
togo,9,55-60,22,36.4845
togo,10,60-65,22,43.1180
togo,11,65-70,22,26.5342
togo,12,70-75,22,16.5839
togo,13,75-80,22,9.9503
togo,14,80-85,22,0.0000
togo,15,85+,22,1.6584
togo,0,0-15,23,0.0000
togo,1,15-20,23,0.0000
togo,2,20-25,23,1.6584
togo,3,25-30,23,6.6335
togo,4,30-35,23,26.5342
togo,5,35-40,23,26.5342
togo,6,40-45,23,51.4099
togo,7,45-50,23,72.9690
togo,8,50-55,23,58.0435
togo,9,55-60,23,36.4845
togo,10,60-65,23,43.1180
togo,11,65-70,23,26.5342
togo,12,70-75,23,16.5839
togo,13,75-80,23,9.9503
togo,14,80-85,23,0.0000
togo,15,85+,23,1.6584
togo,0,0-15,24,0.0000
togo,1,15-20,24,0.0000
togo,2,20-25,24,1.6584
togo,3,25-30,24,6.6335
togo,4,30-35,24,26.5342
togo,5,35-40,24,26.5342
togo,6,40-45,24,51.4099
togo,7,45-50,24,72.9690
togo,8,50-55,24,58.0435
togo,9,55-60,24,36.4845
togo,10,60-65,24,43.1180
togo,11,65-70,24,26.5342
togo,12,70-75,24,16.5839
togo,13,75-80,24,9.9503
togo,14,80-85,24,0.0000
togo,15,85+,24,1.6584
togo,0,0-15,25,0.0000
togo,1,15-20,25,0.0000
togo,2,20-25,25,1.6584
togo,3,25-30,25,6.6335
togo,4,30-35,25,26.5342
togo,5,35-40,25,26.5342
togo,6,40-45,25,51.4099
togo,7,45-50,25,72.9690
togo,8,50-55,25,58.0435
togo,9,55-60,25,36.4845
togo,10,60-65,25,43.1180
togo,11,65-70,25,26.5342
togo,12,70-75,25,16.5839
togo,13,75-80,25,9.9503
togo,14,80-85,25,0.0000
togo,15,85+,25,1.6584
togo,0,0-15,26,0.0000
togo,1,15-20,26,0.0000
togo,2,20-25,26,1.6584
togo,3,25-30,26,6.6335
togo,4,30-35,26,26.5342
togo,5,35-40,26,26.5342
togo,6,40-45,26,51.4099
togo,7,45-50,26,72.9690
togo,8,50-55,26,58.0435
togo,9,55-60,26,36.4845
togo,10,60-65,26,43.1180
togo,11,65-70,26,26.5342
togo,12,70-75,26,16.5839
togo,13,75-80,26,9.9503
togo,14,80-85,26,0.0000
togo,15,85+,26,1.6584
togo,0,0-15,27,0.0000
togo,1,15-20,27,0.0000
togo,2,20-25,27,1.6584
togo,3,25-30,27,6.6335
togo,4,30-35,27,26.5342
togo,5,35-40,27,26.5342
togo,6,40-45,27,51.4099
togo,7,45-50,27,72.9690
togo,8,50-55,27,58.0435
togo,9,55-60,27,36.4845
togo,10,60-65,27,43.1180
togo,11,65-70,27,26.5342
togo,12,70-75,27,16.5839
togo,13,75-80,27,9.9503
togo,14,80-85,27,0.0000
togo,15,85+,27,1.6584
togo,0,0-15,28,0.0000
togo,1,15-20,28,0.0000
togo,2,20-25,28,1.6584
togo,3,25-30,28,6.6335
togo,4,30-35,28,26.5342
togo,5,35-40,28,26.5342
togo,6,40-45,28,51.4099
togo,7,45-50,28,72.9690
togo,8,50-55,28,58.0435
togo,9,55-60,28,36.4845
togo,10,60-65,28,43.1180
togo,11,65-70,28,26.5342
togo,12,70-75,28,16.5839
togo,13,75-80,28,9.9503
togo,14,80-85,28,0.0000
togo,15,85+,28,1.6584
togo,0,0-15,29,0.0000
togo,1,15-20,29,0.0000
togo,2,20-25,29,1.6584
togo,3,25-30,29,6.6335
togo,4,30-35,29,26.5342
togo,5,35-40,29,26.5342
togo,6,40-45,29,51.4099
togo,7,45-50,29,72.9690
togo,8,50-55,29,58.0435
togo,9,55-60,29,36.4845
togo,10,60-65,29,43.1180
togo,11,65-70,29,26.5342
togo,12,70-75,29,16.5839
togo,13,75-80,29,9.9503
togo,14,80-85,29,0.0000
togo,15,85+,29,1.6584
togo,0,0-15,30,0.0000
togo,1,15-20,30,0.0000
togo,2,20-25,30,1.6584
togo,3,25-30,30,6.6335
togo,4,30-35,30,26.5342
togo,5,35-40,30,26.5342
togo,6,40-45,30,51.4099
togo,7,45-50,30,72.9690
togo,8,50-55,30,58.0435
togo,9,55-60,30,36.4845
togo,10,60-65,30,43.1180
togo,11,65-70,30,26.5342
togo,12,70-75,30,16.5839
togo,13,75-80,30,9.9503
togo,14,80-85,30,0.0000
togo,15,85+,30,1.6584
togo,0,0-15,31,0.0000
togo,1,15-20,31,0.0000
togo,2,20-25,31,1.6584
togo,3,25-30,31,6.6335
togo,4,30-35,31,26.5342
togo,5,35-40,31,26.5342
togo,6,40-45,31,51.4099
togo,7,45-50,31,72.9690
togo,8,50-55,31,58.0435
togo,9,55-60,31,36.4845
togo,10,60-65,31,43.1180
togo,11,65-70,31,26.5342
togo,12,70-75,31,16.5839
togo,13,75-80,31,9.9503
togo,14,80-85,31,0.0000
togo,15,85+,31,1.6584
togo,0,0-15,32,0.0000
togo,1,15-20,32,0.0000
togo,2,20-25,32,1.6584
togo,3,25-30,32,6.6335
togo,4,30-35,32,26.5342
togo,5,35-40,32,26.5342
togo,6,40-45,32,51.4099
togo,7,45-50,32,72.9690
togo,8,50-55,32,58.0435
togo,9,55-60,32,36.4845
togo,10,60-65,32,43.1180
togo,11,65-70,32,26.5342
togo,12,70-75,32,16.5839
togo,13,75-80,32,9.9503
togo,14,80-85,32,0.0000
togo,15,85+,32,1.6584
togo,0,0-15,33,0.0000
togo,1,15-20,33,0.0000
togo,2,20-25,33,1.6584
togo,3,25-30,33,6.6335
togo,4,30-35,33,26.5342
togo,5,35-40,33,44.7764
togo,6,40-45,33,54.7267
togo,7,45-50,33,59.7019
togo,8,50-55,33,56.3851
togo,9,55-60,33,43.1180
togo,10,60-65,33,34.8261
togo,11,65-70,33,34.8261
togo,12,70-75,33,21.5590
togo,13,75-80,33,6.6335
togo,14,80-85,33,0.0000
togo,15,85+,33,0.0000
togo,0,0-15,34,0.0000
togo,1,15-20,34,0.0000
togo,2,20-25,34,1.6584
togo,3,25-30,34,6.6335
togo,4,30-35,34,26.5342
togo,5,35-40,34,44.7764
togo,6,40-45,34,54.7267
togo,7,45-50,34,59.7019
togo,8,50-55,34,56.3851
togo,9,55-60,34,43.1180
togo,10,60-65,34,34.8261
togo,11,65-70,34,34.8261
togo,12,70-75,34,21.5590
togo,13,75-80,34,6.6335
togo,14,80-85,34,0.0000
togo,15,85+,34,0.0000
togo,0,0-15,35,0.0000
togo,1,15-20,35,0.0000
togo,2,20-25,35,0.0000
togo,3,25-30,35,16.5839
togo,4,30-35,35,21.5590
togo,5,35-40,35,43.1180
togo,6,40-45,35,44.7764
togo,7,45-50,35,44.7764
togo,8,50-55,35,64.6771
togo,9,55-60,35,63.0187
togo,10,60-65,35,41.4597
togo,11,65-70,35,18.2422
togo,12,70-75,35,11.6087
togo,13,75-80,35,4.9752
togo,14,80-85,35,6.6335
togo,15,85+,35,0.0000
togo,0,0-15,36,0.0000
togo,1,15-20,36,0.0000
togo,2,20-25,36,8.2919
togo,3,25-30,36,16.5838
togo,4,30-35,36,21.5590
togo,5,35-40,36,29.8509
togo,6,40-45,36,48.0932
togo,7,45-50,36,53.0683
togo,8,50-55,36,51.4100
togo,9,55-60,36,61.3603
togo,10,60-65,36,33.1677
togo,11,65-70,36,18.2422
togo,12,70-75,36,16.5839
togo,13,75-80,36,3.3168
togo,14,80-85,36,1.6584
togo,15,85+,36,0.0000
togo,0,0-15,37,0.0000
togo,1,15-20,37,0.0000
togo,2,20-25,37,4.9752
togo,3,25-30,37,9.9503
togo,4,30-35,37,31.5093
togo,5,35-40,37,33.1677
togo,6,40-45,37,66.3354
togo,7,45-50,37,49.7516
togo,8,50-55,37,58.0435
togo,9,55-60,37,48.0932
togo,10,60-65,37,33.1677
togo,11,65-70,37,23.2174
togo,12,70-75,37,26.5342
togo,13,75-80,37,14.9255
togo,14,80-85,37,1.6584
togo,15,85+,37,0.0000
togo,0,0-15,38,0.0000
togo,1,15-20,38,0.0000
togo,2,20-25,38,6.6335
togo,3,25-30,38,3.3168
togo,4,30-35,38,23.2174
togo,5,35-40,38,44.7764
togo,6,40-45,38,66.3354
togo,7,45-50,38,59.7019
togo,8,50-55,38,59.7019
togo,9,55-60,38,58.0435
togo,10,60-65,38,36.4845
togo,11,65-70,38,14.9255
togo,12,70-75,38,24.8758
togo,13,75-80,38,6.6335
togo,14,80-85,38,0.0000
togo,15,85+,38,0.0000
togo,0,0-15,39,0.0000
togo,1,15-20,39,0.0000
togo,2,20-25,39,6.6335
togo,3,25-30,39,3.3168
togo,4,30-35,39,23.2174
togo,5,35-40,39,44.7764
togo,6,40-45,39,66.3354
togo,7,45-50,39,59.7019
togo,8,50-55,39,59.7019
togo,9,55-60,39,58.0435
togo,10,60-65,39,36.4845
togo,11,65-70,39,14.9255
togo,12,70-75,39,24.8758
togo,13,75-80,39,6.6335
togo,14,80-85,39,0.0000
togo,15,85+,39,0.0000
togo,0,0-15,40,0.0000
togo,1,15-20,40,0.0000
togo,2,20-25,40,6.6335
togo,3,25-30,40,3.3168
togo,4,30-35,40,23.2174
togo,5,35-40,40,44.7764
togo,6,40-45,40,66.3354
togo,7,45-50,40,59.7019
togo,8,50-55,40,59.7019
togo,9,55-60,40,58.0435
togo,10,60-65,40,36.4845
togo,11,65-70,40,14.9255
togo,12,70-75,40,24.8758
togo,13,75-80,40,6.6335
togo,14,80-85,40,0.0000
togo,15,85+,40,0.0000
togo,0,0-15,41,0.0000
togo,1,15-20,41,1.6584
togo,2,20-25,41,0.0000
togo,3,25-30,41,8.2919
togo,4,30-35,41,16.5839
togo,5,35-40,41,41.4596
togo,6,40-45,41,61.3602
togo,7,45-50,41,56.3851
togo,8,50-55,41,54.7267
togo,9,55-60,41,59.7019
togo,10,60-65,41,34.8261
togo,11,65-70,41,18.2422
togo,12,70-75,41,11.6087
togo,13,75-80,41,4.9752
togo,14,80-85,41,3.3168
togo,15,85+,41,0.0000
togo,0,0-15,42,0.0000
togo,1,15-20,42,1.6584
togo,2,20-25,42,0.0000
togo,3,25-30,42,8.2919
togo,4,30-35,42,16.5839
togo,5,35-40,42,41.4596
togo,6,40-45,42,61.3602
togo,7,45-50,42,56.3851
togo,8,50-55,42,54.7267
togo,9,55-60,42,59.7019
togo,10,60-65,42,34.8261
togo,11,65-70,42,18.2422
togo,12,70-75,42,11.6087
togo,13,75-80,42,4.9752
togo,14,80-85,42,3.3168
togo,15,85+,42,0.0000
togo,0,0-15,43,0.0000
togo,1,15-20,43,0.0000
togo,2,20-25,43,0.0000
togo,3,25-30,43,8.2919
togo,4,30-35,43,13.2671
togo,5,35-40,43,31.5093
togo,6,40-45,43,46.4348
togo,7,45-50,43,48.0932
togo,8,50-55,43,56.3851
togo,9,55-60,43,41.4597
togo,10,60-65,43,33.1677
togo,11,65-70,43,23.2174
togo,12,70-75,43,11.6087
togo,13,75-80,43,3.3168
togo,14,80-85,43,1.6584
togo,15,85+,43,0.0000
togo,0,0-15,44,0.0000
togo,1,15-20,44,0.0000
togo,2,20-25,44,0.0000
togo,3,25-30,44,8.2919
togo,4,30-35,44,13.2671
togo,5,35-40,44,31.5093
togo,6,40-45,44,46.4348
togo,7,45-50,44,48.0932
togo,8,50-55,44,56.3851
togo,9,55-60,44,41.4597
togo,10,60-65,44,33.1677
togo,11,65-70,44,23.2174
togo,12,70-75,44,11.6087
togo,13,75-80,44,3.3168
togo,14,80-85,44,1.6584
togo,15,85+,44,0.0000
togo,0,0-15,45,0.0000
togo,1,15-20,45,0.0000
togo,2,20-25,45,0.0000
togo,3,25-30,45,4.9752
togo,4,30-35,45,21.5590
togo,5,35-40,45,29.8509
togo,6,40-45,45,36.4845
togo,7,45-50,45,46.4348
togo,8,50-55,45,54.7267
togo,9,55-60,45,46.4348
togo,10,60-65,45,38.1429
togo,11,65-70,45,21.5590
togo,12,70-75,45,8.2919
togo,13,75-80,45,3.3168
togo,14,80-85,45,3.3168
togo,15,85+,45,1.6584
togo,0,0-15,46,0.0000
togo,1,15-20,46,0.0000
togo,2,20-25,46,0.0000
togo,3,25-30,46,14.9255
togo,4,30-35,46,9.9503
togo,5,35-40,46,39.8012
togo,6,40-45,46,41.4596
togo,7,45-50,46,46.4348
togo,8,50-55,46,31.5093
togo,9,55-60,46,54.7267
togo,10,60-65,46,33.1677
togo,11,65-70,46,36.4845
togo,12,70-75,46,16.5839
togo,13,75-80,46,6.6335
togo,14,80-85,46,3.3168
togo,15,85+,46,0.0000
togo,0,0-15,47,0.0000
togo,1,15-20,47,0.0000
togo,2,20-25,47,1.6584
togo,3,25-30,47,13.2671
togo,4,30-35,47,28.1925
togo,5,35-40,47,31.5093
togo,6,40-45,47,46.4348
togo,7,45-50,47,43.1180
togo,8,50-55,47,61.3603
togo,9,55-60,47,58.0435
togo,10,60-65,47,38.1429
togo,11,65-70,47,4.9752
togo,12,70-75,47,14.9255
togo,13,75-80,47,8.2919
togo,14,80-85,47,3.3168
togo,15,85+,47,1.6584
togo,0,0-15,48,0.0000
togo,1,15-20,48,0.0000
togo,2,20-25,48,0.0000
togo,3,25-30,48,6.6335
togo,4,30-35,48,24.8758
togo,5,35-40,48,49.7515
togo,6,40-45,48,44.7764
togo,7,45-50,48,67.9938
togo,8,50-55,48,48.0932
togo,9,55-60,48,66.3354
togo,10,60-65,48,34.8261
togo,11,65-70,48,21.5590
togo,12,70-75,48,18.2422
togo,13,75-80,48,4.9752
togo,14,80-85,48,1.6584
togo,15,85+,48,0.0000
togo,0,0-15,49,0.0000
togo,1,15-20,49,0.0000
togo,2,20-25,49,1.6584
togo,3,25-30,49,18.2422
togo,4,30-35,49,21.5590
togo,5,35-40,49,41.4596
togo,6,40-45,49,34.8261
togo,7,45-50,49,49.7516
togo,8,50-55,49,54.7267
togo,9,55-60,49,58.0435
togo,10,60-65,49,31.5093
togo,11,65-70,49,28.1926
togo,12,70-75,49,6.6335
togo,13,75-80,49,8.2919
togo,14,80-85,49,3.3168
togo,15,85+,49,1.6584
togo,0,0-15,50,0.0000
togo,1,15-20,50,0.0000
togo,2,20-25,50,0.0000
togo,3,25-30,50,4.9752
togo,4,30-35,50,18.2422
togo,5,35-40,50,26.5342
togo,6,40-45,50,36.4845
togo,7,45-50,50,51.4099
togo,8,50-55,50,46.4348
togo,9,55-60,50,48.0932
togo,10,60-65,50,44.7764
togo,11,65-70,50,16.5839
togo,12,70-75,50,8.2919
togo,13,75-80,50,3.3168
togo,14,80-85,50,0.0000
togo,15,85+,50,0.0000
togo,0,0-15,51,0.0000
togo,1,15-20,51,0.0000
togo,2,20-25,51,0.0000
togo,3,25-30,51,4.9752
togo,4,30-35,51,18.2422
togo,5,35-40,51,26.5342
togo,6,40-45,51,36.4845
togo,7,45-50,51,51.4099
togo,8,50-55,51,46.4348
togo,9,55-60,51,48.0932
togo,10,60-65,51,44.7764
togo,11,65-70,51,16.5839
togo,12,70-75,51,8.2919
togo,13,75-80,51,3.3168
togo,14,80-85,51,0.0000
togo,15,85+,51,0.0000
togo,0,0-15,52,0.0000
togo,1,15-20,52,0.0000
togo,2,20-25,52,3.3168
togo,3,25-30,52,4.9752
togo,4,30-35,52,14.9255
togo,5,35-40,52,24.8758
togo,6,40-45,52,46.4348
togo,7,45-50,52,66.3354
togo,8,50-55,52,51.4100
togo,9,55-60,52,46.4348
togo,10,60-65,52,26.5342
togo,11,65-70,52,26.5342
togo,12,70-75,52,4.9752
togo,13,75-80,52,4.9752
togo,14,80-85,52,3.3168
togo,15,85+,52,0.0000
togo,0,0-15,53,0.0000
togo,1,15-20,53,0.0000
togo,2,20-25,53,1.6584
togo,3,25-30,53,11.6087
togo,4,30-35,53,21.5590
togo,5,35-40,53,38.1429
togo,6,40-45,53,64.6770
togo,7,45-50,53,61.3603
togo,8,50-55,53,61.3603
togo,9,55-60,53,33.1677
togo,10,60-65,53,46.4348
togo,11,65-70,53,24.8758
togo,12,70-75,53,16.5839
togo,13,75-80,53,4.9752
togo,14,80-85,53,4.9752
togo,15,85+,53,0.0000
togo,0,0-15,54,0.0000
togo,1,15-20,54,0.0000
togo,2,20-25,54,0.0000
togo,3,25-30,54,6.6335
togo,4,30-35,54,14.9255
togo,5,35-40,54,34.8261
togo,6,40-45,54,58.0435
togo,7,45-50,54,56.3851
togo,8,50-55,54,41.4597
togo,9,55-60,54,39.8013
togo,10,60-65,54,39.8013
togo,11,65-70,54,11.6087
togo,12,70-75,54,29.8510
togo,13,75-80,54,1.6584
togo,14,80-85,54,6.6335
togo,15,85+,54,0.0000
togo,0,0-15,55,0.0000
togo,1,15-20,55,0.0000
togo,2,20-25,55,0.0000
togo,3,25-30,55,11.6087
togo,4,30-35,55,16.5839
togo,5,35-40,55,23.2174
togo,6,40-45,55,46.4348
togo,7,45-50,55,48.0932
togo,8,50-55,55,43.1180
togo,9,55-60,55,44.7764
togo,10,60-65,55,33.1677
togo,11,65-70,55,23.2174
togo,12,70-75,55,19.9006
togo,13,75-80,55,6.6335
togo,14,80-85,55,1.6584
togo,15,85+,55,0.0000
togo,0,0-15,56,0.0000
togo,1,15-20,56,0.0000
togo,2,20-25,56,1.6584
togo,3,25-30,56,3.3168
togo,4,30-35,56,19.9006
togo,5,35-40,56,19.9006
togo,6,40-45,56,33.1677
togo,7,45-50,56,41.4596
togo,8,50-55,56,54.7267
togo,9,55-60,56,61.3603
togo,10,60-65,56,24.8758
togo,11,65-70,56,14.9255
togo,12,70-75,56,19.9006
togo,13,75-80,56,6.6335
togo,14,80-85,56,1.6584
togo,15,85+,56,0.0000
togo,0,0-15,57,0.0000
togo,1,15-20,57,0.0000
togo,2,20-25,57,0.0000
togo,3,25-30,57,13.2671
togo,4,30-35,57,16.5839
togo,5,35-40,57,51.4099
togo,6,40-45,57,46.4348
togo,7,45-50,57,67.9938
togo,8,50-55,57,59.7019
togo,9,55-60,57,43.1180
togo,10,60-65,57,28.1926
togo,11,65-70,57,33.1677
togo,12,70-75,57,13.2671
togo,13,75-80,57,9.9503
togo,14,80-85,57,1.6584
togo,15,85+,57,0.0000
togo,0,0-15,58,0.0000
togo,1,15-20,58,0.0000
togo,2,20-25,58,1.6584
togo,3,25-30,58,18.2422
togo,4,30-35,58,29.8509
togo,5,35-40,58,61.3602
togo,6,40-45,58,49.7516
togo,7,45-50,58,53.0684
togo,8,50-55,58,61.3603
togo,9,55-60,58,46.4348
togo,10,60-65,58,41.4597
togo,11,65-70,58,26.5342
togo,12,70-75,58,21.5590
togo,13,75-80,58,9.9503
togo,14,80-85,58,0.0000
togo,15,85+,58,0.0000
togo,0,0-15,59,0.0000
togo,1,15-20,59,0.0000
togo,2,20-25,59,1.6584
togo,3,25-30,59,18.2422
togo,4,30-35,59,29.8509
togo,5,35-40,59,61.3602
togo,6,40-45,59,49.7516
togo,7,45-50,59,53.0684
togo,8,50-55,59,61.3603
togo,9,55-60,59,46.4348
togo,10,60-65,59,41.4597
togo,11,65-70,59,26.5342
togo,12,70-75,59,21.5590
togo,13,75-80,59,9.9503
togo,14,80-85,59,0.0000
togo,15,85+,59,0.0000
togo,0,0-15,60,0.0000
togo,1,15-20,60,0.0000
togo,2,20-25,60,1.6584
togo,3,25-30,60,4.9752
togo,4,30-35,60,16.5839
togo,5,35-40,60,39.8012
togo,6,40-45,60,58.0435
togo,7,45-50,60,67.9938
togo,8,50-55,60,82.9193
togo,9,55-60,60,44.7764
togo,10,60-65,60,58.0435
togo,11,65-70,60,19.9006
togo,12,70-75,60,6.6335
togo,13,75-80,60,1.6584
togo,14,80-85,60,4.9752
togo,15,85+,60,0.0000
togo,0,0-15,61,0.0000
togo,1,15-20,61,0.0000
togo,2,20-25,61,1.6584
togo,3,25-30,61,4.9752
togo,4,30-35,61,16.5839
togo,5,35-40,61,39.8012
togo,6,40-45,61,58.0435
togo,7,45-50,61,67.9938
togo,8,50-55,61,82.9193
togo,9,55-60,61,44.7764
togo,10,60-65,61,58.0435
togo,11,65-70,61,19.9006
togo,12,70-75,61,6.6335
togo,13,75-80,61,1.6584
togo,14,80-85,61,4.9752
togo,15,85+,61,0.0000
togo,0,0-15,62,0.0000
togo,1,15-20,62,0.0000
togo,2,20-25,62,1.6584
togo,3,25-30,62,4.9752
togo,4,30-35,62,16.5839
togo,5,35-40,62,39.8012
togo,6,40-45,62,58.0435
togo,7,45-50,62,67.9938
togo,8,50-55,62,82.9193
togo,9,55-60,62,44.7764
togo,10,60-65,62,58.0435
togo,11,65-70,62,19.9006
togo,12,70-75,62,6.6335
togo,13,75-80,62,1.6584
togo,14,80-85,62,4.9752
togo,15,85+,62,0.0000
togo,0,0-15,63,0.0000
togo,1,15-20,63,0.0000
togo,2,20-25,63,1.6584
togo,3,25-30,63,4.9752
togo,4,30-35,63,16.5839
togo,5,35-40,63,39.8012
togo,6,40-45,63,58.0435
togo,7,45-50,63,67.9938
togo,8,50-55,63,82.9193
togo,9,55-60,63,44.7764
togo,10,60-65,63,58.0435
togo,11,65-70,63,19.9006
togo,12,70-75,63,6.6335
togo,13,75-80,63,1.6584
togo,14,80-85,63,4.9752
togo,15,85+,63,0.0000
togo,0,0-15,64,0.0000
togo,1,15-20,64,0.0000
togo,2,20-25,64,3.3168
togo,3,25-30,64,13.2671
togo,4,30-35,64,23.2174
togo,5,35-40,64,51.4099
togo,6,40-45,64,41.4596
togo,7,45-50,64,39.8013
togo,8,50-55,64,63.0187
togo,9,55-60,64,41.4597
togo,10,60-65,64,36.4845
togo,11,65-70,64,21.5590
togo,12,70-75,64,24.8758
togo,13,75-80,64,9.9503
togo,14,80-85,64,0.0000
togo,15,85+,64,1.6584
togo,0,0-15,65,0.0000
togo,1,15-20,65,0.0000
togo,2,20-25,65,3.3168
togo,3,25-30,65,13.2671
togo,4,30-35,65,23.2174
togo,5,35-40,65,51.4099
togo,6,40-45,65,41.4596
togo,7,45-50,65,39.8013
togo,8,50-55,65,63.0187
togo,9,55-60,65,41.4597
togo,10,60-65,65,36.4845
togo,11,65-70,65,21.5590
togo,12,70-75,65,24.8758
togo,13,75-80,65,9.9503
togo,14,80-85,65,0.0000
togo,15,85+,65,1.6584
togo,0,0-15,66,0.0000
togo,1,15-20,66,0.0000
togo,2,20-25,66,3.3168
togo,3,25-30,66,13.2671
togo,4,30-35,66,23.2174
togo,5,35-40,66,51.4099
togo,6,40-45,66,41.4596
togo,7,45-50,66,39.8013
togo,8,50-55,66,63.0187
togo,9,55-60,66,41.4597
togo,10,60-65,66,36.4845
togo,11,65-70,66,21.5590
togo,12,70-75,66,24.8758
togo,13,75-80,66,9.9503
togo,14,80-85,66,0.0000
togo,15,85+,66,1.6584
togo,0,0-15,67,0.0000
togo,1,15-20,67,0.0000
togo,2,20-25,67,3.3168
togo,3,25-30,67,13.2671
togo,4,30-35,67,23.2174
togo,5,35-40,67,51.4099
togo,6,40-45,67,41.4596
togo,7,45-50,67,39.8013
togo,8,50-55,67,63.0187
togo,9,55-60,67,41.4597
togo,10,60-65,67,36.4845
togo,11,65-70,67,21.5590
togo,12,70-75,67,24.8758
togo,13,75-80,67,9.9503
togo,14,80-85,67,0.0000
togo,15,85+,67,1.6584
togo,0,0-15,68,0.0000
togo,1,15-20,68,0.0000
togo,2,20-25,68,3.3168
togo,3,25-30,68,13.2671
togo,4,30-35,68,23.2174
togo,5,35-40,68,51.4099
togo,6,40-45,68,41.4596
togo,7,45-50,68,39.8013
togo,8,50-55,68,63.0187
togo,9,55-60,68,41.4597
togo,10,60-65,68,36.4845
togo,11,65-70,68,21.5590
togo,12,70-75,68,24.8758
togo,13,75-80,68,9.9503
togo,14,80-85,68,0.0000
togo,15,85+,68,1.6584
togo,0,0-15,69,0.0000
togo,1,15-20,69,0.0000
togo,2,20-25,69,6.6335
togo,3,25-30,69,6.6335
togo,4,30-35,69,26.5342
togo,5,35-40,69,36.4845
togo,6,40-45,69,58.0435
togo,7,45-50,69,48.0932
togo,8,50-55,69,64.6771
togo,9,55-60,69,58.0435
togo,10,60-65,69,34.8261
togo,11,65-70,69,21.5590
togo,12,70-75,69,9.9503
togo,13,75-80,69,0.0000
togo,14,80-85,69,4.9752
togo,15,85+,69,0.0000
togo,0,0-15,70,0.0000
togo,1,15-20,70,0.0000
togo,2,20-25,70,1.6584
togo,3,25-30,70,8.2919
togo,4,30-35,70,13.2671
togo,5,35-40,70,33.1677
togo,6,40-45,70,64.6770
togo,7,45-50,70,49.7516
togo,8,50-55,70,43.1180
togo,9,55-60,70,43.1180
togo,10,60-65,70,38.1429
togo,11,65-70,70,21.5590
togo,12,70-75,70,24.8758
togo,13,75-80,70,3.3168
togo,14,80-85,70,0.0000
togo,15,85+,70,0.0000
togo,0,0-15,71,0.0000
togo,1,15-20,71,0.0000
togo,2,20-25,71,0.0000
togo,3,25-30,71,4.9752
togo,4,30-35,71,23.2174
togo,5,35-40,71,19.9006
togo,6,40-45,71,44.7764
togo,7,45-50,71,54.7267
togo,8,50-55,71,48.0932
togo,9,55-60,71,41.4597
togo,10,60-65,71,28.1926
togo,11,65-70,71,26.5342
togo,12,70-75,71,11.6087
togo,13,75-80,71,8.2919
togo,14,80-85,71,0.0000
togo,15,85+,71,0.0000
togo,0,0-15,72,0.0000
togo,1,15-20,72,0.0000
togo,2,20-25,72,0.0000
togo,3,25-30,72,3.3168
togo,4,30-35,72,18.2422
togo,5,35-40,72,29.8509
togo,6,40-45,72,28.1925
togo,7,45-50,72,44.7764
togo,8,50-55,72,46.4348
togo,9,55-60,72,43.1180
togo,10,60-65,72,33.1677
togo,11,65-70,72,23.2174
togo,12,70-75,72,19.9006
togo,13,75-80,72,6.6335
togo,14,80-85,72,1.6584
togo,15,85+,72,0.0000
togo,0,0-15,73,0.0000
togo,1,15-20,73,0.0000
togo,2,20-25,73,3.3168
togo,3,25-30,73,14.9255
togo,4,30-35,73,21.5590
togo,5,35-40,73,34.8261
togo,6,40-45,73,36.4845
togo,7,45-50,73,36.4845
togo,8,50-55,73,61.3603
togo,9,55-60,73,34.8261
togo,10,60-65,73,46.4348
togo,11,65-70,73,33.1677
togo,12,70-75,73,11.6087
togo,13,75-80,73,1.6584
togo,14,80-85,73,0.0000
togo,15,85+,73,0.0000
togo,0,0-15,74,0.0000
togo,1,15-20,74,0.0000
togo,2,20-25,74,0.0000
togo,3,25-30,74,8.2919
togo,4,30-35,74,21.5590
togo,5,35-40,74,44.7764
togo,6,40-45,74,72.9689
togo,7,45-50,74,64.6771
togo,8,50-55,74,66.3354
togo,9,55-60,74,44.7764
togo,10,60-65,74,38.1429
togo,11,65-70,74,34.8261
togo,12,70-75,74,16.5839
togo,13,75-80,74,6.6335
togo,14,80-85,74,0.0000
togo,15,85+,74,0.0000
togo,0,0-15,75,0.0000
togo,1,15-20,75,0.0000
togo,2,20-25,75,0.0000
togo,3,25-30,75,8.2919
togo,4,30-35,75,21.5590
togo,5,35-40,75,44.7764
togo,6,40-45,75,72.9689
togo,7,45-50,75,64.6771
togo,8,50-55,75,66.3354
togo,9,55-60,75,44.7764
togo,10,60-65,75,38.1429
togo,11,65-70,75,34.8261
togo,12,70-75,75,16.5839
togo,13,75-80,75,6.6335
togo,14,80-85,75,0.0000
togo,15,85+,75,0.0000
togo,0,0-15,76,0.0000
togo,1,15-20,76,0.0000
togo,2,20-25,76,1.6584
togo,3,25-30,76,4.9752
togo,4,30-35,76,31.5093
togo,5,35-40,76,54.7267
togo,6,40-45,76,43.1180
togo,7,45-50,76,51.4100
togo,8,50-55,76,66.3354
togo,9,55-60,76,53.0684
togo,10,60-65,76,38.1429
togo,11,65-70,76,18.2422
togo,12,70-75,76,13.2671
togo,13,75-80,76,1.6584
togo,14,80-85,76,3.3168
togo,15,85+,76,0.0000
togo,0,0-15,77,0.0000
togo,1,15-20,77,0.0000
togo,2,20-25,77,3.3168
togo,3,25-30,77,9.9503
togo,4,30-35,77,29.8509
togo,5,35-40,77,31.5093
togo,6,40-45,77,41.4596
togo,7,45-50,77,43.1180
togo,8,50-55,77,58.0435
togo,9,55-60,77,53.0684
togo,10,60-65,77,28.1926
togo,11,65-70,77,11.6087
togo,12,70-75,77,16.5839
togo,13,75-80,77,4.9752
togo,14,80-85,77,3.3168
togo,15,85+,77,0.0000
togo,0,0-15,78,0.0000
togo,1,15-20,78,0.0000
togo,2,20-25,78,3.3168
togo,3,25-30,78,14.9255
togo,4,30-35,78,21.5590
togo,5,35-40,78,34.8261
togo,6,40-45,78,43.1180
togo,7,45-50,78,48.0932
togo,8,50-55,78,34.8261
togo,9,55-60,78,41.4597
togo,10,60-65,78,38.1429
togo,11,65-70,78,33.1677
togo,12,70-75,78,9.9503
togo,13,75-80,78,6.6335
togo,14,80-85,78,3.3168
togo,15,85+,78,0.0000
togo,0,0-15,79,0.0000
togo,1,15-20,79,0.0000
togo,2,20-25,79,3.3168
togo,3,25-30,79,16.5839
togo,4,30-35,79,31.5093
togo,5,35-40,79,51.4099
togo,6,40-45,79,59.7019
togo,7,45-50,79,59.7019
togo,8,50-55,79,61.3603
togo,9,55-60,79,66.3354
togo,10,60-65,79,24.8758
togo,11,65-70,79,29.8510
togo,12,70-75,79,9.9503
togo,13,75-80,79,9.9503
togo,14,80-85,79,3.3168
togo,15,85+,79,0.0000
togo,0,0-15,80,0.0000
togo,1,15-20,80,0.0000
togo,2,20-25,80,3.3168
togo,3,25-30,80,4.9752
togo,4,30-35,80,14.9255
togo,5,35-40,80,29.8509
togo,6,40-45,80,56.3851
togo,7,45-50,80,41.4596
togo,8,50-55,80,41.4597
togo,9,55-60,80,41.4597
togo,10,60-65,80,24.8758
togo,11,65-70,80,29.8510
togo,12,70-75,80,19.9006
togo,13,75-80,80,6.6335
togo,14,80-85,80,3.3168
togo,15,85+,80,0.0000
togo,0,0-15,81,0.0000
togo,1,15-20,81,0.0000
togo,2,20-25,81,3.3168
togo,3,25-30,81,4.9752
togo,4,30-35,81,14.9255
togo,5,35-40,81,29.8509
togo,6,40-45,81,56.3851
togo,7,45-50,81,41.4596
togo,8,50-55,81,41.4597
togo,9,55-60,81,41.4597
togo,10,60-65,81,24.8758
togo,11,65-70,81,29.8510
togo,12,70-75,81,19.9006
togo,13,75-80,81,6.6335
togo,14,80-85,81,3.3168
togo,15,85+,81,0.0000
togo,0,0-15,82,0.0000
togo,1,15-20,82,0.0000
togo,2,20-25,82,3.3168
togo,3,25-30,82,4.9752
togo,4,30-35,82,14.9255
togo,5,35-40,82,29.8509
togo,6,40-45,82,56.3851
togo,7,45-50,82,41.4596
togo,8,50-55,82,41.4597
togo,9,55-60,82,41.4597
togo,10,60-65,82,24.8758
togo,11,65-70,82,29.8510
togo,12,70-75,82,19.9006
togo,13,75-80,82,6.6335
togo,14,80-85,82,3.3168
togo,15,85+,82,0.0000
togo,0,0-15,83,0.0000
togo,1,15-20,83,0.0000
togo,2,20-25,83,1.6584
togo,3,25-30,83,13.2671
togo,4,30-35,83,24.8758
togo,5,35-40,83,21.5590
togo,6,40-45,83,34.8261
togo,7,45-50,83,56.3851
togo,8,50-55,83,58.0435
togo,9,55-60,83,39.8013
togo,10,60-65,83,24.8758
togo,11,65-70,83,28.1926
togo,12,70-75,83,14.9255
togo,13,75-80,83,0.0000
togo,14,80-85,83,3.3168
togo,15,85+,83,1.6584
togo,0,0-15,84,0.0000
togo,1,15-20,84,0.0000
togo,2,20-25,84,6.6335
togo,3,25-30,84,13.2671
togo,4,30-35,84,33.1677
togo,5,35-40,84,46.4348
togo,6,40-45,84,43.1180
togo,7,45-50,84,67.9938
togo,8,50-55,84,63.0187
togo,9,55-60,84,59.7019
togo,10,60-65,84,29.8510
togo,11,65-70,84,21.5590
togo,12,70-75,84,13.2671
togo,13,75-80,84,3.3168
togo,14,80-85,84,3.3168
togo,15,85+,84,0.0000
togo,0,0-15,85,0.0000
togo,1,15-20,85,0.0000
togo,2,20-25,85,1.6584
togo,3,25-30,85,19.9006
togo,4,30-35,85,19.9006
togo,5,35-40,85,33.1677
togo,6,40-45,85,53.0683
togo,7,45-50,85,56.3851
togo,8,50-55,85,44.7764
togo,9,55-60,85,46.4348
togo,10,60-65,85,31.5093
togo,11,65-70,85,21.5590
togo,12,70-75,85,11.6087
togo,13,75-80,85,8.2919
togo,14,80-85,85,3.3168
togo,15,85+,85,1.6584
togo,0,0-15,86,0.0000
togo,1,15-20,86,0.0000
togo,2,20-25,86,3.3168
togo,3,25-30,86,6.6335
togo,4,30-35,86,23.2174
togo,5,35-40,86,38.1429
togo,6,40-45,86,67.9938
togo,7,45-50,86,71.3106
togo,8,50-55,86,74.6274
togo,9,55-60,86,59.7019
togo,10,60-65,86,36.4845
togo,11,65-70,86,16.5839
togo,12,70-75,86,16.5839
togo,13,75-80,86,9.9503
togo,14,80-85,86,0.0000
togo,15,85+,86,0.0000
togo,0,0-15,87,0.0000
togo,1,15-20,87,1.6584
togo,2,20-25,87,1.6584
togo,3,25-30,87,4.9752
togo,4,30-35,87,21.5590
togo,5,35-40,87,49.7515
togo,6,40-45,87,59.7019
togo,7,45-50,87,63.0187
togo,8,50-55,87,51.4100
togo,9,55-60,87,59.7019
togo,10,60-65,87,31.5093
togo,11,65-70,87,21.5590
togo,12,70-75,87,11.6087
togo,13,75-80,87,8.2919
togo,14,80-85,87,0.0000
togo,15,85+,87,0.0000
togo,0,0-15,88,0.0000
togo,1,15-20,88,0.0000
togo,2,20-25,88,3.3168
togo,3,25-30,88,16.5838
togo,4,30-35,88,21.5590
togo,5,35-40,88,43.1180
togo,6,40-45,88,49.7515
togo,7,45-50,88,49.7516
togo,8,50-55,88,59.7019
togo,9,55-60,88,46.4348
togo,10,60-65,88,26.5342
togo,11,65-70,88,26.5342
togo,12,70-75,88,8.2919
togo,13,75-80,88,4.9752
togo,14,80-85,88,4.9752
togo,15,85+,88,0.0000
togo,0,0-15,89,0.0000
togo,1,15-20,89,0.0000
togo,2,20-25,89,0.0000
togo,3,25-30,89,6.6335
togo,4,30-35,89,11.6087
togo,5,35-40,89,34.8261
togo,6,40-45,89,64.6770
togo,7,45-50,89,54.7267
togo,8,50-55,89,39.8013
togo,9,55-60,89,44.7764
togo,10,60-65,89,39.8013
togo,11,65-70,89,18.2422
togo,12,70-75,89,13.2671
togo,13,75-80,89,8.2919
togo,14,80-85,89,0.0000
togo,15,85+,89,0.0000
togo,0,0-15,90,0.0000
togo,1,15-20,90,0.0000
togo,2,20-25,90,0.0000
togo,3,25-30,90,6.6335
togo,4,30-35,90,11.6087
togo,5,35-40,90,34.8261
togo,6,40-45,90,64.6770
togo,7,45-50,90,54.7267
togo,8,50-55,90,39.8013
togo,9,55-60,90,44.7764
togo,10,60-65,90,39.8013
togo,11,65-70,90,18.2422
togo,12,70-75,90,13.2671
togo,13,75-80,90,8.2919
togo,14,80-85,90,0.0000
togo,15,85+,90,0.0000
togo,0,0-15,91,0.0000
togo,1,15-20,91,0.0000
togo,2,20-25,91,0.0000
togo,3,25-30,91,6.6335
togo,4,30-35,91,11.6087
togo,5,35-40,91,34.8261
togo,6,40-45,91,64.6770
togo,7,45-50,91,54.7267
togo,8,50-55,91,39.8013
togo,9,55-60,91,44.7764
togo,10,60-65,91,39.8013
togo,11,65-70,91,18.2422
togo,12,70-75,91,13.2671
togo,13,75-80,91,8.2919
togo,14,80-85,91,0.0000
togo,15,85+,91,0.0000
togo,0,0-15,92,0.0000
togo,1,15-20,92,0.0000
togo,2,20-25,92,0.0000
togo,3,25-30,92,6.6335
togo,4,30-35,92,11.6087
togo,5,35-40,92,34.8261
togo,6,40-45,92,64.6770
togo,7,45-50,92,54.7267
togo,8,50-55,92,39.8013
togo,9,55-60,92,44.7764
togo,10,60-65,92,39.8013
togo,11,65-70,92,18.2422
togo,12,70-75,92,13.2671
togo,13,75-80,92,8.2919
togo,14,80-85,92,0.0000
togo,15,85+,92,0.0000
togo,0,0-15,93,0.0000
togo,1,15-20,93,0.0000
togo,2,20-25,93,0.0000
togo,3,25-30,93,16.5839
togo,4,30-35,93,28.1925
togo,5,35-40,93,44.7764
togo,6,40-45,93,51.4099
togo,7,45-50,93,61.3603
togo,8,50-55,93,59.7019
togo,9,55-60,93,51.4100
togo,10,60-65,93,28.1926
togo,11,65-70,93,26.5342
togo,12,70-75,93,14.9255
togo,13,75-80,93,4.9752
togo,14,80-85,93,0.0000
togo,15,85+,93,0.0000
togo,0,0-15,94,0.0000
togo,1,15-20,94,0.0000
togo,2,20-25,94,0.0000
togo,3,25-30,94,16.5839
togo,4,30-35,94,28.1925
togo,5,35-40,94,44.7764
togo,6,40-45,94,51.4099
togo,7,45-50,94,61.3603
togo,8,50-55,94,59.7019
togo,9,55-60,94,51.4100
togo,10,60-65,94,28.1926
togo,11,65-70,94,26.5342
togo,12,70-75,94,14.9255
togo,13,75-80,94,4.9752
togo,14,80-85,94,0.0000
togo,15,85+,94,0.0000
togo,0,0-15,95,0.0000
togo,1,15-20,95,0.0000
togo,2,20-25,95,0.0000
togo,3,25-30,95,16.5839
togo,4,30-35,95,28.1925
togo,5,35-40,95,44.7764
togo,6,40-45,95,51.4099
togo,7,45-50,95,61.3603
togo,8,50-55,95,59.7019
togo,9,55-60,95,51.4100
togo,10,60-65,95,28.1926
togo,11,65-70,95,26.5342
togo,12,70-75,95,14.9255
togo,13,75-80,95,4.9752
togo,14,80-85,95,0.0000
togo,15,85+,95,0.0000
togo,0,0-15,96,0.0000
togo,1,15-20,96,0.0000
togo,2,20-25,96,0.0000
togo,3,25-30,96,16.5839
togo,4,30-35,96,28.1925
togo,5,35-40,96,44.7764
togo,6,40-45,96,51.4099
togo,7,45-50,96,61.3603
togo,8,50-55,96,59.7019
togo,9,55-60,96,51.4100
togo,10,60-65,96,28.1926
togo,11,65-70,96,26.5342
togo,12,70-75,96,14.9255
togo,13,75-80,96,4.9752
togo,14,80-85,96,0.0000
togo,15,85+,96,0.0000
togo,0,0-15,97,0.0000
togo,1,15-20,97,0.0000
togo,2,20-25,97,0.0000
togo,3,25-30,97,16.5839
togo,4,30-35,97,28.1925
togo,5,35-40,97,44.7764
togo,6,40-45,97,51.4099
togo,7,45-50,97,61.3603
togo,8,50-55,97,59.7019
togo,9,55-60,97,51.4100
togo,10,60-65,97,28.1926
togo,11,65-70,97,26.5342
togo,12,70-75,97,14.9255
togo,13,75-80,97,4.9752
togo,14,80-85,97,0.0000
togo,15,85+,97,0.0000
togo,0,0-15,98,0.0000
togo,1,15-20,98,0.0000
togo,2,20-25,98,0.0000
togo,3,25-30,98,16.5839
togo,4,30-35,98,28.1925
togo,5,35-40,98,44.7764
togo,6,40-45,98,51.4099
togo,7,45-50,98,61.3603
togo,8,50-55,98,59.7019
togo,9,55-60,98,51.4100
togo,10,60-65,98,28.1926
togo,11,65-70,98,26.5342
togo,12,70-75,98,14.9255
togo,13,75-80,98,4.9752
togo,14,80-85,98,0.0000
togo,15,85+,98,0.0000
togo,0,0-15,99,0.0000
togo,1,15-20,99,0.0000
togo,2,20-25,99,0.0000
togo,3,25-30,99,16.5839
togo,4,30-35,99,28.1925
togo,5,35-40,99,44.7764
togo,6,40-45,99,51.4099
togo,7,45-50,99,61.3603
togo,8,50-55,99,59.7019
togo,9,55-60,99,51.4100
togo,10,60-65,99,28.1926
togo,11,65-70,99,26.5342
togo,12,70-75,99,14.9255
togo,13,75-80,99,4.9752
togo,14,80-85,99,0.0000
togo,15,85+,99,0.0000
zambia,0,0-15,0,0.0000
zambia,1,15-20,0,0.0000
zambia,2,20-25,0,18.6271
zambia,3,25-30,0,108.6578
zambia,4,30-35,0,226.6292
zambia,5,35-40,0,338.3913
zambia,6,40-45,0,397.3774
zambia,7,45-50,0,397.3788
zambia,8,50-55,0,341.4975
zambia,9,55-60,0,260.7786
zambia,10,60-65,0,130.3891
zambia,11,65-70,0,111.7620
zambia,12,70-75,0,31.0451
zambia,13,75-80,0,12.4180
zambia,14,80-85,0,6.2090
zambia,15,85+,0,6.2090
zambia,0,0-15,1,0.0000
zambia,1,15-20,1,3.1045
zambia,2,20-25,1,24.8361
zambia,3,25-30,1,130.3894
zambia,4,30-35,1,270.0922
zambia,5,35-40,1,332.1823
zambia,6,40-45,1,419.1094
zambia,7,45-50,1,409.7969
zambia,8,50-55,1,350.8103
zambia,9,55-60,1,235.9427
zambia,10,60-65,1,161.4342
zambia,11,65-70,1,96.2393
zambia,12,70-75,1,31.0449
zambia,13,75-80,1,37.2539
zambia,14,80-85,1,6.2090
zambia,15,85+,1,6.2090
zambia,0,0-15,2,0.0000
zambia,1,15-20,2,3.1045
zambia,2,20-25,2,24.8361
zambia,3,25-30,2,130.3894
zambia,4,30-35,2,270.0922
zambia,5,35-40,2,332.1823
zambia,6,40-45,2,419.1094
zambia,7,45-50,2,409.7969
zambia,8,50-55,2,350.8103
zambia,9,55-60,2,235.9427
zambia,10,60-65,2,161.4342
zambia,11,65-70,2,96.2393
zambia,12,70-75,2,31.0449
zambia,13,75-80,2,37.2539
zambia,14,80-85,2,6.2090
zambia,15,85+,2,6.2090
zambia,0,0-15,3,0.0000
zambia,1,15-20,3,9.3135
zambia,2,20-25,3,21.7316
zambia,3,25-30,3,127.2849
zambia,4,30-35,3,192.4796
zambia,5,35-40,3,338.3913
zambia,6,40-45,3,378.7502
zambia,7,45-50,3,416.0060
zambia,8,50-55,3,375.6472
zambia,9,55-60,3,301.1376
zambia,10,60-65,3,127.2842
zambia,11,65-70,3,83.8213
zambia,12,70-75,3,49.6719
zambia,13,75-80,3,12.4180
zambia,14,80-85,3,0.0000
zambia,15,85+,3,0.0000
zambia,0,0-15,4,0.0000
zambia,1,15-20,4,9.3135
zambia,2,20-25,4,18.6271
zambia,3,25-30,4,130.3894
zambia,4,30-35,4,208.0021
zambia,5,35-40,4,329.0778
zambia,6,40-45,4,397.3775
zambia,7,45-50,4,316.6611
zambia,8,50-55,4,357.0201
zambia,9,55-60,4,239.0479
zambia,10,60-65,4,127.2845
zambia,11,65-70,4,127.2845
zambia,12,70-75,4,65.1944
zambia,13,75-80,4,18.6270
zambia,14,80-85,4,15.5225
zambia,15,85+,4,0.0000
zambia,0,0-15,5,0.0000
zambia,1,15-20,5,9.3135
zambia,2,20-25,5,18.6271
zambia,3,25-30,5,130.3894
zambia,4,30-35,5,208.0021
zambia,5,35-40,5,329.0778
zambia,6,40-45,5,397.3775
zambia,7,45-50,5,316.6611
zambia,8,50-55,5,357.0201
zambia,9,55-60,5,239.0479
zambia,10,60-65,5,127.2845
zambia,11,65-70,5,127.2845
zambia,12,70-75,5,65.1944
zambia,13,75-80,5,18.6270
zambia,14,80-85,5,15.5225
zambia,15,85+,5,0.0000
zambia,0,0-15,6,0.0000
zambia,1,15-20,6,9.3135
zambia,2,20-25,6,18.6271
zambia,3,25-30,6,130.3894
zambia,4,30-35,6,208.0021
zambia,5,35-40,6,329.0778
zambia,6,40-45,6,397.3775
zambia,7,45-50,6,316.6611
zambia,8,50-55,6,357.0201
zambia,9,55-60,6,239.0479
zambia,10,60-65,6,127.2845
zambia,11,65-70,6,127.2845
zambia,12,70-75,6,65.1944
zambia,13,75-80,6,18.6270
zambia,14,80-85,6,15.5225
zambia,15,85+,6,0.0000
zambia,0,0-15,7,0.0000
zambia,1,15-20,7,6.2090
zambia,2,20-25,7,34.1496
zambia,3,25-30,7,114.8669
zambia,4,30-35,7,198.6886
zambia,5,35-40,7,347.7048
zambia,6,40-45,7,375.6457
zambia,7,45-50,7,332.1839
zambia,8,50-55,7,357.0201
zambia,9,55-60,7,232.8387
zambia,10,60-65,7,183.1661
zambia,11,65-70,7,114.8662
zambia,12,70-75,7,43.4629
zambia,13,75-80,7,27.9404
zambia,14,80-85,7,9.3135
zambia,15,85+,7,0.0000
zambia,0,0-15,8,0.0000
zambia,1,15-20,8,6.2090
zambia,2,20-25,8,34.1496
zambia,3,25-30,8,114.8669
zambia,4,30-35,8,198.6886
zambia,5,35-40,8,347.7048
zambia,6,40-45,8,375.6457
zambia,7,45-50,8,332.1839
zambia,8,50-55,8,357.0201
zambia,9,55-60,8,232.8387
zambia,10,60-65,8,183.1661
zambia,11,65-70,8,114.8662
zambia,12,70-75,8,43.4629
zambia,13,75-80,8,27.9404
zambia,14,80-85,8,9.3135
zambia,15,85+,8,0.0000
zambia,0,0-15,9,0.0000
zambia,1,15-20,9,6.2090
zambia,2,20-25,9,34.1496
zambia,3,25-30,9,114.8669
zambia,4,30-35,9,198.6886
zambia,5,35-40,9,347.7048
zambia,6,40-45,9,375.6457
zambia,7,45-50,9,332.1839
zambia,8,50-55,9,357.0201
zambia,9,55-60,9,232.8387
zambia,10,60-65,9,183.1661
zambia,11,65-70,9,114.8662
zambia,12,70-75,9,43.4629
zambia,13,75-80,9,27.9404
zambia,14,80-85,9,9.3135
zambia,15,85+,9,0.0000
zambia,0,0-15,10,0.0000
zambia,1,15-20,10,9.3135
zambia,2,20-25,10,31.0451
zambia,3,25-30,10,111.7624
zambia,4,30-35,10,257.6742
zambia,5,35-40,10,332.1823
zambia,6,40-45,10,316.6601
zambia,7,45-50,10,375.6471
zambia,8,50-55,10,357.0199
zambia,9,55-60,10,201.7934
zambia,10,60-65,10,158.3301
zambia,11,65-70,10,121.0756
zambia,12,70-75,10,62.0898
zambia,13,75-80,10,24.8359
zambia,14,80-85,10,9.3135
zambia,15,85+,10,9.3135
zambia,0,0-15,11,0.0000
zambia,1,15-20,11,0.0000
zambia,2,20-25,11,34.1496
zambia,3,25-30,11,167.6435
zambia,4,30-35,11,239.0472
zambia,5,35-40,11,366.3319
zambia,6,40-45,11,363.2281
zambia,7,45-50,11,416.0060
zambia,8,50-55,11,357.0199
zambia,9,55-60,11,232.8379
zambia,10,60-65,11,201.7922
zambia,11,65-70,11,55.8809
zambia,12,70-75,11,52.7764
zambia,13,75-80,11,21.7314
zambia,14,80-85,11,3.1045
zambia,15,85+,11,0.0000
zambia,0,0-15,12,0.0000
zambia,1,15-20,12,0.0000
zambia,2,20-25,12,12.4180
zambia,3,25-30,12,124.1804
zambia,4,30-35,12,254.5697
zambia,5,35-40,12,322.8688
zambia,6,40-45,12,391.1689
zambia,7,45-50,12,384.9604
zambia,8,50-55,12,276.3020
zambia,9,55-60,12,211.1068
zambia,10,60-65,12,164.5388
zambia,11,65-70,12,121.0753
zambia,12,70-75,12,52.7765
zambia,13,75-80,12,12.4180
zambia,14,80-85,12,9.3135
zambia,15,85+,12,0.0000
zambia,0,0-15,13,0.0000
zambia,1,15-20,13,0.0000
zambia,2,20-25,13,21.7316
zambia,3,25-30,13,105.5533
zambia,4,30-35,13,235.9427
zambia,5,35-40,13,294.9282
zambia,6,40-45,13,388.0637
zambia,7,45-50,13,394.2743
zambia,8,50-55,13,322.8700
zambia,9,55-60,13,254.5703
zambia,10,60-65,13,167.6432
zambia,11,65-70,13,68.2990
zambia,12,70-75,13,27.9406
zambia,13,75-80,13,15.5225
zambia,14,80-85,13,3.1045
zambia,15,85+,13,6.2090
zambia,0,0-15,14,0.0000
zambia,1,15-20,14,0.0000
zambia,2,20-25,14,21.7316
zambia,3,25-30,14,105.5533
zambia,4,30-35,14,235.9427
zambia,5,35-40,14,294.9282
zambia,6,40-45,14,388.0637
zambia,7,45-50,14,394.2743
zambia,8,50-55,14,322.8700
zambia,9,55-60,14,254.5703
zambia,10,60-65,14,167.6432
zambia,11,65-70,14,68.2990
zambia,12,70-75,14,27.9406
zambia,13,75-80,14,15.5225
zambia,14,80-85,14,3.1045
zambia,15,85+,14,6.2090
zambia,0,0-15,15,0.0000
zambia,1,15-20,15,0.0000
zambia,2,20-25,15,31.0451
zambia,3,25-30,15,127.2849
zambia,4,30-35,15,226.6292
zambia,5,35-40,15,313.5553
zambia,6,40-45,15,369.4367
zambia,7,45-50,15,375.6472
zambia,8,50-55,15,332.1839
zambia,9,55-60,15,226.6299
zambia,10,60-65,15,173.8521
zambia,11,65-70,15,80.7169
zambia,12,70-75,15,24.8359
zambia,13,75-80,15,12.4180
zambia,14,80-85,15,9.3135
zambia,15,85+,15,3.1045
zambia,0,0-15,16,0.0000
zambia,1,15-20,16,0.0000
zambia,2,20-25,16,31.0451
zambia,3,25-30,16,127.2849
zambia,4,30-35,16,226.6292
zambia,5,35-40,16,313.5553
zambia,6,40-45,16,369.4367
zambia,7,45-50,16,375.6472
zambia,8,50-55,16,332.1839
zambia,9,55-60,16,226.6299
zambia,10,60-65,16,173.8521
zambia,11,65-70,16,80.7169
zambia,12,70-75,16,24.8359
zambia,13,75-80,16,12.4180
zambia,14,80-85,16,9.3135
zambia,15,85+,16,3.1045
zambia,0,0-15,17,0.0000
zambia,1,15-20,17,3.1045
zambia,2,20-25,17,31.0451
zambia,3,25-30,17,99.3443
zambia,4,30-35,17,229.7337
zambia,5,35-40,17,341.4958
zambia,6,40-45,17,366.3322
zambia,7,45-50,17,369.4381
zambia,8,50-55,17,313.5568
zambia,9,55-60,17,245.2571
zambia,10,60-65,17,149.0163
zambia,11,65-70,17,93.1348
zambia,12,70-75,17,52.7764
zambia,13,75-80,17,9.3135
zambia,14,80-85,17,6.2090
zambia,15,85+,17,0.0000
zambia,0,0-15,18,0.0000
zambia,1,15-20,18,3.1045
zambia,2,20-25,18,31.0451
zambia,3,25-30,18,99.3443
zambia,4,30-35,18,229.7337
zambia,5,35-40,18,341.4958
zambia,6,40-45,18,366.3322
zambia,7,45-50,18,369.4381
zambia,8,50-55,18,313.5568
zambia,9,55-60,18,245.2571
zambia,10,60-65,18,149.0163
zambia,11,65-70,18,93.1348
zambia,12,70-75,18,52.7764
zambia,13,75-80,18,9.3135
zambia,14,80-85,18,6.2090
zambia,15,85+,18,0.0000
zambia,0,0-15,19,0.0000
zambia,1,15-20,19,3.1045
zambia,2,20-25,19,31.0451
zambia,3,25-30,19,99.3443
zambia,4,30-35,19,229.7337
zambia,5,35-40,19,341.4958
zambia,6,40-45,19,366.3322
zambia,7,45-50,19,369.4381
zambia,8,50-55,19,313.5568
zambia,9,55-60,19,245.2571
zambia,10,60-65,19,149.0163
zambia,11,65-70,19,93.1348
zambia,12,70-75,19,52.7764
zambia,13,75-80,19,9.3135
zambia,14,80-85,19,6.2090
zambia,15,85+,19,0.0000
zambia,0,0-15,20,0.0000
zambia,1,15-20,20,0.0000
zambia,2,20-25,20,31.0451
zambia,3,25-30,20,130.3894
zambia,4,30-35,20,257.6742
zambia,5,35-40,20,341.4958
zambia,6,40-45,20,372.5416
zambia,7,45-50,20,366.3336
zambia,8,50-55,20,273.1980
zambia,9,55-60,20,304.2423
zambia,10,60-65,20,139.7027
zambia,11,65-70,20,102.4483
zambia,12,70-75,20,55.8809
zambia,13,75-80,20,6.2090
zambia,14,80-85,20,0.0000
zambia,15,85+,20,0.0000
zambia,0,0-15,21,0.0000
zambia,1,15-20,21,3.1045
zambia,2,20-25,21,27.9406
zambia,3,25-30,21,149.0165
zambia,4,30-35,21,257.6742
zambia,5,35-40,21,335.2868
zambia,6,40-45,21,474.9908
zambia,7,45-50,21,403.5880
zambia,8,50-55,21,353.9153
zambia,9,55-60,21,204.8972
zambia,10,60-65,21,142.8066
zambia,11,65-70,21,93.1348
zambia,12,70-75,21,52.7764
zambia,13,75-80,21,12.4180
zambia,14,80-85,21,0.0000
zambia,15,85+,21,0.0000
zambia,0,0-15,22,0.0000
zambia,1,15-20,22,0.0000
zambia,2,20-25,22,21.7316
zambia,3,25-30,22,108.6579
zambia,4,30-35,22,229.7337
zambia,5,35-40,22,276.3012
zambia,6,40-45,22,453.2587
zambia,7,45-50,22,347.7063
zambia,8,50-55,22,254.5709
zambia,9,55-60,22,298.0340
zambia,10,60-65,22,161.4344
zambia,11,65-70,22,83.8213
zambia,12,70-75,22,49.6719
zambia,13,75-80,22,34.1494
zambia,14,80-85,22,6.2090
zambia,15,85+,22,6.2090
zambia,0,0-15,23,0.0000
zambia,1,15-20,23,0.0000
zambia,2,20-25,23,21.7316
zambia,3,25-30,23,108.6579
zambia,4,30-35,23,229.7337
zambia,5,35-40,23,276.3012
zambia,6,40-45,23,453.2587
zambia,7,45-50,23,347.7063
zambia,8,50-55,23,254.5709
zambia,9,55-60,23,298.0340
zambia,10,60-65,23,161.4344
zambia,11,65-70,23,83.8213
zambia,12,70-75,23,49.6719
zambia,13,75-80,23,34.1494
zambia,14,80-85,23,6.2090
zambia,15,85+,23,6.2090
zambia,0,0-15,24,0.0000
zambia,1,15-20,24,0.0000
zambia,2,20-25,24,34.1496
zambia,3,25-30,24,117.9714
zambia,4,30-35,24,235.9427
zambia,5,35-40,24,341.4958
zambia,6,40-45,24,403.5865
zambia,7,45-50,24,366.3337
zambia,8,50-55,24,273.1980
zambia,9,55-60,24,223.5251
zambia,10,60-65,24,149.0166
zambia,11,65-70,24,102.4483
zambia,12,70-75,24,43.4629
zambia,13,75-80,24,15.5225
zambia,14,80-85,24,6.2090
zambia,15,85+,24,0.0000
zambia,0,0-15,25,0.0000
zambia,1,15-20,25,0.0000
zambia,2,20-25,25,34.1496
zambia,3,25-30,25,108.6579
zambia,4,30-35,25,239.0472
zambia,5,35-40,25,378.7499
zambia,6,40-45,25,360.1234
zambia,7,45-50,25,391.1699
zambia,8,50-55,25,294.9292
zambia,9,55-60,25,270.0927
zambia,10,60-65,25,152.1211
zambia,11,65-70,25,74.5078
zambia,12,70-75,25,49.6719
zambia,13,75-80,25,21.7314
zambia,14,80-85,25,0.0000
zambia,15,85+,25,3.1045
zambia,0,0-15,26,0.0000
zambia,1,15-20,26,0.0000
zambia,2,20-25,26,34.1496
zambia,3,25-30,26,108.6579
zambia,4,30-35,26,235.9427
zambia,5,35-40,26,307.3462
zambia,6,40-45,26,307.3464
zambia,7,45-50,26,347.7062
zambia,8,50-55,26,304.2432
zambia,9,55-60,26,266.9886
zambia,10,60-65,26,155.2255
zambia,11,65-70,26,111.7622
zambia,12,70-75,26,77.6125
zambia,13,75-80,26,9.3135
zambia,14,80-85,26,9.3135
zambia,15,85+,26,3.1045
zambia,0,0-15,27,0.0000
zambia,1,15-20,27,0.0000
zambia,2,20-25,27,34.1496
zambia,3,25-30,27,108.6579
zambia,4,30-35,27,235.9427
zambia,5,35-40,27,307.3462
zambia,6,40-45,27,307.3464
zambia,7,45-50,27,347.7062
zambia,8,50-55,27,304.2432
zambia,9,55-60,27,266.9886
zambia,10,60-65,27,155.2255
zambia,11,65-70,27,111.7622
zambia,12,70-75,27,77.6125
zambia,13,75-80,27,9.3135
zambia,14,80-85,27,9.3135
zambia,15,85+,27,3.1045
zambia,0,0-15,28,0.0000
zambia,1,15-20,28,0.0000
zambia,2,20-25,28,34.1496
zambia,3,25-30,28,108.6579
zambia,4,30-35,28,235.9427
zambia,5,35-40,28,307.3462
zambia,6,40-45,28,307.3464
zambia,7,45-50,28,347.7062
zambia,8,50-55,28,304.2432
zambia,9,55-60,28,266.9886
zambia,10,60-65,28,155.2255
zambia,11,65-70,28,111.7622
zambia,12,70-75,28,77.6125
zambia,13,75-80,28,9.3135
zambia,14,80-85,28,9.3135
zambia,15,85+,28,3.1045
zambia,0,0-15,29,0.0000
zambia,1,15-20,29,0.0000
zambia,2,20-25,29,34.1496
zambia,3,25-30,29,108.6579
zambia,4,30-35,29,235.9427
zambia,5,35-40,29,307.3462
zambia,6,40-45,29,307.3464
zambia,7,45-50,29,347.7062
zambia,8,50-55,29,304.2432
zambia,9,55-60,29,266.9886
zambia,10,60-65,29,155.2255
zambia,11,65-70,29,111.7622
zambia,12,70-75,29,77.6125
zambia,13,75-80,29,9.3135
zambia,14,80-85,29,9.3135
zambia,15,85+,29,3.1045
zambia,0,0-15,30,0.0000
zambia,1,15-20,30,0.0000
zambia,2,20-25,30,34.1496
zambia,3,25-30,30,108.6579
zambia,4,30-35,30,235.9427
zambia,5,35-40,30,307.3462
zambia,6,40-45,30,307.3464
zambia,7,45-50,30,347.7062
zambia,8,50-55,30,304.2432
zambia,9,55-60,30,266.9886
zambia,10,60-65,30,155.2255
zambia,11,65-70,30,111.7622
zambia,12,70-75,30,77.6125
zambia,13,75-80,30,9.3135
zambia,14,80-85,30,9.3135
zambia,15,85+,30,3.1045
zambia,0,0-15,31,0.0000
zambia,1,15-20,31,0.0000
zambia,2,20-25,31,34.1496
zambia,3,25-30,31,108.6579
zambia,4,30-35,31,235.9427
zambia,5,35-40,31,307.3462
zambia,6,40-45,31,307.3464
zambia,7,45-50,31,347.7062
zambia,8,50-55,31,304.2432
zambia,9,55-60,31,266.9886
zambia,10,60-65,31,155.2255
zambia,11,65-70,31,111.7622
zambia,12,70-75,31,77.6125
zambia,13,75-80,31,9.3135
zambia,14,80-85,31,9.3135
zambia,15,85+,31,3.1045
zambia,0,0-15,32,0.0000
zambia,1,15-20,32,0.0000
zambia,2,20-25,32,34.1496
zambia,3,25-30,32,108.6579
zambia,4,30-35,32,235.9427
zambia,5,35-40,32,307.3462
zambia,6,40-45,32,307.3464
zambia,7,45-50,32,347.7062
zambia,8,50-55,32,304.2432
zambia,9,55-60,32,266.9886
zambia,10,60-65,32,155.2255
zambia,11,65-70,32,111.7622
zambia,12,70-75,32,77.6125
zambia,13,75-80,32,9.3135
zambia,14,80-85,32,9.3135
zambia,15,85+,32,3.1045
zambia,0,0-15,33,0.0000
zambia,1,15-20,33,6.2090
zambia,2,20-25,33,21.7316
zambia,3,25-30,33,96.2398
zambia,4,30-35,33,220.4201
zambia,5,35-40,33,332.1823
zambia,6,40-45,33,338.3917
zambia,7,45-50,33,347.7062
zambia,8,50-55,33,319.7658
zambia,9,55-60,33,217.3162
zambia,10,60-65,33,158.3304
zambia,11,65-70,33,108.6575
zambia,12,70-75,33,46.5675
zambia,13,75-80,33,24.8360
zambia,14,80-85,33,3.1045
zambia,15,85+,33,0.0000
zambia,0,0-15,34,0.0000
zambia,1,15-20,34,0.0000
zambia,2,20-25,34,27.9406
zambia,3,25-30,34,114.8669
zambia,4,30-35,34,245.2562
zambia,5,35-40,34,273.1967
zambia,6,40-45,34,375.6457
zambia,7,45-50,34,366.3334
zambia,8,50-55,34,291.8251
zambia,9,55-60,34,294.9286
zambia,10,60-65,34,142.8073
zambia,11,65-70,34,77.6125
zambia,12,70-75,34,49.6719
zambia,13,75-80,34,18.6270
zambia,14,80-85,34,6.2090
zambia,15,85+,34,3.1045
zambia,0,0-15,35,0.0000
zambia,1,15-20,35,0.0000
zambia,2,20-25,35,27.9406
zambia,3,25-30,35,114.8669
zambia,4,30-35,35,245.2562
zambia,5,35-40,35,273.1967
zambia,6,40-45,35,375.6457
zambia,7,45-50,35,366.3334
zambia,8,50-55,35,291.8251
zambia,9,55-60,35,294.9286
zambia,10,60-65,35,142.8073
zambia,11,65-70,35,77.6125
zambia,12,70-75,35,49.6719
zambia,13,75-80,35,18.6270
zambia,14,80-85,35,6.2090
zambia,15,85+,35,3.1045
zambia,0,0-15,36,0.0000
zambia,1,15-20,36,0.0000
zambia,2,20-25,36,27.9406
zambia,3,25-30,36,114.8669
zambia,4,30-35,36,245.2562
zambia,5,35-40,36,273.1967
zambia,6,40-45,36,375.6457
zambia,7,45-50,36,366.3334
zambia,8,50-55,36,291.8251
zambia,9,55-60,36,294.9286
zambia,10,60-65,36,142.8073
zambia,11,65-70,36,77.6125
zambia,12,70-75,36,49.6719
zambia,13,75-80,36,18.6270
zambia,14,80-85,36,6.2090
zambia,15,85+,36,3.1045
zambia,0,0-15,37,0.0000
zambia,1,15-20,37,0.0000
zambia,2,20-25,37,27.9406
zambia,3,25-30,37,114.8669
zambia,4,30-35,37,245.2562
zambia,5,35-40,37,273.1967
zambia,6,40-45,37,375.6457
zambia,7,45-50,37,366.3334
zambia,8,50-55,37,291.8251
zambia,9,55-60,37,294.9286
zambia,10,60-65,37,142.8073
zambia,11,65-70,37,77.6125
zambia,12,70-75,37,49.6719
zambia,13,75-80,37,18.6270
zambia,14,80-85,37,6.2090
zambia,15,85+,37,3.1045
zambia,0,0-15,38,0.0000
zambia,1,15-20,38,0.0000
zambia,2,20-25,38,24.8361
zambia,3,25-30,38,124.1804
zambia,4,30-35,38,229.7337
zambia,5,35-40,38,366.3319
zambia,6,40-45,38,384.9595
zambia,7,45-50,38,325.9749
zambia,8,50-55,38,285.6161
zambia,9,55-60,38,251.4659
zambia,10,60-65,38,164.5390
zambia,11,65-70,38,96.2393
zambia,12,70-75,38,40.3584
zambia,13,75-80,38,21.7314
zambia,14,80-85,38,9.3135
zambia,15,85+,38,0.0000
zambia,0,0-15,39,0.0000
zambia,1,15-20,39,0.0000
zambia,2,20-25,39,46.5677
zambia,3,25-30,39,167.6436
zambia,4,30-35,39,285.6147
zambia,5,35-40,39,372.5409
zambia,6,40-45,39,381.8556
zambia,7,45-50,39,381.8562
zambia,8,50-55,39,372.5421
zambia,9,55-60,39,242.1510
zambia,10,60-65,39,167.6430
zambia,11,65-70,39,74.5078
zambia,12,70-75,39,55.8809
zambia,13,75-80,39,12.4180
zambia,14,80-85,39,0.0000
zambia,15,85+,39,3.1045
zambia,0,0-15,40,0.0000
zambia,1,15-20,40,0.0000
zambia,2,20-25,40,46.5677
zambia,3,25-30,40,167.6436
zambia,4,30-35,40,285.6147
zambia,5,35-40,40,372.5409
zambia,6,40-45,40,381.8556
zambia,7,45-50,40,381.8562
zambia,8,50-55,40,372.5421
zambia,9,55-60,40,242.1510
zambia,10,60-65,40,167.6430
zambia,11,65-70,40,74.5078
zambia,12,70-75,40,55.8809
zambia,13,75-80,40,12.4180
zambia,14,80-85,40,0.0000
zambia,15,85+,40,3.1045
zambia,0,0-15,41,0.0000
zambia,1,15-20,41,0.0000
zambia,2,20-25,41,18.6271
zambia,3,25-30,41,152.1210
zambia,4,30-35,41,211.1066
zambia,5,35-40,41,347.7048
zambia,6,40-45,41,378.7504
zambia,7,45-50,41,412.9015
zambia,8,50-55,41,298.0342
zambia,9,55-60,41,239.0475
zambia,10,60-65,41,136.5983
zambia,11,65-70,41,80.7169
zambia,12,70-75,41,37.2539
zambia,13,75-80,41,18.6270
zambia,14,80-85,41,0.0000
zambia,15,85+,41,3.1045
zambia,0,0-15,42,0.0000
zambia,1,15-20,42,3.1045
zambia,2,20-25,42,31.0451
zambia,3,25-30,42,121.0759
zambia,4,30-35,42,214.2111
zambia,5,35-40,42,291.8237
zambia,6,40-45,42,397.3772
zambia,7,45-50,42,403.5879
zambia,8,50-55,42,319.7658
zambia,9,55-60,42,204.8980
zambia,10,60-65,42,108.6578
zambia,11,65-70,42,86.9259
zambia,12,70-75,42,49.6719
zambia,13,75-80,42,12.4180
zambia,14,80-85,42,15.5225
zambia,15,85+,42,0.0000
zambia,0,0-15,43,0.0000
zambia,1,15-20,43,3.1045
zambia,2,20-25,43,40.3586
zambia,3,25-30,43,121.0759
zambia,4,30-35,43,344.6004
zambia,5,35-40,43,350.8093
zambia,6,40-45,43,425.3188
zambia,7,45-50,43,353.9156
zambia,8,50-55,43,332.1838
zambia,9,55-60,43,257.6737
zambia,10,60-65,43,121.0752
zambia,11,65-70,43,105.5527
zambia,12,70-75,43,65.1943
zambia,13,75-80,43,18.6270
zambia,14,80-85,43,12.4180
zambia,15,85+,43,0.0000
zambia,0,0-15,44,0.0000
zambia,1,15-20,44,3.1045
zambia,2,20-25,44,40.3586
zambia,3,25-30,44,121.0759
zambia,4,30-35,44,344.6004
zambia,5,35-40,44,350.8093
zambia,6,40-45,44,425.3188
zambia,7,45-50,44,353.9156
zambia,8,50-55,44,332.1838
zambia,9,55-60,44,257.6737
zambia,10,60-65,44,121.0752
zambia,11,65-70,44,105.5527
zambia,12,70-75,44,65.1943
zambia,13,75-80,44,18.6270
zambia,14,80-85,44,12.4180
zambia,15,85+,44,0.0000
zambia,0,0-15,45,0.0000
zambia,1,15-20,45,3.1045
zambia,2,20-25,45,40.3586
zambia,3,25-30,45,121.0759
zambia,4,30-35,45,344.6004
zambia,5,35-40,45,350.8093
zambia,6,40-45,45,425.3188
zambia,7,45-50,45,353.9156
zambia,8,50-55,45,332.1838
zambia,9,55-60,45,257.6737
zambia,10,60-65,45,121.0752
zambia,11,65-70,45,105.5527
zambia,12,70-75,45,65.1943
zambia,13,75-80,45,18.6270
zambia,14,80-85,45,12.4180
zambia,15,85+,45,0.0000
zambia,0,0-15,46,0.0000
zambia,1,15-20,46,0.0000
zambia,2,20-25,46,15.5226
zambia,3,25-30,46,105.5533
zambia,4,30-35,46,220.4202
zambia,5,35-40,46,248.3606
zambia,6,40-45,46,350.8093
zambia,7,45-50,46,388.0650
zambia,8,50-55,46,322.8704
zambia,9,55-60,46,235.9437
zambia,10,60-65,46,145.9119
zambia,11,65-70,46,96.2398
zambia,12,70-75,46,49.6721
zambia,13,75-80,46,18.6270
zambia,14,80-85,46,3.1045
zambia,15,85+,46,6.2090
zambia,0,0-15,47,0.0000
zambia,1,15-20,47,0.0000
zambia,2,20-25,47,15.5226
zambia,3,25-30,47,105.5533
zambia,4,30-35,47,220.4202
zambia,5,35-40,47,248.3606
zambia,6,40-45,47,350.8093
zambia,7,45-50,47,388.0650
zambia,8,50-55,47,322.8704
zambia,9,55-60,47,235.9437
zambia,10,60-65,47,145.9119
zambia,11,65-70,47,96.2398
zambia,12,70-75,47,49.6721
zambia,13,75-80,47,18.6270
zambia,14,80-85,47,3.1045
zambia,15,85+,47,6.2090
zambia,0,0-15,48,0.0000
zambia,1,15-20,48,0.0000
zambia,2,20-25,48,15.5226
zambia,3,25-30,48,105.5533
zambia,4,30-35,48,220.4202
zambia,5,35-40,48,248.3606
zambia,6,40-45,48,350.8093
zambia,7,45-50,48,388.0650
zambia,8,50-55,48,322.8704
zambia,9,55-60,48,235.9437
zambia,10,60-65,48,145.9119
zambia,11,65-70,48,96.2398
zambia,12,70-75,48,49.6721
zambia,13,75-80,48,18.6270
zambia,14,80-85,48,3.1045
zambia,15,85+,48,6.2090
zambia,0,0-15,49,0.0000
zambia,1,15-20,49,0.0000
zambia,2,20-25,49,15.5226
zambia,3,25-30,49,105.5533
zambia,4,30-35,49,220.4202
zambia,5,35-40,49,248.3606
zambia,6,40-45,49,350.8093
zambia,7,45-50,49,388.0650
zambia,8,50-55,49,322.8704
zambia,9,55-60,49,235.9437
zambia,10,60-65,49,145.9119
zambia,11,65-70,49,96.2398
zambia,12,70-75,49,49.6721
zambia,13,75-80,49,18.6270
zambia,14,80-85,49,3.1045
zambia,15,85+,49,6.2090
zambia,0,0-15,50,0.0000
zambia,1,15-20,50,0.0000
zambia,2,20-25,50,15.5226
zambia,3,25-30,50,105.5533
zambia,4,30-35,50,220.4202
zambia,5,35-40,50,248.3606
zambia,6,40-45,50,350.8093
zambia,7,45-50,50,388.0650
zambia,8,50-55,50,322.8704
zambia,9,55-60,50,235.9437
zambia,10,60-65,50,145.9119
zambia,11,65-70,50,96.2398
zambia,12,70-75,50,49.6721
zambia,13,75-80,50,18.6270
zambia,14,80-85,50,3.1045
zambia,15,85+,50,6.2090
zambia,0,0-15,51,0.0000
zambia,1,15-20,51,0.0000
zambia,2,20-25,51,15.5226
zambia,3,25-30,51,105.5533
zambia,4,30-35,51,220.4202
zambia,5,35-40,51,248.3606
zambia,6,40-45,51,350.8093
zambia,7,45-50,51,388.0650
zambia,8,50-55,51,322.8704
zambia,9,55-60,51,235.9437
zambia,10,60-65,51,145.9119
zambia,11,65-70,51,96.2398
zambia,12,70-75,51,49.6721
zambia,13,75-80,51,18.6270
zambia,14,80-85,51,3.1045
zambia,15,85+,51,6.2090
zambia,0,0-15,52,0.0000
zambia,1,15-20,52,0.0000
zambia,2,20-25,52,15.5226
zambia,3,25-30,52,105.5533
zambia,4,30-35,52,220.4202
zambia,5,35-40,52,248.3606
zambia,6,40-45,52,350.8093
zambia,7,45-50,52,388.0650
zambia,8,50-55,52,322.8704
zambia,9,55-60,52,235.9437
zambia,10,60-65,52,145.9119
zambia,11,65-70,52,96.2398
zambia,12,70-75,52,49.6721
zambia,13,75-80,52,18.6270
zambia,14,80-85,52,3.1045
zambia,15,85+,52,6.2090
zambia,0,0-15,53,0.0000
zambia,1,15-20,53,0.0000
zambia,2,20-25,53,15.5226
zambia,3,25-30,53,105.5533
zambia,4,30-35,53,220.4202
zambia,5,35-40,53,248.3606
zambia,6,40-45,53,350.8093
zambia,7,45-50,53,388.0650
zambia,8,50-55,53,322.8704
zambia,9,55-60,53,235.9437
zambia,10,60-65,53,145.9119
zambia,11,65-70,53,96.2398
zambia,12,70-75,53,49.6721
zambia,13,75-80,53,18.6270
zambia,14,80-85,53,3.1045
zambia,15,85+,53,6.2090
zambia,0,0-15,54,0.0000
zambia,1,15-20,54,0.0000
zambia,2,20-25,54,15.5226
zambia,3,25-30,54,105.5533
zambia,4,30-35,54,220.4202
zambia,5,35-40,54,248.3606
zambia,6,40-45,54,350.8093
zambia,7,45-50,54,388.0650
zambia,8,50-55,54,322.8704
zambia,9,55-60,54,235.9437
zambia,10,60-65,54,145.9119
zambia,11,65-70,54,96.2398
zambia,12,70-75,54,49.6721
zambia,13,75-80,54,18.6270
zambia,14,80-85,54,3.1045
zambia,15,85+,54,6.2090
zambia,0,0-15,55,0.0000
zambia,1,15-20,55,0.0000
zambia,2,20-25,55,15.5226
zambia,3,25-30,55,105.5533
zambia,4,30-35,55,220.4202
zambia,5,35-40,55,248.3606
zambia,6,40-45,55,350.8093
zambia,7,45-50,55,388.0650
zambia,8,50-55,55,322.8704
zambia,9,55-60,55,235.9437
zambia,10,60-65,55,145.9119
zambia,11,65-70,55,96.2398
zambia,12,70-75,55,49.6721
zambia,13,75-80,55,18.6270
zambia,14,80-85,55,3.1045
zambia,15,85+,55,6.2090
zambia,0,0-15,56,0.0000
zambia,1,15-20,56,0.0000
zambia,2,20-25,56,15.5226
zambia,3,25-30,56,105.5533
zambia,4,30-35,56,220.4202
zambia,5,35-40,56,248.3606
zambia,6,40-45,56,350.8093
zambia,7,45-50,56,388.0650
zambia,8,50-55,56,322.8704
zambia,9,55-60,56,235.9437
zambia,10,60-65,56,145.9119
zambia,11,65-70,56,96.2398
zambia,12,70-75,56,49.6721
zambia,13,75-80,56,18.6270
zambia,14,80-85,56,3.1045
zambia,15,85+,56,6.2090
zambia,0,0-15,57,0.0000
zambia,1,15-20,57,0.0000
zambia,2,20-25,57,31.0451
zambia,3,25-30,57,102.4488
zambia,4,30-35,57,248.3607
zambia,5,35-40,57,341.4958
zambia,6,40-45,57,416.0046
zambia,7,45-50,57,375.6472
zambia,8,50-55,57,341.4975
zambia,9,55-60,57,217.3157
zambia,10,60-65,57,124.1801
zambia,11,65-70,57,62.0901
zambia,12,70-75,57,40.3584
zambia,13,75-80,57,3.1045
zambia,14,80-85,57,9.3135
zambia,15,85+,57,0.0000
zambia,0,0-15,58,0.0000
zambia,1,15-20,58,0.0000
zambia,2,20-25,58,31.0451
zambia,3,25-30,58,102.4488
zambia,4,30-35,58,248.3607
zambia,5,35-40,58,341.4958
zambia,6,40-45,58,416.0046
zambia,7,45-50,58,375.6472
zambia,8,50-55,58,341.4975
zambia,9,55-60,58,217.3157
zambia,10,60-65,58,124.1801
zambia,11,65-70,58,62.0901
zambia,12,70-75,58,40.3584
zambia,13,75-80,58,3.1045
zambia,14,80-85,58,9.3135
zambia,15,85+,58,0.0000
zambia,0,0-15,59,0.0000
zambia,1,15-20,59,0.0000
zambia,2,20-25,59,12.4180
zambia,3,25-30,59,102.4488
zambia,4,30-35,59,254.5698
zambia,5,35-40,59,347.7048
zambia,6,40-45,59,350.8096
zambia,7,45-50,59,400.4834
zambia,8,50-55,59,282.5116
zambia,9,55-60,59,279.4070
zambia,10,60-65,59,111.7620
zambia,11,65-70,59,83.8213
zambia,12,70-75,59,34.1494
zambia,13,75-80,59,9.3135
zambia,14,80-85,59,15.5225
zambia,15,85+,59,0.0000
zambia,0,0-15,60,0.0000
zambia,1,15-20,60,0.0000
zambia,2,20-25,60,12.4180
zambia,3,25-30,60,102.4488
zambia,4,30-35,60,254.5698
zambia,5,35-40,60,347.7048
zambia,6,40-45,60,350.8096
zambia,7,45-50,60,400.4834
zambia,8,50-55,60,282.5116
zambia,9,55-60,60,279.4070
zambia,10,60-65,60,111.7620
zambia,11,65-70,60,83.8213
zambia,12,70-75,60,34.1494
zambia,13,75-80,60,9.3135
zambia,14,80-85,60,15.5225
zambia,15,85+,60,0.0000
zambia,0,0-15,61,0.0000
zambia,1,15-20,61,0.0000
zambia,2,20-25,61,12.4180
zambia,3,25-30,61,102.4488
zambia,4,30-35,61,254.5698
zambia,5,35-40,61,347.7048
zambia,6,40-45,61,350.8096
zambia,7,45-50,61,400.4834
zambia,8,50-55,61,282.5116
zambia,9,55-60,61,279.4070
zambia,10,60-65,61,111.7620
zambia,11,65-70,61,83.8213
zambia,12,70-75,61,34.1494
zambia,13,75-80,61,9.3135
zambia,14,80-85,61,15.5225
zambia,15,85+,61,0.0000
zambia,0,0-15,62,0.0000
zambia,1,15-20,62,0.0000
zambia,2,20-25,62,12.4180
zambia,3,25-30,62,102.4488
zambia,4,30-35,62,254.5698
zambia,5,35-40,62,347.7048
zambia,6,40-45,62,350.8096
zambia,7,45-50,62,400.4834
zambia,8,50-55,62,282.5116
zambia,9,55-60,62,279.4070
zambia,10,60-65,62,111.7620
zambia,11,65-70,62,83.8213
zambia,12,70-75,62,34.1494
zambia,13,75-80,62,9.3135
zambia,14,80-85,62,15.5225
zambia,15,85+,62,0.0000
zambia,0,0-15,63,0.0000
zambia,1,15-20,63,0.0000
zambia,2,20-25,63,12.4180
zambia,3,25-30,63,102.4488
zambia,4,30-35,63,254.5698
zambia,5,35-40,63,347.7048
zambia,6,40-45,63,350.8096
zambia,7,45-50,63,400.4834
zambia,8,50-55,63,282.5116
zambia,9,55-60,63,279.4070
zambia,10,60-65,63,111.7620
zambia,11,65-70,63,83.8213
zambia,12,70-75,63,34.1494
zambia,13,75-80,63,9.3135
zambia,14,80-85,63,15.5225
zambia,15,85+,63,0.0000
zambia,0,0-15,64,0.0000
zambia,1,15-20,64,0.0000
zambia,2,20-25,64,12.4180
zambia,3,25-30,64,102.4488
zambia,4,30-35,64,254.5698
zambia,5,35-40,64,347.7048
zambia,6,40-45,64,350.8096
zambia,7,45-50,64,400.4834
zambia,8,50-55,64,282.5116
zambia,9,55-60,64,279.4070
zambia,10,60-65,64,111.7620
zambia,11,65-70,64,83.8213
zambia,12,70-75,64,34.1494
zambia,13,75-80,64,9.3135
zambia,14,80-85,64,15.5225
zambia,15,85+,64,0.0000
zambia,0,0-15,65,0.0000
zambia,1,15-20,65,0.0000
zambia,2,20-25,65,12.4180
zambia,3,25-30,65,102.4488
zambia,4,30-35,65,254.5698
zambia,5,35-40,65,347.7048
zambia,6,40-45,65,350.8096
zambia,7,45-50,65,400.4834
zambia,8,50-55,65,282.5116
zambia,9,55-60,65,279.4070
zambia,10,60-65,65,111.7620
zambia,11,65-70,65,83.8213
zambia,12,70-75,65,34.1494
zambia,13,75-80,65,9.3135
zambia,14,80-85,65,15.5225
zambia,15,85+,65,0.0000
zambia,0,0-15,66,0.0000
zambia,1,15-20,66,0.0000
zambia,2,20-25,66,12.4180
zambia,3,25-30,66,102.4488
zambia,4,30-35,66,254.5698
zambia,5,35-40,66,347.7048
zambia,6,40-45,66,350.8096
zambia,7,45-50,66,400.4834
zambia,8,50-55,66,282.5116
zambia,9,55-60,66,279.4070
zambia,10,60-65,66,111.7620
zambia,11,65-70,66,83.8213
zambia,12,70-75,66,34.1494
zambia,13,75-80,66,9.3135
zambia,14,80-85,66,15.5225
zambia,15,85+,66,0.0000
zambia,0,0-15,67,0.0000
zambia,1,15-20,67,0.0000
zambia,2,20-25,67,12.4180
zambia,3,25-30,67,102.4488
zambia,4,30-35,67,254.5698
zambia,5,35-40,67,347.7048
zambia,6,40-45,67,350.8096
zambia,7,45-50,67,400.4834
zambia,8,50-55,67,282.5116
zambia,9,55-60,67,279.4070
zambia,10,60-65,67,111.7620
zambia,11,65-70,67,83.8213
zambia,12,70-75,67,34.1494
zambia,13,75-80,67,9.3135
zambia,14,80-85,67,15.5225
zambia,15,85+,67,0.0000
zambia,0,0-15,68,0.0000
zambia,1,15-20,68,0.0000
zambia,2,20-25,68,12.4180
zambia,3,25-30,68,102.4488
zambia,4,30-35,68,254.5698
zambia,5,35-40,68,347.7048
zambia,6,40-45,68,350.8096
zambia,7,45-50,68,400.4834
zambia,8,50-55,68,282.5116
zambia,9,55-60,68,279.4070
zambia,10,60-65,68,111.7620
zambia,11,65-70,68,83.8213
zambia,12,70-75,68,34.1494
zambia,13,75-80,68,9.3135
zambia,14,80-85,68,15.5225
zambia,15,85+,68,0.0000
zambia,0,0-15,69,0.0000
zambia,1,15-20,69,0.0000
zambia,2,20-25,69,12.4180
zambia,3,25-30,69,102.4488
zambia,4,30-35,69,254.5698
zambia,5,35-40,69,347.7048
zambia,6,40-45,69,350.8096
zambia,7,45-50,69,400.4834
zambia,8,50-55,69,282.5116
zambia,9,55-60,69,279.4070
zambia,10,60-65,69,111.7620
zambia,11,65-70,69,83.8213
zambia,12,70-75,69,34.1494
zambia,13,75-80,69,9.3135
zambia,14,80-85,69,15.5225
zambia,15,85+,69,0.0000
zambia,0,0-15,70,0.0000
zambia,1,15-20,70,0.0000
zambia,2,20-25,70,12.4180
zambia,3,25-30,70,102.4488
zambia,4,30-35,70,254.5698
zambia,5,35-40,70,347.7048
zambia,6,40-45,70,350.8096
zambia,7,45-50,70,400.4834
zambia,8,50-55,70,282.5116
zambia,9,55-60,70,279.4070
zambia,10,60-65,70,111.7620
zambia,11,65-70,70,83.8213
zambia,12,70-75,70,34.1494
zambia,13,75-80,70,9.3135
zambia,14,80-85,70,15.5225
zambia,15,85+,70,0.0000
zambia,0,0-15,71,0.0000
zambia,1,15-20,71,0.0000
zambia,2,20-25,71,27.9406
zambia,3,25-30,71,130.3894
zambia,4,30-35,71,304.2418
zambia,5,35-40,71,332.1823
zambia,6,40-45,71,378.7507
zambia,7,45-50,71,403.5880
zambia,8,50-55,71,301.1387
zambia,9,55-60,71,235.9428
zambia,10,60-65,71,155.2249
zambia,11,65-70,71,71.4034
zambia,12,70-75,71,43.4629
zambia,13,75-80,71,6.2090
zambia,14,80-85,71,3.1045
zambia,15,85+,71,0.0000
zambia,0,0-15,72,0.0000
zambia,1,15-20,72,0.0000
zambia,2,20-25,72,27.9406
zambia,3,25-30,72,130.3894
zambia,4,30-35,72,304.2418
zambia,5,35-40,72,332.1823
zambia,6,40-45,72,378.7507
zambia,7,45-50,72,403.5880
zambia,8,50-55,72,301.1387
zambia,9,55-60,72,235.9428
zambia,10,60-65,72,155.2249
zambia,11,65-70,72,71.4034
zambia,12,70-75,72,43.4629
zambia,13,75-80,72,6.2090
zambia,14,80-85,72,3.1045
zambia,15,85+,72,0.0000
zambia,0,0-15,73,0.0000
zambia,1,15-20,73,0.0000
zambia,2,20-25,73,27.9406
zambia,3,25-30,73,130.3894
zambia,4,30-35,73,304.2418
zambia,5,35-40,73,332.1823
zambia,6,40-45,73,378.7507
zambia,7,45-50,73,403.5880
zambia,8,50-55,73,301.1387
zambia,9,55-60,73,235.9428
zambia,10,60-65,73,155.2249
zambia,11,65-70,73,71.4034
zambia,12,70-75,73,43.4629
zambia,13,75-80,73,6.2090
zambia,14,80-85,73,3.1045
zambia,15,85+,73,0.0000
zambia,0,0-15,74,0.0000
zambia,1,15-20,74,0.0000
zambia,2,20-25,74,27.9406
zambia,3,25-30,74,130.3894
zambia,4,30-35,74,304.2418
zambia,5,35-40,74,332.1823
zambia,6,40-45,74,378.7507
zambia,7,45-50,74,403.5880
zambia,8,50-55,74,301.1387
zambia,9,55-60,74,235.9428
zambia,10,60-65,74,155.2249
zambia,11,65-70,74,71.4034
zambia,12,70-75,74,43.4629
zambia,13,75-80,74,6.2090
zambia,14,80-85,74,3.1045
zambia,15,85+,74,0.0000
zambia,0,0-15,75,0.0000
zambia,1,15-20,75,0.0000
zambia,2,20-25,75,21.7316
zambia,3,25-30,75,108.6579
zambia,4,30-35,75,239.0472
zambia,5,35-40,75,310.4507
zambia,6,40-45,75,394.2729
zambia,7,45-50,75,360.1244
zambia,8,50-55,75,350.8109
zambia,9,55-60,75,201.7935
zambia,10,60-65,75,133.4940
zambia,11,65-70,75,71.4037
zambia,12,70-75,75,31.0450
zambia,13,75-80,75,15.5225
zambia,14,80-85,75,3.1045
zambia,15,85+,75,0.0000
zambia,0,0-15,76,0.0000
zambia,1,15-20,76,0.0000
zambia,2,20-25,76,37.2541
zambia,3,25-30,76,173.8526
zambia,4,30-35,76,248.3607
zambia,5,35-40,76,400.4815
zambia,6,40-45,76,456.3641
zambia,7,45-50,76,400.4834
zambia,8,50-55,76,338.3924
zambia,9,55-60,76,251.4644
zambia,10,60-65,76,161.4336
zambia,11,65-70,76,83.8213
zambia,12,70-75,76,24.8359
zambia,13,75-80,76,3.1045
zambia,14,80-85,76,9.3135
zambia,15,85+,76,3.1045
zambia,0,0-15,77,0.0000
zambia,1,15-20,77,3.1045
zambia,2,20-25,77,49.6722
zambia,3,25-30,77,152.1210
zambia,4,30-35,77,270.0922
zambia,5,35-40,77,344.6003
zambia,6,40-45,77,400.4825
zambia,7,45-50,77,360.1246
zambia,8,50-55,77,229.7347
zambia,9,55-60,77,211.1073
zambia,10,60-65,77,183.1655
zambia,11,65-70,77,158.3291
zambia,12,70-75,77,31.0449
zambia,13,75-80,77,21.7314
zambia,14,80-85,77,6.2090
zambia,15,85+,77,0.0000
zambia,0,0-15,78,0.0000
zambia,1,15-20,78,3.1045
zambia,2,20-25,78,49.6722
zambia,3,25-30,78,152.1210
zambia,4,30-35,78,270.0922
zambia,5,35-40,78,344.6003
zambia,6,40-45,78,400.4825
zambia,7,45-50,78,360.1246
zambia,8,50-55,78,229.7347
zambia,9,55-60,78,211.1073
zambia,10,60-65,78,183.1655
zambia,11,65-70,78,158.3291
zambia,12,70-75,78,31.0449
zambia,13,75-80,78,21.7314
zambia,14,80-85,78,6.2090
zambia,15,85+,78,0.0000
zambia,0,0-15,79,0.0000
zambia,1,15-20,79,0.0000
zambia,2,20-25,79,34.1496
zambia,3,25-30,79,164.5390
zambia,4,30-35,79,266.9877
zambia,5,35-40,79,419.1085
zambia,6,40-45,79,412.9008
zambia,7,45-50,79,419.1106
zambia,8,50-55,79,304.2427
zambia,9,55-60,79,260.7781
zambia,10,60-65,79,133.4932
zambia,11,65-70,79,83.8213
zambia,12,70-75,79,37.2539
zambia,13,75-80,79,31.0449
zambia,14,80-85,79,6.2090
zambia,15,85+,79,3.1045
zambia,0,0-15,80,0.0000
zambia,1,15-20,80,0.0000
zambia,2,20-25,80,15.5226
zambia,3,25-30,80,127.2849
zambia,4,30-35,80,273.1968
zambia,5,35-40,80,325.9733
zambia,6,40-45,80,381.8551
zambia,7,45-50,80,313.5567
zambia,8,50-55,80,319.7658
zambia,9,55-60,80,270.0928
zambia,10,60-65,80,136.5981
zambia,11,65-70,80,83.8214
zambia,12,70-75,80,27.9405
zambia,13,75-80,80,21.7314
zambia,14,80-85,80,3.1045
zambia,15,85+,80,0.0000
zambia,0,0-15,81,0.0000
zambia,1,15-20,81,0.0000
zambia,2,20-25,81,55.8812
zambia,3,25-30,81,142.8075
zambia,4,30-35,81,198.6885
zambia,5,35-40,81,353.9138
zambia,6,40-45,81,384.9597
zambia,7,45-50,81,378.7516
zambia,8,50-55,81,298.0336
zambia,9,55-60,81,198.6890
zambia,10,60-65,81,155.2255
zambia,11,65-70,81,111.7622
zambia,12,70-75,81,34.1494
zambia,13,75-80,81,27.9404
zambia,14,80-85,81,0.0000
zambia,15,85+,81,3.1045
zambia,0,0-15,82,0.0000
zambia,1,15-20,82,0.0000
zambia,2,20-25,82,55.8812
zambia,3,25-30,82,142.8075
zambia,4,30-35,82,198.6885
zambia,5,35-40,82,353.9138
zambia,6,40-45,82,384.9597
zambia,7,45-50,82,378.7516
zambia,8,50-55,82,298.0336
zambia,9,55-60,82,198.6890
zambia,10,60-65,82,155.2255
zambia,11,65-70,82,111.7622
zambia,12,70-75,82,34.1494
zambia,13,75-80,82,27.9404
zambia,14,80-85,82,0.0000
zambia,15,85+,82,3.1045
zambia,0,0-15,83,0.0000
zambia,1,15-20,83,0.0000
zambia,2,20-25,83,55.8812
zambia,3,25-30,83,142.8075
zambia,4,30-35,83,198.6885
zambia,5,35-40,83,353.9138
zambia,6,40-45,83,384.9597
zambia,7,45-50,83,378.7516
zambia,8,50-55,83,298.0336
zambia,9,55-60,83,198.6890
zambia,10,60-65,83,155.2255
zambia,11,65-70,83,111.7622
zambia,12,70-75,83,34.1494
zambia,13,75-80,83,27.9404
zambia,14,80-85,83,0.0000
zambia,15,85+,83,3.1045
zambia,0,0-15,84,0.0000
zambia,1,15-20,84,0.0000
zambia,2,20-25,84,27.9406
zambia,3,25-30,84,96.2398
zambia,4,30-35,84,235.9427
zambia,5,35-40,84,322.8688
zambia,6,40-45,84,375.6457
zambia,7,45-50,84,400.4833
zambia,8,50-55,84,257.6754
zambia,9,55-60,84,217.3166
zambia,10,60-65,84,136.5987
zambia,11,65-70,84,102.4483
zambia,12,70-75,84,37.2539
zambia,13,75-80,84,12.4180
zambia,14,80-85,84,9.3135
zambia,15,85+,84,0.0000
zambia,0,0-15,85,0.0000
zambia,1,15-20,85,0.0000
zambia,2,20-25,85,27.9406
zambia,3,25-30,85,96.2398
zambia,4,30-35,85,235.9427
zambia,5,35-40,85,322.8688
zambia,6,40-45,85,375.6457
zambia,7,45-50,85,400.4833
zambia,8,50-55,85,257.6754
zambia,9,55-60,85,217.3166
zambia,10,60-65,85,136.5987
zambia,11,65-70,85,102.4483
zambia,12,70-75,85,37.2539
zambia,13,75-80,85,12.4180
zambia,14,80-85,85,9.3135
zambia,15,85+,85,0.0000
zambia,0,0-15,86,0.0000
zambia,1,15-20,86,0.0000
zambia,2,20-25,86,27.9406
zambia,3,25-30,86,96.2398
zambia,4,30-35,86,235.9427
zambia,5,35-40,86,322.8688
zambia,6,40-45,86,375.6457
zambia,7,45-50,86,400.4833
zambia,8,50-55,86,257.6754
zambia,9,55-60,86,217.3166
zambia,10,60-65,86,136.5987
zambia,11,65-70,86,102.4483
zambia,12,70-75,86,37.2539
zambia,13,75-80,86,12.4180
zambia,14,80-85,86,9.3135
zambia,15,85+,86,0.0000
zambia,0,0-15,87,0.0000
zambia,1,15-20,87,0.0000
zambia,2,20-25,87,24.8361
zambia,3,25-30,87,149.0165
zambia,4,30-35,87,260.7787
zambia,5,35-40,87,394.2724
zambia,6,40-45,87,360.1237
zambia,7,45-50,87,412.9015
zambia,8,50-55,87,294.9296
zambia,9,55-60,87,229.7335
zambia,10,60-65,87,176.9565
zambia,11,65-70,87,86.9259
zambia,12,70-75,87,43.4629
zambia,13,75-80,87,15.5225
zambia,14,80-85,87,3.1045
zambia,15,85+,87,0.0000
zambia,0,0-15,88,0.0000
zambia,1,15-20,88,0.0000
zambia,2,20-25,88,24.8361
zambia,3,25-30,88,149.0165
zambia,4,30-35,88,260.7787
zambia,5,35-40,88,394.2724
zambia,6,40-45,88,360.1237
zambia,7,45-50,88,412.9015
zambia,8,50-55,88,294.9296
zambia,9,55-60,88,229.7335
zambia,10,60-65,88,176.9565
zambia,11,65-70,88,86.9259
zambia,12,70-75,88,43.4629
zambia,13,75-80,88,15.5225
zambia,14,80-85,88,3.1045
zambia,15,85+,88,0.0000
zambia,0,0-15,89,0.0000
zambia,1,15-20,89,0.0000
zambia,2,20-25,89,24.8361
zambia,3,25-30,89,149.0165
zambia,4,30-35,89,260.7787
zambia,5,35-40,89,394.2724
zambia,6,40-45,89,360.1237
zambia,7,45-50,89,412.9015
zambia,8,50-55,89,294.9296
zambia,9,55-60,89,229.7335
zambia,10,60-65,89,176.9565
zambia,11,65-70,89,86.9259
zambia,12,70-75,89,43.4629
zambia,13,75-80,89,15.5225
zambia,14,80-85,89,3.1045
zambia,15,85+,89,0.0000
zambia,0,0-15,90,0.0000
zambia,1,15-20,90,0.0000
zambia,2,20-25,90,24.8361
zambia,3,25-30,90,149.0165
zambia,4,30-35,90,260.7787
zambia,5,35-40,90,394.2724
zambia,6,40-45,90,360.1237
zambia,7,45-50,90,412.9015
zambia,8,50-55,90,294.9296
zambia,9,55-60,90,229.7335
zambia,10,60-65,90,176.9565
zambia,11,65-70,90,86.9259
zambia,12,70-75,90,43.4629
zambia,13,75-80,90,15.5225
zambia,14,80-85,90,3.1045
zambia,15,85+,90,0.0000
zambia,0,0-15,91,0.0000
zambia,1,15-20,91,6.2090
zambia,2,20-25,91,18.6271
zambia,3,25-30,91,124.1804
zambia,4,30-35,91,251.4652
zambia,5,35-40,91,350.8093
zambia,6,40-45,91,400.4823
zambia,7,45-50,91,372.5426
zambia,8,50-55,91,273.1980
zambia,9,55-60,91,235.9431
zambia,10,60-65,91,130.3890
zambia,11,65-70,91,74.5079
zambia,12,70-75,91,37.2540
zambia,13,75-80,91,15.5225
zambia,14,80-85,91,3.1045
zambia,15,85+,91,0.0000
zambia,0,0-15,92,0.0000
zambia,1,15-20,92,3.1045
zambia,2,20-25,92,24.8361
zambia,3,25-30,92,145.9120
zambia,4,30-35,92,232.8381
zambia,5,35-40,92,294.9282
zambia,6,40-45,92,409.7956
zambia,7,45-50,92,372.5426
zambia,8,50-55,92,263.8844
zambia,9,55-60,92,204.8980
zambia,10,60-65,92,170.7479
zambia,11,65-70,92,83.8215
zambia,12,70-75,92,40.3586
zambia,13,75-80,92,12.4180
zambia,14,80-85,92,6.2090
zambia,15,85+,92,0.0000
zambia,0,0-15,93,0.0000
zambia,1,15-20,93,3.1045
zambia,2,20-25,93,27.9406
zambia,3,25-30,93,114.8669
zambia,4,30-35,93,229.7337
zambia,5,35-40,93,341.4958
zambia,6,40-45,93,434.6317
zambia,7,45-50,93,316.6613
zambia,8,50-55,93,419.1106
zambia,9,55-60,93,214.2112
zambia,10,60-65,93,136.5980
zambia,11,65-70,93,74.5078
zambia,12,70-75,93,43.4629
zambia,13,75-80,93,3.1045
zambia,14,80-85,93,6.2090
zambia,15,85+,93,6.2090
zambia,0,0-15,94,0.0000
zambia,1,15-20,94,3.1045
zambia,2,20-25,94,15.5225
zambia,3,25-30,94,114.8669
zambia,4,30-35,94,214.2111
zambia,5,35-40,94,270.0921
zambia,6,40-45,94,381.8546
zambia,7,45-50,94,335.2882
zambia,8,50-55,94,298.0342
zambia,9,55-60,94,183.1668
zambia,10,60-65,94,152.1214
zambia,11,65-70,94,130.3895
zambia,12,70-75,94,34.1495
zambia,13,75-80,94,31.0450
zambia,14,80-85,94,6.2090
zambia,15,85+,94,3.1045
zambia,0,0-15,95,0.0000
zambia,1,15-20,95,3.1045
zambia,2,20-25,95,15.5225
zambia,3,25-30,95,114.8669
zambia,4,30-35,95,214.2111
zambia,5,35-40,95,270.0921
zambia,6,40-45,95,381.8546
zambia,7,45-50,95,335.2882
zambia,8,50-55,95,298.0342
zambia,9,55-60,95,183.1668
zambia,10,60-65,95,152.1214
zambia,11,65-70,95,130.3895
zambia,12,70-75,95,34.1495
zambia,13,75-80,95,31.0450
zambia,14,80-85,95,6.2090
zambia,15,85+,95,3.1045
zambia,0,0-15,96,0.0000
zambia,1,15-20,96,3.1045
zambia,2,20-25,96,15.5225
zambia,3,25-30,96,114.8669
zambia,4,30-35,96,214.2111
zambia,5,35-40,96,270.0921
zambia,6,40-45,96,381.8546
zambia,7,45-50,96,335.2882
zambia,8,50-55,96,298.0342
zambia,9,55-60,96,183.1668
zambia,10,60-65,96,152.1214
zambia,11,65-70,96,130.3895
zambia,12,70-75,96,34.1495
zambia,13,75-80,96,31.0450
zambia,14,80-85,96,6.2090
zambia,15,85+,96,3.1045
zambia,0,0-15,97,0.0000
zambia,1,15-20,97,3.1045
zambia,2,20-25,97,24.8361
zambia,3,25-30,97,108.6579
zambia,4,30-35,97,192.4796
zambia,5,35-40,97,394.2724
zambia,6,40-45,97,360.1233
zambia,7,45-50,97,388.0652
zambia,8,50-55,97,329.0794
zambia,9,55-60,97,211.1074
zambia,10,60-65,97,145.9115
zambia,11,65-70,97,90.0304
zambia,12,70-75,97,34.1494
zambia,13,75-80,97,15.5225
zambia,14,80-85,97,3.1045
zambia,15,85+,97,0.0000
zambia,0,0-15,98,0.0000
zambia,1,15-20,98,0.0000
zambia,2,20-25,98,27.9406
zambia,3,25-30,98,96.2398
zambia,4,30-35,98,239.0472
zambia,5,35-40,98,260.7786
zambia,6,40-45,98,350.8094
zambia,7,45-50,98,419.1103
zambia,8,50-55,98,301.1387
zambia,9,55-60,98,294.9293
zambia,10,60-65,98,105.5531
zambia,11,65-70,98,68.2991
zambia,12,70-75,98,55.8810
zambia,13,75-80,98,27.9404
zambia,14,80-85,98,0.0000
zambia,15,85+,98,3.1045
zambia,0,0-15,99,0.0000
zambia,1,15-20,99,0.0000
zambia,2,20-25,99,27.9406
zambia,3,25-30,99,96.2398
zambia,4,30-35,99,239.0472
zambia,5,35-40,99,260.7786
zambia,6,40-45,99,350.8094
zambia,7,45-50,99,419.1103
zambia,8,50-55,99,301.1387
zambia,9,55-60,99,294.9293
zambia,10,60-65,99,105.5531
zambia,11,65-70,99,68.2991
zambia,12,70-75,99,55.8810
zambia,13,75-80,99,27.9404
zambia,14,80-85,99,0.0000
zambia,15,85+,99,3.1045
